2026-09-26T20:15:15.4272530Z Current runner version: '2.337.0'
2026-09-26T20:15:15.4287120Z ##[group]Runner Image Provisioner
2026-09-26T20:15:15.4287910Z Hosted Compute Agent
2026-09-26T20:15:15.4288270Z Version: 20260828.587
2026-09-26T20:15:15.4288760Z Commit: abac92662cab4cc7352de4f9f9d2e2419aad9c29
2026-09-26T20:15:15.4289200Z Build Date: 2026-08-28T16:44:25Z
2026-09-26T20:15:15.4289670Z Worker ID: {8279eb36-5b46-46c3-ac51-87479112fe9a}
2026-09-26T20:15:15.4290150Z Azure Region: westus
2026-09-26T20:15:15.4290540Z ##[endgroup]
2026-09-26T20:15:15.4291420Z ##[group]Operating System
2026-09-26T20:15:15.4291800Z macOS
2026-09-26T20:15:15.4292100Z 14.8.9
2026-09-26T20:15:15.4292490Z 23J631
2026-09-26T20:15:15.4292860Z ##[endgroup]
2026-09-26T20:15:15.4293330Z ##[group]Runner Image
2026-09-26T20:15:15.4293750Z Image: macos-14-arm64
2026-09-26T20:15:15.4294090Z Version: 20260831.0302.1
2026-09-26T20:15:15.4294890Z Included Software: https://github.com/actions/runner-images/blob/macos-14-arm64/20260831.0302/images/macos/macos-14-arm64-Readme.md
2026-09-26T20:15:15.4295890Z Image Release: https://github.com/actions/runner-images/releases/tag/macos-14-arm64%2F20260831.0302
2026-09-26T20:15:15.4296520Z ##[endgroup]
2026-09-26T20:15:15.4297310Z ##[group]GITHUB_TOKEN Permissions
2026-09-26T20:15:15.4298300Z Contents: write
2026-09-26T20:15:15.4298650Z Metadata: read
2026-09-26T20:15:15.4330430Z ##[endgroup]
2026-09-26T20:15:15.4332320Z Secret source: Actions
2026-09-26T20:15:15.4332890Z Cache mode: write
2026-09-26T20:15:15.4333310Z Prepare workflow directory
2026-09-26T20:15:15.4524220Z Prepare all required actions
2026-09-26T20:15:15.4555810Z Getting action download info
2026-09-26T20:15:15.6628490Z Download action repository 'actions/checkout@v4' (SHA:11d5960a326750d5838078e36cf38b85af677262)
2026-09-26T20:15:15.9955670Z Download action repository 'actions/setup-java@v4' (SHA:cf277c60eb25467037889841efdb72551f06f6c3)
2026-09-26T20:15:16.6918580Z Download action repository 'actions/upload-artifact@v4' (SHA:ea165f8d65b6e75b540449e92b4886f43607fa02)
2026-09-26T20:15:16.7716440Z Download action repository 'softprops/action-gh-release@v2' (SHA:3bb12739c298aeb8a4eeaf626c5b8d85266b0e65)
2026-09-26T20:15:17.4039180Z Complete job name: Build iOS Application (.ipa)
2026-09-26T20:15:17.4552010Z ##[group]Run actions/checkout@v4
2026-09-26T20:15:17.4552840Z with:
2026-09-26T20:15:17.4553350Z   repository: meonam/iosApp
2026-09-26T20:15:17.4559340Z   token: ***
2026-09-26T20:15:17.4559850Z   ssh-strict: true
2026-09-26T20:15:17.4560360Z   ssh-user: git
2026-09-26T20:15:17.4560880Z   persist-credentials: true
2026-09-26T20:15:17.4561480Z   clean: true
2026-09-26T20:15:17.4562000Z   sparse-checkout-cone-mode: true
2026-09-26T20:15:17.4562600Z   fetch-depth: 1
2026-09-26T20:15:17.4563100Z   fetch-tags: false
2026-09-26T20:15:17.4563620Z   show-progress: true
2026-09-26T20:15:17.4564140Z   lfs: false
2026-09-26T20:15:17.4564630Z   submodules: false
2026-09-26T20:15:17.4565170Z   set-safe-directory: true
2026-09-26T20:15:17.4565800Z   allow-unsafe-pr-checkout: false
2026-09-26T20:15:17.4566590Z ##[endgroup]
2026-09-26T20:15:17.5756440Z Syncing repository: meonam/iosApp
2026-09-26T20:15:17.5758190Z ##[group]Getting Git version info
2026-09-26T20:15:17.5778580Z Working directory is '/Users/runner/work/iosApp/iosApp'
2026-09-26T20:15:17.5779820Z [command]/opt/homebrew/bin/git version
2026-09-26T20:15:17.5921830Z git version 2.55.0
2026-09-26T20:15:17.5931900Z ##[endgroup]
2026-09-26T20:15:17.5937050Z Copying '/Users/runner/.gitconfig' to '/Users/runner/work/_temp/74591300-708a-42b7-9a0b-477211c28774/.gitconfig'
2026-09-26T20:15:17.5944600Z Temporarily overriding HOME='/Users/runner/work/_temp/74591300-708a-42b7-9a0b-477211c28774' before making global git config changes
2026-09-26T20:15:17.5946450Z Adding repository directory to the temporary git global config as a safe directory
2026-09-26T20:15:17.5947890Z [command]/opt/homebrew/bin/git config --global --add safe.directory /Users/runner/work/iosApp/iosApp
2026-09-26T20:15:17.6015670Z Deleting the contents of '/Users/runner/work/iosApp/iosApp'
2026-09-26T20:15:17.6018900Z ##[group]Initializing the repository
2026-09-26T20:15:17.6021900Z [command]/opt/homebrew/bin/git init /Users/runner/work/iosApp/iosApp
2026-09-26T20:15:17.6265370Z hint: Using 'master' as the name for the initial branch. This default branch name
2026-09-26T20:15:17.6266740Z hint: will change to "main" in Git 3.0. To configure the initial branch name
2026-09-26T20:15:17.6268020Z hint: to use in all of your new repositories, which will suppress this warning,
2026-09-26T20:15:17.6268920Z hint: call:
2026-09-26T20:15:17.6269390Z hint:
2026-09-26T20:15:17.6270010Z hint: 	git config --global init.defaultBranch <name>
2026-09-26T20:15:17.6270730Z hint:
2026-09-26T20:15:17.6271420Z hint: Names commonly chosen instead of 'master' are 'main', 'trunk' and
2026-09-26T20:15:17.6272510Z hint: 'development'. The just-created branch can be renamed via this command:
2026-09-26T20:15:17.6273370Z hint:
2026-09-26T20:15:17.6273860Z hint: 	git branch -m <name>
2026-09-26T20:15:17.6274430Z hint:
2026-09-26T20:15:17.6275180Z hint: Disable this message with "git config set advice.defaultBranchName false"
2026-09-26T20:15:17.6276340Z Initialized empty Git repository in /Users/runner/work/iosApp/iosApp/.git/
2026-09-26T20:15:17.6278430Z [command]/opt/homebrew/bin/git remote add origin https://github.com/meonam/iosApp
2026-09-26T20:15:17.6320280Z ##[endgroup]
2026-09-26T20:15:17.6321210Z ##[group]Disabling automatic garbage collection
2026-09-26T20:15:17.6322080Z [command]/opt/homebrew/bin/git config --local gc.auto 0
2026-09-26T20:15:17.6358110Z ##[endgroup]
2026-09-26T20:15:17.6358960Z ##[group]Setting up auth
2026-09-26T20:15:17.6361920Z [command]/opt/homebrew/bin/git config --local --name-only --get-regexp core\.sshCommand
2026-09-26T20:15:17.6401430Z [command]/opt/homebrew/bin/git submodule foreach --recursive sh -c "git config --local --name-only --get-regexp 'core\.sshCommand' && git config --local --unset-all 'core.sshCommand' || :"
2026-09-26T20:15:17.7063820Z [command]/opt/homebrew/bin/git config --local --name-only --get-regexp http\.https\:\/\/github\.com\/\.extraheader
2026-09-26T20:15:17.7099580Z [command]/opt/homebrew/bin/git submodule foreach --recursive sh -c "git config --local --name-only --get-regexp 'http\.https\:\/\/github\.com\/\.extraheader' && git config --local --unset-all 'http.https://github.com/.extraheader' || :"
2026-09-26T20:15:17.7579340Z [command]/opt/homebrew/bin/git config --local --name-only --get-regexp ^includeIf\.gitdir:
2026-09-26T20:15:17.7613930Z [command]/opt/homebrew/bin/git submodule foreach --recursive git config --local --show-origin --name-only --get-regexp remote.origin.url
2026-09-26T20:15:17.8153880Z [command]/opt/homebrew/bin/git config --local http.https://github.com/.extraheader AUTHORIZATION: basic ***
2026-09-26T20:15:17.8226390Z ##[endgroup]
2026-09-26T20:15:17.8227450Z ##[group]Fetching the repository
2026-09-26T20:15:17.8229070Z [command]/opt/homebrew/bin/git -c protocol.version=2 fetch --no-tags --prune --no-recurse-submodules --depth=1 origin +12b1f0945ab3bf5c87d039b017fa260178b679ac:refs/remotes/origin/main
2026-09-26T20:15:18.7190870Z From https://github.com/meonam/iosApp
2026-09-26T20:15:18.7191650Z  * [new ref]         12b1f0945ab3bf5c87d039b017fa260178b679ac -> origin/main
2026-09-26T20:15:18.7193790Z ##[endgroup]
2026-09-26T20:15:18.7194130Z ##[group]Determining the checkout info
2026-09-26T20:15:18.7194750Z ##[endgroup]
2026-09-26T20:15:18.7198060Z [command]/opt/homebrew/bin/git sparse-checkout disable
2026-09-26T20:15:18.7245430Z [command]/opt/homebrew/bin/git config --local --unset-all extensions.worktreeConfig
2026-09-26T20:15:18.7284610Z ##[group]Checking out the ref
2026-09-26T20:15:18.7287260Z [command]/opt/homebrew/bin/git checkout --progress --force -B main refs/remotes/origin/main
2026-09-26T20:15:18.7482050Z Switched to a new branch 'main'
2026-09-26T20:15:18.7484750Z branch 'main' set up to track 'origin/main'.
2026-09-26T20:15:18.7489310Z ##[endgroup]
2026-09-26T20:15:18.7537280Z [command]/opt/homebrew/bin/git log -1 --format=%H
2026-09-26T20:15:18.7571060Z 12b1f0945ab3bf5c87d039b017fa260178b679ac
2026-09-26T20:15:18.7744220Z ##[group]Run actions/setup-java@v4
2026-09-26T20:15:18.7744520Z with:
2026-09-26T20:15:18.7744680Z   distribution: temurin
2026-09-26T20:15:18.7744860Z   java-version: 21
2026-09-26T20:15:18.7745070Z   java-package: jdk
2026-09-26T20:15:18.7745270Z   check-latest: false
2026-09-26T20:15:18.7745440Z   server-id: github
2026-09-26T20:15:18.7745610Z   server-username: GITHUB_ACTOR
2026-09-26T20:15:18.7745860Z   server-password: GITHUB_TOKEN
2026-09-26T20:15:18.7746060Z   overwrite-settings: true
2026-09-26T20:15:18.7746300Z   job-status: success
2026-09-26T20:15:18.7748500Z   token: ***
2026-09-26T20:15:18.7748660Z ##[endgroup]
2026-09-26T20:15:18.9024990Z ##[warning]setup-java v4 is deprecated and will no longer receive updates. Please migrate to actions/setup-java@v5.
2026-09-26T20:15:18.9029890Z ##[group]Installed distributions
2026-09-26T20:15:18.9065160Z Resolved Java 21.0.12+101.0 from tool-cache
2026-09-26T20:15:18.9065640Z Setting Java 21.0.12+101.0 as the default
2026-09-26T20:15:18.9088090Z (node:2190) [DEP0040] DeprecationWarning: The `punycode` module is deprecated. Please use a userland alternative instead.
2026-09-26T20:15:18.9088860Z (Use `node --trace-deprecation ...` to show where the warning was created)
2026-09-26T20:15:18.9089900Z Creating toolchains.xml for JDK version 21 from temurin
2026-09-26T20:15:18.9129050Z Writing to /Users/runner/.m2/toolchains.xml
2026-09-26T20:15:18.9251160Z 
2026-09-26T20:15:18.9251320Z Java configuration:
2026-09-26T20:15:18.9251660Z   Distribution: temurin
2026-09-26T20:15:18.9251910Z   Version: 21.0.12+101.0
2026-09-26T20:15:18.9252300Z   Path: /Users/runner/hostedtoolcache/Java_Temurin-Hotspot_jdk/21.0.12-101.0/arm64/Contents/Home
2026-09-26T20:15:18.9252660Z 
2026-09-26T20:15:18.9253030Z ##[endgroup]
2026-09-26T20:15:18.9406480Z Creating settings.xml with server-id: github
2026-09-26T20:15:18.9406840Z Writing to /Users/runner/.m2/settings.xml
2026-09-26T20:15:18.9486000Z ##[group]Run xcodebuild -version
2026-09-26T20:15:18.9486310Z [36;1mxcodebuild -version[0m
2026-09-26T20:15:18.9486590Z [36;1mecho "macOS Runner Architecture: $(uname -m)"[0m
2026-09-26T20:15:18.9541600Z shell: /bin/bash -e {0}
2026-09-26T20:15:18.9541830Z env:
2026-09-26T20:15:18.9542200Z   JAVA_HOME: /Users/runner/hostedtoolcache/Java_Temurin-Hotspot_jdk/21.0.12-101.0/arm64/Contents/Home
2026-09-26T20:15:18.9542790Z   JAVA_HOME_21_ARM64: /Users/runner/hostedtoolcache/Java_Temurin-Hotspot_jdk/21.0.12-101.0/arm64/Contents/Home
2026-09-26T20:15:18.9543220Z ##[endgroup]
2026-09-26T20:15:19.1391390Z Xcode 15.4
2026-09-26T20:15:19.1391950Z Build version 15F31d
2026-09-26T20:15:19.1410720Z macOS Runner Architecture: arm64
2026-09-26T20:15:19.1444420Z ##[group]Run mkdir -p build
2026-09-26T20:15:19.1444750Z [36;1mmkdir -p build[0m
2026-09-26T20:15:19.1445000Z [36;1mPROJ="iosApp.xcodeproj"[0m
2026-09-26T20:15:19.1445330Z [36;1mif [ -d "iosApp/iosApp.xcodeproj" ]; then[0m
2026-09-26T20:15:19.1445660Z [36;1m  PROJ="iosApp/iosApp.xcodeproj"[0m
2026-09-26T20:15:19.1445940Z [36;1mfi[0m
2026-09-26T20:15:19.1446150Z [36;1mecho "Building project: $PROJ"[0m
2026-09-26T20:15:19.1446440Z [36;1mxcodebuild clean archive \[0m
2026-09-26T20:15:19.1446750Z [36;1m  -project "$PROJ" \[0m
2026-09-26T20:15:19.1447000Z [36;1m  -scheme iosApp \[0m
2026-09-26T20:15:19.1447250Z [36;1m  -configuration Release \[0m
2026-09-26T20:15:19.1447540Z [36;1m  -destination 'generic/platform=iOS' \[0m
2026-09-26T20:15:19.1447860Z [36;1m  -archivePath build/QLTB.xcarchive \[0m
2026-09-26T20:15:19.1448150Z [36;1m  CODE_SIGNING_ALLOWED=NO \[0m
2026-09-26T20:15:19.1448440Z [36;1m  CODE_SIGNING_REQUIRED=NO \[0m
2026-09-26T20:15:19.1448740Z [36;1m  CODE_SIGN_IDENTITY=""[0m
2026-09-26T20:15:19.1504470Z shell: /bin/bash -e {0}
2026-09-26T20:15:19.1504710Z env:
2026-09-26T20:15:19.1505090Z   JAVA_HOME: /Users/runner/hostedtoolcache/Java_Temurin-Hotspot_jdk/21.0.12-101.0/arm64/Contents/Home
2026-09-26T20:15:19.1505920Z   JAVA_HOME_21_ARM64: /Users/runner/hostedtoolcache/Java_Temurin-Hotspot_jdk/21.0.12-101.0/arm64/Contents/Home
2026-09-26T20:15:19.1506360Z ##[endgroup]
2026-09-26T20:15:19.1790530Z Building project: iosApp.xcodeproj
2026-09-26T20:15:19.8231100Z Command line invocation:
2026-09-26T20:15:19.8232530Z     /Applications/Xcode_15.4.app/Contents/Developer/usr/bin/xcodebuild clean archive -project iosApp.xcodeproj -scheme iosApp -configuration Release -destination generic/platform=iOS -archivePath build/QLTB.xcarchive CODE_SIGNING_ALLOWED=NO CODE_SIGNING_REQUIRED=NO CODE_SIGN_IDENTITY=
2026-09-26T20:15:19.8233600Z 
2026-09-26T20:15:19.8233700Z User defaults from command line:
2026-09-26T20:15:19.8234090Z     IDEArchivePathOverride = /Users/runner/work/iosApp/iosApp/build/QLTB.xcarchive
2026-09-26T20:15:19.8234650Z     IDEPackageSupportUseBuiltinSCM = YES
2026-09-26T20:15:19.8234870Z 
2026-09-26T20:15:19.8234970Z Build settings from command line:
2026-09-26T20:15:19.8235170Z     CODE_SIGN_IDENTITY = 
2026-09-26T20:15:19.8235390Z     CODE_SIGNING_ALLOWED = NO
2026-09-26T20:15:19.8235580Z     CODE_SIGNING_REQUIRED = NO
2026-09-26T20:15:19.8235680Z 
2026-09-26T20:15:26.1875060Z Resolve Package Graph
2026-09-26T20:15:26.2630560Z 
2026-09-26T20:15:26.2632960Z Fetching from https://github.com/stasel/WebRTC
2026-09-26T20:15:27.3382000Z 
2026-09-26T20:15:30.8369190Z Creating working copy of package ‘WebRTC’
2026-09-26T20:15:30.8571540Z 
2026-09-26T20:15:30.8572360Z Checking out 125.0.0 of package ‘WebRTC’
2026-09-26T20:15:30.8755920Z 
2026-09-26T20:15:32.9111180Z 
2026-09-26T20:15:32.9111440Z Resolved source packages:
2026-09-26T20:15:32.9111890Z   WebRTC: https://github.com/stasel/WebRTC @ 125.0.0
2026-09-26T20:15:32.9112090Z 
2026-09-26T20:15:32.9731360Z note: Using codesigning identity override: 
2026-09-26T20:15:33.2217900Z 
2026-09-26T20:15:33.2218760Z ** CLEAN SUCCEEDED **
2026-09-26T20:15:33.2219140Z 
2026-09-26T20:15:33.2451970Z Prepare packages
2026-09-26T20:15:33.2452900Z 
2026-09-26T20:15:33.2467950Z note: Using codesigning identity override: 
2026-09-26T20:15:33.2509110Z ComputeTargetDependencyGraph
2026-09-26T20:15:33.2691070Z note: Building targets in dependency order
2026-09-26T20:15:33.2699760Z note: Target dependency graph (2 targets)
2026-09-26T20:15:33.2700000Z     Target 'iosApp' in project 'iosApp'
2026-09-26T20:15:33.2700530Z         ➜ Explicit dependency on target 'WebRTC' in project 'WebRTC'
2026-09-26T20:15:33.2700830Z     Target 'WebRTC' in project 'WebRTC' (no dependencies)
2026-09-26T20:15:33.2705050Z 
2026-09-26T20:15:33.2705960Z GatherProvisioningInputs
2026-09-26T20:15:33.2707280Z 
2026-09-26T20:15:33.2762020Z CreateBuildDescription
2026-09-26T20:15:33.3052260Z 
2026-09-26T20:15:33.3054880Z ExecuteExternalTool /Applications/Xcode_15.4.app/Contents/Developer/Toolchains/XcodeDefault.xctoolchain/usr/bin/clang -v -E -dM -isysroot /Applications/Xcode_15.4.app/Contents/Developer/Platforms/iPhoneOS.platform/Developer/SDKs/iPhoneOS17.5.sdk -x c -c /dev/null
2026-09-26T20:15:33.4998920Z 
2026-09-26T20:15:33.4999810Z ExecuteExternalTool /Applications/Xcode_15.4.app/Contents/Developer/usr/bin/actool --print-asset-tag-combinations --output-format xml1 /Users/runner/work/iosApp/iosApp/iosApp/Assets.xcassets
2026-09-26T20:15:34.5300530Z 
2026-09-26T20:15:34.5302310Z ExecuteExternalTool /Applications/Xcode_15.4.app/Contents/Developer/usr/bin/actool --version --output-format xml1
2026-09-26T20:15:34.5431370Z 
2026-09-26T20:15:34.5468190Z ExecuteExternalTool /Applications/Xcode_15.4.app/Contents/Developer/Toolchains/XcodeDefault.xctoolchain/usr/bin/swiftc -v
2026-09-26T20:15:34.7496060Z 
2026-09-26T20:15:34.7619180Z ExecuteExternalTool /Applications/Xcode_15.4.app/Contents/Developer/Toolchains/XcodeDefault.xctoolchain/usr/bin/ld -version_details
2026-09-26T20:15:34.7678350Z 
2026-09-26T20:15:34.8048740Z Build description signature: 3f73d0b77d0e1cffb1b6ecdf7ca7a65c
2026-09-26T20:15:34.8050380Z Build description path: /Users/runner/Library/Developer/Xcode/DerivedData/iosApp-futeksqscqzjpibtkonmeslsyvzw/Build/Intermediates.noindex/ArchiveIntermediates/iosApp/IntermediateBuildFilesPath/XCBuildData/3f73d0b77d0e1cffb1b6ecdf7ca7a65c.xcbuilddata
2026-09-26T20:15:34.8134230Z CreateBuildDirectory /Users/runner/Library/Developer/Xcode/DerivedData/iosApp-futeksqscqzjpibtkonmeslsyvzw/Build/Intermediates.noindex/ArchiveIntermediates/iosApp/InstallationBuildProductsLocation
2026-09-26T20:15:34.8134980Z     cd /Users/runner/work/iosApp/iosApp/iosApp.xcodeproj
2026-09-26T20:15:34.8137320Z     builtin-create-build-directory /Users/runner/Library/Developer/Xcode/DerivedData/iosApp-futeksqscqzjpibtkonmeslsyvzw/Build/Intermediates.noindex/ArchiveIntermediates/iosApp/InstallationBuildProductsLocation
2026-09-26T20:15:34.8160260Z 
2026-09-26T20:15:34.8161430Z ClangStatCache /Applications/Xcode_15.4.app/Contents/Developer/Toolchains/XcodeDefault.xctoolchain/usr/bin/clang-stat-cache /Applications/Xcode_15.4.app/Contents/Developer/Platforms/iPhoneOS.platform/Developer/SDKs/iPhoneOS17.5.sdk /Users/runner/Library/Developer/Xcode/DerivedData/SDKStatCaches.noindex/iphoneos17.5-21F77-f0fa7969d082b13145125136a829df3a.sdkstatcache
2026-09-26T20:15:34.8162730Z     cd /Users/runner/work/iosApp/iosApp/iosApp.xcodeproj
2026-09-26T20:15:34.8163880Z     /Applications/Xcode_15.4.app/Contents/Developer/Toolchains/XcodeDefault.xctoolchain/usr/bin/clang-stat-cache /Applications/Xcode_15.4.app/Contents/Developer/Platforms/iPhoneOS.platform/Developer/SDKs/iPhoneOS17.5.sdk -o /Users/runner/Library/Developer/Xcode/DerivedData/SDKStatCaches.noindex/iphoneos17.5-21F77-f0fa7969d082b13145125136a829df3a.sdkstatcache
2026-09-26T20:15:35.5239960Z 
2026-09-26T20:15:35.5241060Z CreateBuildDirectory /Users/runner/Library/Developer/Xcode/DerivedData/iosApp-futeksqscqzjpibtkonmeslsyvzw/Build/Intermediates.noindex/ArchiveIntermediates/iosApp/IntermediateBuildFilesPath
2026-09-26T20:15:35.5243790Z     cd /Users/runner/work/iosApp/iosApp/iosApp.xcodeproj
2026-09-26T20:15:35.5244490Z     builtin-create-build-directory /Users/runner/Library/Developer/Xcode/DerivedData/iosApp-futeksqscqzjpibtkonmeslsyvzw/Build/Intermediates.noindex/ArchiveIntermediates/iosApp/IntermediateBuildFilesPath
2026-09-26T20:15:35.5245070Z 
2026-09-26T20:15:35.5245510Z CreateBuildDirectory /Users/runner/Library/Developer/Xcode/DerivedData/iosApp-futeksqscqzjpibtkonmeslsyvzw/Build/Intermediates.noindex/ArchiveIntermediates/iosApp/BuildProductsPath
2026-09-26T20:15:35.5246150Z     cd /Users/runner/work/iosApp/iosApp/iosApp.xcodeproj
2026-09-26T20:15:35.5246800Z     builtin-create-build-directory /Users/runner/Library/Developer/Xcode/DerivedData/iosApp-futeksqscqzjpibtkonmeslsyvzw/Build/Intermediates.noindex/ArchiveIntermediates/iosApp/BuildProductsPath
2026-09-26T20:15:35.5247320Z 
2026-09-26T20:15:35.5248200Z SignatureCollection /Users/runner/Library/Developer/Xcode/DerivedData/iosApp-futeksqscqzjpibtkonmeslsyvzw/Build/Intermediates.noindex/ArchiveIntermediates/iosApp/BuildProductsPath/Release-iphoneos/WebRTC.xcframework-ios.signature
2026-09-26T20:15:35.5248990Z     cd /Users/runner/work/iosApp/iosApp/iosApp.xcodeproj
2026-09-26T20:15:35.5250310Z     builtin-collectSignature --input /Users/runner/Library/Developer/Xcode/DerivedData/iosApp-futeksqscqzjpibtkonmeslsyvzw/SourcePackages/artifacts/webrtc/WebRTC/WebRTC.xcframework --output /Users/runner/Library/Developer/Xcode/DerivedData/iosApp-futeksqscqzjpibtkonmeslsyvzw/Build/Intermediates.noindex/ArchiveIntermediates/iosApp/BuildProductsPath/Release-iphoneos/WebRTC.xcframework-ios.signature --info platform ios --info library WebRTC.framework
2026-09-26T20:15:35.5251520Z 
2026-09-26T20:15:35.5252080Z CreateBuildDirectory /Users/runner/Library/Developer/Xcode/DerivedData/iosApp-futeksqscqzjpibtkonmeslsyvzw/Build/Intermediates.noindex/ArchiveIntermediates/iosApp/IntermediateBuildFilesPath/EagerLinkingTBDs/Release-iphoneos
2026-09-26T20:15:35.5252770Z     cd /Users/runner/work/iosApp/iosApp/iosApp.xcodeproj
2026-09-26T20:15:35.5253490Z     builtin-create-build-directory /Users/runner/Library/Developer/Xcode/DerivedData/iosApp-futeksqscqzjpibtkonmeslsyvzw/Build/Intermediates.noindex/ArchiveIntermediates/iosApp/IntermediateBuildFilesPath/EagerLinkingTBDs/Release-iphoneos
2026-09-26T20:15:35.5254410Z 
2026-09-26T20:15:35.5254890Z CreateBuildDirectory /Users/runner/Library/Developer/Xcode/DerivedData/iosApp-futeksqscqzjpibtkonmeslsyvzw/Build/Intermediates.noindex/ArchiveIntermediates/iosApp/BuildProductsPath/Release-iphoneos
2026-09-26T20:15:35.5255500Z     cd /Users/runner/work/iosApp/iosApp/iosApp.xcodeproj
2026-09-26T20:15:35.5256150Z     builtin-create-build-directory /Users/runner/Library/Developer/Xcode/DerivedData/iosApp-futeksqscqzjpibtkonmeslsyvzw/Build/Intermediates.noindex/ArchiveIntermediates/iosApp/BuildProductsPath/Release-iphoneos
2026-09-26T20:15:35.5256790Z 
2026-09-26T20:15:35.5257380Z CreateBuildDirectory /Users/runner/Library/Developer/Xcode/DerivedData/iosApp-futeksqscqzjpibtkonmeslsyvzw/Build/Intermediates.noindex/ArchiveIntermediates/iosApp/BuildProductsPath/Release-iphoneos/PackageFrameworks
2026-09-26T20:15:35.5258080Z     cd /Users/runner/work/iosApp/iosApp/iosApp.xcodeproj
2026-09-26T20:15:35.5258810Z     builtin-create-build-directory /Users/runner/Library/Developer/Xcode/DerivedData/iosApp-futeksqscqzjpibtkonmeslsyvzw/Build/Intermediates.noindex/ArchiveIntermediates/iosApp/BuildProductsPath/Release-iphoneos/PackageFrameworks
2026-09-26T20:15:35.5259450Z 
2026-09-26T20:15:35.5260350Z ProcessXCFramework /Users/runner/Library/Developer/Xcode/DerivedData/iosApp-futeksqscqzjpibtkonmeslsyvzw/SourcePackages/artifacts/webrtc/WebRTC/WebRTC.xcframework /Users/runner/Library/Developer/Xcode/DerivedData/iosApp-futeksqscqzjpibtkonmeslsyvzw/Build/Intermediates.noindex/ArchiveIntermediates/iosApp/BuildProductsPath/Release-iphoneos/WebRTC.framework ios
2026-09-26T20:15:35.5261420Z     cd /Users/runner/work/iosApp/iosApp/iosApp.xcodeproj
2026-09-26T20:15:35.5262590Z     builtin-process-xcframework --xcframework /Users/runner/Library/Developer/Xcode/DerivedData/iosApp-futeksqscqzjpibtkonmeslsyvzw/SourcePackages/artifacts/webrtc/WebRTC/WebRTC.xcframework --platform ios --target-path /Users/runner/Library/Developer/Xcode/DerivedData/iosApp-futeksqscqzjpibtkonmeslsyvzw/Build/Intermediates.noindex/ArchiveIntermediates/iosApp/BuildProductsPath/Release-iphoneos
2026-09-26T20:15:35.5263710Z 
2026-09-26T20:15:35.5264510Z SymLink /Users/runner/Library/Developer/Xcode/DerivedData/iosApp-futeksqscqzjpibtkonmeslsyvzw/Build/Intermediates.noindex/ArchiveIntermediates/iosApp/BuildProductsPath/Release-iphoneos/iosApp.app ../../InstallationBuildProductsLocation/Applications/iosApp.app (in target 'iosApp' from project 'iosApp')
2026-09-26T20:15:35.5265400Z     cd /Users/runner/work/iosApp/iosApp
2026-09-26T20:15:35.5266340Z     /bin/ln -sfh ../../InstallationBuildProductsLocation/Applications/iosApp.app /Users/runner/Library/Developer/Xcode/DerivedData/iosApp-futeksqscqzjpibtkonmeslsyvzw/Build/Intermediates.noindex/ArchiveIntermediates/iosApp/BuildProductsPath/Release-iphoneos/iosApp.app
2026-09-26T20:15:35.5267070Z 
2026-09-26T20:15:35.5267690Z MkDir /Users/runner/Library/Developer/Xcode/DerivedData/iosApp-futeksqscqzjpibtkonmeslsyvzw/Build/Intermediates.noindex/ArchiveIntermediates/iosApp/InstallationBuildProductsLocation/Applications/iosApp.app (in target 'iosApp' from project 'iosApp')
2026-09-26T20:15:35.5268470Z     cd /Users/runner/work/iosApp/iosApp
2026-09-26T20:15:35.5269120Z     /bin/mkdir -p /Users/runner/Library/Developer/Xcode/DerivedData/iosApp-futeksqscqzjpibtkonmeslsyvzw/Build/Intermediates.noindex/ArchiveIntermediates/iosApp/InstallationBuildProductsLocation/Applications/iosApp.app
2026-09-26T20:15:35.5269730Z 
2026-09-26T20:15:35.5270410Z MkDir /Users/runner/Library/Developer/Xcode/DerivedData/iosApp-futeksqscqzjpibtkonmeslsyvzw/Build/Intermediates.noindex/ArchiveIntermediates/iosApp/InstallationBuildProductsLocation/Applications/iosApp.app/Frameworks (in target 'iosApp' from project 'iosApp')
2026-09-26T20:15:35.5271220Z     cd /Users/runner/work/iosApp/iosApp
2026-09-26T20:15:35.5271900Z     /bin/mkdir -p /Users/runner/Library/Developer/Xcode/DerivedData/iosApp-futeksqscqzjpibtkonmeslsyvzw/Build/Intermediates.noindex/ArchiveIntermediates/iosApp/InstallationBuildProductsLocation/Applications/iosApp.app/Frameworks
2026-09-26T20:15:35.5272690Z 
2026-09-26T20:15:35.5273460Z WriteAuxiliaryFile /Users/runner/Library/Developer/Xcode/DerivedData/iosApp-futeksqscqzjpibtkonmeslsyvzw/Build/Intermediates.noindex/ArchiveIntermediates/iosApp/IntermediateBuildFilesPath/iosApp.build/Release-iphoneos/iosApp.build/iosApp-own-target-headers.hmap (in target 'iosApp' from project 'iosApp')
2026-09-26T20:15:35.5274350Z     cd /Users/runner/work/iosApp/iosApp
2026-09-26T20:15:35.5275110Z     write-file /Users/runner/Library/Developer/Xcode/DerivedData/iosApp-futeksqscqzjpibtkonmeslsyvzw/Build/Intermediates.noindex/ArchiveIntermediates/iosApp/IntermediateBuildFilesPath/iosApp.build/Release-iphoneos/iosApp.build/iosApp-own-target-headers.hmap
2026-09-26T20:15:35.5275850Z 
2026-09-26T20:15:35.5276610Z WriteAuxiliaryFile /Users/runner/Library/Developer/Xcode/DerivedData/iosApp-futeksqscqzjpibtkonmeslsyvzw/Build/Intermediates.noindex/ArchiveIntermediates/iosApp/IntermediateBuildFilesPath/iosApp.build/Release-iphoneos/iosApp.build/iosApp-project-headers.hmap (in target 'iosApp' from project 'iosApp')
2026-09-26T20:15:35.5277490Z     cd /Users/runner/work/iosApp/iosApp
2026-09-26T20:15:35.5278240Z     write-file /Users/runner/Library/Developer/Xcode/DerivedData/iosApp-futeksqscqzjpibtkonmeslsyvzw/Build/Intermediates.noindex/ArchiveIntermediates/iosApp/IntermediateBuildFilesPath/iosApp.build/Release-iphoneos/iosApp.build/iosApp-project-headers.hmap
2026-09-26T20:15:35.5278930Z 
2026-09-26T20:15:35.5279650Z WriteAuxiliaryFile /Users/runner/Library/Developer/Xcode/DerivedData/iosApp-futeksqscqzjpibtkonmeslsyvzw/Build/Intermediates.noindex/ArchiveIntermediates/iosApp/IntermediateBuildFilesPath/iosApp.build/Release-iphoneos/iosApp.build/iosApp.hmap (in target 'iosApp' from project 'iosApp')
2026-09-26T20:15:35.5280480Z     cd /Users/runner/work/iosApp/iosApp
2026-09-26T20:15:35.5281180Z     write-file /Users/runner/Library/Developer/Xcode/DerivedData/iosApp-futeksqscqzjpibtkonmeslsyvzw/Build/Intermediates.noindex/ArchiveIntermediates/iosApp/IntermediateBuildFilesPath/iosApp.build/Release-iphoneos/iosApp.build/iosApp.hmap
2026-09-26T20:15:35.5281910Z 
2026-09-26T20:15:35.5282650Z WriteAuxiliaryFile /Users/runner/Library/Developer/Xcode/DerivedData/iosApp-futeksqscqzjpibtkonmeslsyvzw/Build/Intermediates.noindex/ArchiveIntermediates/iosApp/IntermediateBuildFilesPath/iosApp.build/Release-iphoneos/iosApp.build/iosApp-generated-files.hmap (in target 'iosApp' from project 'iosApp')
2026-09-26T20:15:35.5283520Z     cd /Users/runner/work/iosApp/iosApp
2026-09-26T20:15:35.5284430Z     write-file /Users/runner/Library/Developer/Xcode/DerivedData/iosApp-futeksqscqzjpibtkonmeslsyvzw/Build/Intermediates.noindex/ArchiveIntermediates/iosApp/IntermediateBuildFilesPath/iosApp.build/Release-iphoneos/iosApp.build/iosApp-generated-files.hmap
2026-09-26T20:15:35.5285160Z 
2026-09-26T20:15:35.5285920Z WriteAuxiliaryFile /Users/runner/Library/Developer/Xcode/DerivedData/iosApp-futeksqscqzjpibtkonmeslsyvzw/Build/Intermediates.noindex/ArchiveIntermediates/iosApp/IntermediateBuildFilesPath/iosApp.build/Release-iphoneos/iosApp.build/iosApp-all-target-headers.hmap (in target 'iosApp' from project 'iosApp')
2026-09-26T20:15:35.5286830Z     cd /Users/runner/work/iosApp/iosApp
2026-09-26T20:15:35.5287580Z     write-file /Users/runner/Library/Developer/Xcode/DerivedData/iosApp-futeksqscqzjpibtkonmeslsyvzw/Build/Intermediates.noindex/ArchiveIntermediates/iosApp/IntermediateBuildFilesPath/iosApp.build/Release-iphoneos/iosApp.build/iosApp-all-target-headers.hmap
2026-09-26T20:15:35.5288270Z 
2026-09-26T20:15:35.5289080Z WriteAuxiliaryFile /Users/runner/Library/Developer/Xcode/DerivedData/iosApp-futeksqscqzjpibtkonmeslsyvzw/Build/Intermediates.noindex/ArchiveIntermediates/iosApp/IntermediateBuildFilesPath/iosApp.build/Release-iphoneos/iosApp.build/iosApp-all-non-framework-target-headers.hmap (in target 'iosApp' from project 'iosApp')
2026-09-26T20:15:35.5290100Z     cd /Users/runner/work/iosApp/iosApp
2026-09-26T20:15:35.5291030Z     write-file /Users/runner/Library/Developer/Xcode/DerivedData/iosApp-futeksqscqzjpibtkonmeslsyvzw/Build/Intermediates.noindex/ArchiveIntermediates/iosApp/IntermediateBuildFilesPath/iosApp.build/Release-iphoneos/iosApp.build/iosApp-all-non-framework-target-headers.hmap
2026-09-26T20:15:35.5291770Z 
2026-09-26T20:15:35.5292510Z WriteAuxiliaryFile /Users/runner/Library/Developer/Xcode/DerivedData/iosApp-futeksqscqzjpibtkonmeslsyvzw/Build/Intermediates.noindex/ArchiveIntermediates/iosApp/IntermediateBuildFilesPath/iosApp.build/Release-iphoneos/iosApp.build/all-product-headers.yaml (in target 'iosApp' from project 'iosApp')
2026-09-26T20:15:35.5293390Z     cd /Users/runner/work/iosApp/iosApp
2026-09-26T20:15:35.5294100Z     write-file /Users/runner/Library/Developer/Xcode/DerivedData/iosApp-futeksqscqzjpibtkonmeslsyvzw/Build/Intermediates.noindex/ArchiveIntermediates/iosApp/IntermediateBuildFilesPath/iosApp.build/Release-iphoneos/iosApp.build/all-product-headers.yaml
2026-09-26T20:15:35.5294770Z 
2026-09-26T20:15:35.5295530Z WriteAuxiliaryFile /Users/runner/Library/Developer/Xcode/DerivedData/iosApp-futeksqscqzjpibtkonmeslsyvzw/Build/Intermediates.noindex/ArchiveIntermediates/iosApp/IntermediateBuildFilesPath/iosApp.build/Release-iphoneos/iosApp.build/Objects-normal/arm64/iosApp.LinkFileList (in target 'iosApp' from project 'iosApp')
2026-09-26T20:15:35.5296560Z     cd /Users/runner/work/iosApp/iosApp
2026-09-26T20:15:35.5304520Z     write-file /Users/runner/Library/Developer/Xcode/DerivedData/iosApp-futeksqscqzjpibtkonmeslsyvzw/Build/Intermediates.noindex/ArchiveIntermediates/iosApp/IntermediateBuildFilesPath/iosApp.build/Release-iphoneos/iosApp.build/Objects-normal/arm64/iosApp.LinkFileList
2026-09-26T20:15:35.5305300Z 
2026-09-26T20:15:35.5306130Z WriteAuxiliaryFile /Users/runner/Library/Developer/Xcode/DerivedData/iosApp-futeksqscqzjpibtkonmeslsyvzw/Build/Intermediates.noindex/ArchiveIntermediates/iosApp/IntermediateBuildFilesPath/iosApp.build/Release-iphoneos/iosApp.build/Objects-normal/arm64/iosApp_const_extract_protocols.json (in target 'iosApp' from project 'iosApp')
2026-09-26T20:15:35.5307170Z     cd /Users/runner/work/iosApp/iosApp
2026-09-26T20:15:35.5307990Z     write-file /Users/runner/Library/Developer/Xcode/DerivedData/iosApp-futeksqscqzjpibtkonmeslsyvzw/Build/Intermediates.noindex/ArchiveIntermediates/iosApp/IntermediateBuildFilesPath/iosApp.build/Release-iphoneos/iosApp.build/Objects-normal/arm64/iosApp_const_extract_protocols.json
2026-09-26T20:15:35.5308750Z 
2026-09-26T20:15:35.5309830Z WriteAuxiliaryFile /Users/runner/Library/Developer/Xcode/DerivedData/iosApp-futeksqscqzjpibtkonmeslsyvzw/Build/Intermediates.noindex/ArchiveIntermediates/iosApp/IntermediateBuildFilesPath/iosApp.build/Release-iphoneos/iosApp.build/Objects-normal/arm64/iosApp.SwiftFileList (in target 'iosApp' from project 'iosApp')
2026-09-26T20:15:35.5310780Z     cd /Users/runner/work/iosApp/iosApp
2026-09-26T20:15:35.5311560Z     write-file /Users/runner/Library/Developer/Xcode/DerivedData/iosApp-futeksqscqzjpibtkonmeslsyvzw/Build/Intermediates.noindex/ArchiveIntermediates/iosApp/IntermediateBuildFilesPath/iosApp.build/Release-iphoneos/iosApp.build/Objects-normal/arm64/iosApp.SwiftFileList
2026-09-26T20:15:35.5312290Z 
2026-09-26T20:15:35.5313090Z WriteAuxiliaryFile /Users/runner/Library/Developer/Xcode/DerivedData/iosApp-futeksqscqzjpibtkonmeslsyvzw/Build/Intermediates.noindex/ArchiveIntermediates/iosApp/IntermediateBuildFilesPath/iosApp.build/Release-iphoneos/iosApp.build/Objects-normal/arm64/iosApp-OutputFileMap.json (in target 'iosApp' from project 'iosApp')
2026-09-26T20:15:35.5314330Z     cd /Users/runner/work/iosApp/iosApp
2026-09-26T20:15:35.5315130Z     write-file /Users/runner/Library/Developer/Xcode/DerivedData/iosApp-futeksqscqzjpibtkonmeslsyvzw/Build/Intermediates.noindex/ArchiveIntermediates/iosApp/IntermediateBuildFilesPath/iosApp.build/Release-iphoneos/iosApp.build/Objects-normal/arm64/iosApp-OutputFileMap.json
2026-09-26T20:15:35.5315880Z 
2026-09-26T20:15:35.5316330Z GenerateAssetSymbols /Users/runner/work/iosApp/iosApp/iosApp/Assets.xcassets (in target 'iosApp' from project 'iosApp')
2026-09-26T20:15:35.5316710Z     cd /Users/runner/work/iosApp/iosApp
2026-09-26T20:15:35.5322490Z     /Applications/Xcode_15.4.app/Contents/Developer/usr/bin/actool --output-format human-readable-text --notices --warnings --export-dependency-info /Users/runner/Library/Developer/Xcode/DerivedData/iosApp-futeksqscqzjpibtkonmeslsyvzw/Build/Intermediates.noindex/ArchiveIntermediates/iosApp/IntermediateBuildFilesPath/iosApp.build/Release-iphoneos/iosApp.build/assetcatalog_dependencies --output-partial-info-plist /Users/runner/Library/Developer/Xcode/DerivedData/iosApp-futeksqscqzjpibtkonmeslsyvzw/Build/Intermediates.noindex/ArchiveIntermediates/iosApp/IntermediateBuildFilesPath/iosApp.build/Release-iphoneos/iosApp.build/assetcatalog_generated_info.plist --app-icon AppIcon --accent-color AccentColor --compress-pngs --enable-on-demand-resources YES --development-region en --target-device iphone --target-device ipad --minimum-deployment-target 15.0 --platform iphoneos --compile /Users/runner/Library/Developer/Xcode/DerivedData/iosApp-futeksqscqzjpibtkonmeslsyvzw/Build/Intermediates.noindex/ArchiveIntermediates/iosApp/InstallationBuildProductsLocation/Applications/iosApp.app /Users/runner/work/iosApp/iosApp/iosApp/Assets.xcassets --bundle-identifier com.huyenhan.qltb.iosApp --generate-swift-asset-symbols /Users/runner/Library/Developer/Xcode/DerivedData/iosApp-futeksqscqzjpibtkonmeslsyvzw/Build/Intermediates.noindex/ArchiveIntermediates/iosApp/IntermediateBuildFilesPath/iosApp.build/Release-iphoneos/iosApp.build/DerivedSources/GeneratedAssetSymbols.swift --generate-objc-asset-symbols /Users/runner/Library/Developer/Xcode/DerivedData/iosApp-futeksqscqzjpibtkonmeslsyvzw/Build/Intermediates.noindex/ArchiveIntermediates/iosApp/IntermediateBuildFilesPath/iosApp.build/Release-iphoneos/iosApp.build/DerivedSources/GeneratedAssetSymbols.h --generate-asset-symbol-index /Users/runner/Library/Developer/Xcode/DerivedData/iosApp-futeksqscqzjpibtkonmeslsyvzw/Build/Intermediates.noindex/ArchiveIntermediates/iosApp/IntermediateBuildFilesPath/iosApp.build/Release-iphoneos/iosApp.build/DerivedSources/GeneratedAssetSymbols-Index.plist
2026-09-26T20:15:35.5328590Z /* com.apple.actool.document.warnings */
2026-09-26T20:15:35.5329140Z /Users/runner/work/iosApp/iosApp/iosApp/Assets.xcassets:./AppIcon.appiconset/[][ipad][20x20][][][1x][][][]: warning: AppIcon.appiconset/icon-20@2x.png is 40x40 but should be 20x20.
2026-09-26T20:15:35.5329950Z /Users/runner/work/iosApp/iosApp/iosApp/Assets.xcassets:./AppIcon.appiconset/[][ipad][29x29][][][1x][][][]: warning: AppIcon.appiconset/icon-29@2x.png is 58x58 but should be 29x29.
2026-09-26T20:15:35.5330980Z /Users/runner/work/iosApp/iosApp/iosApp/Assets.xcassets:./AppIcon.appiconset/[][ipad][40x40][][][1x][][][]: warning: AppIcon.appiconset/icon-40@2x.png is 80x80 but should be 40x40.
2026-09-26T20:15:35.5331500Z /* com.apple.actool.compilation-results */
2026-09-26T20:15:35.5332320Z /Users/runner/Library/Developer/Xcode/DerivedData/iosApp-futeksqscqzjpibtkonmeslsyvzw/Build/Intermediates.noindex/ArchiveIntermediates/iosApp/IntermediateBuildFilesPath/iosApp.build/Release-iphoneos/iosApp.build/DerivedSources/GeneratedAssetSymbols-Index.plist
2026-09-26T20:15:35.5333760Z /Users/runner/Library/Developer/Xcode/DerivedData/iosApp-futeksqscqzjpibtkonmeslsyvzw/Build/Intermediates.noindex/ArchiveIntermediates/iosApp/IntermediateBuildFilesPath/iosApp.build/Release-iphoneos/iosApp.build/DerivedSources/GeneratedAssetSymbols.h
2026-09-26T20:15:35.5335080Z /Users/runner/Library/Developer/Xcode/DerivedData/iosApp-futeksqscqzjpibtkonmeslsyvzw/Build/Intermediates.noindex/ArchiveIntermediates/iosApp/IntermediateBuildFilesPath/iosApp.build/Release-iphoneos/iosApp.build/DerivedSources/GeneratedAssetSymbols.swift
2026-09-26T20:15:35.5335790Z 
2026-09-26T20:15:35.5335790Z 
2026-09-26T20:15:35.5337000Z Copy /Users/runner/Library/Developer/Xcode/DerivedData/iosApp-futeksqscqzjpibtkonmeslsyvzw/Build/Intermediates.noindex/ArchiveIntermediates/iosApp/InstallationBuildProductsLocation/Applications/iosApp.app/Frameworks/WebRTC.framework /Users/runner/Library/Developer/Xcode/DerivedData/iosApp-futeksqscqzjpibtkonmeslsyvzw/SourcePackages/artifacts/webrtc/WebRTC/WebRTC.xcframework/ios-arm64/WebRTC.framework (in target 'iosApp' from project 'iosApp')
2026-09-26T20:15:35.5338540Z     cd /Users/runner/work/iosApp/iosApp
2026-09-26T20:15:35.5340560Z     builtin-copy -exclude .DS_Store -exclude CVS -exclude .svn -exclude .git -exclude .hg -exclude Headers -exclude PrivateHeaders -exclude Modules -exclude \*.tbd -bitcode-strip all -bitcode-strip-tool /Applications/Xcode_15.4.app/Contents/Developer/Toolchains/XcodeDefault.xctoolchain/usr/bin/bitcode_strip -resolve-src-symlinks -remove-static-executable /Users/runner/Library/Developer/Xcode/DerivedData/iosApp-futeksqscqzjpibtkonmeslsyvzw/SourcePackages/artifacts/webrtc/WebRTC/WebRTC.xcframework/ios-arm64/WebRTC.framework /Users/runner/Library/Developer/Xcode/DerivedData/iosApp-futeksqscqzjpibtkonmeslsyvzw/Build/Intermediates.noindex/ArchiveIntermediates/iosApp/InstallationBuildProductsLocation/Applications/iosApp.app/Frameworks
2026-09-26T20:15:35.5343730Z /Applications/Xcode_15.4.app/Contents/Developer/Toolchains/XcodeDefault.xctoolchain/usr/bin/bitcode_strip /Users/runner/Library/Developer/Xcode/DerivedData/iosApp-futeksqscqzjpibtkonmeslsyvzw/SourcePackages/artifacts/webrtc/WebRTC/WebRTC.xcframework/ios-arm64/WebRTC.framework/WebRTC -r -o /Users/runner/Library/Developer/Xcode/DerivedData/iosApp-futeksqscqzjpibtkonmeslsyvzw/Build/Intermediates.noindex/ArchiveIntermediates/iosApp/InstallationBuildProductsLocation/Applications/iosApp.app/Frameworks/WebRTC.framework/WebRTC 
2026-09-26T20:15:35.5345100Z 
2026-09-26T20:15:35.5345880Z CompileAssetCatalog /Users/runner/Library/Developer/Xcode/DerivedData/iosApp-futeksqscqzjpibtkonmeslsyvzw/Build/Intermediates.noindex/ArchiveIntermediates/iosApp/InstallationBuildProductsLocation/Applications/iosApp.app /Users/runner/work/iosApp/iosApp/iosApp/Assets.xcassets (in target 'iosApp' from project 'iosApp')
2026-09-26T20:15:35.5346790Z     cd /Users/runner/work/iosApp/iosApp
2026-09-26T20:15:35.5350300Z     /Applications/Xcode_15.4.app/Contents/Developer/usr/bin/actool --output-format human-readable-text --notices --warnings --export-dependency-info /Users/runner/Library/Developer/Xcode/DerivedData/iosApp-futeksqscqzjpibtkonmeslsyvzw/Build/Intermediates.noindex/ArchiveIntermediates/iosApp/IntermediateBuildFilesPath/iosApp.build/Release-iphoneos/iosApp.build/assetcatalog_dependencies --output-partial-info-plist /Users/runner/Library/Developer/Xcode/DerivedData/iosApp-futeksqscqzjpibtkonmeslsyvzw/Build/Intermediates.noindex/ArchiveIntermediates/iosApp/IntermediateBuildFilesPath/iosApp.build/Release-iphoneos/iosApp.build/assetcatalog_generated_info.plist --app-icon AppIcon --accent-color AccentColor --compress-pngs --enable-on-demand-resources YES --development-region en --target-device iphone --target-device ipad --minimum-deployment-target 15.0 --platform iphoneos --compile /Users/runner/Library/Developer/Xcode/DerivedData/iosApp-futeksqscqzjpibtkonmeslsyvzw/Build/Intermediates.noindex/ArchiveIntermediates/iosApp/InstallationBuildProductsLocation/Applications/iosApp.app /Users/runner/work/iosApp/iosApp/iosApp/Assets.xcassets
2026-09-26T20:15:37.7872280Z /* com.apple.actool.notices */
2026-09-26T20:15:37.7874200Z /Users/runner/work/iosApp/iosApp/iosApp/Assets.xcassets: warning: Accent color ‘AccentColor’ is not present in any asset catalogs.
2026-09-26T20:15:37.7874900Z /* com.apple.actool.document.warnings */
2026-09-26T20:15:37.7875540Z /Users/runner/work/iosApp/iosApp/iosApp/Assets.xcassets:./AppIcon.appiconset/[][ipad][20x20][][][1x][][][]: warning: AppIcon.appiconset/icon-20@2x.png is 40x40 but should be 20x20.
2026-09-26T20:15:37.7876390Z /Users/runner/work/iosApp/iosApp/iosApp/Assets.xcassets:./AppIcon.appiconset/[][ipad][29x29][][][1x][][][]: warning: AppIcon.appiconset/icon-29@2x.png is 58x58 but should be 29x29.
2026-09-26T20:15:37.7877210Z /Users/runner/work/iosApp/iosApp/iosApp/Assets.xcassets:./AppIcon.appiconset/[][ipad][40x40][][][1x][][][]: warning: AppIcon.appiconset/icon-40@2x.png is 80x80 but should be 40x40.
2026-09-26T20:15:37.7878520Z /Users/runner/work/iosApp/iosApp/iosApp/Assets.xcassets:./AppIcon.appiconset/[][ipad][20x20][][][1x][][][]: warning: AppIcon.appiconset/icon-20@2x.png is 40x40 but should be 20x20.
2026-09-26T20:15:37.7879330Z /Users/runner/work/iosApp/iosApp/iosApp/Assets.xcassets:./AppIcon.appiconset/[][ipad][29x29][][][1x][][][]: warning: AppIcon.appiconset/icon-29@2x.png is 58x58 but should be 29x29.
2026-09-26T20:15:37.7880120Z /Users/runner/work/iosApp/iosApp/iosApp/Assets.xcassets:./AppIcon.appiconset/[][ipad][40x40][][][1x][][][]: warning: AppIcon.appiconset/icon-40@2x.png is 80x80 but should be 40x40.
2026-09-26T20:15:37.7880620Z /* com.apple.actool.document.notices */
2026-09-26T20:15:37.7881120Z /Users/runner/work/iosApp/iosApp/iosApp/Assets.xcassets:./AppIcon.appiconset/[][ipad][76x76][][][1x][][][]: notice: 76x76@1x app icons only apply to iPad apps targeting releases of iOS prior to 10.0.
2026-09-26T20:15:37.7881650Z /* com.apple.actool.compilation-results */
2026-09-26T20:15:37.7882290Z /Users/runner/Library/Developer/Xcode/DerivedData/iosApp-futeksqscqzjpibtkonmeslsyvzw/Build/Intermediates.noindex/ArchiveIntermediates/iosApp/InstallationBuildProductsLocation/Applications/iosApp.app/AppIcon60x60@2x.png
2026-09-26T20:15:37.7883390Z /Users/runner/Library/Developer/Xcode/DerivedData/iosApp-futeksqscqzjpibtkonmeslsyvzw/Build/Intermediates.noindex/ArchiveIntermediates/iosApp/InstallationBuildProductsLocation/Applications/iosApp.app/AppIcon76x76@2x~ipad.png
2026-09-26T20:15:37.7884450Z /Users/runner/Library/Developer/Xcode/DerivedData/iosApp-futeksqscqzjpibtkonmeslsyvzw/Build/Intermediates.noindex/ArchiveIntermediates/iosApp/InstallationBuildProductsLocation/Applications/iosApp.app/Assets.car
2026-09-26T20:15:37.7885560Z /Users/runner/Library/Developer/Xcode/DerivedData/iosApp-futeksqscqzjpibtkonmeslsyvzw/Build/Intermediates.noindex/ArchiveIntermediates/iosApp/IntermediateBuildFilesPath/iosApp.build/Release-iphoneos/iosApp.build/assetcatalog_generated_info.plist
2026-09-26T20:15:37.7886300Z 
2026-09-26T20:15:37.7886300Z 
2026-09-26T20:15:37.7886540Z SwiftDriver iosApp normal arm64 com.apple.xcode.tools.swift.compiler (in target 'iosApp' from project 'iosApp')
2026-09-26T20:15:37.7886910Z     cd /Users/runner/work/iosApp/iosApp
2026-09-26T20:15:37.7900960Z     builtin-SwiftDriver -- /Applications/Xcode_15.4.app/Contents/Developer/Toolchains/XcodeDefault.xctoolchain/usr/bin/swiftc -module-name iosApp -O -whole-module-optimization -enforce-exclusivity\=checked @/Users/runner/Library/Developer/Xcode/DerivedData/iosApp-futeksqscqzjpibtkonmeslsyvzw/Build/Intermediates.noindex/ArchiveIntermediates/iosApp/IntermediateBuildFilesPath/iosApp.build/Release-iphoneos/iosApp.build/Objects-normal/arm64/iosApp.SwiftFileList -sdk /Applications/Xcode_15.4.app/Contents/Developer/Platforms/iPhoneOS.platform/Developer/SDKs/iPhoneOS17.5.sdk -target arm64-apple-ios15.0 -enable-bare-slash-regex -g -module-cache-path /Users/runner/Library/Developer/Xcode/DerivedData/ModuleCache.noindex -Xfrontend -serialize-debugging-options -swift-version 5 -I /Users/runner/Library/Developer/Xcode/DerivedData/iosApp-futeksqscqzjpibtkonmeslsyvzw/Build/Intermediates.noindex/ArchiveIntermediates/iosApp/BuildProductsPath/Release-iphoneos -F /Users/runner/Library/Developer/Xcode/DerivedData/iosApp-futeksqscqzjpibtkonmeslsyvzw/Build/Intermediates.noindex/ArchiveIntermediates/iosApp/BuildProductsPath/Release-iphoneos -emit-localized-strings -emit-localized-strings-path /Users/runner/Library/Developer/Xcode/DerivedData/iosApp-futeksqscqzjpibtkonmeslsyvzw/Build/Intermediates.noindex/ArchiveIntermediates/iosApp/IntermediateBuildFilesPath/iosApp.build/Release-iphoneos/iosApp.build/Objects-normal/arm64 -c -num-threads 5 -Xcc -ivfsstatcache -Xcc /Users/runner/Library/Developer/Xcode/DerivedData/SDKStatCaches.noindex/iphoneos17.5-21F77-f0fa7969d082b13145125136a829df3a.sdkstatcache -output-file-map /Users/runner/Library/Developer/Xcode/DerivedData/iosApp-futeksqscqzjpibtkonmeslsyvzw/Build/Intermediates.noindex/ArchiveIntermediates/iosApp/IntermediateBuildFilesPath/iosApp.build/Release-iphoneos/iosApp.build/Objects-normal/arm64/iosApp-OutputFileMap.json -use-frontend-parseable-output -save-temps -no-color-diagnostics -serialize-diagnostics -emit-dependencies -emit-module -emit-module-path /Users/runner/Library/Developer/Xcode/DerivedData/iosApp-futeksqscqzjpibtkonmeslsyvzw/Build/Intermediates.noindex/ArchiveIntermediates/iosApp/IntermediateBuildFilesPath/iosApp.build/Release-iphoneos/iosApp.build/Objects-normal/arm64/iosApp.swiftmodule -validate-clang-modules-once -clang-build-session-file /Users/runner/Library/Developer/Xcode/DerivedData/ModuleCache.noindex/Session.modulevalidation -Xcc -I/Users/runner/Library/Developer/Xcode/DerivedData/iosApp-futeksqscqzjpibtkonmeslsyvzw/Build/Intermediates.noindex/ArchiveIntermediates/iosApp/IntermediateBuildFilesPath/iosApp.build/Release-iphoneos/iosApp.build/swift-overrides.hmap -emit-const-values -Xfrontend -const-gather-protocols-file -Xfrontend /Users/runner/Library/Developer/Xcode/DerivedData/iosApp-futeksqscqzjpibtkonmeslsyvzw/Build/Intermediates.noindex/ArchiveIntermediates/iosApp/IntermediateBuildFilesPath/iosApp.build/Release-iphoneos/iosApp.build/Objects-normal/arm64/iosApp_const_extract_protocols.json -Xcc -iquote -Xcc /Users/runner/Library/Developer/Xcode/DerivedData/iosApp-futeksqscqzjpibtkonmeslsyvzw/Build/Intermediates.noindex/ArchiveIntermediates/iosApp/IntermediateBuildFilesPath/iosApp.build/Release-iphoneos/iosApp.build/iosApp-generated-files.hmap -Xcc -I/Users/runner/Library/Developer/Xcode/DerivedData/iosApp-futeksqscqzjpibtkonmeslsyvzw/Build/Intermediates.noindex/ArchiveIntermediates/iosApp/IntermediateBuildFilesPath/iosApp.build/Release-iphoneos/iosApp.build/iosApp-own-target-headers.hmap -Xcc -I/Users/runner/Library/Developer/Xcode/DerivedData/iosApp-futeksqscqzjpibtkonmeslsyvzw/Build/Intermediates.noindex/ArchiveIntermediates/iosApp/IntermediateBuildFilesPath/iosApp.build/Release-iphoneos/iosApp.build/iosApp-all-target-headers.hmap -Xcc -iquote -Xcc /Users/runner/Library/Developer/Xcode/DerivedData/iosApp-futeksqscqzjpibtkonmeslsyvzw/Build/Intermediates.noindex/ArchiveIntermediates/iosApp/IntermediateBuildFilesPath/iosApp.build/Release-iphoneos/iosApp.build/iosApp-project-headers.hmap -Xcc -I/Users/runner/Library/Developer/Xcode/DerivedData/iosApp-futeksqscqzjpibtkonmeslsyvzw/Build/Intermediates.noindex/ArchiveIntermediates/iosApp/BuildProductsPath/Release-iphoneos/include -Xcc -I/Users/runner/Library/Developer/Xcode/DerivedData/iosApp-futeksqscqzjpibtkonmeslsyvzw/Build/Intermediates.noindex/ArchiveIntermediates/iosApp/IntermediateBuildFilesPath/iosApp.build/Release-iphoneos/iosApp.build/DerivedSources-normal/arm64 -Xcc -I/Users/runner/Library/Developer/Xcode/DerivedData/iosApp-futeksqscqzjpibtkonmeslsyvzw/Build/Intermediates.noindex/ArchiveIntermediates/iosApp/IntermediateBuildFilesPath/iosApp.build/Release-iphoneos/iosApp.build/DerivedSources/arm64 -Xcc -I/Users/runner/Library/Developer/Xcode/DerivedData/iosApp-futeksqscqzjpibtkonmeslsyvzw/Build/Intermediates.noindex/ArchiveIntermediates/iosApp/IntermediateBuildFilesPath/iosApp.build/Release-iphoneos/iosApp.build/DerivedSources -emit-objc-header -emit-objc-header-path /Users/runner/Library/Developer/Xcode/DerivedData/iosApp-futeksqscqzjpibtkonmeslsyvzw/Build/Intermediates.noindex/ArchiveIntermediates/iosApp/IntermediateBuildFilesPath/iosApp.build/Release-iphoneos/iosApp.build/Objects-normal/arm64/iosApp-Swift.h -working-directory /Users/runner/work/iosApp/iosApp -no-emit-module-separately-wmo
2026-09-26T20:15:37.7914390Z 
2026-09-26T20:15:37.7914660Z SwiftDriver\ Compilation iosApp normal arm64 com.apple.xcode.tools.swift.compiler (in target 'iosApp' from project 'iosApp')
2026-09-26T20:15:37.7915050Z     cd /Users/runner/work/iosApp/iosApp
2026-09-26T20:15:37.7928930Z     builtin-Swift-Compilation -- /Applications/Xcode_15.4.app/Contents/Developer/Toolchains/XcodeDefault.xctoolchain/usr/bin/swiftc -module-name iosApp -O -whole-module-optimization -enforce-exclusivity\=checked @/Users/runner/Library/Developer/Xcode/DerivedData/iosApp-futeksqscqzjpibtkonmeslsyvzw/Build/Intermediates.noindex/ArchiveIntermediates/iosApp/IntermediateBuildFilesPath/iosApp.build/Release-iphoneos/iosApp.build/Objects-normal/arm64/iosApp.SwiftFileList -sdk /Applications/Xcode_15.4.app/Contents/Developer/Platforms/iPhoneOS.platform/Developer/SDKs/iPhoneOS17.5.sdk -target arm64-apple-ios15.0 -enable-bare-slash-regex -g -module-cache-path /Users/runner/Library/Developer/Xcode/DerivedData/ModuleCache.noindex -Xfrontend -serialize-debugging-options -swift-version 5 -I /Users/runner/Library/Developer/Xcode/DerivedData/iosApp-futeksqscqzjpibtkonmeslsyvzw/Build/Intermediates.noindex/ArchiveIntermediates/iosApp/BuildProductsPath/Release-iphoneos -F /Users/runner/Library/Developer/Xcode/DerivedData/iosApp-futeksqscqzjpibtkonmeslsyvzw/Build/Intermediates.noindex/ArchiveIntermediates/iosApp/BuildProductsPath/Release-iphoneos -emit-localized-strings -emit-localized-strings-path /Users/runner/Library/Developer/Xcode/DerivedData/iosApp-futeksqscqzjpibtkonmeslsyvzw/Build/Intermediates.noindex/ArchiveIntermediates/iosApp/IntermediateBuildFilesPath/iosApp.build/Release-iphoneos/iosApp.build/Objects-normal/arm64 -c -num-threads 5 -Xcc -ivfsstatcache -Xcc /Users/runner/Library/Developer/Xcode/DerivedData/SDKStatCaches.noindex/iphoneos17.5-21F77-f0fa7969d082b13145125136a829df3a.sdkstatcache -output-file-map /Users/runner/Library/Developer/Xcode/DerivedData/iosApp-futeksqscqzjpibtkonmeslsyvzw/Build/Intermediates.noindex/ArchiveIntermediates/iosApp/IntermediateBuildFilesPath/iosApp.build/Release-iphoneos/iosApp.build/Objects-normal/arm64/iosApp-OutputFileMap.json -use-frontend-parseable-output -save-temps -no-color-diagnostics -serialize-diagnostics -emit-dependencies -emit-module -emit-module-path /Users/runner/Library/Developer/Xcode/DerivedData/iosApp-futeksqscqzjpibtkonmeslsyvzw/Build/Intermediates.noindex/ArchiveIntermediates/iosApp/IntermediateBuildFilesPath/iosApp.build/Release-iphoneos/iosApp.build/Objects-normal/arm64/iosApp.swiftmodule -validate-clang-modules-once -clang-build-session-file /Users/runner/Library/Developer/Xcode/DerivedData/ModuleCache.noindex/Session.modulevalidation -Xcc -I/Users/runner/Library/Developer/Xcode/DerivedData/iosApp-futeksqscqzjpibtkonmeslsyvzw/Build/Intermediates.noindex/ArchiveIntermediates/iosApp/IntermediateBuildFilesPath/iosApp.build/Release-iphoneos/iosApp.build/swift-overrides.hmap -emit-const-values -Xfrontend -const-gather-protocols-file -Xfrontend /Users/runner/Library/Developer/Xcode/DerivedData/iosApp-futeksqscqzjpibtkonmeslsyvzw/Build/Intermediates.noindex/ArchiveIntermediates/iosApp/IntermediateBuildFilesPath/iosApp.build/Release-iphoneos/iosApp.build/Objects-normal/arm64/iosApp_const_extract_protocols.json -Xcc -iquote -Xcc /Users/runner/Library/Developer/Xcode/DerivedData/iosApp-futeksqscqzjpibtkonmeslsyvzw/Build/Intermediates.noindex/ArchiveIntermediates/iosApp/IntermediateBuildFilesPath/iosApp.build/Release-iphoneos/iosApp.build/iosApp-generated-files.hmap -Xcc -I/Users/runner/Library/Developer/Xcode/DerivedData/iosApp-futeksqscqzjpibtkonmeslsyvzw/Build/Intermediates.noindex/ArchiveIntermediates/iosApp/IntermediateBuildFilesPath/iosApp.build/Release-iphoneos/iosApp.build/iosApp-own-target-headers.hmap -Xcc -I/Users/runner/Library/Developer/Xcode/DerivedData/iosApp-futeksqscqzjpibtkonmeslsyvzw/Build/Intermediates.noindex/ArchiveIntermediates/iosApp/IntermediateBuildFilesPath/iosApp.build/Release-iphoneos/iosApp.build/iosApp-all-target-headers.hmap -Xcc -iquote -Xcc /Users/runner/Library/Developer/Xcode/DerivedData/iosApp-futeksqscqzjpibtkonmeslsyvzw/Build/Intermediates.noindex/ArchiveIntermediates/iosApp/IntermediateBuildFilesPath/iosApp.build/Release-iphoneos/iosApp.build/iosApp-project-headers.hmap -Xcc -I/Users/runner/Library/Developer/Xcode/DerivedData/iosApp-futeksqscqzjpibtkonmeslsyvzw/Build/Intermediates.noindex/ArchiveIntermediates/iosApp/BuildProductsPath/Release-iphoneos/include -Xcc -I/Users/runner/Library/Developer/Xcode/DerivedData/iosApp-futeksqscqzjpibtkonmeslsyvzw/Build/Intermediates.noindex/ArchiveIntermediates/iosApp/IntermediateBuildFilesPath/iosApp.build/Release-iphoneos/iosApp.build/DerivedSources-normal/arm64 -Xcc -I/Users/runner/Library/Developer/Xcode/DerivedData/iosApp-futeksqscqzjpibtkonmeslsyvzw/Build/Intermediates.noindex/ArchiveIntermediates/iosApp/IntermediateBuildFilesPath/iosApp.build/Release-iphoneos/iosApp.build/DerivedSources/arm64 -Xcc -I/Users/runner/Library/Developer/Xcode/DerivedData/iosApp-futeksqscqzjpibtkonmeslsyvzw/Build/Intermediates.noindex/ArchiveIntermediates/iosApp/IntermediateBuildFilesPath/iosApp.build/Release-iphoneos/iosApp.build/DerivedSources -emit-objc-header -emit-objc-header-path /Users/runner/Library/Developer/Xcode/DerivedData/iosApp-futeksqscqzjpibtkonmeslsyvzw/Build/Intermediates.noindex/ArchiveIntermediates/iosApp/IntermediateBuildFilesPath/iosApp.build/Release-iphoneos/iosApp.build/Objects-normal/arm64/iosApp-Swift.h -working-directory /Users/runner/work/iosApp/iosApp -no-emit-module-separately-wmo
2026-09-26T20:15:37.7942530Z 
2026-09-26T20:15:37.7958800Z SwiftCompile normal arm64 Compiling\ iOSApp.swift,\ MainContainerView.swift,\ AppColors.swift,\ UserModels.swift,\ DeviceModels.swift,\ TicketModels.swift,\ AttendanceModels.swift,\ ShiftModels.swift,\ OrganizationModels.swift,\ FirebaseConfig.swift,\ FirestoreHelper.swift,\ AuthService.swift,\ AuthViewModel.swift,\ HomeViewModel.swift,\ DeviceViewModel.swift,\ SupportViewModel.swift,\ AttendanceViewModel.swift,\ ShiftViewModel.swift,\ LoginView.swift,\ AppSidebarDrawer.swift,\ HomeScreenView.swift,\ DeviceListView.swift,\ SupportHubView.swift,\ TicketChatDetailView.swift,\ AttendanceCheckInView.swift,\ ShiftScheduleView.swift,\ PeripheralsView.swift,\ AssetStatisticsView.swift,\ QRScannerView.swift,\ AddDeviceView.swift,\ PrintQrLabelView.swift,\ SystemNotificationsView.swift,\ SystemSettingsView.swift,\ CompanyBannerTickerView.swift,\ AdminViewModel.swift,\ UserManagementView.swift,\ ApproveStaffView.swift,\ DepartmentManagerView.swift,\ UnitRegionManagerView.swift,\ PaywallLicenseView.swift,\ DeviceTypeManagerView.swift,\ SpecialistTeamManagerView.swift,\ SupportRatingReportView.swift,\ OnlineKtvMonitorView.swift,\ StaffSupportView.swift,\ PendingApprovalView.swift,\ AttendanceHistoryView.swift,\ InfoView.swift,\ AttendanceReportView.swift,\ AdminTicketListView.swift,\ HelpView.swift,\ LichSuView.swift,\ SuperAdminPortalView.swift,\ ResetPasswordView.swift,\ GeneratedAssetSymbols.swift /Users/runner/work/iosApp/iosApp/iosApp/iOSApp.swift /Users/runner/work/iosApp/iosApp/iosApp/App/MainContainerView.swift /Users/runner/work/iosApp/iosApp/iosApp/Theme/AppColors.swift /Users/runner/work/iosApp/iosApp/iosApp/Models/UserModels.swift /Users/runner/work/iosApp/iosApp/iosApp/Models/DeviceModels.swift /Users/runner/work/iosApp/iosApp/iosApp/Models/TicketModels.swift /Users/runner/work/iosApp/iosApp/iosApp/Models/AttendanceModels.swift /Users/runner/work/iosApp/iosApp/iosApp/Models/ShiftModels.swift /Users/runner/work/iosApp/iosApp/iosApp/Models/OrganizationModels.swift /Users/runner/work/iosApp/iosApp/iosApp/Services/FirebaseConfig.swift /Users/runner/work/iosApp/iosApp/iosApp/Services/FirestoreHelper.swift /Users/runner/work/iosApp/iosApp/iosApp/Services/AuthService.swift /Users/runner/work/iosApp/iosApp/iosApp/ViewModels/AuthViewModel.swift /Users/runner/work/iosApp/iosApp/iosApp/ViewModels/HomeViewModel.swift /Users/runner/work/iosApp/iosApp/iosApp/ViewModels/DeviceViewModel.swift /Users/runner/work/iosApp/iosApp/iosApp/ViewModels/SupportViewModel.swift /Users/runner/work/iosApp/iosApp/iosApp/ViewModels/AttendanceViewModel.swift /Users/runner/work/iosApp/iosApp/iosApp/ViewModels/ShiftViewModel.swift /Users/runner/work/iosApp/iosApp/iosApp/Views/Screens/Auth/LoginView.swift /Users/runner/work/iosApp/iosApp/iosApp/Views/Screens/Home/AppSidebarDrawer.swift /Users/runner/work/iosApp/iosApp/iosApp/Views/Screens/Home/HomeScreenView.swift /Users/runner/work/iosApp/iosApp/iosApp/Views/Screens/Devices/DeviceListView.swift /Users/runner/work/iosApp/iosApp/iosApp/Views/Screens/Support/SupportHubView.swift /Users/runner/work/iosApp/iosApp/iosApp/Views/Screens/Support/TicketChatDetailView.swift /Users/runner/work/iosApp/iosApp/iosApp/Views/Screens/Attendance/AttendanceCheckInView.swift /Users/runner/work/iosApp/iosApp/iosApp/Views/Screens/Shift/ShiftScheduleView.swift /Users/runner/work/iosApp/iosApp/iosApp/Views/Screens/Peripherals/PeripheralsView.swift /Users/runner/work/iosApp/iosApp/iosApp/Views/Screens/Statistics/AssetStatisticsView.swift /Users/runner/work/iosApp/iosApp/iosApp/Views/Screens/Scanner/QRScannerView.swift /Users/runner/work/iosApp/iosApp/iosApp/Views/Screens/Devices/AddDeviceView.swift /Users/runner/work/iosApp/iosApp/iosApp/Views/Screens/Devices/PrintQrLabelView.swift /Users/runner/work/iosApp/iosApp/iosApp/Views/Screens/Notifications/SystemNotificationsView.swift /Users/runner/work/iosApp/iosApp/iosApp/Views/Screens/Settings/SystemSettingsView.swift /Users/runner/work/iosApp/iosApp/iosApp/Views/Components/CompanyBannerTickerView.swift /Users/runner/work/iosApp/iosApp/iosApp/ViewModels/AdminViewModel.swift /Users/runner/work/iosApp/iosApp/iosApp/Views/Screens/Admin/UserManagementView.swift /Users/runner/work/iosApp/iosApp/iosApp/Views/Screens/Admin/ApproveStaffView.swift /Users/runner/work/iosApp/iosApp/iosApp/Views/Screens/Admin/DepartmentManagerView.swift /Users/runner/work/iosApp/iosApp/iosApp/Views/Screens/Admin/UnitRegionManagerView.swift /Users/runner/work/iosApp/iosApp/iosApp/Views/Screens/Admin/PaywallLicenseView.swift /Users/runner/work/iosApp/iosApp/iosApp/Views/Screens/Devices/DeviceTypeManagerView.swift /Users/runner/work/iosApp/iosApp/iosApp/Views/Screens/Support/SpecialistTeamManagerView.swift /Users/runner/work/iosApp/iosApp/iosApp/Views/Screens/Support/SupportRatingReportView.swift /Users/runner/work/iosApp/iosApp/iosApp/Views/Screens/Support/OnlineKtvMonitorView.swift /Users/runner/work/iosApp/iosApp/iosApp/Views/Screens/Support/StaffSupportView.swift /Users/runner/work/iosApp/iosApp/iosApp/Views/Screens/Auth/PendingApprovalView.swift /Users/runner/work/iosApp/iosApp/iosApp/Views/Screens/Attendance/AttendanceHistoryView.swift /Users/runner/work/iosApp/iosApp/iosApp/App/InfoView.swift /Users/runner/work/iosApp/iosApp/iosApp/Views/Screens/Attendance/AttendanceReportView.swift /Users/runner/work/iosApp/iosApp/iosApp/Views/Screens/Admin/AdminTicketListView.swift /Users/runner/work/iosApp/iosApp/iosApp/App/HelpView.swift /Users/runner/work/iosApp/iosApp/iosApp/Views/Screens/Devices/LichSuView.swift /Users/runner/work/iosApp/iosApp/iosApp/Views/Screens/Admin/SuperAdminPortalView.swift /Users/runner/work/iosApp/iosApp/iosApp/Views/Screens/Auth/ResetPasswordView.swift /Users/runner/Library/Developer/Xcode/DerivedData/iosApp-futeksqscqzjpibtkonmeslsyvzw/Build/Intermediates.noindex/ArchiveIntermediates/iosApp/IntermediateBuildFilesPath/iosApp.build/Release-iphoneos/iosApp.build/DerivedSources/GeneratedAssetSymbols.swift (in target 'iosApp' from project 'iosApp')
2026-09-26T20:15:37.7973710Z     cd /Users/runner/work/iosApp/iosApp
2026-09-26T20:15:37.8062850Z     builtin-swiftTaskExecution -- /Applications/Xcode_15.4.app/Contents/Developer/Toolchains/XcodeDefault.xctoolchain/usr/bin/swift-frontend -frontend -c /Users/runner/work/iosApp/iosApp/iosApp/iOSApp.swift /Users/runner/work/iosApp/iosApp/iosApp/App/MainContainerView.swift /Users/runner/work/iosApp/iosApp/iosApp/Theme/AppColors.swift /Users/runner/work/iosApp/iosApp/iosApp/Models/UserModels.swift /Users/runner/work/iosApp/iosApp/iosApp/Models/DeviceModels.swift /Users/runner/work/iosApp/iosApp/iosApp/Models/TicketModels.swift /Users/runner/work/iosApp/iosApp/iosApp/Models/AttendanceModels.swift /Users/runner/work/iosApp/iosApp/iosApp/Models/ShiftModels.swift /Users/runner/work/iosApp/iosApp/iosApp/Models/OrganizationModels.swift /Users/runner/work/iosApp/iosApp/iosApp/Services/FirebaseConfig.swift /Users/runner/work/iosApp/iosApp/iosApp/Services/FirestoreHelper.swift /Users/runner/work/iosApp/iosApp/iosApp/Services/AuthService.swift /Users/runner/work/iosApp/iosApp/iosApp/ViewModels/AuthViewModel.swift /Users/runner/work/iosApp/iosApp/iosApp/ViewModels/HomeViewModel.swift /Users/runner/work/iosApp/iosApp/iosApp/ViewModels/DeviceViewModel.swift /Users/runner/work/iosApp/iosApp/iosApp/ViewModels/SupportViewModel.swift /Users/runner/work/iosApp/iosApp/iosApp/ViewModels/AttendanceViewModel.swift /Users/runner/work/iosApp/iosApp/iosApp/ViewModels/ShiftViewModel.swift /Users/runner/work/iosApp/iosApp/iosApp/Views/Screens/Auth/LoginView.swift /Users/runner/work/iosApp/iosApp/iosApp/Views/Screens/Home/AppSidebarDrawer.swift /Users/runner/work/iosApp/iosApp/iosApp/Views/Screens/Home/HomeScreenView.swift /Users/runner/work/iosApp/iosApp/iosApp/Views/Screens/Devices/DeviceListView.swift /Users/runner/work/iosApp/iosApp/iosApp/Views/Screens/Support/SupportHubView.swift /Users/runner/work/iosApp/iosApp/iosApp/Views/Screens/Support/TicketChatDetailView.swift /Users/runner/work/iosApp/iosApp/iosApp/Views/Screens/Attendance/AttendanceCheckInView.swift /Users/runner/work/iosApp/iosApp/iosApp/Views/Screens/Shift/ShiftScheduleView.swift /Users/runner/work/iosApp/iosApp/iosApp/Views/Screens/Peripherals/PeripheralsView.swift /Users/runner/work/iosApp/iosApp/iosApp/Views/Screens/Statistics/AssetStatisticsView.swift /Users/runner/work/iosApp/iosApp/iosApp/Views/Screens/Scanner/QRScannerView.swift /Users/runner/work/iosApp/iosApp/iosApp/Views/Screens/Devices/AddDeviceView.swift /Users/runner/work/iosApp/iosApp/iosApp/Views/Screens/Devices/PrintQrLabelView.swift /Users/runner/work/iosApp/iosApp/iosApp/Views/Screens/Notifications/SystemNotificationsView.swift /Users/runner/work/iosApp/iosApp/iosApp/Views/Screens/Settings/SystemSettingsView.swift /Users/runner/work/iosApp/iosApp/iosApp/Views/Components/CompanyBannerTickerView.swift /Users/runner/work/iosApp/iosApp/iosApp/ViewModels/AdminViewModel.swift /Users/runner/work/iosApp/iosApp/iosApp/Views/Screens/Admin/UserManagementView.swift /Users/runner/work/iosApp/iosApp/iosApp/Views/Screens/Admin/ApproveStaffView.swift /Users/runner/work/iosApp/iosApp/iosApp/Views/Screens/Admin/DepartmentManagerView.swift /Users/runner/work/iosApp/iosApp/iosApp/Views/Screens/Admin/UnitRegionManagerView.swift /Users/runner/work/iosApp/iosApp/iosApp/Views/Screens/Admin/PaywallLicenseView.swift /Users/runner/work/iosApp/iosApp/iosApp/Views/Screens/Devices/DeviceTypeManagerView.swift /Users/runner/work/iosApp/iosApp/iosApp/Views/Screens/Support/SpecialistTeamManagerView.swift /Users/runner/work/iosApp/iosApp/iosApp/Views/Screens/Support/SupportRatingReportView.swift /Users/runner/work/iosApp/iosApp/iosApp/Views/Screens/Support/OnlineKtvMonitorView.swift /Users/runner/work/iosApp/iosApp/iosApp/Views/Screens/Support/StaffSupportView.swift /Users/runner/work/iosApp/iosApp/iosApp/Views/Screens/Auth/PendingApprovalView.swift /Users/runner/work/iosApp/iosApp/iosApp/Views/Screens/Attendance/AttendanceHistoryView.swift /Users/runner/work/iosApp/iosApp/iosApp/App/InfoView.swift /Users/runner/work/iosApp/iosApp/iosApp/Views/Screens/Attendance/AttendanceReportView.swift /Users/runner/work/iosApp/iosApp/iosApp/Views/Screens/Admin/AdminTicketListView.swift /Users/runner/work/iosApp/iosApp/iosApp/App/HelpView.swift /Users/runner/work/iosApp/iosApp/iosApp/Views/Screens/Devices/LichSuView.swift /Users/runner/work/iosApp/iosApp/iosApp/Views/Screens/Admin/SuperAdminPortalView.swift /Users/runner/work/iosApp/iosApp/iosApp/Views/Screens/Auth/ResetPasswordView.swift /Users/runner/Library/Developer/Xcode/DerivedData/iosApp-futeksqscqzjpibtkonmeslsyvzw/Build/Intermediates.noindex/ArchiveIntermediates/iosApp/IntermediateBuildFilesPath/iosApp.build/Release-iphoneos/iosApp.build/DerivedSources/GeneratedAssetSymbols.swift -supplementary-output-file-map /Users/runner/Library/Developer/Xcode/DerivedData/iosApp-futeksqscqzjpibtkonmeslsyvzw/Build/Intermediates.noindex/ArchiveIntermediates/iosApp/IntermediateBuildFilesPath/iosApp.build/Release-iphoneos/iosApp.build/Objects-normal/arm64/supplementaryOutputs-1 -emit-localized-strings -emit-localized-strings-path /Users/runner/Library/Developer/Xcode/DerivedData/iosApp-futeksqscqzjpibtkonmeslsyvzw/Build/Intermediates.noindex/ArchiveIntermediates/iosApp/IntermediateBuildFilesPath/iosApp.build/Release-iphoneos/iosApp.build/Objects-normal/arm64 -target arm64-apple-ios15.0 -Xllvm -aarch64-use-tbi -enable-objc-interop -stack-check -sdk /Applications/Xcode_15.4.app/Contents/Developer/Platforms/iPhoneOS.platform/Developer/SDKs/iPhoneOS17.5.sdk -I /Users/runner/Library/Developer/Xcode/DerivedData/iosApp-futeksqscqzjpibtkonmeslsyvzw/Build/Intermediates.noindex/ArchiveIntermediates/iosApp/BuildProductsPath/Release-iphoneos -F /Users/runner/Library/Developer/Xcode/DerivedData/iosApp-futeksqscqzjpibtkonmeslsyvzw/Build/Intermediates.noindex/ArchiveIntermediates/iosApp/BuildProductsPath/Release-iphoneos -no-color-diagnostics -g -module-cache-path /Users/runner/Library/Developer/Xcode/DerivedData/ModuleCache.noindex -swift-version 5 -enforce-exclusivity\=checked -O -serialize-debugging-options -const-gather-protocols-file /Users/runner/Library/Developer/Xcode/DerivedData/iosApp-futeksqscqzjpibtkonmeslsyvzw/Build/Intermediates.noindex/ArchiveIntermediates/iosApp/IntermediateBuildFilesPath/iosApp.build/Release-iphoneos/iosApp.build/Objects-normal/arm64/iosApp_const_extract_protocols.json -enable-bare-slash-regex -empty-abi-descriptor -validate-clang-modules-once -clang-build-session-file /Users/runner/Library/Developer/Xcode/DerivedData/ModuleCache.noindex/Session.modulevalidation -Xcc -working-directory -Xcc /Users/runner/work/iosApp/iosApp -resource-dir /Applications/Xcode_15.4.app/Contents/Developer/Toolchains/XcodeDefault.xctoolchain/usr/lib/swift -Xcc -ivfsstatcache -Xcc /Users/runner/Library/Developer/Xcode/DerivedData/SDKStatCaches.noindex/iphoneos17.5-21F77-f0fa7969d082b13145125136a829df3a.sdkstatcache -Xcc -I/Users/runner/Library/Developer/Xcode/DerivedData/iosApp-futeksqscqzjpibtkonmeslsyvzw/Build/Intermediates.noindex/ArchiveIntermediates/iosApp/IntermediateBuildFilesPath/iosApp.build/Release-iphoneos/iosApp.build/swift-overrides.hmap -Xcc -iquote -Xcc /Users/runner/Library/Developer/Xcode/DerivedData/iosApp-futeksqscqzjpibtkonmeslsyvzw/Build/Intermediates.noindex/ArchiveIntermediates/iosApp/IntermediateBuildFilesPath/iosApp.build/Release-iphoneos/iosApp.build/iosApp-generated-files.hmap -Xcc -I/Users/runner/Library/Developer/Xcode/DerivedData/iosApp-futeksqscqzjpibtkonmeslsyvzw/Build/Intermediates.noindex/ArchiveIntermediates/iosApp/IntermediateBuildFilesPath/iosApp.build/Release-iphoneos/iosApp.build/iosApp-own-target-headers.hmap -Xcc -I/Users/runner/Library/Developer/Xcode/DerivedData/iosApp-futeksqscqzjpibtkonmeslsyvzw/Build/Intermediates.noindex/ArchiveIntermediates/iosApp/IntermediateBuildFilesPath/iosApp.build/Release-iphoneos/iosApp.build/iosApp-all-target-headers.hmap -Xcc -iquote -Xcc /Users/runner/Library/Developer/Xcode/DerivedData/iosApp-futeksqscqzjpibtkonmeslsyvzw/Build/Intermediates.noindex/ArchiveIntermediates/iosApp/IntermediateBuildFilesPath/iosApp.build/Release-iphoneos/iosApp.build/iosApp-project-headers.hmap -Xcc -I/Users/runner/Library/Developer/Xcode/DerivedData/iosApp-futeksqscqzjpibtkonmeslsyvzw/Build/Intermediates.noindex/ArchiveIntermediates/iosApp/BuildProductsPath/Release-iphoneos/include -Xcc -I/Users/runner/Library/Developer/Xcode/DerivedData/iosApp-futeksqscqzjpibtkonmeslsyvzw/Build/Intermediates.noindex/ArchiveIntermediates/iosApp/IntermediateBuildFilesPath/iosApp.build/Release-iphoneos/iosApp.build/DerivedSources-normal/arm64 -Xcc -I/Users/runner/Library/Developer/Xcode/DerivedData/iosApp-futeksqscqzjpibtkonmeslsyvzw/Build/Intermediates.noindex/ArchiveIntermediates/iosApp/IntermediateBuildFilesPath/iosApp.build/Release-iphoneos/iosApp.build/DerivedSources/arm64 -Xcc -I/Users/runner/Library/Developer/Xcode/DerivedData/iosApp-futeksqscqzjpibtkonmeslsyvzw/Build/Intermediates.noindex/ArchiveIntermediates/iosApp/IntermediateBuildFilesPath/iosApp.build/Release-iphoneos/iosApp.build/DerivedSources -module-name iosApp -frontend-parseable-output -disable-clang-spi -target-sdk-version 17.5 -target-sdk-name iphoneos17.5 -external-plugin-path /Applications/Xcode_15.4.app/Contents/Developer/Platforms/iPhoneOS.platform/Developer/SDKs/iPhoneOS17.5.sdk/usr/lib/swift/host/plugins\#/Applications/Xcode_15.4.app/Contents/Developer/Platforms/iPhoneOS.platform/Developer/SDKs/iPhoneOS17.5.sdk/usr/bin/swift-plugin-server -external-plugin-path /Applications/Xcode_15.4.app/Contents/Developer/Platforms/iPhoneOS.platform/Developer/SDKs/iPhoneOS17.5.sdk/usr/local/lib/swift/host/plugins\#/Applications/Xcode_15.4.app/Contents/Developer/Platforms/iPhoneOS.platform/Developer/SDKs/iPhoneOS17.5.sdk/usr/bin/swift-plugin-server -external-plugin-path /Applications/Xcode_15.4.app/Contents/Developer/Platforms/iPhoneOS.platform/Developer/usr/lib/swift/host/plugins\#/Applications/Xcode_15.4.app/Contents/Developer/Platforms/iPhoneOS.platform/Developer/usr/bin/swift-plugin-server -external-plugin-path /Applications/Xcode_15.4.app/Contents/Developer/Platforms/iPhoneOS.platform/Developer/usr/local/lib/swift/host/plugins\#/Applications/Xcode_15.4.app/Contents/Developer/Platforms/iPhoneOS.platform/Developer/usr/bin/swift-plugin-server -plugin-path /Applications/Xcode_15.4.app/Contents/Developer/Toolchains/XcodeDefault.xctoolchain/usr/lib/swift/host/plugins -plugin-path /Applications/Xcode_15.4.app/Contents/Developer/Toolchains/XcodeDefault.xctoolchain/usr/local/lib/swift/host/plugins -enable-default-cmo -num-threads 5 -o /Users/runner/Library/Developer/Xcode/DerivedData/iosApp-futeksqscqzjpibtkonmeslsyvzw/Build/Intermediates.noindex/ArchiveIntermediates/iosApp/IntermediateBuildFilesPath/iosApp.build/Release-iphoneos/iosApp.build/Objects-normal/arm64/iOSApp.o -o /Users/runner/Library/Developer/Xcode/DerivedData/iosApp-futeksqscqzjpibtkonmeslsyvzw/Build/Intermediates.noindex/ArchiveIntermediates/iosApp/IntermediateBuildFilesPath/iosApp.build/Release-iphoneos/iosApp.build/Objects-normal/arm64/MainContainerView.o -o /Users/runner/Library/Developer/Xcode/DerivedData/iosApp-futeksqscqzjpibtkonmeslsyvzw/Build/Intermediates.noindex/ArchiveIntermediates/iosApp/IntermediateBuildFilesPath/iosApp.build/Release-iphoneos/iosApp.build/Objects-normal/arm64/AppColors.o -o /Users/runner/Library/Developer/Xcode/DerivedData/iosApp-futeksqscqzjpibtkonmeslsyvzw/Build/Intermediates.noindex/ArchiveIntermediates/iosApp/IntermediateBuildFilesPath/iosApp.build/Release-iphoneos/iosApp.build/Objects-normal/arm64/UserModels.o -o /Users/runner/Library/Developer/Xcode/DerivedData/iosApp-futeksqscqzjpibtkonmeslsyvzw/Build/Intermediates.noindex/ArchiveIntermediates/iosApp/IntermediateBuildFilesPath/iosApp.build/Release-iphoneos/iosApp.build/Objects-normal/arm64/DeviceModels.o -o /Users/runner/Library/Developer/Xcode/DerivedData/iosApp-futeksqscqzjpibtkonmeslsyvzw/Build/Intermediates.noindex/ArchiveIntermediates/iosApp/IntermediateBuildFilesPath/iosApp.build/Release-iphoneos/iosApp.build/Objects-normal/arm64/TicketModels.o -o /Users/runner/Library/Developer/Xcode/DerivedData/iosApp-futeksqscqzjpibtkonmeslsyvzw/Build/Intermediates.noindex/ArchiveIntermediates/iosApp/IntermediateBuildFilesPath/iosApp.build/Release-iphoneos/iosApp.build/Objects-normal/arm64/AttendanceModels.o -o /Users/runner/Library/Developer/Xcode/DerivedData/iosApp-futeksqscqzjpibtkonmeslsyvzw/Build/Intermediates.noindex/ArchiveIntermediates/iosApp/IntermediateBuildFilesPath/iosApp.build/Release-iphoneos/iosApp.build/Objects-normal/arm64/ShiftModels.o -o /Users/runner/Library/Developer/Xcode/DerivedData/iosApp-futeksqscqzjpibtkonmeslsyvzw/Build/Intermediates.noindex/ArchiveIntermediates/iosApp/IntermediateBuildFilesPath/iosApp.build/Release-iphoneos/iosApp.build/Objects-normal/arm64/OrganizationModels.o -o /Users/runner/Library/Developer/Xcode/DerivedData/iosApp-futeksqscqzjpibtkonmeslsyvzw/Build/Intermediates.noindex/ArchiveIntermediates/iosApp/IntermediateBuildFilesPath/iosApp.build/Release-iphoneos/iosApp.build/Objects-normal/arm64/FirebaseConfig.o -o /Users/runner/Library/Developer/Xcode/DerivedData/iosApp-futeksqscqzjpibtkonmeslsyvzw/Build/Intermediates.noindex/ArchiveIntermediates/iosApp/IntermediateBuildFilesPath/iosApp.build/Release-iphoneos/iosApp.build/Objects-normal/arm64/FirestoreHelper.o -o /Users/runner/Library/Developer/Xcode/DerivedData/iosApp-futeksqscqzjpibtkonmeslsyvzw/Build/Intermediates.noindex/ArchiveIntermediates/iosApp/IntermediateBuildFilesPath/iosApp.build/Release-iphoneos/iosApp.build/Objects-normal/arm64/AuthService.o -o /Users/runner/Library/Developer/Xcode/DerivedData/iosApp-futeksqscqzjpibtkonmeslsyvzw/Build/Intermediates.noindex/ArchiveIntermediates/iosApp/IntermediateBuildFilesPath/iosApp.build/Release-iphoneos/iosApp.build/Objects-normal/arm64/AuthViewModel.o -o /Users/runner/Library/Developer/Xcode/DerivedData/iosApp-futeksqscqzjpibtkonmeslsyvzw/Build/Intermediates.noindex/ArchiveIntermediates/iosApp/IntermediateBuildFilesPath/iosApp.build/Release-iphoneos/iosApp.build/Objects-normal/arm64/HomeViewModel.o -o /Users/runner/Library/Developer/Xcode/DerivedData/iosApp-futeksqscqzjpibtkonmeslsyvzw/Build/Intermediates.noindex/ArchiveIntermediates/iosApp/IntermediateBuildFilesPath/iosApp.build/Release-iphoneos/iosApp.build/Objects-normal/arm64/DeviceViewModel.o -o /Users/runner/Library/Developer/Xcode/DerivedData/iosApp-futeksqscqzjpibtkonmeslsyvzw/Build/Intermediates.noindex/ArchiveIntermediates/iosApp/IntermediateBuildFilesPath/iosApp.build/Release-iphoneos/iosApp.build/Objects-normal/arm64/SupportViewModel.o -o /Users/runner/Library/Developer/Xcode/DerivedData/iosApp-futeksqscqzjpibtkonmeslsyvzw/Build/Intermediates.noindex/ArchiveIntermediates/iosApp/IntermediateBuildFilesPath/iosApp.build/Release-iphoneos/iosApp.build/Objects-normal/arm64/AttendanceViewModel.o -o /Users/runner/Library/Developer/Xcode/DerivedData/iosApp-futeksqscqzjpibtkonmeslsyvzw/Build/Intermediates.noindex/ArchiveIntermediates/iosApp/IntermediateBuildFilesPath/iosApp.build/Release-iphoneos/iosApp.build/Objects-normal/arm64/ShiftViewModel.o -o /Users/runner/Library/Developer/Xcode/DerivedData/iosApp-futeksqscqzjpibtkonmeslsyvzw/Build/Intermediates.noindex/ArchiveIntermediates/iosApp/IntermediateBuildFilesPath/iosApp.build/Release-iphoneos/iosApp.build/Objects-normal/arm64/LoginView.o -o /Users/runner/Library/Developer/Xcode/DerivedData/iosApp-futeksqscqzjpibtkonmeslsyvzw/Build/Intermediates.noindex/ArchiveIntermediates/iosApp/IntermediateBuildFilesPath/iosApp.build/Release-iphoneos/iosApp.build/Objects-normal/arm64/AppSidebarDrawer.o -o /Users/runner/Library/Developer/Xcode/DerivedData/iosApp-futeksqscqzjpibtkonmeslsyvzw/Build/Intermediates.noindex/ArchiveIntermediates/iosApp/IntermediateBuildFilesPath/iosApp.build/Release-iphoneos/iosApp.build/Objects-normal/arm64/HomeScreenView.o -o /Users/runner/Library/Developer/Xcode/DerivedData/iosApp-futeksqscqzjpibtkonmeslsyvzw/Build/Intermediates.noindex/ArchiveIntermediates/iosApp/IntermediateBuildFilesPath/iosApp.build/Release-iphoneos/iosApp.build/Objects-normal/arm64/DeviceListView.o -o /Users/runner/Library/Developer/Xcode/DerivedData/iosApp-futeksqscqzjpibtkonmeslsyvzw/Build/Intermediates.noindex/ArchiveIntermediates/iosApp/IntermediateBuildFilesPath/iosApp.build/Release-iphoneos/iosApp.build/Objects-normal/arm64/SupportHubView.o -o /Users/runner/Library/Developer/Xcode/DerivedData/iosApp-futeksqscqzjpibtkonmeslsyvzw/Build/Intermediates.noindex/ArchiveIntermediates/iosApp/IntermediateBuildFilesPath/iosApp.build/Release-iphoneos/iosApp.build/Objects-normal/arm64/TicketChatDetailView.o -o /Users/runner/Library/Developer/Xcode/DerivedData/iosApp-futeksqscqzjpibtkonmeslsyvzw/Build/Intermediates.noindex/ArchiveIntermediates/iosApp/IntermediateBuildFilesPath/iosApp.build/Release-iphoneos/iosApp.build/Objects-normal/arm64/AttendanceCheckInView.o -o /Users/runner/Library/Developer/Xcode/DerivedData/iosApp-futeksqscqzjpibtkonmeslsyvzw/Build/Intermediates.noindex/ArchiveIntermediates/iosApp/IntermediateBuildFilesPath/iosApp.build/Release-iphoneos/iosApp.build/Objects-normal/arm64/ShiftScheduleView.o -o /Users/runner/Library/Developer/Xcode/DerivedData/iosApp-futeksqscqzjpibtkonmeslsyvzw/Build/Intermediates.noindex/ArchiveIntermediates/iosApp/IntermediateBuildFilesPath/iosApp.build/Release-iphoneos/iosApp.build/Objects-normal/arm64/PeripheralsView.o -o /Users/runner/Library/Developer/Xcode/DerivedData/iosApp-futeksqscqzjpibtkonmeslsyvzw/Build/Intermediates.noindex/ArchiveIntermediates/iosApp/IntermediateBuildFilesPath/iosApp.build/Release-iphoneos/iosApp.build/Objects-normal/arm64/AssetStatisticsView.o -o /Users/runner/Library/Developer/Xcode/DerivedData/iosApp-futeksqscqzjpibtkonmeslsyvzw/Build/Intermediates.noindex/ArchiveIntermediates/iosApp/IntermediateBuildFilesPath/iosApp.build/Release-iphoneos/iosApp.build/Objects-normal/arm64/QRScannerView.o -o /Users/runner/Library/Developer/Xcode/DerivedData/iosApp-futeksqscqzjpibtkonmeslsyvzw/Build/Intermediates.noindex/ArchiveIntermediates/iosApp/IntermediateBuildFilesPath/iosApp.build/Release-iphoneos/iosApp.build/Objects-normal/arm64/AddDeviceView.o -o /Users/runner/Library/Developer/Xcode/DerivedData/iosApp-futeksqscqzjpibtkonmeslsyvzw/Build/Intermediates.noindex/ArchiveIntermediates/iosApp/IntermediateBuildFilesPath/iosApp.build/Release-iphoneos/iosApp.build/Objects-normal/arm64/PrintQrLabelView.o -o /Users/runner/Library/Developer/Xcode/DerivedData/iosApp-futeksqscqzjpibtkonmeslsyvzw/Build/Intermediates.noindex/ArchiveIntermediates/iosApp/IntermediateBuildFilesPath/iosApp.build/Release-iphoneos/iosApp.build/Objects-normal/arm64/SystemNotificationsView.o -o /Users/runner/Library/Developer/Xcode/DerivedData/iosApp-futeksqscqzjpibtkonmeslsyvzw/Build/Intermediates.noindex/ArchiveIntermediates/iosApp/IntermediateBuildFilesPath/iosApp.build/Release-iphoneos/iosApp.build/Objects-normal/arm64/SystemSettingsView.o -o /Users/runner/Library/Developer/Xcode/DerivedData/iosApp-futeksqscqzjpibtkonmeslsyvzw/Build/Intermediates.noindex/ArchiveIntermediates/iosApp/IntermediateBuildFilesPath/iosApp.build/Release-iphoneos/iosApp.build/Objects-normal/arm64/CompanyBannerTickerView.o -o /Users/runner/Library/Developer/Xcode/DerivedData/iosApp-futeksqscqzjpibtkonmeslsyvzw/Build/Intermediates.noindex/ArchiveIntermediates/iosApp/IntermediateBuildFilesPath/iosApp.build/Release-iphoneos/iosApp.build/Objects-normal/arm64/AdminViewModel.o -o /Users/runner/Library/Developer/Xcode/DerivedData/iosApp-futeksqscqzjpibtkonmeslsyvzw/Build/Intermediates.noindex/ArchiveIntermediates/iosApp/IntermediateBuildFilesPath/iosApp.build/Release-iphoneos/iosApp.build/Objects-normal/arm64/UserManagementView.o -o /Users/runner/Library/Developer/Xcode/DerivedData/iosApp-futeksqscqzjpibtkonmeslsyvzw/Build/Intermediates.noindex/ArchiveIntermediates/iosApp/IntermediateBuildFilesPath/iosApp.build/Release-iphoneos/iosApp.build/Objects-normal/arm64/ApproveStaffView.o -o /Users/runner/Library/Developer/Xcode/DerivedData/iosApp-futeksqscqzjpibtkonmeslsyvzw/Build/Intermediates.noindex/ArchiveIntermediates/iosApp/IntermediateBuildFilesPath/iosApp.build/Release-iphoneos/iosApp.build/Objects-normal/arm64/DepartmentManagerView.o -o /Users/runner/Library/Developer/Xcode/DerivedData/iosApp-futeksqscqzjpibtkonmeslsyvzw/Build/Intermediates.noindex/ArchiveIntermediates/iosApp/IntermediateBuildFilesPath/iosApp.build/Release-iphoneos/iosApp.build/Objects-normal/arm64/UnitRegionManagerView.o -o /Users/runner/Library/Developer/Xcode/DerivedData/iosApp-futeksqscqzjpibtkonmeslsyvzw/Build/Intermediates.noindex/ArchiveIntermediates/iosApp/IntermediateBuildFilesPath/iosApp.build/Release-iphoneos/iosApp.build/Objects-normal/arm64/PaywallLicenseView.o -o /Users/runner/Library/Developer/Xcode/DerivedData/iosApp-futeksqscqzjpibtkonmeslsyvzw/Build/Intermediates.noindex/ArchiveIntermediates/iosApp/IntermediateBuildFilesPath/iosApp.build/Release-iphoneos/iosApp.build/Objects-normal/arm64/DeviceTypeManagerView.o -o /Users/runner/Library/Developer/Xcode/DerivedData/iosApp-futeksqscqzjpibtkonmeslsyvzw/Build/Intermediates.noindex/ArchiveIntermediates/iosApp/IntermediateBuildFilesPath/iosApp.build/Release-iphoneos/iosApp.build/Objects-normal/arm64/SpecialistTeamManagerView.o -o /Users/runner/Library/Developer/Xcode/DerivedData/iosApp-futeksqscqzjpibtkonmeslsyvzw/Build/Intermediates.noindex/ArchiveIntermediates/iosApp/IntermediateBuildFilesPath/iosApp.build/Release-iphoneos/iosApp.build/Objects-normal/arm64/SupportRatingReportView.o -o /Users/runner/Library/Developer/Xcode/DerivedData/iosApp-futeksqscqzjpibtkonmeslsyvzw/Build/Intermediates.noindex/ArchiveIntermediates/iosApp/IntermediateBuildFilesPath/iosApp.build/Release-iphoneos/iosApp.build/Objects-normal/arm64/OnlineKtvMonitorView.o -o /Users/runner/Library/Developer/Xcode/DerivedData/iosApp-futeksqscqzjpibtkonmeslsyvzw/Build/Intermediates.noindex/ArchiveIntermediates/iosApp/IntermediateBuildFilesPath/iosApp.build/Release-iphoneos/iosApp.build/Objects-normal/arm64/StaffSupportView.o -o /Users/runner/Library/Developer/Xcode/DerivedData/iosApp-futeksqscqzjpibtkonmeslsyvzw/Build/Intermediates.noindex/ArchiveIntermediates/iosApp/IntermediateBuildFilesPath/iosApp.build/Release-iphoneos/iosApp.build/Objects-normal/arm64/PendingApprovalView.o -o /Users/runner/Library/Developer/Xcode/DerivedData/iosApp-futeksqscqzjpibtkonmeslsyvzw/Build/Intermediates.noindex/ArchiveIntermediates/iosApp/IntermediateBuildFilesPath/iosApp.build/Release-iphoneos/iosApp.build/Objects-normal/arm64/AttendanceHistoryView.o -o /Users/runner/Library/Developer/Xcode/DerivedData/iosApp-futeksqscqzjpibtkonmeslsyvzw/Build/Intermediates.noindex/ArchiveIntermediates/iosApp/IntermediateBuildFilesPath/iosApp.build/Release-iphoneos/iosApp.build/Objects-normal/arm64/InfoView.o -o /Users/runner/Library/Developer/Xcode/DerivedData/iosApp-futeksqscqzjpibtkonmeslsyvzw/Build/Intermediates.noindex/ArchiveIntermediates/iosApp/IntermediateBuildFilesPath/iosApp.build/Release-iphoneos/iosApp.build/Objects-normal/arm64/AttendanceReportView.o -o /Users/runner/Library/Developer/Xcode/DerivedData/iosApp-futeksqscqzjpibtkonmeslsyvzw/Build/Intermediates.noindex/ArchiveIntermediates/iosApp/IntermediateBuildFilesPath/iosApp.build/Release-iphoneos/iosApp.build/Objects-normal/arm64/AdminTicketListView.o -o /Users/runner/Library/Developer/Xcode/DerivedData/iosApp-futeksqscqzjpibtkonmeslsyvzw/Build/Intermediates.noindex/ArchiveIntermediates/iosApp/IntermediateBuildFilesPath/iosApp.build/Release-iphoneos/iosApp.build/Objects-normal/arm64/HelpView.o -o /Users/runner/Library/Developer/Xcode/DerivedData/iosApp-futeksqscqzjpibtkonmeslsyvzw/Build/Intermediates.noindex/ArchiveIntermediates/iosApp/IntermediateBuildFilesPath/iosApp.build/Release-iphoneos/iosApp.build/Objects-normal/arm64/LichSuView.o -o /Users/runner/Library/Developer/Xcode/DerivedData/iosApp-futeksqscqzjpibtkonmeslsyvzw/Build/Intermediates.noindex/ArchiveIntermediates/iosApp/IntermediateBuildFilesPath/iosApp.build/Release-iphoneos/iosApp.build/Objects-normal/arm64/SuperAdminPortalView.o -o /Users/runner/Library/Developer/Xcode/DerivedData/iosApp-futeksqscqzjpibtkonmeslsyvzw/Build/Intermediates.noindex/ArchiveIntermediates/iosApp/IntermediateBuildFilesPath/iosApp.build/Release-iphoneos/iosApp.build/Objects-normal/arm64/ResetPasswordView.o -o /Users/runner/Library/Developer/Xcode/DerivedData/iosApp-futeksqscqzjpibtkonmeslsyvzw/Build/Intermediates.noindex/ArchiveIntermediates/iosApp/IntermediateBuildFilesPath/iosApp.build/Release-iphoneos/iosApp.build/Objects-normal/arm64/GeneratedAssetSymbols.o -index-unit-output-path /iosApp.build/Release-iphoneos/iosApp.build/Objects-normal/arm64/iOSApp.o -index-unit-output-path /iosApp.build/Release-iphoneos/iosApp.build/Objects-normal/arm64/MainContainerView.o -index-unit-output-path /iosApp.build/Release-iphoneos/iosApp.build/Objects-normal/arm64/AppColors.o -index-unit-output-path /iosApp.build/Release-iphoneos/iosApp.build/Objects-normal/arm64/UserModels.o -index-unit-output-path /iosApp.build/Release-iphoneos/iosApp.build/Objects-normal/arm64/DeviceModels.o -index-unit-output-path /iosApp.build/Release-iphoneos/iosApp.build/Objects-normal/arm64/TicketModels.o -index-unit-output-path /iosApp.build/Release-iphoneos/iosApp.build/Objects-normal/arm64/AttendanceModels.o -index-unit-output-path /iosApp.build/Release-iphoneos/iosApp.build/Objects-normal/arm64/ShiftModels.o -index-unit-output-path /iosApp.build/Release-iphoneos/iosApp.build/Objects-normal/arm64/OrganizationModels.o -index-unit-output-path /iosApp.build/Release-iphoneos/iosApp.build/Objects-normal/arm64/FirebaseConfig.o -index-unit-output-path /iosApp.build/Release-iphoneos/iosApp.build/Objects-normal/arm64/FirestoreHelper.o -index-unit-output-path /iosApp.build/Release-iphoneos/iosApp.build/Objects-normal/arm64/AuthService.o -index-unit-output-path /iosApp.build/Release-iphoneos/iosApp.build/Objects-normal/arm64/AuthViewModel.o -index-unit-output-path /iosApp.build/Release-iphoneos/iosApp.build/Objects-normal/arm64/HomeViewModel.o -index-unit-output-path /iosApp.build/Release-iphoneos/iosApp.build/Objects-normal/arm64/DeviceViewModel.o -index-unit-output-path /iosApp.build/Release-iphoneos/iosApp.build/Objects-normal/arm64/SupportViewModel.o -index-unit-output-path /iosApp.build/Release-iphoneos/iosApp.build/Objects-normal/arm64/AttendanceViewModel.o -index-unit-output-path /iosApp.build/Release-iphoneos/iosApp.build/Objects-normal/arm64/ShiftViewModel.o -index-unit-output-path /iosApp.build/Release-iphoneos/iosApp.build/Objects-normal/arm64/LoginView.o -index-unit-output-path /iosApp.build/Release-iphoneos/iosApp.build/Objects-normal/arm64/AppSidebarDrawer.o -index-unit-output-path /iosApp.build/Release-iphoneos/iosApp.build/Objects-normal/arm64/HomeScreenView.o -index-unit-output-path /iosApp.build/Release-iphoneos/iosApp.build/Objects-normal/arm64/DeviceListView.o -index-unit-output-path /iosApp.build/Release-iphoneos/iosApp.build/Objects-normal/arm64/SupportHubView.o -index-unit-output-path /iosApp.build/Release-iphoneos/iosApp.build/Objects-normal/arm64/TicketChatDetailView.o -index-unit-output-path /iosApp.build/Release-iphoneos/iosApp.build/Objects-normal/arm64/AttendanceCheckInView.o -index-unit-output-path /iosApp.build/Release-iphoneos/iosApp.build/Objects-normal/arm64/ShiftScheduleView.o -index-unit-output-path /iosApp.build/Release-iphoneos/iosApp.build/Objects-normal/arm64/PeripheralsView.o -index-unit-output-path /iosApp.build/Release-iphoneos/iosApp.build/Objects-normal/arm64/AssetStatisticsView.o -index-unit-output-path /iosApp.build/Release-iphoneos/iosApp.build/Objects-normal/arm64/QRScannerView.o -index-unit-output-path /iosApp.build/Release-iphoneos/iosApp.build/Objects-normal/arm64/AddDeviceView.o -index-unit-output-path /iosApp.build/Release-iphoneos/iosApp.build/Objects-normal/arm64/PrintQrLabelView.o -index-unit-output-path /iosApp.build/Release-iphoneos/iosApp.build/Objects-normal/arm64/SystemNotificationsView.o -index-unit-output-path /iosApp.build/Release-iphoneos/iosApp.build/Objects-normal/arm64/SystemSettingsView.o -index-unit-output-path /iosApp.build/Release-iphoneos/iosApp.build/Objects-normal/arm64/CompanyBannerTickerView.o -index-unit-output-path /iosApp.build/Release-iphoneos/iosApp.build/Objects-normal/arm64/AdminViewModel.o -index-unit-output-path /iosApp.build/Release-iphoneos/iosApp.build/Objects-normal/arm64/UserManagementView.o -index-unit-output-path /iosApp.build/Release-iphoneos/iosApp.build/Objects-normal/arm64/ApproveStaffView.o -index-unit-output-path /iosApp.build/Release-iphoneos/iosApp.build/Objects-normal/arm64/DepartmentManagerView.o -index-unit-output-path /iosApp.build/Release-iphoneos/iosApp.build/Objects-normal/arm64/UnitRegionManagerView.o -index-unit-output-path /iosApp.build/Release-iphoneos/iosApp.build/Objects-normal/arm64/PaywallLicenseView.o -index-unit-output-path /iosApp.build/Release-iphoneos/iosApp.build/Objects-normal/arm64/DeviceTypeManagerView.o -index-unit-output-path /iosApp.build/Release-iphoneos/iosApp.build/Objects-normal/arm64/SpecialistTeamManagerView.o -index-unit-output-path /iosApp.build/Release-iphoneos/iosApp.build/Objects-normal/arm64/SupportRatingReportView.o -index-unit-output-path /iosApp.build/Release-iphoneos/iosApp.build/Objects-normal/arm64/OnlineKtvMonitorView.o -index-unit-output-path /iosApp.build/Release-iphoneos/iosApp.build/Objects-normal/arm64/StaffSupportView.o -index-unit-output-path /iosApp.build/Release-iphoneos/iosApp.build/Objects-normal/arm64/PendingApprovalView.o -index-unit-output-path /iosApp.build/Release-iphoneos/iosApp.build/Objects-normal/arm64/AttendanceHistoryView.o -index-unit-output-path /iosApp.build/Release-iphoneos/iosApp.build/Objects-normal/arm64/InfoView.o -index-unit-output-path /iosApp.build/Release-iphoneos/iosApp.build/Objects-normal/arm64/AttendanceReportView.o -index-unit-output-path /iosApp.build/Release-iphoneos/iosApp.build/Objects-normal/arm64/AdminTicketListView.o -index-unit-output-path /iosApp.build/Release-iphoneos/iosApp.build/Objects-normal/arm64/HelpView.o -index-unit-output-path /iosApp.build/Release-iphoneos/iosApp.build/Objects-normal/arm64/LichSuView.o -index-unit-output-path /iosApp.build/Release-iphoneos/iosApp.build/Objects-normal/arm64/SuperAdminPortalView.o -index-unit-output-path /iosApp.build/Release-iphoneos/iosApp.build/Objects-normal/arm64/ResetPasswordView.o -index-unit-output-path /iosApp.build/Release-iphoneos/iosApp.build/Objects-normal/arm64/GeneratedAssetSymbols.o
2026-09-26T20:15:37.8146720Z CompileSwift normal arm64 (in target 'iosApp' from project 'iosApp')
2026-09-26T20:15:37.8146990Z     cd /Users/runner/work/iosApp/iosApp
2026-09-26T20:15:37.8230090Z     /Applications/Xcode_15.4.app/Contents/Developer/Toolchains/XcodeDefault.xctoolchain/usr/bin/swift-frontend -c /Users/runner/work/iosApp/iosApp/iosApp/iOSApp.swift /Users/runner/work/iosApp/iosApp/iosApp/App/MainContainerView.swift /Users/runner/work/iosApp/iosApp/iosApp/Theme/AppColors.swift /Users/runner/work/iosApp/iosApp/iosApp/Models/UserModels.swift /Users/runner/work/iosApp/iosApp/iosApp/Models/DeviceModels.swift /Users/runner/work/iosApp/iosApp/iosApp/Models/TicketModels.swift /Users/runner/work/iosApp/iosApp/iosApp/Models/AttendanceModels.swift /Users/runner/work/iosApp/iosApp/iosApp/Models/ShiftModels.swift /Users/runner/work/iosApp/iosApp/iosApp/Models/OrganizationModels.swift /Users/runner/work/iosApp/iosApp/iosApp/Services/FirebaseConfig.swift /Users/runner/work/iosApp/iosApp/iosApp/Services/FirestoreHelper.swift /Users/runner/work/iosApp/iosApp/iosApp/Services/AuthService.swift /Users/runner/work/iosApp/iosApp/iosApp/ViewModels/AuthViewModel.swift /Users/runner/work/iosApp/iosApp/iosApp/ViewModels/HomeViewModel.swift /Users/runner/work/iosApp/iosApp/iosApp/ViewModels/DeviceViewModel.swift /Users/runner/work/iosApp/iosApp/iosApp/ViewModels/SupportViewModel.swift /Users/runner/work/iosApp/iosApp/iosApp/ViewModels/AttendanceViewModel.swift /Users/runner/work/iosApp/iosApp/iosApp/ViewModels/ShiftViewModel.swift /Users/runner/work/iosApp/iosApp/iosApp/Views/Screens/Auth/LoginView.swift /Users/runner/work/iosApp/iosApp/iosApp/Views/Screens/Home/AppSidebarDrawer.swift /Users/runner/work/iosApp/iosApp/iosApp/Views/Screens/Home/HomeScreenView.swift /Users/runner/work/iosApp/iosApp/iosApp/Views/Screens/Devices/DeviceListView.swift /Users/runner/work/iosApp/iosApp/iosApp/Views/Screens/Support/SupportHubView.swift /Users/runner/work/iosApp/iosApp/iosApp/Views/Screens/Support/TicketChatDetailView.swift /Users/runner/work/iosApp/iosApp/iosApp/Views/Screens/Attendance/AttendanceCheckInView.swift /Users/runner/work/iosApp/iosApp/iosApp/Views/Screens/Shift/ShiftScheduleView.swift /Users/runner/work/iosApp/iosApp/iosApp/Views/Screens/Peripherals/PeripheralsView.swift /Users/runner/work/iosApp/iosApp/iosApp/Views/Screens/Statistics/AssetStatisticsView.swift /Users/runner/work/iosApp/iosApp/iosApp/Views/Screens/Scanner/QRScannerView.swift /Users/runner/work/iosApp/iosApp/iosApp/Views/Screens/Devices/AddDeviceView.swift /Users/runner/work/iosApp/iosApp/iosApp/Views/Screens/Devices/PrintQrLabelView.swift /Users/runner/work/iosApp/iosApp/iosApp/Views/Screens/Notifications/SystemNotificationsView.swift /Users/runner/work/iosApp/iosApp/iosApp/Views/Screens/Settings/SystemSettingsView.swift /Users/runner/work/iosApp/iosApp/iosApp/Views/Components/CompanyBannerTickerView.swift /Users/runner/work/iosApp/iosApp/iosApp/ViewModels/AdminViewModel.swift /Users/runner/work/iosApp/iosApp/iosApp/Views/Screens/Admin/UserManagementView.swift /Users/runner/work/iosApp/iosApp/iosApp/Views/Screens/Admin/ApproveStaffView.swift /Users/runner/work/iosApp/iosApp/iosApp/Views/Screens/Admin/DepartmentManagerView.swift /Users/runner/work/iosApp/iosApp/iosApp/Views/Screens/Admin/UnitRegionManagerView.swift /Users/runner/work/iosApp/iosApp/iosApp/Views/Screens/Admin/PaywallLicenseView.swift /Users/runner/work/iosApp/iosApp/iosApp/Views/Screens/Devices/DeviceTypeManagerView.swift /Users/runner/work/iosApp/iosApp/iosApp/Views/Screens/Support/SpecialistTeamManagerView.swift /Users/runner/work/iosApp/iosApp/iosApp/Views/Screens/Support/SupportRatingReportView.swift /Users/runner/work/iosApp/iosApp/iosApp/Views/Screens/Support/OnlineKtvMonitorView.swift /Users/runner/work/iosApp/iosApp/iosApp/Views/Screens/Support/StaffSupportView.swift /Users/runner/work/iosApp/iosApp/iosApp/Views/Screens/Auth/PendingApprovalView.swift /Users/runner/work/iosApp/iosApp/iosApp/Views/Screens/Attendance/AttendanceHistoryView.swift /Users/runner/work/iosApp/iosApp/iosApp/App/InfoView.swift /Users/runner/work/iosApp/iosApp/iosApp/Views/Screens/Attendance/AttendanceReportView.swift /Users/runner/work/iosApp/iosApp/iosApp/Views/Screens/Admin/AdminTicketListView.swift /Users/runner/work/iosApp/iosApp/iosApp/App/HelpView.swift /Users/runner/work/iosApp/iosApp/iosApp/Views/Screens/Devices/LichSuView.swift /Users/runner/work/iosApp/iosApp/iosApp/Views/Screens/Admin/SuperAdminPortalView.swift /Users/runner/work/iosApp/iosApp/iosApp/Views/Screens/Auth/ResetPasswordView.swift /Users/runner/Library/Developer/Xcode/DerivedData/iosApp-futeksqscqzjpibtkonmeslsyvzw/Build/Intermediates.noindex/ArchiveIntermediates/iosApp/IntermediateBuildFilesPath/iosApp.build/Release-iphoneos/iosApp.build/DerivedSources/GeneratedAssetSymbols.swift -supplementary-output-file-map /Users/runner/Library/Developer/Xcode/DerivedData/iosApp-futeksqscqzjpibtkonmeslsyvzw/Build/Intermediates.noindex/ArchiveIntermediates/iosApp/IntermediateBuildFilesPath/iosApp.build/Release-iphoneos/iosApp.build/Objects-normal/arm64/supplementaryOutputs-1 -emit-localized-strings -emit-localized-strings-path /Users/runner/Library/Developer/Xcode/DerivedData/iosApp-futeksqscqzjpibtkonmeslsyvzw/Build/Intermediates.noindex/ArchiveIntermediates/iosApp/IntermediateBuildFilesPath/iosApp.build/Release-iphoneos/iosApp.build/Objects-normal/arm64 -target arm64-apple-ios15.0 -Xllvm -aarch64-use-tbi -enable-objc-interop -stack-check -sdk /Applications/Xcode_15.4.app/Contents/Developer/Platforms/iPhoneOS.platform/Developer/SDKs/iPhoneOS17.5.sdk -I /Users/runner/Library/Developer/Xcode/DerivedData/iosApp-futeksqscqzjpibtkonmeslsyvzw/Build/Intermediates.noindex/ArchiveIntermediates/iosApp/BuildProductsPath/Release-iphoneos -F /Users/runner/Library/Developer/Xcode/DerivedData/iosApp-futeksqscqzjpibtkonmeslsyvzw/Build/Intermediates.noindex/ArchiveIntermediates/iosApp/BuildProductsPath/Release-iphoneos -no-color-diagnostics -g -module-cache-path /Users/runner/Library/Developer/Xcode/DerivedData/ModuleCache.noindex -swift-version 5 -enforce-exclusivity\=checked -O -serialize-debugging-options -const-gather-protocols-file /Users/runner/Library/Developer/Xcode/DerivedData/iosApp-futeksqscqzjpibtkonmeslsyvzw/Build/Intermediates.noindex/ArchiveIntermediates/iosApp/IntermediateBuildFilesPath/iosApp.build/Release-iphoneos/iosApp.build/Objects-normal/arm64/iosApp_const_extract_protocols.json -enable-bare-slash-regex -empty-abi-descriptor -validate-clang-modules-once -clang-build-session-file /Users/runner/Library/Developer/Xcode/DerivedData/ModuleCache.noindex/Session.modulevalidation -Xcc -working-directory -Xcc /Users/runner/work/iosApp/iosApp -resource-dir /Applications/Xcode_15.4.app/Contents/Developer/Toolchains/XcodeDefault.xctoolchain/usr/lib/swift -Xcc -ivfsstatcache -Xcc /Users/runner/Library/Developer/Xcode/DerivedData/SDKStatCaches.noindex/iphoneos17.5-21F77-f0fa7969d082b13145125136a829df3a.sdkstatcache -Xcc -I/Users/runner/Library/Developer/Xcode/DerivedData/iosApp-futeksqscqzjpibtkonmeslsyvzw/Build/Intermediates.noindex/ArchiveIntermediates/iosApp/IntermediateBuildFilesPath/iosApp.build/Release-iphoneos/iosApp.build/swift-overrides.hmap -Xcc -iquote -Xcc /Users/runner/Library/Developer/Xcode/DerivedData/iosApp-futeksqscqzjpibtkonmeslsyvzw/Build/Intermediates.noindex/ArchiveIntermediates/iosApp/IntermediateBuildFilesPath/iosApp.build/Release-iphoneos/iosApp.build/iosApp-generated-files.hmap -Xcc -I/Users/runner/Library/Developer/Xcode/DerivedData/iosApp-futeksqscqzjpibtkonmeslsyvzw/Build/Intermediates.noindex/ArchiveIntermediates/iosApp/IntermediateBuildFilesPath/iosApp.build/Release-iphoneos/iosApp.build/iosApp-own-target-headers.hmap -Xcc -I/Users/runner/Library/Developer/Xcode/DerivedData/iosApp-futeksqscqzjpibtkonmeslsyvzw/Build/Intermediates.noindex/ArchiveIntermediates/iosApp/IntermediateBuildFilesPath/iosApp.build/Release-iphoneos/iosApp.build/iosApp-all-target-headers.hmap -Xcc -iquote -Xcc /Users/runner/Library/Developer/Xcode/DerivedData/iosApp-futeksqscqzjpibtkonmeslsyvzw/Build/Intermediates.noindex/ArchiveIntermediates/iosApp/IntermediateBuildFilesPath/iosApp.build/Release-iphoneos/iosApp.build/iosApp-project-headers.hmap -Xcc -I/Users/runner/Library/Developer/Xcode/DerivedData/iosApp-futeksqscqzjpibtkonmeslsyvzw/Build/Intermediates.noindex/ArchiveIntermediates/iosApp/BuildProductsPath/Release-iphoneos/include -Xcc -I/Users/runner/Library/Developer/Xcode/DerivedData/iosApp-futeksqscqzjpibtkonmeslsyvzw/Build/Intermediates.noindex/ArchiveIntermediates/iosApp/IntermediateBuildFilesPath/iosApp.build/Release-iphoneos/iosApp.build/DerivedSources-normal/arm64 -Xcc -I/Users/runner/Library/Developer/Xcode/DerivedData/iosApp-futeksqscqzjpibtkonmeslsyvzw/Build/Intermediates.noindex/ArchiveIntermediates/iosApp/IntermediateBuildFilesPath/iosApp.build/Release-iphoneos/iosApp.build/DerivedSources/arm64 -Xcc -I/Users/runner/Library/Developer/Xcode/DerivedData/iosApp-futeksqscqzjpibtkonmeslsyvzw/Build/Intermediates.noindex/ArchiveIntermediates/iosApp/IntermediateBuildFilesPath/iosApp.build/Release-iphoneos/iosApp.build/DerivedSources -module-name iosApp -frontend-parseable-output -disable-clang-spi -target-sdk-version 17.5 -target-sdk-name iphoneos17.5 -external-plugin-path /Applications/Xcode_15.4.app/Contents/Developer/Platforms/iPhoneOS.platform/Developer/SDKs/iPhoneOS17.5.sdk/usr/lib/swift/host/plugins\#/Applications/Xcode_15.4.app/Contents/Developer/Platforms/iPhoneOS.platform/Developer/SDKs/iPhoneOS17.5.sdk/usr/bin/swift-plugin-server -external-plugin-path /Applications/Xcode_15.4.app/Contents/Developer/Platforms/iPhoneOS.platform/Developer/SDKs/iPhoneOS17.5.sdk/usr/local/lib/swift/host/plugins\#/Applications/Xcode_15.4.app/Contents/Developer/Platforms/iPhoneOS.platform/Developer/SDKs/iPhoneOS17.5.sdk/usr/bin/swift-plugin-server -external-plugin-path /Applications/Xcode_15.4.app/Contents/Developer/Platforms/iPhoneOS.platform/Developer/usr/lib/swift/host/plugins\#/Applications/Xcode_15.4.app/Contents/Developer/Platforms/iPhoneOS.platform/Developer/usr/bin/swift-plugin-server -external-plugin-path /Applications/Xcode_15.4.app/Contents/Developer/Platforms/iPhoneOS.platform/Developer/usr/local/lib/swift/host/plugins\#/Applications/Xcode_15.4.app/Contents/Developer/Platforms/iPhoneOS.platform/Developer/usr/bin/swift-plugin-server -plugin-path /Applications/Xcode_15.4.app/Contents/Developer/Toolchains/XcodeDefault.xctoolchain/usr/lib/swift/host/plugins -plugin-path /Applications/Xcode_15.4.app/Contents/Developer/Toolchains/XcodeDefault.xctoolchain/usr/local/lib/swift/host/plugins -enable-default-cmo -num-threads 5 -o /Users/runner/Library/Developer/Xcode/DerivedData/iosApp-futeksqscqzjpibtkonmeslsyvzw/Build/Intermediates.noindex/ArchiveIntermediates/iosApp/IntermediateBuildFilesPath/iosApp.build/Release-iphoneos/iosApp.build/Objects-normal/arm64/iOSApp.o -o /Users/runner/Library/Developer/Xcode/DerivedData/iosApp-futeksqscqzjpibtkonmeslsyvzw/Build/Intermediates.noindex/ArchiveIntermediates/iosApp/IntermediateBuildFilesPath/iosApp.build/Release-iphoneos/iosApp.build/Objects-normal/arm64/MainContainerView.o -o /Users/runner/Library/Developer/Xcode/DerivedData/iosApp-futeksqscqzjpibtkonmeslsyvzw/Build/Intermediates.noindex/ArchiveIntermediates/iosApp/IntermediateBuildFilesPath/iosApp.build/Release-iphoneos/iosApp.build/Objects-normal/arm64/AppColors.o -o /Users/runner/Library/Developer/Xcode/DerivedData/iosApp-futeksqscqzjpibtkonmeslsyvzw/Build/Intermediates.noindex/ArchiveIntermediates/iosApp/IntermediateBuildFilesPath/iosApp.build/Release-iphoneos/iosApp.build/Objects-normal/arm64/UserModels.o -o /Users/runner/Library/Developer/Xcode/DerivedData/iosApp-futeksqscqzjpibtkonmeslsyvzw/Build/Intermediates.noindex/ArchiveIntermediates/iosApp/IntermediateBuildFilesPath/iosApp.build/Release-iphoneos/iosApp.build/Objects-normal/arm64/DeviceModels.o -o /Users/runner/Library/Developer/Xcode/DerivedData/iosApp-futeksqscqzjpibtkonmeslsyvzw/Build/Intermediates.noindex/ArchiveIntermediates/iosApp/IntermediateBuildFilesPath/iosApp.build/Release-iphoneos/iosApp.build/Objects-normal/arm64/TicketModels.o -o /Users/runner/Library/Developer/Xcode/DerivedData/iosApp-futeksqscqzjpibtkonmeslsyvzw/Build/Intermediates.noindex/ArchiveIntermediates/iosApp/IntermediateBuildFilesPath/iosApp.build/Release-iphoneos/iosApp.build/Objects-normal/arm64/AttendanceModels.o -o /Users/runner/Library/Developer/Xcode/DerivedData/iosApp-futeksqscqzjpibtkonmeslsyvzw/Build/Intermediates.noindex/ArchiveIntermediates/iosApp/IntermediateBuildFilesPath/iosApp.build/Release-iphoneos/iosApp.build/Objects-normal/arm64/ShiftModels.o -o /Users/runner/Library/Developer/Xcode/DerivedData/iosApp-futeksqscqzjpibtkonmeslsyvzw/Build/Intermediates.noindex/ArchiveIntermediates/iosApp/IntermediateBuildFilesPath/iosApp.build/Release-iphoneos/iosApp.build/Objects-normal/arm64/OrganizationModels.o -o /Users/runner/Library/Developer/Xcode/DerivedData/iosApp-futeksqscqzjpibtkonmeslsyvzw/Build/Intermediates.noindex/ArchiveIntermediates/iosApp/IntermediateBuildFilesPath/iosApp.build/Release-iphoneos/iosApp.build/Objects-normal/arm64/FirebaseConfig.o -o /Users/runner/Library/Developer/Xcode/DerivedData/iosApp-futeksqscqzjpibtkonmeslsyvzw/Build/Intermediates.noindex/ArchiveIntermediates/iosApp/IntermediateBuildFilesPath/iosApp.build/Release-iphoneos/iosApp.build/Objects-normal/arm64/FirestoreHelper.o -o /Users/runner/Library/Developer/Xcode/DerivedData/iosApp-futeksqscqzjpibtkonmeslsyvzw/Build/Intermediates.noindex/ArchiveIntermediates/iosApp/IntermediateBuildFilesPath/iosApp.build/Release-iphoneos/iosApp.build/Objects-normal/arm64/AuthService.o -o /Users/runner/Library/Developer/Xcode/DerivedData/iosApp-futeksqscqzjpibtkonmeslsyvzw/Build/Intermediates.noindex/ArchiveIntermediates/iosApp/IntermediateBuildFilesPath/iosApp.build/Release-iphoneos/iosApp.build/Objects-normal/arm64/AuthViewModel.o -o /Users/runner/Library/Developer/Xcode/DerivedData/iosApp-futeksqscqzjpibtkonmeslsyvzw/Build/Intermediates.noindex/ArchiveIntermediates/iosApp/IntermediateBuildFilesPath/iosApp.build/Release-iphoneos/iosApp.build/Objects-normal/arm64/HomeViewModel.o -o /Users/runner/Library/Developer/Xcode/DerivedData/iosApp-futeksqscqzjpibtkonmeslsyvzw/Build/Intermediates.noindex/ArchiveIntermediates/iosApp/IntermediateBuildFilesPath/iosApp.build/Release-iphoneos/iosApp.build/Objects-normal/arm64/DeviceViewModel.o -o /Users/runner/Library/Developer/Xcode/DerivedData/iosApp-futeksqscqzjpibtkonmeslsyvzw/Build/Intermediates.noindex/ArchiveIntermediates/iosApp/IntermediateBuildFilesPath/iosApp.build/Release-iphoneos/iosApp.build/Objects-normal/arm64/SupportViewModel.o -o /Users/runner/Library/Developer/Xcode/DerivedData/iosApp-futeksqscqzjpibtkonmeslsyvzw/Build/Intermediates.noindex/ArchiveIntermediates/iosApp/IntermediateBuildFilesPath/iosApp.build/Release-iphoneos/iosApp.build/Objects-normal/arm64/AttendanceViewModel.o -o /Users/runner/Library/Developer/Xcode/DerivedData/iosApp-futeksqscqzjpibtkonmeslsyvzw/Build/Intermediates.noindex/ArchiveIntermediates/iosApp/IntermediateBuildFilesPath/iosApp.build/Release-iphoneos/iosApp.build/Objects-normal/arm64/ShiftViewModel.o -o /Users/runner/Library/Developer/Xcode/DerivedData/iosApp-futeksqscqzjpibtkonmeslsyvzw/Build/Intermediates.noindex/ArchiveIntermediates/iosApp/IntermediateBuildFilesPath/iosApp.build/Release-iphoneos/iosApp.build/Objects-normal/arm64/LoginView.o -o /Users/runner/Library/Developer/Xcode/DerivedData/iosApp-futeksqscqzjpibtkonmeslsyvzw/Build/Intermediates.noindex/ArchiveIntermediates/iosApp/IntermediateBuildFilesPath/iosApp.build/Release-iphoneos/iosApp.build/Objects-normal/arm64/AppSidebarDrawer.o -o /Users/runner/Library/Developer/Xcode/DerivedData/iosApp-futeksqscqzjpibtkonmeslsyvzw/Build/Intermediates.noindex/ArchiveIntermediates/iosApp/IntermediateBuildFilesPath/iosApp.build/Release-iphoneos/iosApp.build/Objects-normal/arm64/HomeScreenView.o -o /Users/runner/Library/Developer/Xcode/DerivedData/iosApp-futeksqscqzjpibtkonmeslsyvzw/Build/Intermediates.noindex/ArchiveIntermediates/iosApp/IntermediateBuildFilesPath/iosApp.build/Release-iphoneos/iosApp.build/Objects-normal/arm64/DeviceListView.o -o /Users/runner/Library/Developer/Xcode/DerivedData/iosApp-futeksqscqzjpibtkonmeslsyvzw/Build/Intermediates.noindex/ArchiveIntermediates/iosApp/IntermediateBuildFilesPath/iosApp.build/Release-iphoneos/iosApp.build/Objects-normal/arm64/SupportHubView.o -o /Users/runner/Library/Developer/Xcode/DerivedData/iosApp-futeksqscqzjpibtkonmeslsyvzw/Build/Intermediates.noindex/ArchiveIntermediates/iosApp/IntermediateBuildFilesPath/iosApp.build/Release-iphoneos/iosApp.build/Objects-normal/arm64/TicketChatDetailView.o -o /Users/runner/Library/Developer/Xcode/DerivedData/iosApp-futeksqscqzjpibtkonmeslsyvzw/Build/Intermediates.noindex/ArchiveIntermediates/iosApp/IntermediateBuildFilesPath/iosApp.build/Release-iphoneos/iosApp.build/Objects-normal/arm64/AttendanceCheckInView.o -o /Users/runner/Library/Developer/Xcode/DerivedData/iosApp-futeksqscqzjpibtkonmeslsyvzw/Build/Intermediates.noindex/ArchiveIntermediates/iosApp/IntermediateBuildFilesPath/iosApp.build/Release-iphoneos/iosApp.build/Objects-normal/arm64/ShiftScheduleView.o -o /Users/runner/Library/Developer/Xcode/DerivedData/iosApp-futeksqscqzjpibtkonmeslsyvzw/Build/Intermediates.noindex/ArchiveIntermediates/iosApp/IntermediateBuildFilesPath/iosApp.build/Release-iphoneos/iosApp.build/Objects-normal/arm64/PeripheralsView.o -o /Users/runner/Library/Developer/Xcode/DerivedData/iosApp-futeksqscqzjpibtkonmeslsyvzw/Build/Intermediates.noindex/ArchiveIntermediates/iosApp/IntermediateBuildFilesPath/iosApp.build/Release-iphoneos/iosApp.build/Objects-normal/arm64/AssetStatisticsView.o -o /Users/runner/Library/Developer/Xcode/DerivedData/iosApp-futeksqscqzjpibtkonmeslsyvzw/Build/Intermediates.noindex/ArchiveIntermediates/iosApp/IntermediateBuildFilesPath/iosApp.build/Release-iphoneos/iosApp.build/Objects-normal/arm64/QRScannerView.o -o /Users/runner/Library/Developer/Xcode/DerivedData/iosApp-futeksqscqzjpibtkonmeslsyvzw/Build/Intermediates.noindex/ArchiveIntermediates/iosApp/IntermediateBuildFilesPath/iosApp.build/Release-iphoneos/iosApp.build/Objects-normal/arm64/AddDeviceView.o -o /Users/runner/Library/Developer/Xcode/DerivedData/iosApp-futeksqscqzjpibtkonmeslsyvzw/Build/Intermediates.noindex/ArchiveIntermediates/iosApp/IntermediateBuildFilesPath/iosApp.build/Release-iphoneos/iosApp.build/Objects-normal/arm64/PrintQrLabelView.o -o /Users/runner/Library/Developer/Xcode/DerivedData/iosApp-futeksqscqzjpibtkonmeslsyvzw/Build/Intermediates.noindex/ArchiveIntermediates/iosApp/IntermediateBuildFilesPath/iosApp.build/Release-iphoneos/iosApp.build/Objects-normal/arm64/SystemNotificationsView.o -o /Users/runner/Library/Developer/Xcode/DerivedData/iosApp-futeksqscqzjpibtkonmeslsyvzw/Build/Intermediates.noindex/ArchiveIntermediates/iosApp/IntermediateBuildFilesPath/iosApp.build/Release-iphoneos/iosApp.build/Objects-normal/arm64/SystemSettingsView.o -o /Users/runner/Library/Developer/Xcode/DerivedData/iosApp-futeksqscqzjpibtkonmeslsyvzw/Build/Intermediates.noindex/ArchiveIntermediates/iosApp/IntermediateBuildFilesPath/iosApp.build/Release-iphoneos/iosApp.build/Objects-normal/arm64/CompanyBannerTickerView.o -o /Users/runner/Library/Developer/Xcode/DerivedData/iosApp-futeksqscqzjpibtkonmeslsyvzw/Build/Intermediates.noindex/ArchiveIntermediates/iosApp/IntermediateBuildFilesPath/iosApp.build/Release-iphoneos/iosApp.build/Objects-normal/arm64/AdminViewModel.o -o /Users/runner/Library/Developer/Xcode/DerivedData/iosApp-futeksqscqzjpibtkonmeslsyvzw/Build/Intermediates.noindex/ArchiveIntermediates/iosApp/IntermediateBuildFilesPath/iosApp.build/Release-iphoneos/iosApp.build/Objects-normal/arm64/UserManagementView.o -o /Users/runner/Library/Developer/Xcode/DerivedData/iosApp-futeksqscqzjpibtkonmeslsyvzw/Build/Intermediates.noindex/ArchiveIntermediates/iosApp/IntermediateBuildFilesPath/iosApp.build/Release-iphoneos/iosApp.build/Objects-normal/arm64/ApproveStaffView.o -o /Users/runner/Library/Developer/Xcode/DerivedData/iosApp-futeksqscqzjpibtkonmeslsyvzw/Build/Intermediates.noindex/ArchiveIntermediates/iosApp/IntermediateBuildFilesPath/iosApp.build/Release-iphoneos/iosApp.build/Objects-normal/arm64/DepartmentManagerView.o -o /Users/runner/Library/Developer/Xcode/DerivedData/iosApp-futeksqscqzjpibtkonmeslsyvzw/Build/Intermediates.noindex/ArchiveIntermediates/iosApp/IntermediateBuildFilesPath/iosApp.build/Release-iphoneos/iosApp.build/Objects-normal/arm64/UnitRegionManagerView.o -o /Users/runner/Library/Developer/Xcode/DerivedData/iosApp-futeksqscqzjpibtkonmeslsyvzw/Build/Intermediates.noindex/ArchiveIntermediates/iosApp/IntermediateBuildFilesPath/iosApp.build/Release-iphoneos/iosApp.build/Objects-normal/arm64/PaywallLicenseView.o -o /Users/runner/Library/Developer/Xcode/DerivedData/iosApp-futeksqscqzjpibtkonmeslsyvzw/Build/Intermediates.noindex/ArchiveIntermediates/iosApp/IntermediateBuildFilesPath/iosApp.build/Release-iphoneos/iosApp.build/Objects-normal/arm64/DeviceTypeManagerView.o -o /Users/runner/Library/Developer/Xcode/DerivedData/iosApp-futeksqscqzjpibtkonmeslsyvzw/Build/Intermediates.noindex/ArchiveIntermediates/iosApp/IntermediateBuildFilesPath/iosApp.build/Release-iphoneos/iosApp.build/Objects-normal/arm64/SpecialistTeamManagerView.o -o /Users/runner/Library/Developer/Xcode/DerivedData/iosApp-futeksqscqzjpibtkonmeslsyvzw/Build/Intermediates.noindex/ArchiveIntermediates/iosApp/IntermediateBuildFilesPath/iosApp.build/Release-iphoneos/iosApp.build/Objects-normal/arm64/SupportRatingReportView.o -o /Users/runner/Library/Developer/Xcode/DerivedData/iosApp-futeksqscqzjpibtkonmeslsyvzw/Build/Intermediates.noindex/ArchiveIntermediates/iosApp/IntermediateBuildFilesPath/iosApp.build/Release-iphoneos/iosApp.build/Objects-normal/arm64/OnlineKtvMonitorView.o -o /Users/runner/Library/Developer/Xcode/DerivedData/iosApp-futeksqscqzjpibtkonmeslsyvzw/Build/Intermediates.noindex/ArchiveIntermediates/iosApp/IntermediateBuildFilesPath/iosApp.build/Release-iphoneos/iosApp.build/Objects-normal/arm64/StaffSupportView.o -o /Users/runner/Library/Developer/Xcode/DerivedData/iosApp-futeksqscqzjpibtkonmeslsyvzw/Build/Intermediates.noindex/ArchiveIntermediates/iosApp/IntermediateBuildFilesPath/iosApp.build/Release-iphoneos/iosApp.build/Objects-normal/arm64/PendingApprovalView.o -o /Users/runner/Library/Developer/Xcode/DerivedData/iosApp-futeksqscqzjpibtkonmeslsyvzw/Build/Intermediates.noindex/ArchiveIntermediates/iosApp/IntermediateBuildFilesPath/iosApp.build/Release-iphoneos/iosApp.build/Objects-normal/arm64/AttendanceHistoryView.o -o /Users/runner/Library/Developer/Xcode/DerivedData/iosApp-futeksqscqzjpibtkonmeslsyvzw/Build/Intermediates.noindex/ArchiveIntermediates/iosApp/IntermediateBuildFilesPath/iosApp.build/Release-iphoneos/iosApp.build/Objects-normal/arm64/InfoView.o -o /Users/runner/Library/Developer/Xcode/DerivedData/iosApp-futeksqscqzjpibtkonmeslsyvzw/Build/Intermediates.noindex/ArchiveIntermediates/iosApp/IntermediateBuildFilesPath/iosApp.build/Release-iphoneos/iosApp.build/Objects-normal/arm64/AttendanceReportView.o -o /Users/runner/Library/Developer/Xcode/DerivedData/iosApp-futeksqscqzjpibtkonmeslsyvzw/Build/Intermediates.noindex/ArchiveIntermediates/iosApp/IntermediateBuildFilesPath/iosApp.build/Release-iphoneos/iosApp.build/Objects-normal/arm64/AdminTicketListView.o -o /Users/runner/Library/Developer/Xcode/DerivedData/iosApp-futeksqscqzjpibtkonmeslsyvzw/Build/Intermediates.noindex/ArchiveIntermediates/iosApp/IntermediateBuildFilesPath/iosApp.build/Release-iphoneos/iosApp.build/Objects-normal/arm64/HelpView.o -o /Users/runner/Library/Developer/Xcode/DerivedData/iosApp-futeksqscqzjpibtkonmeslsyvzw/Build/Intermediates.noindex/ArchiveIntermediates/iosApp/IntermediateBuildFilesPath/iosApp.build/Release-iphoneos/iosApp.build/Objects-normal/arm64/LichSuView.o -o /Users/runner/Library/Developer/Xcode/DerivedData/iosApp-futeksqscqzjpibtkonmeslsyvzw/Build/Intermediates.noindex/ArchiveIntermediates/iosApp/IntermediateBuildFilesPath/iosApp.build/Release-iphoneos/iosApp.build/Objects-normal/arm64/SuperAdminPortalView.o -o /Users/runner/Library/Developer/Xcode/DerivedData/iosApp-futeksqscqzjpibtkonmeslsyvzw/Build/Intermediates.noindex/ArchiveIntermediates/iosApp/IntermediateBuildFilesPath/iosApp.build/Release-iphoneos/iosApp.build/Objects-normal/arm64/ResetPasswordView.o -o /Users/runner/Library/Developer/Xcode/DerivedData/iosApp-futeksqscqzjpibtkonmeslsyvzw/Build/Intermediates.noindex/ArchiveIntermediates/iosApp/IntermediateBuildFilesPath/iosApp.build/Release-iphoneos/iosApp.build/Objects-normal/arm64/GeneratedAssetSymbols.o -index-unit-output-path /iosApp.build/Release-iphoneos/iosApp.build/Objects-normal/arm64/iOSApp.o -index-unit-output-path /iosApp.build/Release-iphoneos/iosApp.build/Objects-normal/arm64/MainContainerView.o -index-unit-output-path /iosApp.build/Release-iphoneos/iosApp.build/Objects-normal/arm64/AppColors.o -index-unit-output-path /iosApp.build/Release-iphoneos/iosApp.build/Objects-normal/arm64/UserModels.o -index-unit-output-path /iosApp.build/Release-iphoneos/iosApp.build/Objects-normal/arm64/DeviceModels.o -index-unit-output-path /iosApp.build/Release-iphoneos/iosApp.build/Objects-normal/arm64/TicketModels.o -index-unit-output-path /iosApp.build/Release-iphoneos/iosApp.build/Objects-normal/arm64/AttendanceModels.o -index-unit-output-path /iosApp.build/Release-iphoneos/iosApp.build/Objects-normal/arm64/ShiftModels.o -index-unit-output-path /iosApp.build/Release-iphoneos/iosApp.build/Objects-normal/arm64/OrganizationModels.o -index-unit-output-path /iosApp.build/Release-iphoneos/iosApp.build/Objects-normal/arm64/FirebaseConfig.o -index-unit-output-path /iosApp.build/Release-iphoneos/iosApp.build/Objects-normal/arm64/FirestoreHelper.o -index-unit-output-path /iosApp.build/Release-iphoneos/iosApp.build/Objects-normal/arm64/AuthService.o -index-unit-output-path /iosApp.build/Release-iphoneos/iosApp.build/Objects-normal/arm64/AuthViewModel.o -index-unit-output-path /iosApp.build/Release-iphoneos/iosApp.build/Objects-normal/arm64/HomeViewModel.o -index-unit-output-path /iosApp.build/Release-iphoneos/iosApp.build/Objects-normal/arm64/DeviceViewModel.o -index-unit-output-path /iosApp.build/Release-iphoneos/iosApp.build/Objects-normal/arm64/SupportViewModel.o -index-unit-output-path /iosApp.build/Release-iphoneos/iosApp.build/Objects-normal/arm64/AttendanceViewModel.o -index-unit-output-path /iosApp.build/Release-iphoneos/iosApp.build/Objects-normal/arm64/ShiftViewModel.o -index-unit-output-path /iosApp.build/Release-iphoneos/iosApp.build/Objects-normal/arm64/LoginView.o -index-unit-output-path /iosApp.build/Release-iphoneos/iosApp.build/Objects-normal/arm64/AppSidebarDrawer.o -index-unit-output-path /iosApp.build/Release-iphoneos/iosApp.build/Objects-normal/arm64/HomeScreenView.o -index-unit-output-path /iosApp.build/Release-iphoneos/iosApp.build/Objects-normal/arm64/DeviceListView.o -index-unit-output-path /iosApp.build/Release-iphoneos/iosApp.build/Objects-normal/arm64/SupportHubView.o -index-unit-output-path /iosApp.build/Release-iphoneos/iosApp.build/Objects-normal/arm64/TicketChatDetailView.o -index-unit-output-path /iosApp.build/Release-iphoneos/iosApp.build/Objects-normal/arm64/AttendanceCheckInView.o -index-unit-output-path /iosApp.build/Release-iphoneos/iosApp.build/Objects-normal/arm64/ShiftScheduleView.o -index-unit-output-path /iosApp.build/Release-iphoneos/iosApp.build/Objects-normal/arm64/PeripheralsView.o -index-unit-output-path /iosApp.build/Release-iphoneos/iosApp.build/Objects-normal/arm64/AssetStatisticsView.o -index-unit-output-path /iosApp.build/Release-iphoneos/iosApp.build/Objects-normal/arm64/QRScannerView.o -index-unit-output-path /iosApp.build/Release-iphoneos/iosApp.build/Objects-normal/arm64/AddDeviceView.o -index-unit-output-path /iosApp.build/Release-iphoneos/iosApp.build/Objects-normal/arm64/PrintQrLabelView.o -index-unit-output-path /iosApp.build/Release-iphoneos/iosApp.build/Objects-normal/arm64/SystemNotificationsView.o -index-unit-output-path /iosApp.build/Release-iphoneos/iosApp.build/Objects-normal/arm64/SystemSettingsView.o -index-unit-output-path /iosApp.build/Release-iphoneos/iosApp.build/Objects-normal/arm64/CompanyBannerTickerView.o -index-unit-output-path /iosApp.build/Release-iphoneos/iosApp.build/Objects-normal/arm64/AdminViewModel.o -index-unit-output-path /iosApp.build/Release-iphoneos/iosApp.build/Objects-normal/arm64/UserManagementView.o -index-unit-output-path /iosApp.build/Release-iphoneos/iosApp.build/Objects-normal/arm64/ApproveStaffView.o -index-unit-output-path /iosApp.build/Release-iphoneos/iosApp.build/Objects-normal/arm64/DepartmentManagerView.o -index-unit-output-path /iosApp.build/Release-iphoneos/iosApp.build/Objects-normal/arm64/UnitRegionManagerView.o -index-unit-output-path /iosApp.build/Release-iphoneos/iosApp.build/Objects-normal/arm64/PaywallLicenseView.o -index-unit-output-path /iosApp.build/Release-iphoneos/iosApp.build/Objects-normal/arm64/DeviceTypeManagerView.o -index-unit-output-path /iosApp.build/Release-iphoneos/iosApp.build/Objects-normal/arm64/SpecialistTeamManagerView.o -index-unit-output-path /iosApp.build/Release-iphoneos/iosApp.build/Objects-normal/arm64/SupportRatingReportView.o -index-unit-output-path /iosApp.build/Release-iphoneos/iosApp.build/Objects-normal/arm64/OnlineKtvMonitorView.o -index-unit-output-path /iosApp.build/Release-iphoneos/iosApp.build/Objects-normal/arm64/StaffSupportView.o -index-unit-output-path /iosApp.build/Release-iphoneos/iosApp.build/Objects-normal/arm64/PendingApprovalView.o -index-unit-output-path /iosApp.build/Release-iphoneos/iosApp.build/Objects-normal/arm64/AttendanceHistoryView.o -index-unit-output-path /iosApp.build/Release-iphoneos/iosApp.build/Objects-normal/arm64/InfoView.o -index-unit-output-path /iosApp.build/Release-iphoneos/iosApp.build/Objects-normal/arm64/AttendanceReportView.o -index-unit-output-path /iosApp.build/Release-iphoneos/iosApp.build/Objects-normal/arm64/AdminTicketListView.o -index-unit-output-path /iosApp.build/Release-iphoneos/iosApp.build/Objects-normal/arm64/HelpView.o -index-unit-output-path /iosApp.build/Release-iphoneos/iosApp.build/Objects-normal/arm64/LichSuView.o -index-unit-output-path /iosApp.build/Release-iphoneos/iosApp.build/Objects-normal/arm64/SuperAdminPortalView.o -index-unit-output-path /iosApp.build/Release-iphoneos/iosApp.build/Objects-normal/arm64/ResetPasswordView.o -index-unit-output-path /iosApp.build/Release-iphoneos/iosApp.build/Objects-normal/arm64/GeneratedAssetSymbols.o
2026-09-26T20:16:30.4977860Z Command CompileSwift failed with a nonzero exit code
2026-09-26T20:16:30.4978800Z 
2026-09-26T20:16:30.5437870Z error: Invalid Swift parseable output message (malformed JSON): `[123, 10, 32, 32, 34, 107, 105, 110, 100, 34, 58, 32, 34, 102, 105, 110, 105, 115, 104, 101, 100, 34, 44, 10, 32, 32, 34, 110, 97, 109, 101, 34, 58, 32, 34, 99, 111, 109, 112, 105, 108, 101, 34, 44, 10, 32, 32, 34, 112, 105, 100, 34, 58, 32, 50, 56, 57, 51, 44, 10, 32, 32, 34, 111, 117, 116, 112, 117, 116, 34, 58, 32, 34, 92, 47, 85, 115, 101, 114, 115, 92, 47, 114, 117, 110, 110, 101, 114, 92, 47, 119, 111, 114, 107, 92, 47, 105, 111, 115, 65, 112, 112, 92, 47, 105, 111, 115, 65, 112, 112, 92, 47, 105, 111, 115, 65, 112, 112, 92, 47, 86, 105, 101, 119, 115, 92, 47, 83, 99, 114, 101, 101, 110, 115, 92, 47, 65, 116, 116, 101, 110, 100, 97, 110, 99, 101, 92, 47, 65, 116, 116, 101, 110, 100, 97, 110, 99, 101, 67, 104, 101, 99, 107, 73, 110, 86, 105, 101, 119, 46, 115, 119, 105, 102, 116, 58, 51, 49, 58, 53, 50, 58, 32, 101, 114, 114, 111, 114, 58, 32, 101, 120, 112, 101, 99, 116, 101, 100, 32, 116, 121, 112, 101, 32, 97, 102, 116, 101, 114, 32, 39, 97, 115, 39, 92, 110, 32, 32, 32, 32, 32, 32, 32, 32, 32, 32, 32, 32, 105, 102, 32, 108, 101, 116, 32, 105, 109, 97, 103, 101, 32, 61, 32, 105, 110, 102, 111, 91, 46, 111, 114, 105, 103, 105, 110, 97, 108, 73, 109, 97, 103, 101, 93, 32, 97, 115, 32, 63, 32, 85, 73, 73, 109, 97, 103, 101, 32, 123, 92, 110, 32, 32, 32, 32, 32, 32, 32, 32, 32, 32, 32, 32, 32, 32, 32, 32, 32, 32, 32, 32, 32, 32, 32, 32, 32, 32, 32, 32, 32, 32, 32, 32, 32, 32, 32, 32, 32, 32, 32, 32, 32, 32, 32, 32, 32, 32, 32, 32, 32, 32, 32, 94, 92, 110, 92, 47, 85, 115, 101, 114, 115, 92, 47, 114, 117, 110, 110, 101, 114, 92, 47, 119, 111, 114, 107, 92, 47, 105, 111, 115, 65, 112, 112, 92, 47, 105, 111, 115, 65, 112, 112, 92, 47, 105, 111, 115, 65, 112, 112, 92, 47, 86, 105, 101, 119, 115, 92, 47, 83, 99, 114, 101, 101, 110, 115, 92, 47, 65, 116, 116, 101, 110, 100, 97, 110, 99, 101, 92, 47, 65, 116, 116, 101, 110, 100, 97, 110, 99, 101, 67, 104, 101, 99, 107, 73, 110, 86, 105, 101, 119, 46, 115, 119, 105, 102, 116, 58, 51, 49, 58, 53, 50, 58, 32, 101, 114, 114, 111, 114, 58, 32, 101, 120, 112, 101, 99, 116, 101, 100, 32, 39, 123, 39, 32, 97, 102, 116, 101, 114, 32, 39, 105, 102, 39, 32, 99, 111, 110, 100, 105, 116, 105, 111, 110, 92, 110, 32, 32, 32, 32, 32, 32, 32, 32, 32, 32, 32, 32, 105, 102, 32, 108, 101, 116, 32, 105, 109, 97, 103, 101, 32, 61, 32, 105, 110, 102, 111, 91, 46, 111, 114, 105, 103, 105, 110, 97, 108, 73, 109, 97, 103, 101, 93, 32, 97, 115, 32, 63, 32, 85, 73, 73, 109, 97, 103, 101, 32, 123, 92, 110, 32, 32, 32, 32, 32, 32, 32, 32, 32, 32, 32, 32, 32, 32, 32, 32, 32, 32, 32, 32, 32, 32, 32, 32, 32, 32, 32, 32, 32, 32, 32, 32, 32, 32, 32, 32, 32, 32, 32, 32, 32, 32, 32, 32, 32, 32, 32, 32, 32, 32, 32, 94, 92, 110, 92, 47, 85, 115, 101, 114, 115, 92, 47, 114, 117, 110, 110, 101, 114, 92, 47, 119, 111, 114, 107, 92, 47, 105, 111, 115, 65, 112, 112, 92, 47, 105, 111, 115, 65, 112, 112, 92, 47, 105, 111, 115, 65, 112, 112, 92, 47, 86, 105, 101, 119, 115, 92, 47, 83, 99, 114, 101, 101, 110, 115, 92, 47, 65, 116, 116, 101, 110, 100, 97, 110, 99, 101, 92, 47, 65, 116, 116, 101, 110, 100, 97, 110, 99, 101, 67, 104, 101, 99, 107, 73, 110, 86, 105, 101, 119, 46, 115, 119, 105, 102, 116, 58, 49, 49, 53, 58, 57, 57, 58, 32, 101, 114, 114, 111, 114, 58, 32, 105, 110, 118, 97, 108, 105, 100, 32, 85, 84, 70, 45, 56, 32, 102, 111, 117, 110, 100, 32, 105, 110, 32, 115, 111, 117, 114, 99, 101, 32, 102, 105, 108, 101, 92, 110, 32, 32, 32, 32, 32, 32, 32, 32, 32, 32, 32, 32, 32, 32, 32, 32, 32, 32, 32, 32, 32, 32, 32, 32, 32, 32, 32, 32, 32, 32, 32, 32, 32, 32, 32, 32, 32, 32, 32, 32, 84, 101, 120, 116, 40, 92, 34, 92, 92, 40, 73, 110, 116, 40, 118, 105, 101, 119, 77, 111, 100, 101, 108, 46, 116, 114, 97, 118, 101, 108, 67, 111, 110, 102, 105, 103, 46, 103, 101, 111, 102, 101, 110, 99, 101, 82, 97, 100, 105, 117, 115, 77, 101, 116, 101, 114, 115, 41, 41, 109, 189, 92, 34, 41, 92, 110, 92, 47, 85, 115, 101, 114, 115, 92, 47, 114, 117, 110, 110, 101, 114, 92, 47, 119, 111, 114, 107, 92, 47, 105, 111, 115, 65, 112, 112, 92, 47, 105, 111, 115, 65, 112, 112, 92, 47, 105, 111, 115, 65, 112, 112, 92, 47, 86, 105, 101, 119, 115, 92, 47, 83, 99, 114, 101, 101, 110, 115, 92, 47, 65, 116, 116, 101, 110, 100, 97, 110, 99, 101, 92, 47, 65, 116, 116, 101, 110, 100, 97, 110, 99, 101, 67, 104, 101, 99, 107, 73, 110, 86, 105, 101, 119, 46, 115, 119, 105, 102, 116, 58, 49, 55, 56, 58, 53, 57, 58, 32, 101, 114, 114, 111, 114, 58, 32, 105, 110, 118, 97, 108, 105, 100, 32, 85, 84, 70, 45, 56, 32, 102, 111, 117, 110, 100, 32, 105, 110, 32, 115, 111, 117, 114, 99, 101, 32, 102, 105, 108, 101, 92, 110, 32, 32, 32, 32, 32, 32, 32, 32, 32, 32, 32, 32, 32, 32, 32, 32, 32, 32, 32, 32, 32, 32, 32, 32, 32, 32, 32, 32, 32, 32, 32, 32, 32, 32, 32, 32, 83, 104, 105, 102, 116, 66, 117, 116, 116, 111, 110, 40, 116, 105, 116, 108, 101, 58, 32, 92, 34, 72, 112, 232, 110, 104, 32, 99, 104, 195, 173, 110, 104, 92, 34, 44, 32, 116, 97, 103, 58, 32, 92, 34, 72, 67, 92, 34, 44, 32, 115, 101, 108, 101, 99, 116, 101, 100, 84, 97, 103, 58, 32, 36, 118, 105, 101, 119, 77, 111, 100, 101, 108, 46, 115, 101, 108, 101, 99, 116, 101, 100, 83, 104, 105, 102, 116, 84, 121, 112, 101, 41, 92, 110, 92, 47, 85, 115, 101, 114, 115, 92, 47, 114, 117, 110, 110, 101, 114, 92, 47, 119, 111, 114, 107, 92, 47, 105, 111, 115, 65, 112, 112, 92, 47, 105, 111, 115, 65, 112, 112, 92, 47, 105, 111, 115, 65, 112, 112, 92, 47, 86, 105, 101, 119, 115, 92, 47, 83, 99, 114, 101, 101, 110, 115, 92, 47, 65, 116, 116, 101, 110, 100, 97, 110, 99, 101, 92, 47, 65, 116, 116, 101, 110, 100, 97, 110, 99, 101, 67, 104, 101, 99, 107, 73, 110, 86, 105, 101, 119, 46, 115, 119, 105, 102, 116, 58, 51, 51, 54, 58, 50, 57, 58, 32, 101, 114, 114, 111, 114, 58, 32, 101, 120, 112, 101, 99, 116, 101, 100, 32, 112, 97, 114, 97, 109, 101, 116, 101, 114, 32, 110, 97, 109, 101, 32, 102, 111, 108, 108, 111, 119, 101, 100, 32, 98, 121, 32, 39, 58, 39, 92, 110, 32, 32, 32, 32, 112, 114, 105, 118, 97, 116, 101, 32, 102, 117, 110, 99, 32, 102, 111, 114, 109, 97, 116, 84, 105, 109, 101, 40, 92, 92, 32, 116, 105, 109, 101, 115, 116, 97, 109, 112, 58, 32, 73, 110, 116, 54, 52, 63, 41, 32, 45, 62, 32, 83, 116, 114, 105, 110, 103, 32, 123, 92, 110, 32, 32, 32, 32, 32, 32, 32, 32, 32, 32, 32, 32, 32, 32, 32, 32, 32, 32, 32, 32, 32, 32, 32, 32, 32, 32, 32, 32, 94, 92, 110, 92, 47, 85, 115, 101, 114, 115, 92, 47, 114, 117, 110, 110, 101, 114, 92, 47, 119, 111, 114, 107, 92, 47, 105, 111, 115, 65, 112, 112, 92, 47, 105, 111, 115, 65, 112, 112, 92, 47, 105, 111, 115, 65, 112, 112, 92, 47, 86, 105, 101, 119, 115, 92, 47, 83, 99, 114, 101, 101, 110, 115, 92, 47, 65, 116, 116, 101, 110, 100, 97, 110, 99, 101, 92, 47, 65, 116, 116, 101, 110, 100, 97, 110, 99, 101, 67, 104, 101, 99, 107, 73, 110, 86, 105, 101, 119, 46, 115, 119, 105, 102, 116, 58, 51, 56, 50, 58, 50, 53, 58, 32, 101, 114, 114, 111, 114, 58, 32, 101, 120, 112, 101, 99, 116, 101, 100, 32, 39, 58, 39, 32, 97, 102, 116, 101, 114, 32, 39, 63, 32, 46, 46, 46, 39, 32, 105, 110, 32, 116, 101, 114, 110, 97, 114, 121, 32, 101, 120, 112, 114, 101, 115, 115, 105, 111, 110, 92, 110, 32, 32, 32, 32, 32, 32, 32, 32, 32, 32, 32, 32, 84, 101, 120, 116, 40, 105, 115, 68, 111, 110, 101, 32, 63, 32, 32, 196, 144, 195, 163, 32, 103, 104, 105, 32, 110, 104, 225, 186, 173, 110, 92, 34, 32, 58, 32, 92, 34, 67, 104, 198, 176, 97, 32, 99, 195, 179, 32, 100, 225, 187, 175, 32, 108, 105, 225, 187, 135, 117, 92, 34, 41, 92, 110, 92, 47, 85, 115, 101, 114, 115, 92, 47, 114, 117, 110, 110, 101, 114, 92, 47, 119, 111, 114, 107, 92, 47, 105, 111, 115, 65, 112, 112, 92, 47, 105, 111, 115, 65, 112, 112, 92, 47, 105, 111, 115, 65, 112, 112, 92, 47, 86, 105, 101, 119, 115, 92, 47, 83, 99, 114, 101, 101, 110, 115, 92, 47, 65, 116, 116, 101, 110, 100, 97, 110, 99, 101, 92, 47, 65, 116, 116, 101, 110, 100, 97, 110, 99, 101, 67, 104, 101, 99, 107, 73, 110, 86, 105, 101, 119, 46, 115, 119, 105, 102, 116, 58, 51, 56, 50, 58, 54, 57, 58, 32, 101, 114, 114, 111, 114, 58, 32, 117, 110, 116, 101, 114, 109, 105, 110, 97, 116, 101, 100, 32, 115, 116, 114, 105, 110, 103, 32, 108, 105, 116, 101, 114, 97, 108, 92, 110, 32, 32, 32, 32, 32, 32, 32, 32, 32, 32, 32, 32, 84, 101, 120, 116, 40, 105, 115, 68, 111, 110, 101, 32, 63, 32, 32, 196, 144, 195, 163, 32, 103, 104, 105, 32, 110, 104, 225, 186, 173, 110, 92, 34, 32, 58, 32, 92, 34, 67, 104, 198, 176, 97, 32, 99, 195, 179, 32, 100, 225, 187, 175, 32, 108, 105, 225, 187, 135, 117, 92, 34, 41, 92, 110, 92, 47, 85, 115, 101, 114, 115, 92, 47, 114, 117, 110, 110, 101, 114, 92, 47, 119, 111, 114, 107, 92, 47, 105, 111, 115, 65, 112, 112, 92, 47, 105, 111, 115, 65, 112, 112, 92, 47, 105, 111, 115, 65, 112, 112, 92, 47, 86, 105, 101, 119, 77, 111, 100, 101, 108, 115, 92, 47, 65, 100, 109, 105, 110, 86, 105, 101, 119, 77, 111, 100, 101, 108, 46, 115, 119, 105, 102, 116, 58, 55, 51, 49, 58, 49, 58, 32, 101, 114, 114, 111, 114, 58, 32, 101, 120, 116, 114, 97, 110, 101, 111, 117, 115, 32, 39, 125, 39, 32, 97, 116, 32, 116, 111, 112, 32, 108, 101, 118, 101, 108, 92, 110, 125, 92, 110, 94, 92, 110, 92, 47, 85, 115, 101, 114, 115, 92, 47, 114, 117, 110, 110, 101, 114, 92, 47, 119, 111, 114, 107, 92, 47, 105, 111, 115, 65, 112, 112, 92, 47, 105, 111, 115, 65, 112, 112, 92, 47, 105, 111, 115, 65, 112, 112, 92, 47, 86, 105, 101, 119, 115, 92, 47, 83, 99, 114, 101, 101, 110, 115, 92, 47, 83, 117, 112, 112, 111, 114, 116, 92, 47, 79, 110, 108, 105, 110, 101, 75, 116, 118, 77, 111, 110, 105, 116, 111, 114, 86, 105, 101, 119, 46, 115, 119, 105, 102, 116, 58, 52, 52, 48, 58, 57, 58, 32, 101, 114, 114, 111, 114, 58, 32, 101, 120, 112, 101, 99, 116, 101, 100, 32, 100, 101, 99, 108, 97, 114, 97, 116, 105, 111, 110, 92, 110, 32, 32, 32, 32, 32, 32, 32, 32, 46, 102, 117, 108, 108, 83, 99, 114, 101, 101, 110, 67, 111, 118, 101, 114, 40, 105, 115, 80, 114, 101, 115, 101, 110, 116, 101, 100, 58, 32, 36, 115, 104, 111, 119, 67, 97, 108, 108, 86, 105, 101, 119, 41, 32, 123, 92, 110, 32, 32, 32, 32, 32, 32, 32, 32, 94, 92, 110, 92, 47, 85, 115, 101, 114, 115, 92, 47, 114, 117, 110, 110, 101, 114, 92, 47, 119, 111, 114, 107, 92, 47, 105, 111, 115, 65, 112, 112, 92, 47, 105, 111, 115, 65, 112, 112, 92, 47, 105, 111, 115, 65, 112, 112, 92, 47, 86, 105, 101, 119, 115, 92, 47, 83, 99, 114, 101, 101, 110, 115, 92, 47, 83, 117, 112, 112, 111, 114, 116, 92, 47, 79, 110, 108, 105, 110, 101, 75, 116, 118, 77, 111, 110, 105, 116, 111, 114, 86, 105, 101, 119, 46, 115, 119, 105, 102, 116, 58, 51, 50, 48, 58, 56, 58, 32, 110, 111, 116, 101, 58, 32, 105, 110, 32, 100, 101, 99, 108, 97, 114, 97, 116, 105, 111, 110, 32, 111, 102, 32, 39, 75, 116, 118, 68, 101, 116, 97, 105, 108, 83, 104, 101, 101, 116, 39, 92, 110, 115, 116, 114, 117, 99, 116, 32, 75, 116, 118, 68, 101, 116, 97, 105, 108, 83, 104, 101, 101, 116, 58, 32, 86, 105, 101, 119, 32, 123, 92, 110, 32, 32, 32, 32, 32, 32, 32, 94, 92, 110, 92, 47, 85, 115, 101, 114, 115, 92, 47, 114, 117, 110, 110, 101, 114, 92, 47, 119, 111, 114, 107, 92, 47, 105, 111, 115, 65, 112, 112, 92, 47, 105, 111, 115, 65, 112, 112, 92, 47, 105, 111, 115, 65, 112, 112, 92, 47, 86, 105, 101, 119, 115, 92, 47, 83, 99, 114, 101, 101, 110, 115, 92, 47, 83, 117, 112, 112, 111, 114, 116, 92, 47, 79, 110, 108, 105, 110, 101, 75, 116, 118, 77, 111, 110, 105, 116, 111, 114, 86, 105, 101, 119, 46, 115, 119, 105, 102, 116, 58, 52, 53, 55, 58, 49, 58, 32, 101, 114, 114, 111, 114, 58, 32, 101, 120, 116, 114, 97, 110, 101, 111, 117, 115, 32, 39, 125, 39, 32, 97, 116, 32, 116, 111, 112, 32, 108, 101, 118, 101, 108, 92, 110, 125, 92, 110, 94, 92, 110, 92, 47, 85, 115, 101, 114, 115, 92, 47, 114, 117, 110, 110, 101, 114, 92, 47, 119, 111, 114, 107, 92, 47, 105, 111, 115, 65, 112, 112, 92, 47, 105, 111, 115, 65, 112, 112, 92, 47, 105, 111, 115, 65, 112, 112, 92, 47, 65, 112, 112, 92, 47, 77, 97, 105, 110, 67, 111, 110, 116, 97, 105, 110, 101, 114, 86, 105, 101, 119, 46, 115, 119, 105, 102, 116, 58, 51, 49, 58, 50, 49, 58, 32, 101, 114, 114, 111, 114, 58, 32, 110, 111, 32, 101, 120, 97, 99, 116, 32, 109, 97, 116, 99, 104, 101, 115, 32, 105, 110, 32, 114, 101, 102, 101, 114, 101, 110, 99, 101, 32, 116, 111, 32, 115, 116, 97, 116, 105, 99, 32, 109, 101, 116, 104, 111, 100, 32, 39, 98, 117, 105, 108, 100, 69, 120, 112, 114, 101, 115, 115, 105, 111, 110, 39, 92, 110, 32, 32, 32, 32, 32, 32, 32, 32, 32, 32, 32, 32, 32, 32, 32, 32, 32, 32, 32, 32, 76, 111, 103, 105, 110, 86, 105, 101, 119, 40, 118, 105, 101, 119, 77, 111, 100, 101, 108, 58, 32, 97, 117, 116, 104, 86, 105, 101, 119, 77, 111, 100, 101, 108, 41, 32, 123, 92, 110, 32, 32, 32, 32, 32, 32, 32, 32, 32, 32, 32, 32, 32, 32, 32, 32, 32, 32, 32, 32, 94, 92, 110, 83, 119, 105, 102, 116, 85, 73, 46, 84, 111, 111, 108, 98, 97, 114, 67, 111, 110, 116, 101, 110, 116, 66, 117, 105, 108, 100, 101, 114, 58, 54, 58, 50, 52, 58, 32, 110, 111, 116, 101, 58, 32, 99, 97, 110, 100, 105, 100, 97, 116, 101, 32, 114, 101, 113, 117, 105, 114, 101, 115, 32, 116, 104, 97, 116, 32, 39, 76, 111, 103, 105, 110, 86, 105, 101, 119, 39, 32, 99, 111, 110, 102, 111, 114, 109, 32, 116, 111, 32, 39, 67, 117, 115, 116, 111, 109, 105, 122, 97, 98, 108, 101, 84, 111, 111, 108, 98, 97, 114, 67, 111, 110, 116, 101, 110, 116, 39, 32, 40, 114, 101, 113, 117, 105, 114, 101, 109, 101, 110, 116, 32, 115, 112, 101, 99, 105, 102, 105, 101, 100, 32, 97, 115, 32, 39, 67, 111, 110, 116, 101, 110, 116, 39, 32, 58, 32, 39, 67, 117, 115, 116, 111, 109, 105, 122, 97, 98, 108, 101, 84, 111, 111, 108, 98, 97, 114, 67, 111, 110, 116, 101, 110, 116, 39, 41, 92, 110, 32, 32, 32, 32, 112, 117, 98, 108, 105, 99, 32, 115, 116, 97, 116, 105, 99, 32, 102, 117, 110, 99, 32, 98, 117, 105, 108, 100, 69, 120, 112, 114, 101, 115, 115, 105, 111, 110, 60, 67, 111, 110, 116, 101, 110, 116, 62, 40, 95, 32, 99, 111, 110, 116, 101, 110, 116, 58, 32, 67, 111, 110, 116, 101, 110, 116, 41, 32, 45, 62, 32, 67, 111, 110, 116, 101, 110, 116, 32, 119, 104, 101, 114, 101, 32, 67, 111, 110, 116, 101, 110, 116, 32, 58, 32, 67, 117, 115, 116, 111, 109, 105, 122, 97, 98, 108, 101, 84, 111, 111, 108, 98, 97, 114, 67, 111, 110, 116, 101, 110, 116, 92, 110, 32, 32, 32, 32, 32, 32, 32, 32, 32, 32, 32, 32, 32, 32, 32, 32, 32, 32, 32, 32, 32, 32, 32, 94, 92, 110, 83, 119, 105, 102, 116, 85, 73, 46, 84, 111, 111, 108, 98, 97, 114, 67, 111, 110, 116, 101, 110, 116, 66, 117, 105, 108, 100, 101, 114, 58, 54, 58, 50, 52, 58, 32, 110, 111, 116, 101, 58, 32, 99, 97, 110, 100, 105, 100, 97, 116, 101, 32, 114, 101, 113, 117, 105, 114, 101, 115, 32, 116, 104, 97, 116, 32, 39, 76, 111, 103, 105, 110, 86, 105, 101, 119, 39, 32, 99, 111, 110, 102, 111, 114, 109, 32, 116, 111, 32, 39, 67, 117, 115, 116, 111, 109, 105, 122, 97, 98, 108, 101, 84, 111, 111, 108, 98, 97, 114, 67, 111, 110, 116, 101, 110, 116, 39, 32, 40, 114, 101, 113, 117, 105, 114, 101, 109, 101, 110, 116, 32, 115, 112, 101, 99, 105, 102, 105, 101, 100, 32, 97, 115, 32, 39, 67, 111, 110, 116, 101, 110, 116, 39, 32, 58, 32, 39, 67, 117, 115, 116, 111, 109, 105, 122, 97, 98, 108, 101, 84, 111, 111, 108, 98, 97, 114, 67, 111, 110, 116, 101, 110, 116, 39, 41, 92, 110, 32, 32, 32, 32, 112, 117, 98, 108, 105, 99, 32, 115, 116, 97, 116, 105, 99, 32, 102, 117, 110, 99, 32, 98, 117, 105, 108, 100, 69, 120, 112, 114, 101, 115, 115, 105, 111, 110, 60, 67, 111, 110, 116, 101, 110, 116, 62, 40, 95, 32, 99, 111, 110, 116, 101, 110, 116, 58, 32, 67, 111, 110, 116, 101, 110, 116, 41, 32, 45, 62, 32, 67, 111, 110, 116, 101, 110, 116, 32, 119, 104, 101, 114, 101, 32, 67, 111, 110, 116, 101, 110, 116, 32, 58, 32, 67, 117, 115, 116, 111, 109, 105, 122, 97, 98, 108, 101, 84, 111, 111, 108, 98, 97, 114, 67, 111, 110, 116, 101, 110, 116, 92, 110, 32, 32, 32, 32, 32, 32, 32, 32, 32, 32, 32, 32, 32, 32, 32, 32, 32, 32, 32, 32, 32, 32, 32, 94, 92, 110, 83, 119, 105, 102, 116, 85, 73, 46, 67, 111, 109, 109, 97, 110, 100, 115, 66, 117, 105, 108, 100, 101, 114, 58, 53, 58, 50, 52, 58, 32, 110, 111, 116, 101, 58, 32, 99, 97, 110, 100, 105, 100, 97, 116, 101, 32, 114, 101, 113, 117, 105, 114, 101, 115, 32, 116, 104, 97, 116, 32, 39, 76, 111, 103, 105, 110, 86, 105, 101, 119, 39, 32, 99, 111, 110, 102, 111, 114, 109, 32, 116, 111, 32, 39, 67, 111, 109, 109, 97, 110, 100, 115, 39, 32, 40, 114, 101, 113, 117, 105, 114, 101, 109, 101, 110, 116, 32, 115, 112, 101, 99, 105, 102, 105, 101, 100, 32, 97, 115, 32, 39, 67, 111, 110, 116, 101, 110, 116, 39, 32, 58, 32, 39, 67, 111, 109, 109, 97, 110, 100, 115, 39, 41, 92, 110, 32, 32, 32, 32, 112, 117, 98, 108, 105, 99, 32, 115, 116, 97, 116, 105, 99, 32, 102, 117, 110, 99, 32, 98, 117, 105, 108, 100, 69, 120, 112, 114, 101, 115, 115, 105, 111, 110, 60, 67, 111, 110, 116, 101, 110, 116, 62, 40, 95, 32, 99, 111, 110, 116, 101, 110, 116, 58, 32, 67, 111, 110, 116, 101, 110, 116, 41, 32, 45, 62, 32, 67, 111, 110, 116, 101, 110, 116, 32, 119, 104, 101, 114, 101, 32, 67, 111, 110, 116, 101, 110, 116, 32, 58, 32, 67, 111, 109, 109, 97, 110, 100, 115, 92, 110, 32, 32, 32, 32, 32, 32, 32, 32, 32, 32, 32, 32, 32, 32, 32, 32, 32, 32, 32, 32, 32, 32, 32, 94, 92, 110, 92, 47, 85, 115, 101, 114, 115, 92, 47, 114, 117, 110, 110, 101, 114, 92, 47, 119, 111, 114, 107, 92, 47, 105, 111, 115, 65, 112, 112, 92, 47, 105, 111, 115, 65, 112, 112, 92, 47, 105, 111, 115, 65, 112, 112, 92, 47, 84, 104, 101, 109, 101, 92, 47, 65, 112, 112, 67, 111, 108, 111, 114, 115, 46, 115, 119, 105, 102, 116, 58, 49, 53, 58, 52, 49, 58, 32, 101, 114, 114, 111, 114, 58, 32, 97, 109, 98, 105, 103, 117, 111, 117, 115, 32, 117, 115, 101, 32, 111, 102, 32, 39, 105, 110, 105, 116, 40, 104, 101, 120, 58, 41, 39, 92, 110, 32, 32, 32, 32, 115, 116, 97, 116, 105, 99, 32, 108, 101, 116, 32, 97, 112, 112, 66, 111, 116, 116, 111, 109, 66, 97, 114, 66, 97, 99, 107, 103, 114, 111, 117, 110, 100, 32, 61, 32, 67, 111, 108, 111, 114, 40, 104, 101, 120, 58, 32, 92, 34, 35, 48, 65, 49, 57, 50, 70, 92, 34, 41, 32, 32, 92, 47, 92, 47, 32, 88, 97, 110, 104, 32, 196, 144, 225, 186, 173, 109, 32, 196, 144, 195, 170, 109, 32, 40, 84, 104, 97, 110, 104, 32, 100, 198, 176, 225, 187, 155, 105, 41, 92, 110, 92, 47, 85, 115, 101, 114, 115, 92, 47, 114, 117, 110, 110, 101, 114, 92, 47, 119, 111, 114, 107, 92, 47, 105, 111, 115, 65, 112, 112, 92, 47, 105, 111, 115, 65, 112, 112, 92, 47, 105, 111, 115, 65, 112, 112, 92, 47, 84, 104, 101, 109, 101, 92, 47, 65, 112, 112, 67, 111, 108, 111, 114, 115, 46, 115, 119, 105, 102, 116, 58, 52, 54, 58, 53, 58, 32, 110, 111, 116, 101, 58, 32, 102, 111, 117, 110, 100, 32, 116, 104, 105, 115, 32, 99, 97, 110, 100, 105, 100, 97, 116, 101, 92, 110, 32, 32, 32, 32, 105, 110, 105, 116, 40, 104, 101, 120, 58, 32, 83, 116, 114, 105, 110, 103, 41, 32, 123, 92, 110, 32, 32, 32, 32, 94, 92, 110, 92, 47, 85, 115, 101, 114, 115, 92, 47, 114, 117, 110, 110, 101, 114, 92, 47, 119, 111, 114, 107, 92, 47, 105, 111, 115, 65, 112, 112, 92, 47, 105, 111, 115, 65, 112, 112, 92, 47, 105, 111, 115, 65, 112, 112, 92, 47, 86, 105, 101, 119, 115, 92, 47, 83, 99, 114, 101, 101, 110, 115, 92, 47, 65, 100, 109, 105, 110, 92, 47, 83, 117, 112, 101, 114, 65, 100, 109, 105, 110, 80, 111, 114, 116, 97, 108, 86, 105, 101, 119, 46, 115, 119, 105, 102, 116, 58, 53, 52, 54, 58, 53, 58, 32, 110, 111, 116, 101, 58, 32, 102, 111, 117, 110, 100, 32, 116, 104, 105, 115, 32, 99, 97, 110, 100, 105, 100, 97, 116, 101, 92, 110, 32, 32, 32, 32, 105, 110, 105, 116, 40, 104, 101, 120, 58, 32, 83, 116, 114, 105, 110, 103, 41, 32, 123, 92, 110, 32, 32, 32, 32, 94, 92, 110, 92, 47, 85, 115, 101, 114, 115, 92, 47, 114, 117, 110, 110, 101, 114, 92, 47, 119, 111, 114, 107, 92, 47, 105, 111, 115, 65, 112, 112, 92, 47, 105, 111, 115, 65, 112, 112, 92, 47, 105, 111, 115, 65, 112, 112, 92, 47, 84, 104, 101, 109, 101, 92, 47, 65, 112, 112, 67, 111, 108, 111, 114, 115, 46, 115, 119, 105, 102, 116, 58, 49, 54, 58, 51, 57, 58, 32, 101, 114, 114, 111, 114, 58, 32, 97, 109, 98, 105, 103, 117, 111, 117, 115, 32, 117, 115, 101, 32, 111, 102, 32, 39, 105, 110, 105, 116, 40, 104, 101, 120, 58, 41, 39, 92, 110, 32, 32, 32, 32, 115, 116, 97, 116, 105, 99, 32, 108, 101, 116, 32, 97, 112, 112, 66, 111, 116, 116, 111, 109, 66, 97, 114, 83, 101, 108, 101, 99, 116, 101, 100, 32, 61, 32, 67, 111, 108, 111, 114, 40, 104, 101, 120, 58, 32, 92, 34, 35, 70, 52, 48, 50, 54, 54, 92, 34, 41, 32, 32, 32, 32, 92, 47, 92, 47, 32, 72, 225, 187, 147, 110, 103, 32, 72, 105, 103, 104, 108, 105, 103, 104, 116, 32, 107, 104, 105, 32, 99, 104, 225, 187, 141, 110, 92, 110, 92, 47, 85, 115, 101, 114, 115, 92, 47, 114, 117, 110, 110, 101, 114, 92, 47, 119, 111, 114, 107, 92, 47, 105, 111, 115, 65, 112, 112, 92, 47, 105, 111, 115, 65, 112, 112, 92, 47, 105, 111, 115, 65, 112, 112, 92, 47, 84, 104, 101, 109, 101, 92, 47, 65, 112, 112, 67, 111, 108, 111, 114, 115, 46, 115, 119, 105, 102, 116, 58, 52, 54, 58, 53, 58, 32, 110, 111, 116, 101, 58, 32, 102, 111, 117, 110, 100, 32, 116, 104, 105, 115, 32, 99, 97, 110, 100, 105, 100, 97, 116, 101, 92, 110, 32, 32, 32, 32, 105, 110, 105, 116, 40, 104, 101, 120, 58, 32, 83, 116, 114, 105, 110, 103, 41, 32, 123, 92, 110, 32, 32, 32, 32, 94, 92, 110, 92, 47, 85, 115, 101, 114, 115, 92, 47, 114, 117, 110, 110, 101, 114, 92, 47, 119, 111, 114, 107, 92, 47, 105, 111, 115, 65, 112, 112, 92, 47, 105, 111, 115, 65, 112, 112, 92, 47, 105, 111, 115, 65, 112, 112, 92, 47, 86, 105, 101, 119, 115, 92, 47, 83, 99, 114, 101, 101, 110, 115, 92, 47, 65, 100, 109, 105, 110, 92, 47, 83, 117, 112, 101, 114, 65, 100, 109, 105, 110, 80, 111, 114, 116, 97, 108, 86, 105, 101, 119, 46, 115, 119, 105, 102, 116, 58, 53, 52, 54, 58, 53, 58, 32, 110, 111, 116, 101, 58, 32, 102, 111, 117, 110, 100, 32, 116, 104, 105, 115, 32, 99, 97, 110, 100, 105, 100, 97, 116, 101, 92, 110, 32, 32, 32, 32, 105, 110, 105, 116, 40, 104, 101, 120, 58, 32, 83, 116, 114, 105, 110, 103, 41, 32, 123, 92, 110, 32, 32, 32, 32, 94, 92, 110, 92, 47, 85, 115, 101, 114, 115, 92, 47, 114, 117, 110, 110, 101, 114, 92, 47, 119, 111, 114, 107, 92, 47, 105, 111, 115, 65, 112, 112, 92, 47, 105, 111, 115, 65, 112, 112, 92, 47, 105, 111, 115, 65, 112, 112, 92, 47, 84, 104, 101, 109, 101, 92, 47, 65, 112, 112, 67, 111, 108, 111, 114, 115, 46, 115, 119, 105, 102, 116, 58, 49, 55, 58, 52, 49, 58, 32, 101, 114, 114, 111, 114, 58, 32, 97, 109, 98, 105, 103, 117, 111, 117, 115, 32, 117, 115, 101, 32, 111, 102, 32, 39, 105, 110, 105, 116, 40, 104, 101, 120, 58, 41, 39, 92, 110, 32, 32, 32, 32, 115, 116, 97, 116, 105, 99, 32, 108, 101, 116, 32, 97, 112, 112, 66, 111, 116, 116, 111, 109, 66, 97, 114, 85, 110, 115, 101, 108, 101, 99, 116, 101, 100, 32, 61, 32, 67, 111, 108, 111, 114, 40, 104, 101, 120, 58, 32, 92, 34, 35, 57, 52, 65, 51, 66, 56, 92, 34, 41, 32, 32, 92, 47, 92, 47, 32, 83, 108, 97, 116, 101, 32, 77, 117, 116, 101, 100, 92, 110, 32, 32, 32, 32, 32, 32, 32, 32, 32, 32, 32, 32, 32, 32, 32, 32, 32, 32, 32, 32, 32, 32, 32, 32, 32, 32, 32, 32, 32, 32, 32, 32, 32, 32, 32, 32, 32, 32, 32, 32, 94, 92, 110, 92, 47, 85, 115, 101, 114, 115, 92, 47, 114, 117, 110, 110, 101, 114, 92, 47, 119, 111, 114, 107, 92, 47, 105, 111, 115, 65, 112, 112, 92, 47, 105, 111, 115, 65, 112, 112, 92, 47, 105, 111, 115, 65, 112, 112, 92, 47, 84, 104, 101, 109, 101, 92, 47, 65, 112, 112, 67, 111, 108, 111, 114, 115, 46, 115, 119, 105, 102, 116, 58, 52, 54, 58, 53, 58, 32, 110, 111, 116, 101, 58, 32, 102, 111, 117, 110, 100, 32, 116, 104, 105, 115, 32, 99, 97, 110, 100, 105, 100, 97, 116, 101, 92, 110, 32, 32, 32, 32, 105, 110, 105, 116, 40, 104, 101, 120, 58, 32, 83, 116, 114, 105, 110, 103, 41, 32, 123, 92, 110, 32, 32, 32, 32, 94, 92, 110, 92, 47, 85, 115, 101, 114, 115, 92, 47, 114, 117, 110, 110, 101, 114, 92, 47, 119, 111, 114, 107, 92, 47, 105, 111, 115, 65, 112, 112, 92, 47, 105, 111, 115, 65, 112, 112, 92, 47, 105, 111, 115, 65, 112, 112, 92, 47, 86, 105, 101, 119, 115, 92, 47, 83, 99, 114, 101, 101, 110, 115, 92, 47, 65, 100, 109, 105, 110, 92, 47, 83, 117, 112, 101, 114, 65, 100, 109, 105, 110, 80, 111, 114, 116, 97, 108, 86, 105, 101, 119, 46, 115, 119, 105, 102, 116, 58, 53, 52, 54, 58, 53, 58, 32, 110, 111, 116, 101, 58, 32, 102, 111, 117, 110, 100, 32, 116, 104, 105, 115, 32, 99, 97, 110, 100, 105, 100, 97, 116, 101, 92, 110, 32, 32, 32, 32, 105, 110, 105, 116, 40, 104, 101, 120, 58, 32, 83, 116, 114, 105, 110, 103, 41, 32, 123, 92, 110, 32, 32, 32, 32, 94, 92, 110, 92, 47, 85, 115, 101, 114, 115, 92, 47, 114, 117, 110, 110, 101, 114, 92, 47, 119, 111, 114, 107, 92, 47, 105, 111, 115, 65, 112, 112, 92, 47, 105, 111, 115, 65, 112, 112, 92, 47, 105, 111, 115, 65, 112, 112, 92, 47, 84, 104, 101, 109, 101, 92, 47, 65, 112, 112, 67, 111, 108, 111, 114, 115, 46, 115, 119, 105, 102, 116, 58, 49, 56, 58, 51, 48, 58, 32, 101, 114, 114, 111, 114, 58, 32, 97, 109, 98, 105, 103, 117, 111, 117, 115, 32, 117, 115, 101, 32, 111, 102, 32, 39, 105, 110, 105, 116, 40, 104, 101, 120, 58, 41, 39, 92, 110, 32, 32, 32, 32, 115, 116, 97, 116, 105, 99, 32, 108, 101, 116, 32, 97, 112, 112, 70, 97, 98, 71, 114, 101, 101, 110, 32, 61, 32, 67, 111, 108, 111, 114, 40, 104, 101, 120, 58, 32, 92, 34, 35, 50, 69, 55, 68, 51, 50, 92, 34, 41, 32, 32, 32, 32, 32, 32, 32, 32, 32, 32, 32, 32, 32, 92, 47, 92, 47, 32, 88, 97, 110, 104, 32, 108, 195, 161, 32, 110, 195, 186, 116, 32, 110, 225, 187, 149, 105, 32, 72, 225, 187, 151, 32, 116, 114, 225, 187, 163, 32, 40, 70, 65, 66, 41, 92, 110, 92, 47, 85, 115, 101, 114, 115, 92, 47, 114, 117, 110, 110, 101, 114, 92, 47, 119, 111, 114, 107, 92, 47, 105, 111, 115, 65, 112, 112, 92, 47, 105, 111, 115, 65, 112, 112, 92, 47, 105, 111, 115, 65, 112, 112, 92, 47, 84, 104, 101, 109, 101, 92, 47, 65, 112, 112, 67, 111, 108, 111, 114, 115, 46, 115, 119, 105, 102, 116, 58, 52, 54, 58, 53, 58, 32, 110, 111, 116, 101, 58, 32, 102, 111, 117, 110, 100, 32, 116, 104, 105, 115, 32, 99, 97, 110, 100, 105, 100, 97, 116, 101, 92, 110, 32, 32, 32, 32, 105, 110, 105, 116, 40, 104, 101, 120, 58, 32, 83, 116, 114, 105, 110, 103, 41, 32, 123, 92, 110, 32, 32, 32, 32, 94, 92, 110, 92, 47, 85, 115, 101, 114, 115, 92, 47, 114, 117, 110, 110, 101, 114, 92, 47, 119, 111, 114, 107, 92, 47, 105, 111, 115, 65, 112, 112, 92, 47, 105, 111, 115, 65, 112, 112, 92, 47, 105, 111, 115, 65, 112, 112, 92, 47, 86, 105, 101, 119, 115, 92, 47, 83, 99, 114, 101, 101, 110, 115, 92, 47, 65, 100, 109, 105, 110, 92, 47, 83, 117, 112, 101, 114, 65, 100, 109, 105, 110, 80, 111, 114, 116, 97, 108, 86, 105, 101, 119, 46, 115, 119, 105, 102, 116, 58, 53, 52, 54, 58, 53, 58, 32, 110, 111, 116, 101, 58, 32, 102, 111, 117, 110, 100, 32, 116, 104, 105, 115, 32, 99, 97, 110, 100, 105, 100, 97, 116, 101, 92, 110, 32, 32, 32, 32, 105, 110, 105, 116, 40, 104, 101, 120, 58, 32, 83, 116, 114, 105, 110, 103, 41, 32, 123, 92, 110, 32, 32, 32, 32, 94, 92, 110, 92, 47, 85, 115, 101, 114, 115, 92, 47, 114, 117, 110, 110, 101, 114, 92, 47, 119, 111, 114, 107, 92, 47, 105, 111, 115, 65, 112, 112, 92, 47, 105, 111, 115, 65, 112, 112, 92, 47, 105, 111, 115, 65, 112, 112, 92, 47, 65, 112, 112, 92, 47, 77, 97, 105, 110, 67, 111, 110, 116, 97, 105, 110, 101, 114, 86, 105, 101, 119, 46, 115, 119, 105, 102, 116, 58, 50, 54, 54, 58, 51, 50, 58, 32, 101, 114, 114, 111, 114, 58, 32, 101, 120, 116, 114, 97, 32, 97, 114, 103, 117, 109, 101, 110, 116, 32, 39, 111, 110, 68, 105, 115, 109, 105, 115, 115, 39, 32, 105, 110, 32, 99, 97, 108, 108, 92, 110, 32, 32, 32, 32, 32, 32, 32, 32, 32, 32, 32, 32, 32, 32, 32, 32, 32, 32, 32, 32, 111, 110, 68, 105, 115, 109, 105, 115, 115, 58, 32, 123, 32, 115, 104, 111, 119, 65, 100, 100, 68, 101, 118, 105, 99, 101, 83, 104, 101, 101, 116, 32, 61, 32, 102, 97, 108, 115, 101, 32, 125, 92, 110, 126, 126, 126, 126, 126, 126, 126, 126, 126, 126, 126, 126, 126, 126, 126, 126, 126, 126, 126, 126, 126, 126, 126, 126, 126, 126, 126, 126, 126, 126, 126, 94, 126, 126, 126, 126, 126, 126, 126, 126, 126, 126, 126, 126, 126, 126, 126, 126, 126, 126, 126, 126, 126, 126, 126, 126, 126, 126, 126, 126, 126, 92, 110, 92, 47, 85, 115, 101, 114, 115, 92, 47, 114, 117, 110, 110, 101, 114, 92, 47, 119, 111, 114, 107, 92, 47, 105, 111, 115, 65, 112, 112, 92, 47, 105, 111, 115, 65, 112, 112, 92, 47, 105, 111, 115, 65, 112, 112, 92, 47, 65, 112, 112, 92, 47, 77, 97, 105, 110, 67, 111, 110, 116, 97, 105, 110, 101, 114, 86, 105, 101, 119, 46, 115, 119, 105, 102, 116, 58, 50, 54, 53, 58, 57, 52, 58, 32, 101, 114, 114, 111, 114, 58, 32, 109, 105, 115, 115, 105, 110, 103, 32, 97, 114, 103, 117, 109, 101, 110, 116, 32, 102, 111, 114, 32, 112, 97, 114, 97, 109, 101, 116, 101, 114, 32, 39, 111, 110, 66, 97, 99, 107, 39, 32, 105, 110, 32, 99, 97, 108, 108, 92, 110, 32, 32, 32, 32, 32, 32, 32, 32, 32, 32, 32, 32, 32, 32, 32, 32, 32, 32, 32, 32, 118, 105, 101, 119, 77, 111, 100, 101, 108, 58, 32, 68, 101, 118, 105, 99, 101, 86, 105, 101, 119, 77, 111, 100, 101, 108, 40, 117, 115, 101, 114, 58, 32, 117, 115, 101, 114, 44, 32, 99, 111, 109, 112, 97, 110, 121, 73, 100, 58, 32, 99, 111, 109, 112, 73, 100, 44, 32, 105, 100, 84, 111, 107, 101, 110, 58, 32, 116, 111, 107, 101, 110, 41, 44, 92, 110, 32, 32, 32, 32, 32, 32, 32, 32, 32, 32, 32, 32, 32, 32, 32, 32, 32, 32, 32, 32, 32, 32, 32, 32, 32, 32, 32, 32, 32, 32, 32, 32, 32, 32, 32, 32, 32, 32, 32, 32, 32, 32, 32, 32, 32, 32, 32, 32, 32, 32, 32, 32, 32, 32, 32, 32, 32, 32, 32, 32, 32, 32, 32, 32, 32, 32, 32, 32, 32, 32, 32, 32, 32, 32, 32, 32, 32, 32, 32, 32, 32, 32, 32, 32, 32, 32, 32, 32, 32, 32, 32, 32, 32, 94, 92, 110, 32, 32, 32, 32, 32, 32, 32, 32, 32, 32, 32, 32, 32, 32, 32, 32, 32, 32, 32, 32, 32, 32, 32, 32, 32, 32, 32, 32, 32, 32, 32, 32, 32, 32, 32, 32, 32, 32, 32, 32, 32, 32, 32, 32, 32, 32, 32, 32, 32, 32, 32, 32, 32, 32, 32, 32, 32, 32, 32, 32, 32, 32, 32, 32, 32, 32, 32, 32, 32, 32, 32, 32, 32, 32, 32, 32, 32, 32, 32, 32, 32, 32, 32, 32, 32, 32, 32, 32, 32, 32, 32, 32, 32, 44, 32, 111, 110, 66, 97, 99, 107, 58, 32, 60, 35, 40, 41, 32, 45, 62, 32, 86, 111, 105, 100, 35, 62, 92, 110, 92, 47, 85, 115, 101, 114, 115, 92, 47, 114, 117, 110, 110, 101, 114, 92, 47, 119, 111, 114, 107, 92, 47, 105, 111, 115, 65, 112, 112, 92, 47, 105, 111, 115, 65, 112, 112, 92, 47, 105, 111, 115, 65, 112, 112, 92, 47, 86, 105, 101, 119, 115, 92, 47, 83, 99, 114, 101, 101, 110, 115, 92, 47, 68, 101, 118, 105, 99, 101, 115, 92, 47, 65, 100, 100, 68, 101, 118, 105, 99, 101, 86, 105, 101, 119, 46, 115, 119, 105, 102, 116, 58, 50, 57, 58, 49, 50, 58, 32, 110, 111, 116, 101, 58, 32, 39, 105, 110, 105, 116, 40, 118, 105, 101, 119, 77, 111, 100, 101, 108, 58, 111, 110, 66, 97, 99, 107, 58, 111, 110, 83, 117, 99, 99, 101, 115, 115, 58, 41, 39, 32, 100, 101, 99, 108, 97, 114, 101, 100, 32, 104, 101, 114, 101, 92, 110, 32, 32, 32, 32, 112, 117, 98, 108, 105, 99, 32, 105, 110, 105, 116, 40, 118, 105, 101, 119, 77, 111, 100, 101, 108, 58, 32, 68, 101, 118, 105, 99, 101, 86, 105, 101, 119, 77, 111, 100, 101, 108, 44, 32, 111, 110, 66, 97, 99, 107, 58, 32, 64, 101, 115, 99, 97, 112, 105, 110, 103, 32, 40, 41, 32, 45, 62, 32, 86, 111, 105, 100, 44, 32, 111, 110, 83, 117, 99, 99, 101, 115, 115, 58, 32, 40, 40, 83, 116, 114, 105, 110, 103, 41, 32, 45, 62, 32, 86, 111, 105, 100, 41, 63, 32, 61, 32, 110, 105, 108, 41, 32, 123, 92, 110, 32, 32, 32, 32, 32, 32, 32, 32, 32, 32, 32, 94, 92, 110, 92, 47, 85, 115, 101, 114, 115, 92, 47, 114, 117, 110, 110, 101, 114, 92, 47, 119, 111, 114, 107, 92, 47, 105, 111, 115, 65, 112, 112, 92, 47, 105, 111, 115, 65, 112, 112, 92, 47, 105, 111, 115, 65, 112, 112, 92, 47, 84, 104, 101, 109, 101, 92, 47, 65, 112, 112, 67, 111, 108, 111, 114, 115, 46, 115, 119, 105, 102, 116, 58, 54, 58, 51, 51, 58, 32, 101, 114, 114, 111, 114, 58, 32, 97, 109, 98, 105, 103, 117, 111, 117, 115, 32, 117, 115, 101, 32, 111, 102, 32, 39, 105, 110, 105, 116, 40, 104, 101, 120, 58, 41, 39, 92, 110, 32, 32, 32, 32, 115, 116, 97, 116, 105, 99, 32, 108, 101, 116, 32, 97, 112, 112, 80, 114, 105, 109, 97, 114, 121, 80, 105, 110, 107, 32, 61, 32, 67, 111, 108, 111, 114, 40, 104, 101, 120, 58, 32, 92, 34, 35, 70, 52, 48, 50, 54, 54, 92, 34, 41, 32, 32, 32, 32, 32, 32, 32, 32, 32, 32, 92, 47, 92, 47, 32, 72, 225, 187, 147, 110, 103, 32, 114, 225, 187, 177, 99, 32, 114, 225, 187, 161, 32, 116, 104, 198, 176, 198, 161, 110, 103, 32, 104, 105, 225, 187, 135, 117, 92, 110, 92, 47, 85, 115, 101, 114, 115, 92, 47, 114, 117, 110, 110, 101, 114, 92, 47, 119, 111, 114, 107, 92, 47, 105, 111, 115, 65, 112, 112, 92, 47, 105, 111, 115, 65, 112, 112, 92, 47, 105, 111, 115, 65, 112, 112, 92, 47, 84, 104, 101, 109, 101, 92, 47, 65, 112, 112, 67, 111, 108, 111, 114, 115, 46, 115, 119, 105, 102, 116, 58, 52, 54, 58, 53, 58, 32, 110, 111, 116, 101, 58, 32, 102, 111, 117, 110, 100, 32, 116, 104, 105, 115, 32, 99, 97, 110, 100, 105, 100, 97, 116, 101, 92, 110, 32, 32, 32, 32, 105, 110, 105, 116, 40, 104, 101, 120, 58, 32, 83, 116, 114, 105, 110, 103, 41, 32, 123, 92, 110, 32, 32, 32, 32, 94, 92, 110, 92, 47, 85, 115, 101, 114, 115, 92, 47, 114, 117, 110, 110, 101, 114, 92, 47, 119, 111, 114, 107, 92, 47, 105, 111, 115, 65, 112, 112, 92, 47, 105, 111, 115, 65, 112, 112, 92, 47, 105, 111, 115, 65, 112, 112, 92, 47, 86, 105, 101, 119, 115, 92, 47, 83, 99, 114, 101, 101, 110, 115, 92, 47, 65, 100, 109, 105, 110, 92, 47, 83, 117, 112, 101, 114, 65, 100, 109, 105, 110, 80, 111, 114, 116, 97, 108, 86, 105, 101, 119, 46, 115, 119, 105, 102, 116, 58, 53, 52, 54, 58, 53, 58, 32, 110, 111, 116, 101, 58, 32, 102, 111, 117, 110, 100, 32, 116, 104, 105, 115, 32, 99, 97, 110, 100, 105, 100, 97, 116, 101, 92, 110, 32, 32, 32, 32, 105, 110, 105, 116, 40, 104, 101, 120, 58, 32, 83, 116, 114, 105, 110, 103, 41, 32, 123, 92, 110, 32, 32, 32, 32, 94, 92, 110, 92, 47, 85, 115, 101, 114, 115, 92, 47, 114, 117, 110, 110, 101, 114, 92, 47, 119, 111, 114, 107, 92, 47, 105, 111, 115, 65, 112, 112, 92, 47, 105, 111, 115, 65, 112, 112, 92, 47, 105, 111, 115, 65, 112, 112, 92, 47, 84, 104, 101, 109, 101, 92, 47, 65, 112, 112, 67, 111, 108, 111, 114, 115, 46, 115, 119, 105, 102, 116, 58, 55, 58, 51, 56, 58, 32, 101, 114, 114, 111, 114, 58, 32, 97, 109, 98, 105, 103, 117, 111, 117, 115, 32, 117, 115, 101, 32, 111, 102, 32, 39, 105, 110, 105, 116, 40, 104, 101, 120, 58, 41, 39, 92, 110, 32, 32, 32, 32, 115, 116, 97, 116, 105, 99, 32, 108, 101, 116, 32, 97, 112, 112, 80, 114, 105, 109, 97, 114, 121, 80, 105, 110, 107, 76, 105, 103, 104, 116, 32, 61, 32, 67, 111, 108, 111, 114, 40, 104, 101, 120, 58, 32, 92, 34, 35, 70, 70, 52, 48, 56, 49, 92, 34, 41, 32, 32, 32, 32, 32, 92, 47, 92, 47, 32, 72, 225, 187, 147, 110, 103, 32, 115, 195, 161, 110, 103, 92, 110, 92, 47, 85, 115, 101, 114, 115, 92, 47, 114, 117, 110, 110, 101, 114, 92, 47, 119, 111, 114, 107, 92, 47, 105, 111, 115, 65, 112, 112, 92, 47, 105, 111, 115, 65, 112, 112, 92, 47, 105, 111, 115, 65, 112, 112, 92, 47, 84, 104, 101, 109, 101, 92, 47, 65, 112, 112, 67, 111, 108, 111, 114, 115, 46, 115, 119, 105, 102, 116, 58, 52, 54, 58, 53, 58, 32, 110, 111, 116, 101, 58, 32, 102, 111, 117, 110, 100, 32, 116, 104, 105, 115, 32, 99, 97, 110, 100, 105, 100, 97, 116, 101, 92, 110, 32, 32, 32, 32, 105, 110, 105, 116, 40, 104, 101, 120, 58, 32, 83, 116, 114, 105, 110, 103, 41, 32, 123, 92, 110, 32, 32, 32, 32, 94, 92, 110, 92, 47, 85, 115, 101, 114, 115, 92, 47, 114, 117, 110, 110, 101, 114, 92, 47, 119, 111, 114, 107, 92, 47, 105, 111, 115, 65, 112, 112, 92, 47, 105, 111, 115, 65, 112, 112, 92, 47, 105, 111, 115, 65, 112, 112, 92, 47, 86, 105, 101, 119, 115, 92, 47, 83, 99, 114, 101, 101, 110, 115, 92, 47, 65, 100, 109, 105, 110, 92, 47, 83, 117, 112, 101, 114, 65, 100, 109, 105, 110, 80, 111, 114, 116, 97, 108, 86, 105, 101, 119, 46, 115, 119, 105, 102, 116, 58, 53, 52, 54, 58, 53, 58, 32, 110, 111, 116, 101, 58, 32, 102, 111, 117, 110, 100, 32, 116, 104, 105, 115, 32, 99, 97, 110, 100, 105, 100, 97, 116, 101, 92, 110, 32, 32, 32, 32, 105, 110, 105, 116, 40, 104, 101, 120, 58, 32, 83, 116, 114, 105, 110, 103, 41, 32, 123, 92, 110, 32, 32, 32, 32, 94, 92, 110, 92, 47, 85, 115, 101, 114, 115, 92, 47, 114, 117, 110, 110, 101, 114, 92, 47, 119, 111, 114, 107, 92, 47, 105, 111, 115, 65, 112, 112, 92, 47, 105, 111, 115, 65, 112, 112, 92, 47, 105, 111, 115, 65, 112, 112, 92, 47, 84, 104, 101, 109, 101, 92, 47, 65, 112, 112, 67, 111, 108, 111, 114, 115, 46, 115, 119, 105, 102, 116, 58, 56, 58, 52, 50, 58, 32, 101, 114, 114, 111, 114, 58, 32, 97, 109, 98, 105, 103, 117, 111, 117, 115, 32, 117, 115, 101, 32, 111, 102, 32, 39, 105, 110, 105, 116, 40, 104, 101, 120, 58, 41, 39, 92, 110, 32, 32, 32, 32, 115, 116, 97, 116, 105, 99, 32, 108, 101, 116, 32, 97, 112, 112, 80, 114, 105, 109, 97, 114, 121, 80, 105, 110, 107, 67, 111, 110, 116, 97, 105, 110, 101, 114, 32, 61, 32, 67, 111, 108, 111, 114, 40, 104, 101, 120, 58, 32, 92, 34, 35, 70, 67, 69, 52, 69, 67, 92, 34, 41, 32, 92, 47, 92, 47, 32, 72, 225, 187, 147, 110, 103, 32, 110, 104, 225, 186, 161, 116, 32, 99, 111, 110, 116, 97, 105, 110, 101, 114, 92, 110, 92, 47, 85, 115, 101, 114, 115, 92, 47, 114, 117, 110, 110, 101, 114, 92, 47, 119, 111, 114, 107, 92, 47, 105, 111, 115, 65, 112, 112, 92, 47, 105, 111, 115, 65, 112, 112, 92, 47, 105, 111, 115, 65, 112, 112, 92, 47, 84, 104, 101, 109, 101, 92, 47, 65, 112, 112, 67, 111, 108, 111, 114, 115, 46, 115, 119, 105, 102, 116, 58, 52, 54, 58, 53, 58, 32, 110, 111, 116, 101, 58, 32, 102, 111, 117, 110, 100, 32, 116, 104, 105, 115, 32, 99, 97, 110, 100, 105, 100, 97, 116, 101, 92, 110, 32, 32, 32, 32, 105, 110, 105, 116, 40, 104, 101, 120, 58, 32, 83, 116, 114, 105, 110, 103, 41, 32, 123, 92, 110, 32, 32, 32, 32, 94, 92, 110, 92, 47, 85, 115, 101, 114, 115, 92, 47, 114, 117, 110, 110, 101, 114, 92, 47, 119, 111, 114, 107, 92, 47, 105, 111, 115, 65, 112, 112, 92, 47, 105, 111, 115, 65, 112, 112, 92, 47, 105, 111, 115, 65, 112, 112, 92, 47, 86, 105, 101, 119, 115, 92, 47, 83, 99, 114, 101, 101, 110, 115, 92, 47, 65, 100, 109, 105, 110, 92, 47, 83, 117, 112, 101, 114, 65, 100, 109, 105, 110, 80, 111, 114, 116, 97, 108, 86, 105, 101, 119, 46, 115, 119, 105, 102, 116, 58, 53, 52, 54, 58, 53, 58, 32, 110, 111, 116, 101, 58, 32, 102, 111, 117, 110, 100, 32, 116, 104, 105, 115, 32, 99, 97, 110, 100, 105, 100, 97, 116, 101, 92, 110, 32, 32, 32, 32, 105, 110, 105, 116, 40, 104, 101, 120, 58, 32, 83, 116, 114, 105, 110, 103, 41, 32, 123, 92, 110, 32, 32, 32, 32, 94, 92, 110, 92, 47, 85, 115, 101, 114, 115, 92, 47, 114, 117, 110, 110, 101, 114, 92, 47, 119, 111, 114, 107, 92, 47, 105, 111, 115, 65, 112, 112, 92, 47, 105, 111, 115, 65, 112, 112, 92, 47, 105, 111, 115, 65, 112, 112, 92, 47, 84, 104, 101, 109, 101, 92, 47, 65, 112, 112, 67, 111, 108, 111, 114, 115, 46, 115, 119, 105, 102, 116, 58, 57, 58, 51, 57, 58, 32, 101, 114, 114, 111, 114, 58, 32, 97, 109, 98, 105, 103, 117, 111, 117, 115, 32, 117, 115, 101, 32, 111, 102, 32, 39, 105, 110, 105, 116, 40, 104, 101, 120, 58, 41, 39, 92, 110, 32, 32, 32, 32, 115, 116, 97, 116, 105, 99, 32, 108, 101, 116, 32, 97, 112, 112, 83, 101, 99, 111, 110, 100, 97, 114, 121, 68, 97, 114, 107, 66, 108, 117, 101, 32, 61, 32, 67, 111, 108, 111, 114, 40, 104, 101, 120, 58, 32, 92, 34, 35, 48, 48, 50, 65, 56, 70, 92, 34, 41, 32, 32, 32, 92, 47, 92, 47, 32, 88, 97, 110, 104, 32, 196, 144, 225, 186, 173, 109, 32, 92, 47, 32, 68, 97, 114, 107, 32, 78, 97, 118, 121, 32, 66, 108, 117, 101, 92, 110, 92, 47, 85, 115, 101, 114, 115, 92, 47, 114, 117, 110, 110, 101, 114, 92, 47, 119, 111, 114, 107, 92, 47, 105, 111, 115, 65, 112, 112, 92, 47, 105, 111, 115, 65, 112, 112, 92, 47, 105, 111, 115, 65, 112, 112, 92, 47, 84, 104, 101, 109, 101, 92, 47, 65, 112, 112, 67, 111, 108, 111, 114, 115, 46, 115, 119, 105, 102, 116, 58, 52, 54, 58, 53, 58, 32, 110, 111, 116, 101, 58, 32, 102, 111, 117, 110, 100, 32, 116, 104, 105, 115, 32, 99, 97, 110, 100, 105, 100, 97, 116, 101, 92, 110, 32, 32, 32, 32, 105, 110, 105, 116, 40, 104, 101, 120, 58, 32, 83, 116, 114, 105, 110, 103, 41, 32, 123, 92, 110, 32, 32, 32, 32, 94, 92, 110, 92, 47, 85, 115, 101, 114, 115, 92, 47, 114, 117, 110, 110, 101, 114, 92, 47, 119, 111, 114, 107, 92, 47, 105, 111, 115, 65, 112, 112, 92, 47, 105, 111, 115, 65, 112, 112, 92, 47, 105, 111, 115, 65, 112, 112, 92, 47, 86, 105, 101, 119, 115, 92, 47, 83, 99, 114, 101, 101, 110, 115, 92, 47, 65, 100, 109, 105, 110, 92, 47, 83, 117, 112, 101, 114, 65, 100, 109, 105, 110, 80, 111, 114, 116, 97, 108, 86, 105, 101, 119, 46, 115, 119, 105, 102, 116, 58, 53, 52, 54, 58, 53, 58, 32, 110, 111, 116, 101, 58, 32, 102, 111, 117, 110, 100, 32, 116, 104, 105, 115, 32, 99, 97, 110, 100, 105, 100, 97, 116, 101, 92, 110, 32, 32, 32, 32, 105, 110, 105, 116, 40, 104, 101, 120, 58, 32, 83, 116, 114, 105, 110, 103, 41, 32, 123, 92, 110, 32, 32, 32, 32, 94, 92, 110, 92, 47, 85, 115, 101, 114, 115, 92, 47, 114, 117, 110, 110, 101, 114, 92, 47, 119, 111, 114, 107, 92, 47, 105, 111, 115, 65, 112, 112, 92, 47, 105, 111, 115, 65, 112, 112, 92, 47, 105, 111, 115, 65, 112, 112, 92, 47, 84, 104, 101, 109, 101, 92, 47, 65, 112, 112, 67, 111, 108, 111, 114, 115, 46, 115, 119, 105, 102, 116, 58, 49, 48, 58, 51, 57, 58, 32, 101, 114, 114, 111, 114, 58, 32, 97, 109, 98, 105, 103, 117, 111, 117, 115, 32, 117, 115, 101, 32, 111, 102, 32, 39, 105, 110, 105, 116, 40, 104, 101, 120, 58, 41, 39, 92, 110, 32, 32, 32, 32, 115, 116, 97, 116, 105, 99, 32, 108, 101, 116, 32, 97, 112, 112, 68, 97, 114, 107, 66, 108, 117, 101, 67, 111, 110, 116, 97, 105, 110, 101, 114, 32, 61, 32, 67, 111, 108, 111, 114, 40, 104, 101, 120, 58, 32, 92, 34, 35, 69, 56, 69, 65, 70, 54, 92, 34, 41, 32, 32, 32, 32, 92, 47, 92, 47, 32, 88, 97, 110, 104, 32, 196, 145, 225, 186, 173, 109, 32, 99, 111, 110, 116, 97, 105, 110, 101, 114, 32, 110, 104, 225, 186, 161, 116, 92, 110, 92, 47, 85, 115, 101, 114, 115, 92, 47, 114, 117, 110, 110, 101, 114, 92, 47, 119, 111, 114, 107, 92, 47, 105, 111, 115, 65, 112, 112, 92, 47, 105, 111, 115, 65, 112, 112, 92, 47, 105, 111, 115, 65, 112, 112, 92, 47, 84, 104, 101, 109, 101, 92, 47, 65, 112, 112, 67, 111, 108, 111, 114, 115, 46, 115, 119, 105, 102, 116, 58, 52, 54, 58, 53, 58, 32, 110, 111, 116, 101, 58, 32, 102, 111, 117, 110, 100, 32, 116, 104, 105, 115, 32, 99, 97, 110, 100, 105, 100, 97, 116, 101, 92, 110, 32, 32, 32, 32, 105, 110, 105, 116, 40, 104, 101, 120, 58, 32, 83, 116, 114, 105, 110, 103, 41, 32, 123, 92, 110, 32, 32, 32, 32, 94, 92, 110, 92, 47, 85, 115, 101, 114, 115, 92, 47, 114, 117, 110, 110, 101, 114, 92, 47, 119, 111, 114, 107, 92, 47, 105, 111, 115, 65, 112, 112, 92, 47, 105, 111, 115, 65, 112, 112, 92, 47, 105, 111, 115, 65, 112, 112, 92, 47, 86, 105, 101, 119, 115, 92, 47, 83, 99, 114, 101, 101, 110, 115, 92, 47, 65, 100, 109, 105, 110, 92, 47, 83, 117, 112, 101, 114, 65, 100, 109, 105, 110, 80, 111, 114, 116, 97, 108, 86, 105, 101, 119, 46, 115, 119, 105, 102, 116, 58, 53, 52, 54, 58, 53, 58, 32, 110, 111, 116, 101, 58, 32, 102, 111, 117, 110, 100, 32, 116, 104, 105, 115, 32, 99, 97, 110, 100, 105, 100, 97, 116, 101, 92, 110, 32, 32, 32, 32, 105, 110, 105, 116, 40, 104, 101, 120, 58, 32, 83, 116, 114, 105, 110, 103, 41, 32, 123, 92, 110, 32, 32, 32, 32, 94, 92, 110, 92, 47, 85, 115, 101, 114, 115, 92, 47, 114, 117, 110, 110, 101, 114, 92, 47, 119, 111, 114, 107, 92, 47, 105, 111, 115, 65, 112, 112, 92, 47, 105, 111, 115, 65, 112, 112, 92, 47, 105, 111, 115, 65, 112, 112, 92, 47, 84, 104, 101, 109, 101, 92, 47, 65, 112, 112, 67, 111, 108, 111, 114, 115, 46, 115, 119, 105, 102, 116, 58, 49, 49, 58, 51, 51, 58, 32, 101, 114, 114, 111, 114, 58, 32, 97, 109, 98, 105, 103, 117, 111, 117, 115, 32, 117, 115, 101, 32, 111, 102, 32, 39, 105, 110, 105, 116, 40, 104, 101, 120, 58, 41, 39, 92, 110, 32, 32, 32, 32, 115, 116, 97, 116, 105, 99, 32, 108, 101, 116, 32, 97, 112, 112, 84, 111, 112, 66, 97, 114, 67, 111, 108, 111, 114, 32, 61, 32, 67, 111, 108, 111, 114, 40, 104, 101, 120, 58, 32, 92, 34, 35, 48, 48, 50, 65, 56, 70, 92, 34, 41, 32, 32, 32, 32, 32, 32, 32, 32, 32, 32, 92, 47, 92, 47, 32, 88, 97, 110, 104, 32, 196, 144, 225, 186, 173, 109, 32, 40, 84, 104, 97, 110, 104, 32, 116, 114, 195, 170, 110, 41, 92, 110, 92, 47, 85, 115, 101, 114, 115, 92, 47, 114, 117, 110, 110, 101, 114, 92, 47, 119, 111, 114, 107, 92, 47, 105, 111, 115, 65, 112, 112, 92, 47, 105, 111, 115, 65, 112, 112, 92, 47, 105, 111, 115, 65, 112, 112, 92, 47, 84, 104, 101, 109, 101, 92, 47, 65, 112, 112, 67, 111, 108, 111, 114, 115, 46, 115, 119, 105, 102, 116, 58, 52, 54, 58, 53, 58, 32, 110, 111, 116, 101, 58, 32, 102, 111, 117, 110, 100, 32, 116, 104, 105, 115, 32, 99, 97, 110, 100, 105, 100, 97, 116, 101, 92, 110, 32, 32, 32, 32, 105, 110, 105, 116, 40, 104, 101, 120, 58, 32, 83, 116, 114, 105, 110, 103, 41, 32, 123, 92, 110, 32, 32, 32, 32, 94, 92, 110, 92, 47, 85, 115, 101, 114, 115, 92, 47, 114, 117, 110, 110, 101, 114, 92, 47, 119, 111, 114, 107, 92, 47, 105, 111, 115, 65, 112, 112, 92, 47, 105, 111, 115, 65, 112, 112, 92, 47, 105, 111, 115, 65, 112, 112, 92, 47, 86, 105, 101, 119, 115, 92, 47, 83, 99, 114, 101, 101, 110, 115, 92, 47, 65, 100, 109, 105, 110, 92, 47, 83, 117, 112, 101, 114, 65, 100, 109, 105, 110, 80, 111, 114, 116, 97, 108, 86, 105, 101, 119, 46, 115, 119, 105, 102, 116, 58, 53, 52, 54, 58, 53, 58, 32, 110, 111, 116, 101, 58, 32, 102, 111, 117, 110, 100, 32, 116, 104, 105, 115, 32, 99, 97, 110, 100, 105, 100, 97, 116, 101, 92, 110, 32, 32, 32, 32, 105, 110, 105, 116, 40, 104, 101, 120, 58, 32, 83, 116, 114, 105, 110, 103, 41, 32, 123, 92, 110, 32, 32, 32, 32, 94, 92, 110, 92, 47, 85, 115, 101, 114, 115, 92, 47, 114, 117, 110, 110, 101, 114, 92, 47, 119, 111, 114, 107, 92, 47, 105, 111, 115, 65, 112, 112, 92, 47, 105, 111, 115, 65, 112, 112, 92, 47, 105, 111, 115, 65, 112, 112, 92, 47, 84, 104, 101, 109, 101, 92, 47, 65, 112, 112, 67, 111, 108, 111, 114, 115, 46, 115, 119, 105, 102, 116, 58, 49, 50, 58, 50, 57, 58, 32, 101, 114, 114, 111, 114, 58, 32, 97, 109, 98, 105, 103, 117, 111, 117, 115, 32, 117, 115, 101, 32, 111, 102, 32, 39, 105, 110, 105, 116, 40, 104, 101, 120, 58, 41, 39, 92, 110, 32, 32, 32, 32, 115, 116, 97, 116, 105, 99, 32, 108, 101, 116, 32, 97, 112, 112, 80, 114, 105, 109, 97, 114, 121, 32, 61, 32, 67, 111, 108, 111, 114, 40, 104, 101, 120, 58, 32, 92, 34, 35, 48, 48, 50, 65, 56, 70, 92, 34, 41, 32, 32, 32, 32, 32, 32, 32, 32, 32, 32, 32, 32, 32, 32, 92, 47, 92, 47, 32, 88, 97, 110, 104, 32, 196, 144, 225, 186, 173, 109, 32, 80, 114, 105, 109, 97, 114, 121, 92, 110, 92, 47, 85, 115, 101, 114, 115, 92, 47, 114, 117, 110, 110, 101, 114, 92, 47, 119, 111, 114, 107, 92, 47, 105, 111, 115, 65, 112, 112, 92, 47, 105, 111, 115, 65, 112, 112, 92, 47, 105, 111, 115, 65, 112, 112, 92, 47, 84, 104, 101, 109, 101, 92, 47, 65, 112, 112, 67, 111, 108, 111, 114, 115, 46, 115, 119, 105, 102, 116, 58, 52, 54, 58, 53, 58, 32, 110, 111, 116, 101, 58, 32, 102, 111, 117, 110, 100, 32, 116, 104, 105, 115, 32, 99, 97, 110, 100, 105, 100, 97, 116, 101, 92, 110, 32, 32, 32, 32, 105, 110, 105, 116, 40, 104, 101, 120, 58, 32, 83, 116, 114, 105, 110, 103, 41, 32, 123, 92, 110, 32, 32, 32, 32, 94, 92, 110, 92, 47, 85, 115, 101, 114, 115, 92, 47, 114, 117, 110, 110, 101, 114, 92, 47, 119, 111, 114, 107, 92, 47, 105, 111, 115, 65, 112, 112, 92, 47, 105, 111, 115, 65, 112, 112, 92, 47, 105, 111, 115, 65, 112, 112, 92, 47, 86, 105, 101, 119, 115, 92, 47, 83, 99, 114, 101, 101, 110, 115, 92, 47, 65, 100, 109, 105, 110, 92, 47, 83, 117, 112, 101, 114, 65, 100, 109, 105, 110, 80, 111, 114, 116, 97, 108, 86, 105, 101, 119, 46, 115, 119, 105, 102, 116, 58, 53, 52, 54, 58, 53, 58, 32, 110, 111, 116, 101, 58, 32, 102, 111, 117, 110, 100, 32, 116, 104, 105, 115, 32, 99, 97, 110, 100, 105, 100, 97, 116, 101, 92, 110, 32, 32, 32, 32, 105, 110, 105, 116, 40, 104, 101, 120, 58, 32, 83, 116, 114, 105, 110, 103, 41, 32, 123, 92, 110, 32, 32, 32, 32, 94, 92, 110, 92, 47, 85, 115, 101, 114, 115, 92, 47, 114, 117, 110, 110, 101, 114, 92, 47, 119, 111, 114, 107, 92, 47, 105, 111, 115, 65, 112, 112, 92, 47, 105, 111, 115, 65, 112, 112, 92, 47, 105, 111, 115, 65, 112, 112, 92, 47, 84, 104, 101, 109, 101, 92, 47, 65, 112, 112, 67, 111, 108, 111, 114, 115, 46, 115, 119, 105, 102, 116, 58, 50, 49, 58, 51, 50, 58, 32, 101, 114, 114, 111, 114, 58, 32, 97, 109, 98, 105, 103, 117, 111, 117, 115, 32, 117, 115, 101, 32, 111, 102, 32, 39, 105, 110, 105, 116, 40, 104, 101, 120, 58, 41, 39, 92, 110, 32, 32, 32, 32, 115, 116, 97, 116, 105, 99, 32, 108, 101, 116, 32, 97, 112, 112, 66, 97, 99, 107, 103, 114, 111, 117, 110, 100, 32, 61, 32, 67, 111, 108, 111, 114, 40, 104, 101, 120, 58, 32, 92, 34, 35, 70, 56, 70, 65, 70, 67, 92, 34, 41, 92, 110, 32, 32, 32, 32, 32, 32, 32, 32, 32, 32, 32, 32, 32, 32, 32, 32, 32, 32, 32, 32, 32, 32, 32, 32, 32, 32, 32, 32, 32, 32, 32, 94, 92, 110, 92, 47, 85, 115, 101, 114, 115, 92, 47, 114, 117, 110, 110, 101, 114, 92, 47, 119, 111, 114, 107, 92, 47, 105, 111, 115, 65, 112, 112, 92, 47, 105, 111, 115, 65, 112, 112, 92, 47, 105, 111, 115, 65, 112, 112, 92, 47, 84, 104, 101, 109, 101, 92, 47, 65, 112, 112, 67, 111, 108, 111, 114, 115, 46, 115, 119, 105, 102, 116, 58, 52, 54, 58, 53, 58, 32, 110, 111, 116, 101, 58, 32, 102, 111, 117, 110, 100, 32, 116, 104, 105, 115, 32, 99, 97, 110, 100, 105, 100, 97, 116, 101, 92, 110, 32, 32, 32, 32, 105, 110, 105, 116, 40, 104, 101, 120, 58, 32, 83, 116, 114, 105, 110, 103, 41, 32, 123, 92, 110, 32, 32, 32, 32, 94, 92, 110, 92, 47, 85, 115, 101, 114, 115, 92, 47, 114, 117, 110, 110, 101, 114, 92, 47, 119, 111, 114, 107, 92, 47, 105, 111, 115, 65, 112, 112, 92, 47, 105, 111, 115, 65, 112, 112, 92, 47, 105, 111, 115, 65, 112, 112, 92, 47, 86, 105, 101, 119, 115, 92, 47, 83, 99, 114, 101, 101, 110, 115, 92, 47, 65, 100, 109, 105, 110, 92, 47, 83, 117, 112, 101, 114, 65, 100, 109, 105, 110, 80, 111, 114, 116, 97, 108, 86, 105, 101, 119, 46, 115, 119, 105, 102, 116, 58, 53, 52, 54, 58, 53, 58, 32, 110, 111, 116, 101, 58, 32, 102, 111, 117, 110, 100, 32, 116, 104, 105, 115, 32, 99, 97, 110, 100, 105, 100, 97, 116, 101, 92, 110, 32, 32, 32, 32, 105, 110, 105, 116, 40, 104, 101, 120, 58, 32, 83, 116, 114, 105, 110, 103, 41, 32, 123, 92, 110, 32, 32, 32, 32, 94, 92, 110, 92, 47, 85, 115, 101, 114, 115, 92, 47, 114, 117, 110, 110, 101, 114, 92, 47, 119, 111, 114, 107, 92, 47, 105, 111, 115, 65, 112, 112, 92, 47, 105, 111, 115, 65, 112, 112, 92, 47, 105, 111, 115, 65, 112, 112, 92, 47, 84, 104, 101, 109, 101, 92, 47, 65, 112, 112, 67, 111, 108, 111, 114, 115, 46, 115, 119, 105, 102, 116, 58, 50, 51, 58, 51, 54, 58, 32, 101, 114, 114, 111, 114, 58, 32, 97, 109, 98, 105, 103, 117, 111, 117, 115, 32, 117, 115, 101, 32, 111, 102, 32, 39, 105, 110, 105, 116, 40, 104, 101, 120, 58, 41, 39, 92, 110, 32, 32, 32, 32, 115, 116, 97, 116, 105, 99, 32, 108, 101, 116, 32, 97, 112, 112, 83, 117, 114, 102, 97, 99, 101, 86, 97, 114, 105, 97, 110, 116, 32, 61, 32, 67, 111, 108, 111, 114, 40, 104, 101, 120, 58, 32, 92, 34, 35, 70, 49, 70, 53, 70, 57, 92, 34, 41, 92, 110, 32, 32, 32, 32, 32, 32, 32, 32, 32, 32, 32, 32, 32, 32, 32, 32, 32, 32, 32, 32, 32, 32, 32, 32, 32, 32, 32, 32, 32, 32, 32, 32, 32, 32, 32, 94, 92, 110, 92, 47, 85, 115, 101, 114, 115, 92, 47, 114, 117, 110, 110, 101, 114, 92, 47, 119, 111, 114, 107, 92, 47, 105, 111, 115, 65, 112, 112, 92, 47, 105, 111, 115, 65, 112, 112, 92, 47, 105, 111, 115, 65, 112, 112, 92, 47, 84, 104, 101, 109, 101, 92, 47, 65, 112, 112, 67, 111, 108, 111, 114, 115, 46, 115, 119, 105, 102, 116, 58, 52, 54, 58, 53, 58, 32, 110, 111, 116, 101, 58, 32, 102, 111, 117, 110, 100, 32, 116, 104, 105, 115, 32, 99, 97, 110, 100, 105, 100, 97, 116, 101, 92, 110, 32, 32, 32, 32, 105, 110, 105, 116, 40, 104, 101, 120, 58, 32, 83, 116, 114, 105, 110, 103, 41, 32, 123, 92, 110, 32, 32, 32, 32, 94, 92, 110, 92, 47, 85, 115, 101, 114, 115, 92, 47, 114, 117, 110, 110, 101, 114, 92, 47, 119, 111, 114, 107, 92, 47, 105, 111, 115, 65, 112, 112, 92, 47, 105, 111, 115, 65, 112, 112, 92, 47, 105, 111, 115, 65, 112, 112, 92, 47, 86, 105, 101, 119, 115, 92, 47, 83, 99, 114, 101, 101, 110, 115, 92, 47, 65, 100, 109, 105, 110, 92, 47, 83, 117, 112, 101, 114, 65, 100, 109, 105, 110, 80, 111, 114, 116, 97, 108, 86, 105, 101, 119, 46, 115, 119, 105, 102, 116, 58, 53, 52, 54, 58, 53, 58, 32, 110, 111, 116, 101, 58, 32, 102, 111, 117, 110, 100, 32, 116, 104, 105, 115, 32, 99, 97, 110, 100, 105, 100, 97, 116, 101, 92, 110, 32, 32, 32, 32, 105, 110, 105, 116, 40, 104, 101, 120, 58, 32, 83, 116, 114, 105, 110, 103, 41, 32, 123, 92, 110, 32, 32, 32, 32, 94, 92, 110, 92, 47, 85, 115, 101, 114, 115, 92, 47, 114, 117, 110, 110, 101, 114, 92, 47, 119, 111, 114, 107, 92, 47, 105, 111, 115, 65, 112, 112, 92, 47, 105, 111, 115, 65, 112, 112, 92, 47, 105, 111, 115, 65, 112, 112, 92, 47, 84, 104, 101, 109, 101, 92, 47, 65, 112, 112, 67, 111, 108, 111, 114, 115, 46, 115, 119, 105, 102, 116, 58, 50, 52, 58, 51, 50, 58, 32, 101, 114, 114, 111, 114, 58, 32, 97, 109, 98, 105, 103, 117, 111, 117, 115, 32, 117, 115, 101, 32, 111, 102, 32, 39, 105, 110, 105, 116, 40, 104, 101, 120, 58, 41, 39, 92, 110, 32, 32, 32, 32, 115, 116, 97, 116, 105, 99, 32, 108, 101, 116, 32, 97, 112, 112, 67, 97, 114, 100, 66, 111, 114, 100, 101, 114, 32, 61, 32, 67, 111, 108, 111, 114, 40, 104, 101, 120, 58, 32, 92, 34, 35, 69, 50, 69, 56, 70, 48, 92, 34, 41, 92, 110, 32, 32, 32, 32, 32, 32, 32, 32, 32, 32, 32, 32, 32, 32, 32, 32, 32, 32, 32, 32, 32, 32, 32, 32, 32, 32, 32, 32, 32, 32, 32, 94, 92, 110, 92, 47, 85, 115, 101, 114, 115, 92, 47, 114, 117, 110, 110, 101, 114, 92, 47, 119, 111, 114, 107, 92, 47, 105, 111, 115, 65, 112, 112, 92, 47, 105, 111, 115, 65, 112, 112, 92, 47, 105, 111, 115, 65, 112, 112, 92, 47, 84, 104, 101, 109, 101, 92, 47, 65, 112, 112, 67, 111, 108, 111, 114, 115, 46, 115, 119, 105, 102, 116, 58, 52, 54, 58, 53, 58, 32, 110, 111, 116, 101, 58, 32, 102, 111, 117, 110, 100, 32, 116, 104, 105, 115, 32, 99, 97, 110, 100, 105, 100, 97, 116, 101, 92, 110, 32, 32, 32, 32, 105, 110, 105, 116, 40, 104, 101, 120, 58, 32, 83, 116, 114, 105, 110, 103, 41, 32, 123, 92, 110, 32, 32, 32, 32, 94, 92, 110, 92, 47, 85, 115, 101, 114, 115, 92, 47, 114, 117, 110, 110, 101, 114, 92, 47, 119, 111, 114, 107, 92, 47, 105, 111, 115, 65, 112, 112, 92, 47, 105, 111, 115, 65, 112, 112, 92, 47, 105, 111, 115, 65, 112, 112, 92, 47, 86, 105, 101, 119, 115, 92, 47, 83, 99, 114, 101, 101, 110, 115, 92, 47, 65, 100, 109, 105, 110, 92, 47, 83, 117, 112, 101, 114, 65, 100, 109, 105, 110, 80, 111, 114, 116, 97, 108, 86, 105, 101, 119, 46, 115, 119, 105, 102, 116, 58, 53, 52, 54, 58, 53, 58, 32, 110, 111, 116, 101, 58, 32, 102, 111, 117, 110, 100, 32, 116, 104, 105, 115, 32, 99, 97, 110, 100, 105, 100, 97, 116, 101, 92, 110, 32, 32, 32, 32, 105, 110, 105, 116, 40, 104, 101, 120, 58, 32, 83, 116, 114, 105, 110, 103, 41, 32, 123, 92, 110, 32, 32, 32, 32, 94, 92, 110, 92, 47, 85, 115, 101, 114, 115, 92, 47, 114, 117, 110, 110, 101, 114, 92, 47, 119, 111, 114, 107, 92, 47, 105, 111, 115, 65, 112, 112, 92, 47, 105, 111, 115, 65, 112, 112, 92, 47, 105, 111, 115, 65, 112, 112, 92, 47, 84, 104, 101, 109, 101, 92, 47, 65, 112, 112, 67, 111, 108, 111, 114, 115, 46, 115, 119, 105, 102, 116, 58, 50, 53, 58, 51, 51, 58, 32, 101, 114, 114, 111, 114, 58, 32, 97, 109, 98, 105, 103, 117, 111, 117, 115, 32, 117, 115, 101, 32, 111, 102, 32, 39, 105, 110, 105, 116, 40, 104, 101, 120, 58, 41, 39, 92, 110, 32, 32, 32, 32, 115, 116, 97, 116, 105, 99, 32, 108, 101, 116, 32, 97, 112, 112, 84, 101, 120, 116, 80, 114, 105, 109, 97, 114, 121, 32, 61, 32, 67, 111, 108, 111, 114, 40, 104, 101, 120, 58, 32, 92, 34, 35, 48, 70, 49, 55, 50, 65, 92, 34, 41, 92, 110, 32, 32, 32, 32, 32, 32, 32, 32, 32, 32, 32, 32, 32, 32, 32, 32, 32, 32, 32, 32, 32, 32, 32, 32, 32, 32, 32, 32, 32, 32, 32, 32, 94, 92, 110, 92, 47, 85, 115, 101, 114, 115, 92, 47, 114, 117, 110, 110, 101, 114, 92, 47, 119, 111, 114, 107, 92, 47, 105, 111, 115, 65, 112, 112, 92, 47, 105, 111, 115, 65, 112, 112, 92, 47, 105, 111, 115, 65, 112, 112, 92, 47, 84, 104, 101, 109, 101, 92, 47, 65, 112, 112, 67, 111, 108, 111, 114, 115, 46, 115, 119, 105, 102, 116, 58, 52, 54, 58, 53, 58, 32, 110, 111, 116, 101, 58, 32, 102, 111, 117, 110, 100, 32, 116, 104, 105, 115, 32, 99, 97, 110, 100, 105, 100, 97, 116, 101, 92, 110, 32, 32, 32, 32, 105, 110, 105, 116, 40, 104, 101, 120, 58, 32, 83, 116, 114, 105, 110, 103, 41, 32, 123, 92, 110, 32, 32, 32, 32, 94, 92, 110, 92, 47, 85, 115, 101, 114, 115, 92, 47, 114, 117, 110, 110, 101, 114, 92, 47, 119, 111, 114, 107, 92, 47, 105, 111, 115, 65, 112, 112, 92, 47, 105, 111, 115, 65, 112, 112, 92, 47, 105, 111, 115, 65, 112, 112, 92, 47, 86, 105, 101, 119, 115, 92, 47, 83, 99, 114, 101, 101, 110, 115, 92, 47, 65, 100, 109, 105, 110, 92, 47, 83, 117, 112, 101, 114, 65, 100, 109, 105, 110, 80, 111, 114, 116, 97, 108, 86, 105, 101, 119, 46, 115, 119, 105, 102, 116, 58, 53, 52, 54, 58, 53, 58, 32, 110, 111, 116, 101, 58, 32, 102, 111, 117, 110, 100, 32, 116, 104, 105, 115, 32, 99, 97, 110, 100, 105, 100, 97, 116, 101, 92, 110, 32, 32, 32, 32, 105, 110, 105, 116, 40, 104, 101, 120, 58, 32, 83, 116, 114, 105, 110, 103, 41, 32, 123, 92, 110, 32, 32, 32, 32, 94, 92, 110, 92, 47, 85, 115, 101, 114, 115, 92, 47, 114, 117, 110, 110, 101, 114, 92, 47, 119, 111, 114, 107, 92, 47, 105, 111, 115, 65, 112, 112, 92, 47, 105, 111, 115, 65, 112, 112, 92, 47, 105, 111, 115, 65, 112, 112, 92, 47, 84, 104, 101, 109, 101, 92, 47, 65, 112, 112, 67, 111, 108, 111, 114, 115, 46, 115, 119, 105, 102, 116, 58, 50, 54, 58, 51, 53, 58, 32, 101, 114, 114, 111, 114, 58, 32, 97, 109, 98, 105, 103, 117, 111, 117, 115, 32, 117, 115, 101, 32, 111, 102, 32, 39, 105, 110, 105, 116, 40, 104, 101, 120, 58, 41, 39, 92, 110, 32, 32, 32, 32, 115, 116, 97, 116, 105, 99, 32, 108, 101, 116, 32, 97, 112, 112, 84, 101, 120, 116, 83, 101, 99, 111, 110, 100, 97, 114, 121, 32, 61, 32, 67, 111, 108, 111, 114, 40, 104, 101, 120, 58, 32, 92, 34, 35, 52, 55, 53, 53, 54, 57, 92, 34, 41, 92, 110, 32, 32, 32, 32, 32, 32, 32, 32, 32, 32, 32, 32, 32, 32, 32, 32, 32, 32, 32, 32, 32, 32, 32, 32, 32, 32, 32, 32, 32, 32, 32, 32, 32, 32, 94, 92, 110, 92, 47, 85, 115, 101, 114, 115, 92, 47, 114, 117, 110, 110, 101, 114, 92, 47, 119, 111, 114, 107, 92, 47, 105, 111, 115, 65, 112, 112, 92, 47, 105, 111, 115, 65, 112, 112, 92, 47, 105, 111, 115, 65, 112, 112, 92, 47, 84, 104, 101, 109, 101, 92, 47, 65, 112, 112, 67, 111, 108, 111, 114, 115, 46, 115, 119, 105, 102, 116, 58, 52, 54, 58, 53, 58, 32, 110, 111, 116, 101, 58, 32, 102, 111, 117, 110, 100, 32, 116, 104, 105, 115, 32, 99, 97, 110, 100, 105, 100, 97, 116, 101, 92, 110, 32, 32, 32, 32, 105, 110, 105, 116, 40, 104, 101, 120, 58, 32, 83, 116, 114, 105, 110, 103, 41, 32, 123, 92, 110, 32, 32, 32, 32, 94, 92, 110, 92, 47, 85, 115, 101, 114, 115, 92, 47, 114, 117, 110, 110, 101, 114, 92, 47, 119, 111, 114, 107, 92, 47, 105, 111, 115, 65, 112, 112, 92, 47, 105, 111, 115, 65, 112, 112, 92, 47, 105, 111, 115, 65, 112, 112, 92, 47, 86, 105, 101, 119, 115, 92, 47, 83, 99, 114, 101, 101, 110, 115, 92, 47, 65, 100, 109, 105, 110, 92, 47, 83, 117, 112, 101, 114, 65, 100, 109, 105, 110, 80, 111, 114, 116, 97, 108, 86, 105, 101, 119, 46, 115, 119, 105, 102, 116, 58, 53, 52, 54, 58, 53, 58, 32, 110, 111, 116, 101, 58, 32, 102, 111, 117, 110, 100, 32, 116, 104, 105, 115, 32, 99, 97, 110, 100, 105, 100, 97, 116, 101, 92, 110, 32, 32, 32, 32, 105, 110, 105, 116, 40, 104, 101, 120, 58, 32, 83, 116, 114, 105, 110, 103, 41, 32, 123, 92, 110, 32, 32, 32, 32, 94, 92, 110, 92, 47, 85, 115, 101, 114, 115, 92, 47, 114, 117, 110, 110, 101, 114, 92, 47, 119, 111, 114, 107, 92, 47, 105, 111, 115, 65, 112, 112, 92, 47, 105, 111, 115, 65, 112, 112, 92, 47, 105, 111, 115, 65, 112, 112, 92, 47, 84, 104, 101, 109, 101, 92, 47, 65, 112, 112, 67, 111, 108, 111, 114, 115, 46, 115, 119, 105, 102, 116, 58, 50, 55, 58, 51, 49, 58, 32, 101, 114, 114, 111, 114, 58, 32, 97, 109, 98, 105, 103, 117, 111, 117, 115, 32, 117, 115, 101, 32, 111, 102, 32, 39, 105, 110, 105, 116, 40, 104, 101, 120, 58, 41, 39, 92, 110, 32, 32, 32, 32, 115, 116, 97, 116, 105, 99, 32, 108, 101, 116, 32, 97, 112, 112, 84, 101, 120, 116, 77, 117, 116, 101, 100, 32, 61, 32, 67, 111, 108, 111, 114, 40, 104, 101, 120, 58, 32, 92, 34, 35, 57, 52, 65, 51, 66, 56, 92, 34, 41, 92, 110, 32, 32, 32, 32, 32, 32, 32, 32, 32, 32, 32, 32, 32, 32, 32, 32, 32, 32, 32, 32, 32, 32, 32, 32, 32, 32, 32, 32, 32, 32, 94, 92, 110, 92, 47, 85, 115, 101, 114, 115, 92, 47, 114, 117, 110, 110, 101, 114, 92, 47, 119, 111, 114, 107, 92, 47, 105, 111, 115, 65, 112, 112, 92, 47, 105, 111, 115, 65, 112, 112, 92, 47, 105, 111, 115, 65, 112, 112, 92, 47, 84, 104, 101, 109, 101, 92, 47, 65, 112, 112, 67, 111, 108, 111, 114, 115, 46, 115, 119, 105, 102, 116, 58, 52, 54, 58, 53, 58, 32, 110, 111, 116, 101, 58, 32, 102, 111, 117, 110, 100, 32, 116, 104, 105, 115, 32, 99, 97, 110, 100, 105, 100, 97, 116, 101, 92, 110, 32, 32, 32, 32, 105, 110, 105, 116, 40, 104, 101, 120, 58, 32, 83, 116, 114, 105, 110, 103, 41, 32, 123, 92, 110, 32, 32, 32, 32, 94, 92, 110, 92, 47, 85, 115, 101, 114, 115, 92, 47, 114, 117, 110, 110, 101, 114, 92, 47, 119, 111, 114, 107, 92, 47, 105, 111, 115, 65, 112, 112, 92, 47, 105, 111, 115, 65, 112, 112, 92, 47, 105, 111, 115, 65, 112, 112, 92, 47, 86, 105, 101, 119, 115, 92, 47, 83, 99, 114, 101, 101, 110, 115, 92, 47, 65, 100, 109, 105, 110, 92, 47, 83, 117, 112, 101, 114, 65, 100, 109, 105, 110, 80, 111, 114, 116, 97, 108, 86, 105, 101, 119, 46, 115, 119, 105, 102, 116, 58, 53, 52, 54, 58, 53, 58, 32, 110, 111, 116, 101, 58, 32, 102, 111, 117, 110, 100, 32, 116, 104, 105, 115, 32, 99, 97, 110, 100, 105, 100, 97, 116, 101, 92, 110, 32, 32, 32, 32, 105, 110, 105, 116, 40, 104, 101, 120, 58, 32, 83, 116, 114, 105, 110, 103, 41, 32, 123, 92, 110, 32, 32, 32, 32, 94, 92, 110, 92, 47, 85, 115, 101, 114, 115, 92, 47, 114, 117, 110, 110, 101, 114, 92, 47, 119, 111, 114, 107, 92, 47, 105, 111, 115, 65, 112, 112, 92, 47, 105, 111, 115, 65, 112, 112, 92, 47, 105, 111, 115, 65, 112, 112, 92, 47, 84, 104, 101, 109, 101, 92, 47, 65, 112, 112, 67, 111, 108, 111, 114, 115, 46, 115, 119, 105, 102, 116, 58, 50, 56, 58, 50, 57, 58, 32, 101, 114, 114, 111, 114, 58, 32, 97, 109, 98, 105, 103, 117, 111, 117, 115, 32, 117, 115, 101, 32, 111, 102, 32, 39, 105, 110, 105, 116, 40, 104, 101, 120, 58, 41, 39, 92, 110, 32, 32, 32, 32, 115, 116, 97, 116, 105, 99, 32, 108, 101, 116, 32, 97, 112, 112, 68, 105, 118, 105, 100, 101, 114, 32, 61, 32, 67, 111, 108, 111, 114, 40, 104, 101, 120, 58, 32, 92, 34, 35, 67, 66, 68, 53, 69, 49, 92, 34, 41, 92, 110, 32, 32, 32, 32, 32, 32, 32, 32, 32, 32, 32, 32, 32, 32, 32, 32, 32, 32, 32, 32, 32, 32, 32, 32, 32, 32, 32, 32, 94, 92, 110, 92, 47, 85, 115, 101, 114, 115, 92, 47, 114, 117, 110, 110, 101, 114, 92, 47, 119, 111, 114, 107, 92, 47, 105, 111, 115, 65, 112, 112, 92, 47, 105, 111, 115, 65, 112, 112, 92, 47, 105, 111, 115, 65, 112, 112, 92, 47, 84, 104, 101, 109, 101, 92, 47, 65, 112, 112, 67, 111, 108, 111, 114, 115, 46, 115, 119, 105, 102, 116, 58, 52, 54, 58, 53, 58, 32, 110, 111, 116, 101, 58, 32, 102, 111, 117, 110, 100, 32, 116, 104, 105, 115, 32, 99, 97, 110, 100, 105, 100, 97, 116, 101, 92, 110, 32, 32, 32, 32, 105, 110, 105, 116, 40, 104, 101, 120, 58, 32, 83, 116, 114, 105, 110, 103, 41, 32, 123, 92, 110, 32, 32, 32, 32, 94, 92, 110, 92, 47, 85, 115, 101, 114, 115, 92, 47, 114, 117, 110, 110, 101, 114, 92, 47, 119, 111, 114, 107, 92, 47, 105, 111, 115, 65, 112, 112, 92, 47, 105, 111, 115, 65, 112, 112, 92, 47, 105, 111, 115, 65, 112, 112, 92, 47, 86, 105, 101, 119, 115, 92, 47, 83, 99, 114, 101, 101, 110, 115, 92, 47, 65, 100, 109, 105, 110, 92, 47, 83, 117, 112, 101, 114, 65, 100, 109, 105, 110, 80, 111, 114, 116, 97, 108, 86, 105, 101, 119, 46, 115, 119, 105, 102, 116, 58, 53, 52, 54, 58, 53, 58, 32, 110, 111, 116, 101, 58, 32, 102, 111, 117, 110, 100, 32, 116, 104, 105, 115, 32, 99, 97, 110, 100, 105, 100, 97, 116, 101, 92, 110, 32, 32, 32, 32, 105, 110, 105, 116, 40, 104, 101, 120, 58, 32, 83, 116, 114, 105, 110, 103, 41, 32, 123, 92, 110, 32, 32, 32, 32, 94, 92, 110, 92, 47, 85, 115, 101, 114, 115, 92, 47, 114, 117, 110, 110, 101, 114, 92, 47, 119, 111, 114, 107, 92, 47, 105, 111, 115, 65, 112, 112, 92, 47, 105, 111, 115, 65, 112, 112, 92, 47, 105, 111, 115, 65, 112, 112, 92, 47, 84, 104, 101, 109, 101, 92, 47, 65, 112, 112, 67, 111, 108, 111, 114, 115, 46, 115, 119, 105, 102, 116, 58, 51, 49, 58, 50, 57, 58, 32, 101, 114, 114, 111, 114, 58, 32, 97, 109, 98, 105, 103, 117, 111, 117, 115, 32, 117, 115, 101, 32, 111, 102, 32, 39, 105, 110, 105, 116, 40, 104, 101, 120, 58, 41, 39, 92, 110, 32, 32, 32, 32, 115, 116, 97, 116, 105, 99, 32, 108, 101, 116, 32, 97, 112, 112, 83, 117, 99, 99, 101, 115, 115, 32, 61, 32, 67, 111, 108, 111, 114, 40, 104, 101, 120, 58, 32, 92, 34, 35, 49, 48, 66, 57, 56, 49, 92, 34, 41, 92, 110, 32, 32, 32, 32, 32, 32, 32, 32, 32, 32, 32, 32, 32, 32, 32, 32, 32, 32, 32, 32, 32, 32, 32, 32, 32, 32, 32, 32, 94, 92, 110, 92, 47, 85, 115, 101, 114, 115, 92, 47, 114, 117, 110, 110, 101, 114, 92, 47, 119, 111, 114, 107, 92, 47, 105, 111, 115, 65, 112, 112, 92, 47, 105, 111, 115, 65, 112, 112, 92, 47, 105, 111, 115, 65, 112, 112, 92, 47, 84, 104, 101, 109, 101, 92, 47, 65, 112, 112, 67, 111, 108, 111, 114, 115, 46, 115, 119, 105, 102, 116, 58, 52, 54, 58, 53, 58, 32, 110, 111, 116, 101, 58, 32, 102, 111, 117, 110, 100, 32, 116, 104, 105, 115, 32, 99, 97, 110, 100, 105, 100, 97, 116, 101, 92, 110, 32, 32, 32, 32, 105, 110, 105, 116, 40, 104, 101, 120, 58, 32, 83, 116, 114, 105, 110, 103, 41, 32, 123, 92, 110, 32, 32, 32, 32, 94, 92, 110, 92, 47, 85, 115, 101, 114, 115, 92, 47, 114, 117, 110, 110, 101, 114, 92, 47, 119, 111, 114, 107, 92, 47, 105, 111, 115, 65, 112, 112, 92, 47, 105, 111, 115, 65, 112, 112, 92, 47, 105, 111, 115, 65, 112, 112, 92, 47, 86, 105, 101, 119, 115, 92, 47, 83, 99, 114, 101, 101, 110, 115, 92, 47, 65, 100, 109, 105, 110, 92, 47, 83, 117, 112, 101, 114, 65, 100, 109, 105, 110, 80, 111, 114, 116, 97, 108, 86, 105, 101, 119, 46, 115, 119, 105, 102, 116, 58, 53, 52, 54, 58, 53, 58, 32, 110, 111, 116, 101, 58, 32, 102, 111, 117, 110, 100, 32, 116, 104, 105, 115, 32, 99, 97, 110, 100, 105, 100, 97, 116, 101, 92, 110, 32, 32, 32, 32, 105, 110, 105, 116, 40, 104, 101, 120, 58, 32, 83, 116, 114, 105, 110, 103, 41, 32, 123, 92, 110, 32, 32, 32, 32, 94, 92, 110, 92, 47, 85, 115, 101, 114, 115, 92, 47, 114, 117, 110, 110, 101, 114, 92, 47, 119, 111, 114, 107, 92, 47, 105, 111, 115, 65, 112, 112, 92, 47, 105, 111, 115, 65, 112, 112, 92, 47, 105, 111, 115, 65, 112, 112, 92, 47, 84, 104, 101, 109, 101, 92, 47, 65, 112, 112, 67, 111, 108, 111, 114, 115, 46, 115, 119, 105, 102, 116, 58, 51, 50, 58, 50, 57, 58, 32, 101, 114, 114, 111, 114, 58, 32, 97, 109, 98, 105, 103, 117, 111, 117, 115, 32, 117, 115, 101, 32, 111, 102, 32, 39, 105, 110, 105, 116, 40, 104, 101, 120, 58, 41, 39, 92, 110, 32, 32, 32, 32, 115, 116, 97, 116, 105, 99, 32, 108, 101, 116, 32, 97, 112, 112, 87, 97, 114, 110, 105, 110, 103, 32, 61, 32, 67, 111, 108, 111, 114, 40, 104, 101, 120, 58, 32, 92, 34, 35, 70, 53, 57, 69, 48, 66, 92, 34, 41, 92, 110, 32, 32, 32, 32, 32, 32, 32, 32, 32, 32, 32, 32, 32, 32, 32, 32, 32, 32, 32, 32, 32, 32, 32, 32, 32, 32, 32, 32, 94, 92, 110, 92, 47, 85, 115, 101, 114, 115, 92, 47, 114, 117, 110, 110, 101, 114, 92, 47, 119, 111, 114, 107, 92, 47, 105, 111, 115, 65, 112, 112, 92, 47, 105, 111, 115, 65, 112, 112, 92, 47, 105, 111, 115, 65, 112, 112, 92, 47, 84, 104, 101, 109, 101, 92, 47, 65, 112, 112, 67, 111, 108, 111, 114, 115, 46, 115, 119, 105, 102, 116, 58, 52, 54, 58, 53, 58, 32, 110, 111, 116, 101, 58, 32, 102, 111, 117, 110, 100, 32, 116, 104, 105, 115, 32, 99, 97, 110, 100, 105, 100, 97, 116, 101, 92, 110, 32, 32, 32, 32, 105, 110, 105, 116, 40, 104, 101, 120, 58, 32, 83, 116, 114, 105, 110, 103, 41, 32, 123, 92, 110, 32, 32, 32, 32, 94, 92, 110, 92, 47, 85, 115, 101, 114, 115, 92, 47, 114, 117, 110, 110, 101, 114, 92, 47, 119, 111, 114, 107, 92, 47, 105, 111, 115, 65, 112, 112, 92, 47, 105, 111, 115, 65, 112, 112, 92, 47, 105, 111, 115, 65, 112, 112, 92, 47, 86, 105, 101, 119, 115, 92, 47, 83, 99, 114, 101, 101, 110, 115, 92, 47, 65, 100, 109, 105, 110, 92, 47, 83, 117, 112, 101, 114, 65, 100, 109, 105, 110, 80, 111, 114, 116, 97, 108, 86, 105, 101, 119, 46, 115, 119, 105, 102, 116, 58, 53, 52, 54, 58, 53, 58, 32, 110, 111, 116, 101, 58, 32, 102, 111, 117, 110, 100, 32, 116, 104, 105, 115, 32, 99, 97, 110, 100, 105, 100, 97, 116, 101, 92, 110, 32, 32, 32, 32, 105, 110, 105, 116, 40, 104, 101, 120, 58, 32, 83, 116, 114, 105, 110, 103, 41, 32, 123, 92, 110, 32, 32, 32, 32, 94, 92, 110, 92, 47, 85, 115, 101, 114, 115, 92, 47, 114, 117, 110, 110, 101, 114, 92, 47, 119, 111, 114, 107, 92, 47, 105, 111, 115, 65, 112, 112, 92, 47, 105, 111, 115, 65, 112, 112, 92, 47, 105, 111, 115, 65, 112, 112, 92, 47, 84, 104, 101, 109, 101, 92, 47, 65, 112, 112, 67, 111, 108, 111, 114, 115, 46, 115, 119, 105, 102, 116, 58, 51, 51, 58, 50, 56, 58, 32, 101, 114, 114, 111, 114, 58, 32, 97, 109, 98, 105, 103, 117, 111, 117, 115, 32, 117, 115, 101, 32, 111, 102, 32, 39, 105, 110, 105, 116, 40, 104, 101, 120, 58, 41, 39, 92, 110, 32, 32, 32, 32, 115, 116, 97, 116, 105, 99, 32, 108, 101, 116, 32, 97, 112, 112, 68, 97, 110, 103, 101, 114, 32, 61, 32, 67, 111, 108, 111, 114, 40, 104, 101, 120, 58, 32, 92, 34, 35, 69, 70, 52, 52, 52, 52, 92, 34, 41, 92, 110, 32, 32, 32, 32, 32, 32, 32, 32, 32, 32, 32, 32, 32, 32, 32, 32, 32, 32, 32, 32, 32, 32, 32, 32, 32, 32, 32, 94, 92, 110, 92, 47, 85, 115, 101, 114, 115, 92, 47, 114, 117, 110, 110, 101, 114, 92, 47, 119, 111, 114, 107, 92, 47, 105, 111, 115, 65, 112, 112, 92, 47, 105, 111, 115, 65, 112, 112, 92, 47, 105, 111, 115, 65, 112, 112, 92, 47, 84, 104, 101, 109, 101, 92, 47, 65, 112, 112, 67, 111, 108, 111, 114, 115, 46, 115, 119, 105, 102, 116, 58, 52, 54, 58, 53, 58, 32, 110, 111, 116, 101, 58, 32, 102, 111, 117, 110, 100, 32, 116, 104, 105, 115, 32, 99, 97, 110, 100, 105, 100, 97, 116, 101, 92, 110, 32, 32, 32, 32, 105, 110, 105, 116, 40, 104, 101, 120, 58, 32, 83, 116, 114, 105, 110, 103, 41, 32, 123, 92, 110, 32, 32, 32, 32, 94, 92, 110, 92, 47, 85, 115, 101, 114, 115, 92, 47, 114, 117, 110, 110, 101, 114, 92, 47, 119, 111, 114, 107, 92, 47, 105, 111, 115, 65, 112, 112, 92, 47, 105, 111, 115, 65, 112, 112, 92, 47, 105, 111, 115, 65, 112, 112, 92, 47, 86, 105, 101, 119, 115, 92, 47, 83, 99, 114, 101, 101, 110, 115, 92, 47, 65, 100, 109, 105, 110, 92, 47, 83, 117, 112, 101, 114, 65, 100, 109, 105, 110, 80, 111, 114, 116, 97, 108, 86, 105, 101, 119, 46, 115, 119, 105, 102, 116, 58, 53, 52, 54, 58, 53, 58, 32, 110, 111, 116, 101, 58, 32, 102, 111, 117, 110, 100, 32, 116, 104, 105, 115, 32, 99, 97, 110, 100, 105, 100, 97, 116, 101, 92, 110, 32, 32, 32, 32, 105, 110, 105, 116, 40, 104, 101, 120, 58, 32, 83, 116, 114, 105, 110, 103, 41, 32, 123, 92, 110, 32, 32, 32, 32, 94, 92, 110, 92, 47, 85, 115, 101, 114, 115, 92, 47, 114, 117, 110, 110, 101, 114, 92, 47, 119, 111, 114, 107, 92, 47, 105, 111, 115, 65, 112, 112, 92, 47, 105, 111, 115, 65, 112, 112, 92, 47, 105, 111, 115, 65, 112, 112, 92, 47, 84, 104, 101, 109, 101, 92, 47, 65, 112, 112, 67, 111, 108, 111, 114, 115, 46, 115, 119, 105, 102, 116, 58, 51, 52, 58, 50, 54, 58, 32, 101, 114, 114, 111, 114, 58, 32, 97, 109, 98, 105, 103, 117, 111, 117, 115, 32, 117, 115, 101, 32, 111, 102, 32, 39, 105, 110, 105, 116, 40, 104, 101, 120, 58, 41, 39, 92, 110, 32, 32, 32, 32, 115, 116, 97, 116, 105, 99, 32, 108, 101, 116, 32, 97, 112, 112, 73, 110, 102, 111, 32, 61, 32, 67, 111, 108, 111, 114, 40, 104, 101, 120, 58, 32, 92, 34, 35, 51, 66, 56, 50, 70, 54, 92, 34, 41, 92, 110, 32, 32, 32, 32, 32, 32, 32, 32, 32, 32, 32, 32, 32, 32, 32, 32, 32, 32, 32, 32, 32, 32, 32, 32, 32, 94, 92, 110, 92, 47, 85, 115, 101, 114, 115, 92, 47, 114, 117, 110, 110, 101, 114, 92, 47, 119, 111, 114, 107, 92, 47, 105, 111, 115, 65, 112, 112, 92, 47, 105, 111, 115, 65, 112, 112, 92, 47, 105, 111, 115, 65, 112, 112, 92, 47, 84, 104, 101, 109, 101, 92, 47, 65, 112, 112, 67, 111, 108, 111, 114, 115, 46, 115, 119, 105, 102, 116, 58, 52, 54, 58, 53, 58, 32, 110, 111, 116, 101, 58, 32, 102, 111, 117, 110, 100, 32, 116, 104, 105, 115, 32, 99, 97, 110, 100, 105, 100, 97, 116, 101, 92, 110, 32, 32, 32, 32, 105, 110, 105, 116, 40, 104, 101, 120, 58, 32, 83, 116, 114, 105, 110, 103, 41, 32, 123, 92, 110, 32, 32, 32, 32, 94, 92, 110, 92, 47, 85, 115, 101, 114, 115, 92, 47, 114, 117, 110, 110, 101, 114, 92, 47, 119, 111, 114, 107, 92, 47, 105, 111, 115, 65, 112, 112, 92, 47, 105, 111, 115, 65, 112, 112, 92, 47, 105, 111, 115, 65, 112, 112, 92, 47, 86, 105, 101, 119, 115, 92, 47, 83, 99, 114, 101, 101, 110, 115, 92, 47, 65, 100, 109, 105, 110, 92, 47, 83, 117, 112, 101, 114, 65, 100, 109, 105, 110, 80, 111, 114, 116, 97, 108, 86, 105, 101, 119, 46, 115, 119, 105, 102, 116, 58, 53, 52, 54, 58, 53, 58, 32, 110, 111, 116, 101, 58, 32, 102, 111, 117, 110, 100, 32, 116, 104, 105, 115, 32, 99, 97, 110, 100, 105, 100, 97, 116, 101, 92, 110, 32, 32, 32, 32, 105, 110, 105, 116, 40, 104, 101, 120, 58, 32, 83, 116, 114, 105, 110, 103, 41, 32, 123, 92, 110, 32, 32, 32, 32, 94, 92, 110, 92, 47, 85, 115, 101, 114, 115, 92, 47, 114, 117, 110, 110, 101, 114, 92, 47, 119, 111, 114, 107, 92, 47, 105, 111, 115, 65, 112, 112, 92, 47, 105, 111, 115, 65, 112, 112, 92, 47, 105, 111, 115, 65, 112, 112, 92, 47, 84, 104, 101, 109, 101, 92, 47, 65, 112, 112, 67, 111, 108, 111, 114, 115, 46, 115, 119, 105, 102, 116, 58, 51, 55, 58, 50, 56, 58, 32, 101, 114, 114, 111, 114, 58, 32, 97, 109, 98, 105, 103, 117, 111, 117, 115, 32, 117, 115, 101, 32, 111, 102, 32, 39, 105, 110, 105, 116, 40, 104, 101, 120, 58, 41, 39, 92, 110, 32, 32, 32, 32, 115, 116, 97, 116, 105, 99, 32, 108, 101, 116, 32, 115, 116, 97, 116, 117, 115, 78, 101, 119, 32, 61, 32, 67, 111, 108, 111, 114, 40, 104, 101, 120, 58, 32, 92, 34, 35, 51, 66, 56, 50, 70, 54, 92, 34, 41, 32, 32, 32, 32, 32, 32, 32, 32, 32, 32, 92, 47, 92, 47, 32, 77, 225, 187, 155, 105, 32, 110, 104, 225, 186, 173, 112, 32, 45, 32, 88, 97, 110, 104, 32, 100, 198, 176, 198, 161, 110, 103, 92, 110, 92, 47, 85, 115, 101, 114, 115, 92, 47, 114, 117, 110, 110, 101, 114, 92, 47, 119, 111, 114, 107, 92, 47, 105, 111, 115, 65, 112, 112, 92, 47, 105, 111, 115, 65, 112, 112, 92, 47, 105, 111, 115, 65, 112, 112, 92, 47, 84, 104, 101, 109, 101, 92, 47, 65, 112, 112, 67, 111, 108, 111, 114, 115, 46, 115, 119, 105, 102, 116, 58, 52, 54, 58, 53, 58, 32, 110, 111, 116, 101, 58, 32, 102, 111, 117, 110, 100, 32, 116, 104, 105, 115, 32, 99, 97, 110, 100, 105, 100, 97, 116, 101, 92, 110, 32, 32, 32, 32, 105, 110, 105, 116, 40, 104, 101, 120, 58, 32, 83, 116, 114, 105, 110, 103, 41, 32, 123, 92, 110, 32, 32, 32, 32, 94, 92, 110, 92, 47, 85, 115, 101, 114, 115, 92, 47, 114, 117, 110, 110, 101, 114, 92, 47, 119, 111, 114, 107, 92, 47, 105, 111, 115, 65, 112, 112, 92, 47, 105, 111, 115, 65, 112, 112, 92, 47, 105, 111, 115, 65, 112, 112, 92, 47, 86, 105, 101, 119, 115, 92, 47, 83, 99, 114, 101, 101, 110, 115, 92, 47, 65, 100, 109, 105, 110, 92, 47, 83, 117, 112, 101, 114, 65, 100, 109, 105, 110, 80, 111, 114, 116, 97, 108, 86, 105, 101, 119, 46, 115, 119, 105, 102, 116, 58, 53, 52, 54, 58, 53, 58, 32, 110, 111, 116, 101, 58, 32, 102, 111, 117, 110, 100, 32, 116, 104, 105, 115, 32, 99, 97, 110, 100, 105, 100, 97, 116, 101, 92, 110, 32, 32, 32, 32, 105, 110, 105, 116, 40, 104, 101, 120, 58, 32, 83, 116, 114, 105, 110, 103, 41, 32, 123, 92, 110, 32, 32, 32, 32, 94, 92, 110, 92, 47, 85, 115, 101, 114, 115, 92, 47, 114, 117, 110, 110, 101, 114, 92, 47, 119, 111, 114, 107, 92, 47, 105, 111, 115, 65, 112, 112, 92, 47, 105, 111, 115, 65, 112, 112, 92, 47, 105, 111, 115, 65, 112, 112, 92, 47, 84, 104, 101, 109, 101, 92, 47, 65, 112, 112, 67, 111, 108, 111, 114, 115, 46, 115, 119, 105, 102, 116, 58, 51, 56, 58, 51, 50, 58, 32, 101, 114, 114, 111, 114, 58, 32, 97, 109, 98, 105, 103, 117, 111, 117, 115, 32, 117, 115, 101, 32, 111, 102, 32, 39, 105, 110, 105, 116, 40, 104, 101, 120, 58, 41, 39, 92, 110, 32, 32, 32, 32, 115, 116, 97, 116, 105, 99, 32, 108, 101, 116, 32, 115, 116, 97, 116, 117, 115, 73, 110, 83, 116, 111, 99, 107, 32, 61, 32, 67, 111, 108, 111, 114, 40, 104, 101, 120, 58, 32, 92, 34, 35, 49, 48, 66, 57, 56, 49, 92, 34, 41, 32, 32, 32, 32, 32, 92, 47, 92, 47, 32, 84, 114, 111, 110, 103, 32, 107, 104, 111, 32, 40, 83, 225, 186, 181, 110, 32, 115, 195, 160, 110, 103, 41, 32, 45, 32, 88, 97, 110, 104, 32, 108, 195, 161, 92, 110, 92, 47, 85, 115, 101, 114, 115, 92, 47, 114, 117, 110, 110, 101, 114, 92, 47, 119, 111, 114, 107, 92, 47, 105, 111, 115, 65, 112, 112, 92, 47, 105, 111, 115, 65, 112, 112, 92, 47, 105, 111, 115, 65, 112, 112, 92, 47, 84, 104, 101, 109, 101, 92, 47, 65, 112, 112, 67, 111, 108, 111, 114, 115, 46, 115, 119, 105, 102, 116, 58, 52, 54, 58, 53, 58, 32, 110, 111, 116, 101, 58, 32, 102, 111, 117, 110, 100, 32, 116, 104, 105, 115, 32, 99, 97, 110, 100, 105, 100, 97, 116, 101, 92, 110, 32, 32, 32, 32, 105, 110, 105, 116, 40, 104, 101, 120, 58, 32, 83, 116, 114, 105, 110, 103, 41, 32, 123, 92, 110, 32, 32, 32, 32, 94, 92, 110, 92, 47, 85, 115, 101, 114, 115, 92, 47, 114, 117, 110, 110, 101, 114, 92, 47, 119, 111, 114, 107, 92, 47, 105, 111, 115, 65, 112, 112, 92, 47, 105, 111, 115, 65, 112, 112, 92, 47, 105, 111, 115, 65, 112, 112, 92, 47, 86, 105, 101, 119, 115, 92, 47, 83, 99, 114, 101, 101, 110, 115, 92, 47, 65, 100, 109, 105, 110, 92, 47, 83, 117, 112, 101, 114, 65, 100, 109, 105, 110, 80, 111, 114, 116, 97, 108, 86, 105, 101, 119, 46, 115, 119, 105, 102, 116, 58, 53, 52, 54, 58, 53, 58, 32, 110, 111, 116, 101, 58, 32, 102, 111, 117, 110, 100, 32, 116, 104, 105, 115, 32, 99, 97, 110, 100, 105, 100, 97, 116, 101, 92, 110, 32, 32, 32, 32, 105, 110, 105, 116, 40, 104, 101, 120, 58, 32, 83, 116, 114, 105, 110, 103, 41, 32, 123, 92, 110, 32, 32, 32, 32, 94, 92, 110, 92, 47, 85, 115, 101, 114, 115, 92, 47, 114, 117, 110, 110, 101, 114, 92, 47, 119, 111, 114, 107, 92, 47, 105, 111, 115, 65, 112, 112, 92, 47, 105, 111, 115, 65, 112, 112, 92, 47, 105, 111, 115, 65, 112, 112, 92, 47, 84, 104, 101, 109, 101, 92, 47, 65, 112, 112, 67, 111, 108, 111, 114, 115, 46, 115, 119, 105, 102, 116, 58, 51, 57, 58, 51, 48, 58, 32, 101, 114, 114, 111, 114, 58, 32, 97, 109, 98, 105, 103, 117, 111, 117, 115, 32, 117, 115, 101, 32, 111, 102, 32, 39, 105, 110, 105, 116, 40, 104, 101, 120, 58, 41, 39, 92, 110, 32, 32, 32, 32, 115, 116, 97, 116, 105, 99, 32, 108, 101, 116, 32, 115, 116, 97, 116, 117, 115, 73, 110, 85, 115, 101, 32, 61, 32, 67, 111, 108, 111, 114, 40, 104, 101, 120, 58, 32, 92, 34, 35, 56, 66, 53, 67, 70, 54, 92, 34, 41, 32, 32, 32, 32, 32, 32, 32, 92, 47, 92, 47, 32, 196, 144, 97, 110, 103, 32, 115, 225, 187, 173, 32, 100, 225, 187, 165, 110, 103, 32, 45, 32, 84, 195, 173, 109, 92, 110, 92, 47, 85, 115, 101, 114, 115, 92, 47, 114, 117, 110, 110, 101, 114, 92, 47, 119, 111, 114, 107, 92, 47, 105, 111, 115, 65, 112, 112, 92, 47, 105, 111, 115, 65, 112, 112, 92, 47, 105, 111, 115, 65, 112, 112, 92, 47, 84, 104, 101, 109, 101, 92, 47, 65, 112, 112, 67, 111, 108, 111, 114, 115, 46, 115, 119, 105, 102, 116, 58, 52, 54, 58, 53, 58, 32, 110, 111, 116, 101, 58, 32, 102, 111, 117, 110, 100, 32, 116, 104, 105, 115, 32, 99, 97, 110, 100, 105, 100, 97, 116, 101, 92, 110, 32, 32, 32, 32, 105, 110, 105, 116, 40, 104, 101, 120, 58, 32, 83, 116, 114, 105, 110, 103, 41, 32, 123, 92, 110, 32, 32, 32, 32, 94, 92, 110, 92, 47, 85, 115, 101, 114, 115, 92, 47, 114, 117, 110, 110, 101, 114, 92, 47, 119, 111, 114, 107, 92, 47, 105, 111, 115, 65, 112, 112, 92, 47, 105, 111, 115, 65, 112, 112, 92, 47, 105, 111, 115, 65, 112, 112, 92, 47, 86, 105, 101, 119, 115, 92, 47, 83, 99, 114, 101, 101, 110, 115, 92, 47, 65, 100, 109, 105, 110, 92, 47, 83, 117, 112, 101, 114, 65, 100, 109, 105, 110, 80, 111, 114, 116, 97, 108, 86, 105, 101, 119, 46, 115, 119, 105, 102, 116, 58, 53, 52, 54, 58, 53, 58, 32, 110, 111, 116, 101, 58, 32, 102, 111, 117, 110, 100, 32, 116, 104, 105, 115, 32, 99, 97, 110, 100, 105, 100, 97, 116, 101, 92, 110, 32, 32, 32, 32, 105, 110, 105, 116, 40, 104, 101, 120, 58, 32, 83, 116, 114, 105, 110, 103, 41, 32, 123, 92, 110, 32, 32, 32, 32, 94, 92, 110, 92, 47, 85, 115, 101, 114, 115, 92, 47, 114, 117, 110, 110, 101, 114, 92, 47, 119, 111, 114, 107, 92, 47, 105, 111, 115, 65, 112, 112, 92, 47, 105, 111, 115, 65, 112, 112, 92, 47, 105, 111, 115, 65, 112, 112, 92, 47, 84, 104, 101, 109, 101, 92, 47, 65, 112, 112, 67, 111, 108, 111, 114, 115, 46, 115, 119, 105, 102, 116, 58, 52, 48, 58, 51, 49, 58, 32, 101, 114, 114, 111, 114, 58, 32, 97, 109, 98, 105, 103, 117, 111, 117, 115, 32, 117, 115, 101, 32, 111, 102, 32, 39, 105, 110, 105, 116, 40, 104, 101, 120, 58, 41, 39, 92, 110, 32, 32, 32, 32, 115, 116, 97, 116, 105, 99, 32, 108, 101, 116, 32, 115, 116, 97, 116, 117, 115, 79, 110, 76, 111, 97, 110, 32, 61, 32, 67, 111, 108, 111, 114, 40, 104, 101, 120, 58, 32, 92, 34, 35, 69, 67, 52, 56, 57, 57, 92, 34, 41, 32, 32, 32, 32, 32, 32, 92, 47, 92, 47, 32, 196, 144, 97, 110, 103, 32, 99, 104, 111, 32, 109, 198, 176, 225, 187, 163, 110, 32, 45, 32, 72, 225, 187, 147, 110, 103, 32, 196, 145, 225, 186, 173, 109, 92, 110, 92, 47, 85, 115, 101, 114, 115, 92, 47, 114, 117, 110, 110, 101, 114, 92, 47, 119, 111, 114, 107, 92, 47, 105, 111, 115, 65, 112, 112, 92, 47, 105, 111, 115, 65, 112, 112, 92, 47, 105, 111, 115, 65, 112, 112, 92, 47, 84, 104, 101, 109, 101, 92, 47, 65, 112, 112, 67, 111, 108, 111, 114, 115, 46, 115, 119, 105, 102, 116, 58, 52, 54, 58, 53, 58, 32, 110, 111, 116, 101, 58, 32, 102, 111, 117, 110, 100, 32, 116, 104, 105, 115, 32, 99, 97, 110, 100, 105, 100, 97, 116, 101, 92, 110, 32, 32, 32, 32, 105, 110, 105, 116, 40, 104, 101, 120, 58, 32, 83, 116, 114, 105, 110, 103, 41, 32, 123, 92, 110, 32, 32, 32, 32, 94, 92, 110, 92, 47, 85, 115, 101, 114, 115, 92, 47, 114, 117, 110, 110, 101, 114, 92, 47, 119, 111, 114, 107, 92, 47, 105, 111, 115, 65, 112, 112, 92, 47, 105, 111, 115, 65, 112, 112, 92, 47, 105, 111, 115, 65, 112, 112, 92, 47, 86, 105, 101, 119, 115, 92, 47, 83, 99, 114, 101, 101, 110, 115, 92, 47, 65, 100, 109, 105, 110, 92, 47, 83, 117, 112, 101, 114, 65, 100, 109, 105, 110, 80, 111, 114, 116, 97, 108, 86, 105, 101, 119, 46, 115, 119, 105, 102, 116, 58, 53, 52, 54, 58, 53, 58, 32, 110, 111, 116, 101, 58, 32, 102, 111, 117, 110, 100, 32, 116, 104, 105, 115, 32, 99, 97, 110, 100, 105, 100, 97, 116, 101, 92, 110, 32, 32, 32, 32, 105, 110, 105, 116, 40, 104, 101, 120, 58, 32, 83, 116, 114, 105, 110, 103, 41, 32, 123, 92, 110, 32, 32, 32, 32, 94, 92, 110, 92, 47, 85, 115, 101, 114, 115, 92, 47, 114, 117, 110, 110, 101, 114, 92, 47, 119, 111, 114, 107, 92, 47, 105, 111, 115, 65, 112, 112, 92, 47, 105, 111, 115, 65, 112, 112, 92, 47, 105, 111, 115, 65, 112, 112, 92, 47, 84, 104, 101, 109, 101, 92, 47, 65, 112, 112, 67, 111, 108, 111, 114, 115, 46, 115, 119, 105, 102, 116, 58, 52, 49, 58, 51, 49, 58, 32, 101, 114, 114, 111, 114, 58, 32, 97, 109, 98, 105, 103, 117, 111, 117, 115, 32, 117, 115, 101, 32, 111, 102, 32, 39, 105, 110, 105, 116, 40, 104, 101, 120, 58, 41, 39, 92, 110, 32, 32, 32, 32, 115, 116, 97, 116, 105, 99, 32, 108, 101, 116, 32, 115, 116, 97, 116, 117, 115, 82, 101, 112, 97, 105, 114, 32, 61, 32, 67, 111, 108, 111, 114, 40, 104, 101, 120, 58, 32, 92, 34, 35, 70, 53, 57, 69, 48, 66, 92, 34, 41, 32, 32, 32, 32, 32, 32, 92, 47, 92, 47, 32, 196, 144, 97, 110, 103, 32, 115, 225, 187, 173, 97, 32, 99, 104, 225, 187, 175, 97, 32, 45, 32, 86, 195, 160, 110, 103, 32, 99, 97, 109, 92, 110, 92, 47, 85, 115, 101, 114, 115, 92, 47, 114, 117, 110, 110, 101, 114, 92, 47, 119, 111, 114, 107, 92, 47, 105, 111, 115, 65, 112, 112, 92, 47, 105, 111, 115, 65, 112, 112, 92, 47, 105, 111, 115, 65, 112, 112, 92, 47, 84, 104, 101, 109, 101, 92, 47, 65, 112, 112, 67, 111, 108, 111, 114, 115, 46, 115, 119, 105, 102, 116, 58, 52, 54, 58, 53, 58, 32, 110, 111, 116, 101, 58, 32, 102, 111, 117, 110, 100, 32, 116, 104, 105, 115, 32, 99, 97, 110, 100, 105, 100, 97, 116, 101, 92, 110, 32, 32, 32, 32, 105, 110, 105, 116, 40, 104, 101, 120, 58, 32, 83, 116, 114, 105, 110, 103, 41, 32, 123, 92, 110, 32, 32, 32, 32, 94, 92, 110, 92, 47, 85, 115, 101, 114, 115, 92, 47, 114, 117, 110, 110, 101, 114, 92, 47, 119, 111, 114, 107, 92, 47, 105, 111, 115, 65, 112, 112, 92, 47, 105, 111, 115, 65, 112, 112, 92, 47, 105, 111, 115, 65, 112, 112, 92, 47, 86, 105, 101, 119, 115, 92, 47, 83, 99, 114, 101, 101, 110, 115, 92, 47, 65, 100, 109, 105, 110, 92, 47, 83, 117, 112, 101, 114, 65, 100, 109, 105, 110, 80, 111, 114, 116, 97, 108, 86, 105, 101, 119, 46, 115, 119, 105, 102, 116, 58, 53, 52, 54, 58, 53, 58, 32, 110, 111, 116, 101, 58, 32, 102, 111, 117, 110, 100, 32, 116, 104, 105, 115, 32, 99, 97, 110, 100, 105, 100, 97, 116, 101, 92, 110, 32, 32, 32, 32, 105, 110, 105, 116, 40, 104, 101, 120, 58, 32, 83, 116, 114, 105, 110, 103, 41, 32, 123, 92, 110, 32, 32, 32, 32, 94, 92, 110, 92, 47, 85, 115, 101, 114, 115, 92, 47, 114, 117, 110, 110, 101, 114, 92, 47, 119, 111, 114, 107, 92, 47, 105, 111, 115, 65, 112, 112, 92, 47, 105, 111, 115, 65, 112, 112, 92, 47, 105, 111, 115, 65, 112, 112, 92, 47, 84, 104, 101, 109, 101, 92, 47, 65, 112, 112, 67, 111, 108, 111, 114, 115, 46, 115, 119, 105, 102, 116, 58, 52, 50, 58, 51, 49, 58, 32, 101, 114, 114, 111, 114, 58, 32, 97, 109, 98, 105, 103, 117, 111, 117, 115, 32, 117, 115, 101, 32, 111, 102, 32, 39, 105, 110, 105, 116, 40, 104, 101, 120, 58, 41, 39, 92, 110, 32, 32, 32, 32, 115, 116, 97, 116, 105, 99, 32, 108, 101, 116, 32, 115, 116, 97, 116, 117, 115, 66, 114, 111, 107, 101, 110, 32, 61, 32, 67, 111, 108, 111, 114, 40, 104, 101, 120, 58, 32, 92, 34, 35, 69, 70, 52, 52, 52, 52, 92, 34, 41, 32, 32, 32, 32, 32, 32, 92, 47, 92, 47, 32, 72, 225, 187, 143, 110, 103, 32, 92, 47, 32, 67, 104, 225, 187, 157, 32, 120, 225, 187, 173, 32, 108, 195, 189, 32, 45, 32, 196, 144, 225, 187, 143, 92, 110, 92, 47, 85, 115, 101, 114, 115, 92, 47, 114, 117, 110, 110, 101, 114, 92, 47, 119, 111, 114, 107, 92, 47, 105, 111, 115, 65, 112, 112, 92, 47, 105, 111, 115, 65, 112, 112, 92, 47, 105, 111, 115, 65, 112, 112, 92, 47, 84, 104, 101, 109, 101, 92, 47, 65, 112, 112, 67, 111, 108, 111, 114, 115, 46, 115, 119, 105, 102, 116, 58, 52, 54, 58, 53, 58, 32, 110, 111, 116, 101, 58, 32, 102, 111, 117, 110, 100, 32, 116, 104, 105, 115, 32, 99, 97, 110, 100, 105, 100, 97, 116, 101, 92, 110, 32, 32, 32, 32, 105, 110, 105, 116, 40, 104, 101, 120, 58, 32, 83, 116, 114, 105, 110, 103, 41, 32, 123, 92, 110, 32, 32, 32, 32, 94, 92, 110, 92, 47, 85, 115, 101, 114, 115, 92, 47, 114, 117, 110, 110, 101, 114, 92, 47, 119, 111, 114, 107, 92, 47, 105, 111, 115, 65, 112, 112, 92, 47, 105, 111, 115, 65, 112, 112, 92, 47, 105, 111, 115, 65, 112, 112, 92, 47, 86, 105, 101, 119, 115, 92, 47, 83, 99, 114, 101, 101, 110, 115, 92, 47, 65, 100, 109, 105, 110, 92, 47, 83, 117, 112, 101, 114, 65, 100, 109, 105, 110, 80, 111, 114, 116, 97, 108, 86, 105, 101, 119, 46, 115, 119, 105, 102, 116, 58, 53, 52, 54, 58, 53, 58, 32, 110, 111, 116, 101, 58, 32, 102, 111, 117, 110, 100, 32, 116, 104, 105, 115, 32, 99, 97, 110, 100, 105, 100, 97, 116, 101, 92, 110, 32, 32, 32, 32, 105, 110, 105, 116, 40, 104, 101, 120, 58, 32, 83, 116, 114, 105, 110, 103, 41, 32, 123, 92, 110, 32, 32, 32, 32, 94, 92, 110, 92, 47, 85, 115, 101, 114, 115, 92, 47, 114, 117, 110, 110, 101, 114, 92, 47, 119, 111, 114, 107, 92, 47, 105, 111, 115, 65, 112, 112, 92, 47, 105, 111, 115, 65, 112, 112, 92, 47, 105, 111, 115, 65, 112, 112, 92, 47, 84, 104, 101, 109, 101, 92, 47, 65, 112, 112, 67, 111, 108, 111, 114, 115, 46, 115, 119, 105, 102, 116, 58, 52, 51, 58, 51, 53, 58, 32, 101, 114, 114, 111, 114, 58, 32, 97, 109, 98, 105, 103, 117, 111, 117, 115, 32, 117, 115, 101, 32, 111, 102, 32, 39, 105, 110, 105, 116, 40, 104, 101, 120, 58, 41, 39, 92, 110, 32, 32, 32, 32, 115, 116, 97, 116, 105, 99, 32, 108, 101, 116, 32, 115, 116, 97, 116, 117, 115, 76, 105, 113, 117, 105, 100, 97, 116, 101, 100, 32, 61, 32, 67, 111, 108, 111, 114, 40, 104, 101, 120, 58, 32, 92, 34, 35, 54, 66, 55, 50, 56, 48, 92, 34, 41, 32, 32, 92, 47, 92, 47, 32, 196, 144, 195, 163, 32, 116, 104, 97, 110, 104, 32, 108, 195, 189, 32, 45, 32, 88, 195, 161, 109, 92, 110, 92, 47, 85, 115, 101, 114, 115, 92, 47, 114, 117, 110, 110, 101, 114, 92, 47, 119, 111, 114, 107, 92, 47, 105, 111, 115, 65, 112, 112, 92, 47, 105, 111, 115, 65, 112, 112, 92, 47, 105, 111, 115, 65, 112, 112, 92, 47, 84, 104, 101, 109, 101, 92, 47, 65, 112, 112, 67, 111, 108, 111, 114, 115, 46, 115, 119, 105, 102, 116, 58, 52, 54, 58, 53, 58, 32, 110, 111, 116, 101, 58, 32, 102, 111, 117, 110, 100, 32, 116, 104, 105, 115, 32, 99, 97, 110, 100, 105, 100, 97, 116, 101, 92, 110, 32, 32, 32, 32, 105, 110, 105, 116, 40, 104, 101, 120, 58, 32, 83, 116, 114, 105, 110, 103, 41, 32, 123, 92, 110, 32, 32, 32, 32, 94, 92, 110, 92, 47, 85, 115, 101, 114, 115, 92, 47, 114, 117, 110, 110, 101, 114, 92, 47, 119, 111, 114, 107, 92, 47, 105, 111, 115, 65, 112, 112, 92, 47, 105, 111, 115, 65, 112, 112, 92, 47, 105, 111, 115, 65, 112, 112, 92, 47, 86, 105, 101, 119, 115, 92, 47, 83, 99, 114, 101, 101, 110, 115, 92, 47, 65, 100, 109, 105, 110, 92, 47, 83, 117, 112, 101, 114, 65, 100, 109, 105, 110, 80, 111, 114, 116, 97, 108, 86, 105, 101, 119, 46, 115, 119, 105, 102, 116, 58, 53, 52, 54, 58, 53, 58, 32, 110, 111, 116, 101, 58, 32, 102, 111, 117, 110, 100, 32, 116, 104, 105, 115, 32, 99, 97, 110, 100, 105, 100, 97, 116, 101, 92, 110, 32, 32, 32, 32, 105, 110, 105, 116, 40, 104, 101, 120, 58, 32, 83, 116, 114, 105, 110, 103, 41, 32, 123, 92, 110, 32, 32, 32, 32, 94, 92, 110, 92, 47, 85, 115, 101, 114, 115, 92, 47, 114, 117, 110, 110, 101, 114, 92, 47, 119, 111, 114, 107, 92, 47, 105, 111, 115, 65, 112, 112, 92, 47, 105, 111, 115, 65, 112, 112, 92, 47, 105, 111, 115, 65, 112, 112, 92, 47, 84, 104, 101, 109, 101, 92, 47, 65, 112, 112, 67, 111, 108, 111, 114, 115, 46, 115, 119, 105, 102, 116, 58, 52, 54, 58, 53, 58, 32, 101, 114, 114, 111, 114, 58, 32, 105, 110, 118, 97, 108, 105, 100, 32, 114, 101, 100, 101, 99, 108, 97, 114, 97, 116, 105, 111, 110, 32, 111, 102, 32, 39, 105, 110, 105, 116, 40, 104, 101, 120, 58, 41, 39, 92, 110, 32, 32, 32, 32, 105, 110, 105, 116, 40, 104, 101, 120, 58, 32, 83, 116, 114, 105, 110, 103, 41, 32, 123, 92, 110, 32, 32, 32, 32, 94, 92, 110, 92, 47, 85, 115, 101, 114, 115, 92, 47, 114, 117, 110, 110, 101, 114, 92, 47, 119, 111, 114, 107, 92, 47, 105, 111, 115, 65, 112, 112, 92, 47, 105, 111, 115, 65, 112, 112, 92, 47, 105, 111, 115, 65, 112, 112, 92, 47, 86, 105, 101, 119, 115, 92, 47, 83, 99, 114, 101, 101, 110, 115, 92, 47, 65, 100, 109, 105, 110, 92, 47, 83, 117, 112, 101, 114, 65, 100, 109, 105, 110, 80, 111, 114, 116, 97, 108, 86, 105, 101, 119, 46, 115, 119, 105, 102, 116, 58, 53, 52, 54, 58, 53, 58, 32, 110, 111, 116, 101, 58, 32, 39, 105, 110, 105, 116, 40, 104, 101, 120, 58, 41, 39, 32, 112, 114, 101, 118, 105, 111, 117, 115, 108, 121, 32, 100, 101, 99, 108, 97, 114, 101, 100, 32, 104, 101, 114, 101, 92, 110, 32, 32, 32, 32, 105, 110, 105, 116, 40, 104, 101, 120, 58, 32, 83, 116, 114, 105, 110, 103, 41, 32, 123, 92, 110, 32, 32, 32, 32, 94, 92, 110, 92, 47, 85, 115, 101, 114, 115, 92, 47, 114, 117, 110, 110, 101, 114, 92, 47, 119, 111, 114, 107, 92, 47, 105, 111, 115, 65, 112, 112, 92, 47, 105, 111, 115, 65, 112, 112, 92, 47, 105, 111, 115, 65, 112, 112, 92, 47, 86, 105, 101, 119, 115, 92, 47, 83, 99, 114, 101, 101, 110, 115, 92, 47, 65, 100, 109, 105, 110, 92, 47, 83, 117, 112, 101, 114, 65, 100, 109, 105, 110, 80, 111, 114, 116, 97, 108, 86, 105, 101, 119, 46, 115, 119, 105, 102, 116, 58, 53, 52, 54, 58, 53, 58, 32, 110, 111, 116, 101, 58, 32, 39, 105, 110, 105, 116, 40, 104, 101, 120, 58, 41, 39, 32, 112, 114, 101, 118, 105, 111, 117, 115, 108, 121, 32, 100, 101, 99, 108, 97, 114, 101, 100, 32, 104, 101, 114, 101, 92, 110, 32, 32, 32, 32, 105, 110, 105, 116, 40, 104, 101, 120, 58, 32, 83, 116, 114, 105, 110, 103, 41, 32, 123, 92, 110, 32, 32, 32, 32, 94, 92, 110, 92, 47, 85, 115, 101, 114, 115, 92, 47, 114, 117, 110, 110, 101, 114, 92, 47, 119, 111, 114, 107, 92, 47, 105, 111, 115, 65, 112, 112, 92, 47, 105, 111, 115, 65, 112, 112, 92, 47, 105, 111, 115, 65, 112, 112, 92, 47, 86, 105, 101, 119, 77, 111, 100, 101, 108, 115, 92, 47, 68, 101, 118, 105, 99, 101, 86, 105, 101, 119, 77, 111, 100, 101, 108, 46, 115, 119, 105, 102, 116, 58, 49, 56, 57, 58, 56, 54, 58, 32, 101, 114, 114, 111, 114, 58, 32, 39, 110, 105, 108, 39, 32, 105, 115, 32, 110, 111, 116, 32, 99, 111, 109, 112, 97, 116, 105, 98, 108, 101, 32, 119, 105, 116, 104, 32, 99, 108, 111, 115, 117, 114, 101, 32, 114, 101, 115, 117, 108, 116, 32, 116, 121, 112, 101, 32, 39, 84, 104, 105, 101, 116, 66, 105, 39, 92, 110, 32, 32, 32, 32, 32, 32, 32, 32, 32, 32, 32, 32, 32, 32, 32, 32, 32, 32, 32, 32, 32, 32, 32, 32, 32, 32, 108, 101, 116, 32, 102, 105, 101, 108, 100, 115, 32, 61, 32, 100, 111, 99, 91, 92, 34, 102, 105, 101, 108, 100, 115, 92, 34, 93, 32, 97, 115, 63, 32, 91, 83, 116, 114, 105, 110, 103, 58, 32, 65, 110, 121, 93, 32, 101, 108, 115, 101, 32, 123, 32, 114, 101, 116, 117, 114, 110, 32, 110, 105, 108, 32, 125, 92, 110, 32, 32, 32, 32, 32, 32, 32, 32, 32, 32, 32, 32, 32, 32, 32, 32, 32, 32, 32, 32, 32, 32, 32, 32, 32, 32, 32, 32, 32, 32, 32, 32, 32, 32, 32, 32, 32, 32, 32, 32, 32, 32, 32, 32, 32, 32, 32, 32, 32, 32, 32, 32, 32, 32, 32, 32, 32, 32, 32, 32, 32, 32, 32, 32, 32, 32, 32, 32, 32, 32, 32, 32, 32, 32, 32, 32, 32, 32, 32, 32, 32, 32, 32, 32, 32, 94, 92, 110, 92, 47, 85, 115, 101, 114, 115, 92, 47, 114, 117, 110, 110, 101, 114, 92, 47, 119, 111, 114, 107, 92, 47, 105, 111, 115, 65, 112, 112, 92, 47, 105, 111, 115, 65, 112, 112, 92, 47, 105, 111, 115, 65, 112, 112, 92, 47, 86, 105, 101, 119, 77, 111, 100, 101, 108, 115, 92, 47, 83, 117, 112, 112, 111, 114, 116, 86, 105, 101, 119, 77, 111, 100, 101, 108, 46, 115, 119, 105, 102, 116, 58, 56, 54, 58, 49, 55, 58, 32, 101, 114, 114, 111, 114, 58, 32, 97, 114, 103, 117, 109, 101, 110, 116, 32, 39, 112, 114, 105, 111, 114, 105, 116, 121, 39, 32, 109, 117, 115, 116, 32, 112, 114, 101, 99, 101, 100, 101, 32, 97, 114, 103, 117, 109, 101, 110, 116, 32, 39, 99, 114, 101, 97, 116, 101, 100, 65, 116, 39, 92, 110, 32, 32, 32, 32, 32, 32, 32, 32, 32, 32, 32, 32, 32, 32, 32, 32, 112, 114, 105, 111, 114, 105, 116, 121, 58, 32, 70, 105, 114, 101, 115, 116, 111, 114, 101, 72, 101, 108, 112, 101, 114, 46, 103, 101, 116, 83, 116, 114, 105, 110, 103, 40, 102, 105, 101, 108, 100, 115, 91, 92, 34, 112, 114, 105, 111, 114, 105, 116, 121, 92, 34, 93, 32, 97, 115, 63, 32, 91, 83, 116, 114, 105, 110, 103, 58, 32, 65, 110, 121, 93, 41, 44, 92, 110, 126, 126, 126, 126, 126, 126, 126, 126, 126, 126, 126, 126, 126, 126, 126, 126, 94, 126, 126, 126, 126, 126, 126, 126, 126, 126, 126, 126, 126, 126, 126, 126, 126, 126, 126, 126, 126, 126, 126, 126, 126, 126, 126, 126, 126, 126, 126, 126, 126, 126, 126, 126, 126, 126, 126, 126, 126, 126, 126, 126, 126, 126, 126, 126, 126, 126, 126, 126, 126, 126, 126, 126, 126, 126, 126, 126, 126, 126, 126, 126, 126, 126, 126, 126, 126, 126, 126, 126, 126, 92, 110, 92, 47, 85, 115, 101, 114, 115, 92, 47, 114, 117, 110, 110, 101, 114, 92, 47, 119, 111, 114, 107, 92, 47, 105, 111, 115, 65, 112, 112, 92, 47, 105, 111, 115, 65, 112, 112, 92, 47, 105, 111, 115, 65, 112, 112, 92, 47, 86, 105, 101, 119, 77, 111, 100, 101, 108, 115, 92, 47, 65, 116, 116, 101, 110, 100, 97, 110, 99, 101, 86, 105, 101, 119, 77, 111, 100, 101, 108, 46, 115, 119, 105, 102, 116, 58, 49, 50, 52, 58, 50, 54, 58, 32, 119, 97, 114, 110, 105, 110, 103, 58, 32, 99, 111, 110, 115, 105, 100, 101, 114, 32, 117, 115, 105, 110, 103, 32, 97, 115, 121, 110, 99, 104, 114, 111, 110, 111, 117, 115, 32, 97, 108, 116, 101, 114, 110, 97, 116, 105, 118, 101, 32, 102, 117, 110, 99, 116, 105, 111, 110, 92, 110, 32, 32, 32, 32, 32, 32, 32, 32, 32, 32, 32, 32, 67, 76, 71, 101, 111, 99, 111, 100, 101, 114, 40, 41, 46, 114, 101, 118, 101, 114, 115, 101, 71, 101, 111, 99, 111, 100, 101, 76, 111, 99, 97, 116, 105, 111, 110, 40, 108, 111, 99, 41, 32, 123, 32, 112, 108, 97, 99, 101, 109, 97, 114, 107, 115, 44, 32, 95, 32, 105, 110, 92, 110, 32, 32, 32, 32, 32, 32, 32, 32, 32, 32, 32, 32, 32, 32, 32, 32, 32, 32, 32, 32, 32, 32, 32, 32, 32, 94, 92, 110, 67, 111, 114, 101, 76, 111, 99, 97, 116, 105, 111, 110, 46, 67, 76, 71, 101, 111, 99, 111, 100, 101, 114, 58, 55, 58, 49, 53, 58, 32, 110, 111, 116, 101, 58, 32, 39, 114, 101, 118, 101, 114, 115, 101, 71, 101, 111, 99, 111, 100, 101, 76, 111, 99, 97, 116, 105, 111, 110, 39, 32, 100, 101, 99, 108, 97, 114, 101, 100, 32, 104, 101, 114, 101, 92, 110, 32, 32, 32, 32, 111, 112, 101, 110, 32, 102, 117, 110, 99, 32, 114, 101, 118, 101, 114, 115, 101, 71, 101, 111, 99, 111, 100, 101, 76, 111, 99, 97, 116, 105, 111, 110, 40, 95, 32, 108, 111, 99, 97, 116, 105, 111, 110, 58, 32, 67, 76, 76, 111, 99, 97, 116, 105, 111, 110, 41, 32, 97, 115, 121, 110, 99, 32, 116, 104, 114, 111, 119, 115, 32, 45, 62, 32, 91, 67, 76, 80, 108, 97, 99, 101, 109, 97, 114, 107, 93, 92, 110, 32, 32, 32, 32, 32, 32, 32, 32, 32, 32, 32, 32, 32, 32, 94, 92, 110, 92, 47, 85, 115, 101, 114, 115, 92, 47, 114, 117, 110, 110, 101, 114, 92, 47, 119, 111, 114, 107, 92, 47, 105, 111, 115, 65, 112, 112, 92, 47, 105, 111, 115, 65, 112, 112, 92, 47, 105, 111, 115, 65, 112, 112, 92, 47, 86, 105, 101, 119, 115, 92, 47, 83, 99, 114, 101, 101, 110, 115, 92, 47, 72, 111, 109, 101, 92, 47, 72, 111, 109, 101, 83, 99, 114, 101, 101, 110, 86, 105, 101, 119, 46, 115, 119, 105, 102, 116, 58, 50, 48, 55, 58, 51, 55, 58, 32, 101, 114, 114, 111, 114, 58, 32, 109, 105, 115, 115, 105, 110, 103, 32, 97, 114, 103, 117, 109, 101, 110, 116, 32, 102, 111, 114, 32, 112, 97, 114, 97, 109, 101, 116, 101, 114, 32, 39, 118, 105, 101, 119, 77, 111, 100, 101, 108, 39, 32, 105, 110, 32, 99, 97, 108, 108, 92, 110, 32, 32, 32, 32, 32, 32, 32, 32, 32, 32, 32, 32, 83, 121, 115, 116, 101, 109, 78, 111, 116, 105, 102, 105, 99, 97, 116, 105, 111, 110, 115, 86, 105, 101, 119, 40, 111, 110, 66, 97, 99, 107, 58, 32, 123, 32, 115, 104, 111, 119, 78, 111, 116, 105, 102, 105, 99, 97, 116, 105, 111, 110, 115, 83, 104, 101, 101, 116, 32, 61, 32, 102, 97, 108, 115, 101, 32, 125, 41, 92, 110, 32, 32, 32, 32, 32, 32, 32, 32, 32, 32, 32, 32, 32, 32, 32, 32, 32, 32, 32, 32, 32, 32, 32, 32, 32, 32, 32, 32, 32, 32, 32, 32, 32, 32, 32, 32, 94, 92, 110, 32, 32, 32, 32, 32, 32, 32, 32, 32, 32, 32, 32, 32, 32, 32, 32, 32, 32, 32, 32, 32, 32, 32, 32, 32, 32, 32, 32, 32, 32, 32, 32, 32, 32, 32, 32, 118, 105, 101, 119, 77, 111, 100, 101, 108, 58, 32, 60, 35, 65, 100, 109, 105, 110, 86, 105, 101, 119, 77, 111, 100, 101, 108, 35, 62, 44, 32, 92, 110, 92, 47, 85, 115, 101, 114, 115, 92, 47, 114, 117, 110, 110, 101, 114, 92, 47, 119, 111, 114, 107, 92, 47, 105, 111, 115, 65, 112, 112, 92, 47, 105, 111, 115, 65, 112, 112, 92, 47, 105, 111, 115, 65, 112, 112, 92, 47, 86, 105, 101, 119, 115, 92, 47, 83, 99, 114, 101, 101, 110, 115, 92, 47, 78, 111, 116, 105, 102, 105, 99, 97, 116, 105, 111, 110, 115, 92, 47, 83, 121, 115, 116, 101, 109, 78, 111, 116, 105, 102, 105, 99, 97, 116, 105, 111, 110, 115, 86, 105, 101, 119, 46, 115, 119, 105, 102, 116, 58, 51, 57, 58, 49, 50, 58, 32, 110, 111, 116, 101, 58, 32, 39, 105, 110, 105, 116, 40, 118, 105, 101, 119, 77, 111, 100, 101, 108, 58, 111, 110, 66, 97, 99, 107, 58, 41, 39, 32, 100, 101, 99, 108, 97, 114, 101, 100, 32, 104, 101, 114, 101, 92, 110, 32, 32, 32, 32, 112, 117, 98, 108, 105, 99, 32, 105, 110, 105, 116, 40, 118, 105, 101, 119, 77, 111, 100, 101, 108, 58, 32, 65, 100, 109, 105, 110, 86, 105, 101, 119, 77, 111, 100, 101, 108, 44, 32, 111, 110, 66, 97, 99, 107, 58, 32, 64, 101, 115, 99, 97, 112, 105, 110, 103, 32, 40, 41, 32, 45, 62, 32, 86, 111, 105, 100, 41, 32, 123, 92, 110, 32, 32, 32, 32, 32, 32, 32, 32, 32, 32, 32, 94, 92, 110, 92, 47, 85, 115, 101, 114, 115, 92, 47, 114, 117, 110, 110, 101, 114, 92, 47, 119, 111, 114, 107, 92, 47, 105, 111, 115, 65, 112, 112, 92, 47, 105, 111, 115, 65, 112, 112, 92, 47, 105, 111, 115, 65, 112, 112, 92, 47, 86, 105, 101, 119, 115, 92, 47, 83, 99, 114, 101, 101, 110, 115, 92, 47, 72, 111, 109, 101, 92, 47, 72, 111, 109, 101, 83, 99, 114, 101, 101, 110, 86, 105, 101, 119, 46, 115, 119, 105, 102, 116, 58, 50, 50, 56, 58, 50, 54, 58, 32, 101, 114, 114, 111, 114, 58, 32, 105, 110, 99, 111, 114, 114, 101, 99, 116, 32, 97, 114, 103, 117, 109, 101, 110, 116, 32, 108, 97, 98, 101, 108, 32, 105, 110, 32, 99, 97, 108, 108, 32, 40, 104, 97, 118, 101, 32, 39, 118, 105, 101, 119, 77, 111, 100, 101, 108, 58, 111, 110, 68, 105, 115, 109, 105, 115, 115, 58, 111, 110, 83, 117, 99, 99, 101, 115, 115, 58, 39, 44, 32, 101, 120, 112, 101, 99, 116, 101, 100, 32, 39, 118, 105, 101, 119, 77, 111, 100, 101, 108, 58, 111, 110, 66, 97, 99, 107, 58, 111, 110, 83, 117, 99, 99, 101, 115, 115, 58, 39, 41, 92, 110, 32, 32, 32, 32, 32, 32, 32, 32, 32, 32, 32, 32, 65, 100, 100, 68, 101, 118, 105, 99, 101, 86, 105, 101, 119, 40, 92, 110, 32, 32, 32, 32, 32, 32, 32, 32, 32, 32, 32, 32, 32, 32, 32, 32, 32, 32, 32, 32, 32, 32, 32, 32, 32, 94, 92, 110, 92, 47, 85, 115, 101, 114, 115, 92, 47, 114, 117, 110, 110, 101, 114, 92, 47, 119, 111, 114, 107, 92, 47, 105, 111, 115, 65, 112, 112, 92, 47, 105, 111, 115, 65, 112, 112, 92, 47, 105, 111, 115, 65, 112, 112, 92, 47, 86, 105, 101, 119, 115, 92, 47, 83, 99, 114, 101, 101, 110, 115, 92, 47, 72, 111, 109, 101, 92, 47, 72, 111, 109, 101, 83, 99, 114, 101, 101, 110, 86, 105, 101, 119, 46, 115, 119, 105, 102, 116, 58, 50, 51, 53, 58, 50, 56, 58, 32, 101, 114, 114, 111, 114, 58, 32, 99, 111, 110, 116, 101, 120, 116, 117, 97, 108, 32, 116, 121, 112, 101, 32, 102, 111, 114, 32, 99, 108, 111, 115, 117, 114, 101, 32, 97, 114, 103, 117, 109, 101, 110, 116, 32, 108, 105, 115, 116, 32, 101, 120, 112, 101, 99, 116, 115, 32, 49, 32, 97, 114, 103, 117, 109, 101, 110, 116, 44, 32, 119, 104, 105, 99, 104, 32, 99, 97, 110, 110, 111, 116, 32, 98, 101, 32, 105, 109, 112, 108, 105, 99, 105, 116, 108, 121, 32, 105, 103, 110, 111, 114, 101, 100, 92, 110, 32, 32, 32, 32, 32, 32, 32, 32, 32, 32, 32, 32, 32, 32, 32, 32, 111, 110, 83, 117, 99, 99, 101, 115, 115, 58, 32, 123, 32, 118, 105, 101, 119, 77, 111, 100, 101, 108, 46, 108, 111, 97, 100, 68, 97, 115, 104, 98, 111, 97, 114, 100, 68, 97, 116, 97, 40, 41, 32, 125, 92, 110, 32, 32, 32, 32, 32, 32, 32, 32, 32, 32, 32, 32, 32, 32, 32, 32, 32, 32, 32, 32, 32, 32, 32, 32, 32, 32, 32, 94, 92, 110, 32, 32, 32, 32, 32, 32, 32, 32, 32, 32, 32, 32, 32, 32, 32, 32, 32, 32, 32, 32, 32, 32, 32, 32, 32, 32, 32, 32, 32, 95, 32, 105, 110, 92, 110, 92, 47, 85, 115, 101, 114, 115, 92, 47, 114, 117, 110, 110, 101, 114, 92, 47, 119, 111, 114, 107, 92, 47, 105, 111, 115, 65, 112, 112, 92, 47, 105, 111, 115, 65, 112, 112, 92, 47, 105, 111, 115, 65, 112, 112, 92, 47, 86, 105, 101, 119, 115, 92, 47, 83, 99, 114, 101, 101, 110, 115, 92, 47, 68, 101, 118, 105, 99, 101, 115, 92, 47, 68, 101, 118, 105, 99, 101, 76, 105, 115, 116, 86, 105, 101, 119, 46, 115, 119, 105, 102, 116, 58, 50, 54, 55, 58, 49, 55, 58, 32, 101, 114, 114, 111, 114, 58, 32, 99, 97, 110, 110, 111, 116, 32, 102, 105, 110, 100, 32, 39, 68, 101, 118, 105, 99, 101, 68, 101, 116, 97, 105, 108, 86, 105, 101, 119, 39, 32, 105, 110, 32, 115, 99, 111, 112, 101, 92, 110, 32, 32, 32, 32, 32, 32, 32, 32, 32, 32, 32, 32, 32, 32, 32, 32, 68, 101, 118, 105, 99, 101, 68, 101, 116, 97, 105, 108, 86, 105, 101, 119, 40, 118, 105, 101, 119, 77, 111, 100, 101, 108, 58, 32, 118, 105, 101, 119, 77, 111, 100, 101, 108, 44, 32, 100, 101, 118, 105, 99, 101, 73, 100, 58, 32, 100, 101, 118, 105, 99, 101, 73, 100, 44, 32, 111, 110, 66, 97, 99, 107, 58, 32, 123, 32, 115, 101, 108, 101, 99, 116, 101, 100, 68, 101, 118, 105, 99, 101, 70, 111, 114, 68, 101, 116, 97, 105, 108, 32, 61, 32, 110, 105, 108, 32, 125, 41, 92, 110, 32, 32, 32, 32, 32, 32, 32, 32, 32, 32, 32, 32, 32, 32, 32, 32, 94, 126, 126, 126, 126, 126, 126, 126, 126, 126, 126, 126, 126, 126, 126, 126, 92, 110, 92, 47, 85, 115, 101, 114, 115, 92, 47, 114, 117, 110, 110, 101, 114, 92, 47, 119, 111, 114, 107, 92, 47, 105, 111, 115, 65, 112, 112, 92, 47, 105, 111, 115, 65, 112, 112, 92, 47, 105, 111, 115, 65, 112, 112, 92, 47, 86, 105, 101, 119, 115, 92, 47, 83, 99, 114, 101, 101, 110, 115, 92, 47, 83, 117, 112, 112, 111, 114, 116, 92, 47, 84, 105, 99, 107, 101, 116, 67, 104, 97, 116, 68, 101, 116, 97, 105, 108, 86, 105, 101, 119, 46, 115, 119, 105, 102, 116, 58, 55, 57, 58, 51, 55, 58, 32, 101, 114, 114, 111, 114, 58, 32, 99, 97, 110, 110, 111, 116, 32, 102, 105, 110, 100, 32, 39, 87, 101, 98, 82, 116, 99, 67, 97, 108, 108, 77, 97, 110, 97, 103, 101, 114, 39, 32, 105, 110, 32, 115, 99, 111, 112, 101, 92, 110, 32, 32, 32, 32, 32, 32, 32, 32, 32, 32, 32, 32, 32, 32, 32, 32, 32, 32, 32, 32, 32, 32, 32, 32, 32, 32, 32, 32, 32, 32, 32, 32, 32, 32, 32, 32, 87, 101, 98, 82, 116, 99, 67, 97, 108, 108, 77, 97, 110, 97, 103, 101, 114, 46, 115, 104, 97, 114, 101, 100, 46, 115, 116, 97, 114, 116, 67, 97, 108, 108, 40, 116, 97, 114, 103, 101, 116, 69, 109, 97, 105, 108, 58, 32, 116, 105, 99, 107, 101, 116, 46, 99, 114, 101, 97, 116, 111, 114, 69, 109, 97, 105, 108, 44, 32, 116, 97, 114, 103, 101, 116, 78, 97, 109, 101, 58, 32, 116, 105, 99, 107, 101, 116, 46, 99, 114, 101, 97, 116, 111, 114, 78, 97, 109, 101, 44, 32, 99, 97, 108, 108, 101, 114, 78, 97, 109, 101, 58, 32, 118, 105, 101, 119, 77, 111, 100, 101, 108, 46, 117, 115, 101, 114, 46, 102, 117, 108, 108, 78, 97, 109, 101, 44, 32, 99, 97, 108, 108, 101, 114, 69, 109, 97, 105, 108, 58, 32, 118, 105, 101, 119, 77, 111, 100, 101, 108, 46, 117, 115, 101, 114, 46, 101, 109, 97, 105, 108, 41, 92, 110, 32, 32, 32, 32, 32, 32, 32, 32, 32, 32, 32, 32, 32, 32, 32, 32, 32, 32, 32, 32, 32, 32, 32, 32, 32, 32, 32, 32, 32, 32, 32, 32, 32, 32, 32, 32, 94, 126, 126, 126, 126, 126, 126, 126, 126, 126, 126, 126, 126, 126, 126, 126, 126, 92, 110, 92, 47, 85, 115, 101, 114, 115, 92, 47, 114, 117, 110, 110, 101, 114, 92, 47, 119, 111, 114, 107, 92, 47, 105, 111, 115, 65, 112, 112, 92, 47, 105, 111, 115, 65, 112, 112, 92, 47, 105, 111, 115, 65, 112, 112, 92, 47, 86, 105, 101, 119, 115, 92, 47, 83, 99, 114, 101, 101, 110, 115, 92, 47, 83, 117, 112, 112, 111, 114, 116, 92, 47, 84, 105, 99, 107, 101, 116, 67, 104, 97, 116, 68, 101, 116, 97, 105, 108, 86, 105, 101, 119, 46, 115, 119, 105, 102, 116, 58, 51, 50, 57, 58, 49, 51, 58, 32, 101, 114, 114, 111, 114, 58, 32, 99, 97, 110, 110, 111, 116, 32, 102, 105, 110, 100, 32, 39, 67, 97, 108, 108, 86, 105, 101, 119, 39, 32, 105, 110, 32, 115, 99, 111, 112, 101, 92, 110, 32, 32, 32, 32, 32, 32, 32, 32, 32, 32, 32, 32, 67, 97, 108, 108, 86, 105, 101, 119, 40, 41, 92, 110, 32, 32, 32, 32, 32, 32, 32, 32, 32, 32, 32, 32, 94, 126, 126, 126, 126, 126, 126, 126, 92, 110, 92, 47, 85, 115, 101, 114, 115, 92, 47, 114, 117, 110, 110, 101, 114, 92, 47, 119, 111, 114, 107, 92, 47, 105, 111, 115, 65, 112, 112, 92, 47, 105, 111, 115, 65, 112, 112, 92, 47, 105, 111, 115, 65, 112, 112, 92, 47, 86, 105, 101, 119, 115, 92, 47, 83, 99, 114, 101, 101, 110, 115, 92, 47, 65, 116, 116, 101, 110, 100, 97, 110, 99, 101, 92, 47, 65, 116, 116, 101, 110, 100, 97, 110, 99, 101, 67, 104, 101, 99, 107, 73, 110, 86, 105, 101, 119, 46, 115, 119, 105, 102, 116, 58, 53, 58, 56, 58, 32, 101, 114, 114, 111, 114, 58, 32, 116, 121, 112, 101, 32, 39, 73, 109, 97, 103, 101, 80, 105, 99, 107, 101, 114, 39, 32, 100, 111, 101, 115, 32, 110, 111, 116, 32, 99, 111, 110, 102, 111, 114, 109, 32, 116, 111, 32, 112, 114, 111, 116, 111, 99, 111, 108, 32, 39, 85, 73, 86, 105, 101, 119, 67, 111, 110, 116, 114, 111, 108, 108, 101, 114, 82, 101, 112, 114, 101, 115, 101, 110, 116, 97, 98, 108, 101, 39, 92, 110, 115, 116, 114, 117, 99, 116, 32, 73, 109, 97, 103, 101, 80, 105, 99, 107, 101, 114, 58, 32, 85, 73, 86, 105, 101, 119, 67, 111, 110, 116, 114, 111, 108, 108, 101, 114, 82, 101, 112, 114, 101, 115, 101, 110, 116, 97, 98, 108, 101, 32, 123, 92, 110, 32, 32, 32, 32, 32, 32, 32, 94, 92, 110, 83, 119, 105, 102, 116, 85, 73, 46, 85, 73, 86, 105, 101, 119, 67, 111, 110, 116, 114, 111, 108, 108, 101, 114, 82, 101, 112, 114, 101, 115, 101, 110, 116, 97, 98, 108, 101, 58, 55, 58, 50, 49, 58, 32, 110, 111, 116, 101, 58, 32, 112, 114, 111, 116, 111, 99, 111, 108, 32, 114, 101, 113, 117, 105, 114, 101, 115, 32, 102, 117, 110, 99, 116, 105, 111, 110, 32, 39, 117, 112, 100, 97, 116, 101, 85, 73, 86, 105, 101, 119, 67, 111, 110, 116, 114, 111, 108, 108, 101, 114, 40, 95, 58, 99, 111, 110, 116, 101, 120, 116, 58, 41, 39, 32, 119, 105, 116, 104, 32, 116, 121, 112, 101, 32, 39, 40, 85, 73, 73, 109, 97, 103, 101, 80, 105, 99, 107, 101, 114, 67, 111, 110, 116, 114, 111, 108, 108, 101, 114, 44, 32, 73, 109, 97, 103, 101, 80, 105, 99, 107, 101, 114, 46, 67, 111, 110, 116, 101, 120, 116, 41, 32, 45, 62, 32, 40, 41, 39, 32, 40, 97, 107, 97, 32, 39, 40, 85, 73, 73, 109, 97, 103, 101, 80, 105, 99, 107, 101, 114, 67, 111, 110, 116, 114, 111, 108, 108, 101, 114, 44, 32, 85, 73, 86, 105, 101, 119, 67, 111, 110, 116, 114, 111, 108, 108, 101, 114, 82, 101, 112, 114, 101, 115, 101, 110, 116, 97, 98, 108, 101, 67, 111, 110, 116, 101, 120, 116, 60, 73, 109, 97, 103, 101, 80, 105, 99, 107, 101, 114, 62, 41, 32, 45, 62, 32, 40, 41, 39, 41, 92, 110, 32, 32, 32, 32, 64, 77, 97, 105, 110, 65, 99, 116, 111, 114, 32, 102, 117, 110, 99, 32, 117, 112, 100, 97, 116, 101, 85, 73, 86, 105, 101, 119, 67, 111, 110, 116, 114, 111, 108, 108, 101, 114, 40, 95, 32, 117, 105, 86, 105, 101, 119, 67, 111, 110, 116, 114, 111, 108, 108, 101, 114, 58, 32, 83, 101, 108, 102, 46, 85, 73, 86, 105, 101, 119, 67, 111, 110, 116, 114, 111, 108, 108, 101, 114, 84, 121, 112, 101, 44, 32, 99, 111, 110, 116, 101, 120, 116, 58, 32, 83, 101, 108, 102, 46, 67, 111, 110, 116, 101, 120, 116, 41, 92, 110, 32, 32, 32, 32, 32, 32, 32, 32, 32, 32, 32, 32, 32, 32, 32, 32, 32, 32, 32, 32, 94, 92, 110, 92, 47, 85, 115, 101, 114, 115, 92, 47, 114, 117, 110, 110, 101, 114, 92, 47, 119, 111, 114, 107, 92, 47, 105, 111, 115, 65, 112, 112, 92, 47, 105, 111, 115, 65, 112, 112, 92, 47, 105, 111, 115, 65, 112, 112, 92, 47, 86, 105, 101, 119, 115, 92, 47, 83, 99, 114, 101, 101, 110, 115, 92, 47, 65, 116, 116, 101, 110, 100, 97, 110, 99, 101, 92, 47, 65, 116, 116, 101, 110, 100, 97, 110, 99, 101, 67, 104, 101, 99, 107, 73, 110, 86, 105, 101, 119, 46, 115, 119, 105, 102, 116, 58, 51, 48, 54, 58, 50, 51, 58, 32, 101, 114, 114, 111, 114, 58, 32, 99, 97, 110, 110, 111, 116, 32, 99, 97, 108, 108, 32, 118, 97, 108, 117, 101, 32, 111, 102, 32, 110, 111, 110, 45, 102, 117, 110, 99, 116, 105, 111, 110, 32, 116, 121, 112, 101, 32, 39, 66, 105, 110, 100, 105, 110, 103, 60, 83, 117, 98, 106, 101, 99, 116, 62, 39, 92, 110, 32, 32, 32, 32, 32, 32, 32, 32, 32, 32, 32, 32, 118, 105, 101, 119, 77, 111, 100, 101, 108, 46, 114, 101, 113, 117, 101, 115, 116, 76, 111, 99, 97, 116, 105, 111, 110, 40, 41, 92, 110, 32, 32, 32, 32, 32, 32, 32, 32, 32, 32, 32, 32, 32, 32, 32, 32, 32, 32, 32, 32, 32, 32, 94, 32, 32, 32, 32, 32, 32, 32, 32, 32, 32, 32, 32, 32, 32, 126, 126, 92, 110, 32, 32, 32, 32, 32, 32, 32, 32, 32, 32, 32, 32, 32, 32, 32, 32, 32, 32, 32, 32, 32, 32, 32, 32, 32, 32, 32, 32, 32, 32, 32, 32, 32, 32, 32, 32, 32, 92, 110, 92, 47, 85, 115, 101, 114, 115, 92, 47, 114, 117, 110, 110, 101, 114, 92, 47, 119, 111, 114, 107, 92, 47, 105, 111, 115, 65, 112, 112, 92, 47, 105, 111, 115, 65, 112, 112, 92, 47, 105, 111, 115, 65, 112, 112, 92, 47, 86, 105, 101, 119, 115, 92, 47, 83, 99, 114, 101, 101, 110, 115, 92, 47, 65, 116, 116, 101, 110, 100, 97, 110, 99, 101, 92, 47, 65, 116, 116, 101, 110, 100, 97, 110, 99, 101, 67, 104, 101, 99, 107, 73, 110, 86, 105, 101, 119, 46, 115, 119, 105, 102, 116, 58, 51, 48, 54, 58, 50, 51, 58, 32, 101, 114, 114, 111, 114, 58, 32, 118, 97, 108, 117, 101, 32, 111, 102, 32, 116, 121, 112, 101, 32, 39, 65, 116, 116, 101, 110, 100, 97, 110, 99, 101, 86, 105, 101, 119, 77, 111, 100, 101, 108, 39, 32, 104, 97, 115, 32, 110, 111, 32, 100, 121, 110, 97, 109, 105, 99, 32, 109, 101, 109, 98, 101, 114, 32, 39, 114, 101, 113, 117, 101, 115, 116, 76, 111, 99, 97, 116, 105, 111, 110, 39, 32, 117, 115, 105, 110, 103, 32, 107, 101, 121, 32, 112, 97, 116, 104, 32, 102, 114, 111, 109, 32, 114, 111, 111, 116, 32, 116, 121, 112, 101, 32, 39, 65, 116, 116, 101, 110, 100, 97, 110, 99, 101, 86, 105, 101, 119, 77, 111, 100, 101, 108, 39, 92, 110, 32, 32, 32, 32, 32, 32, 32, 32, 32, 32, 32, 32, 118, 105, 101, 119, 77, 111, 100, 101, 108, 46, 114, 101, 113, 117, 101, 115, 116, 76, 111, 99, 97, 116, 105, 111, 110, 40, 41, 92, 110, 32, 32, 32, 32, 32, 32, 32, 32, 32, 32, 32, 32, 126, 126, 126, 126, 126, 126, 126, 126, 126, 32, 94, 126, 126, 126, 126, 126, 126, 126, 126, 126, 126, 126, 126, 126, 126, 92, 110, 92, 47, 85, 115, 101, 114, 115, 92, 47, 114, 117, 110, 110, 101, 114, 92, 47, 119, 111, 114, 107, 92, 47, 105, 111, 115, 65, 112, 112, 92, 47, 105, 111, 115, 65, 112, 112, 92, 47, 105, 111, 115, 65, 112, 112, 92, 47, 86, 105, 101, 119, 115, 92, 47, 83, 99, 114, 101, 101, 110, 115, 92, 47, 65, 116, 116, 101, 110, 100, 97, 110, 99, 101, 92, 47, 65, 116, 116, 101, 110, 100, 97, 110, 99, 101, 67, 104, 101, 99, 107, 73, 110, 86, 105, 101, 119, 46, 115, 119, 105, 102, 116, 58, 51, 48, 54, 58, 49, 51, 58, 32, 101, 114, 114, 111, 114, 58, 32, 114, 101, 102, 101, 114, 101, 110, 99, 105, 110, 103, 32, 115, 117, 98, 115, 99, 114, 105, 112, 116, 32, 39, 115, 117, 98, 115, 99, 114, 105, 112, 116, 40, 100, 121, 110, 97, 109, 105, 99, 77, 101, 109, 98, 101, 114, 58, 41, 39, 32, 114, 101, 113, 117, 105, 114, 101, 115, 32, 119, 114, 97, 112, 112, 101, 114, 32, 39, 79, 98, 115, 101, 114, 118, 101, 100, 79, 98, 106, 101, 99, 116, 60, 65, 116, 116, 101, 110, 100, 97, 110, 99, 101, 86, 105, 101, 119, 77, 111, 100, 101, 108, 62, 46, 87, 114, 97, 112, 112, 101, 114, 39, 92, 110, 32, 32, 32, 32, 32, 32, 32, 32, 32, 32, 32, 32, 118, 105, 101, 119, 77, 111, 100, 101, 108, 46, 114, 101, 113, 117, 101, 115, 116, 76, 111, 99, 97, 116, 105, 111, 110, 40, 41, 92, 110, 32, 32, 32, 32, 32, 32, 32, 32, 32, 32, 32, 32, 94, 92, 110, 32, 32, 32, 32, 32, 32, 32, 32, 32, 32, 32, 32, 36, 92, 110, 92, 47, 85, 115, 101, 114, 115, 92, 47, 114, 117, 110, 110, 101, 114, 92, 47, 119, 111, 114, 107, 92, 47, 105, 111, 115, 65, 112, 112, 92, 47, 105, 111, 115, 65, 112, 112, 92, 47, 105, 111, 115, 65, 112, 112, 92, 47, 86, 105, 101, 119, 115, 92, 47, 83, 99, 114, 101, 101, 110, 115, 92, 47, 65, 116, 116, 101, 110, 100, 97, 110, 99, 101, 92, 47, 65, 116, 116, 101, 110, 100, 97, 110, 99, 101, 67, 104, 101, 99, 107, 73, 110, 86, 105, 101, 119, 46, 115, 119, 105, 102, 116, 58, 51, 50, 57, 58, 49, 57, 58, 32, 101, 114, 114, 111, 114, 58, 32, 99, 97, 110, 110, 111, 116, 32, 99, 97, 108, 108, 32, 118, 97, 108, 117, 101, 32, 111, 102, 32, 110, 111, 110, 45, 102, 117, 110, 99, 116, 105, 111, 110, 32, 116, 121, 112, 101, 32, 39, 66, 105, 110, 100, 105, 110, 103, 60, 83, 117, 98, 106, 101, 99, 116, 62, 39, 92, 110, 32, 32, 32, 32, 32, 32, 32, 32, 118, 105, 101, 119, 77, 111, 100, 101, 108, 46, 112, 101, 114, 102, 111, 114, 109, 67, 104, 101, 99, 107, 73, 110, 86, 50, 40, 41, 92, 110, 32, 32, 32, 32, 32, 32, 32, 32, 32, 32, 32, 32, 32, 32, 32, 32, 32, 32, 94, 32, 32, 32, 32, 32, 32, 32, 32, 32, 32, 32, 32, 32, 32, 32, 126, 126, 92, 110, 32, 32, 32, 32, 32, 32, 32, 32, 32, 32, 32, 32, 32, 32, 32, 32, 32, 32, 32, 32, 32, 32, 32, 32, 32, 32, 32, 32, 32, 32, 32, 32, 32, 32, 92, 110, 92, 47, 85, 115, 101, 114, 115, 92, 47, 114, 117, 110, 110, 101, 114, 92, 47, 119, 111, 114, 107, 92, 47, 105, 111, 115, 65, 112, 112, 92, 47, 105, 111, 115, 65, 112, 112, 92, 47, 105, 111, 115, 65, 112, 112, 92, 47, 86, 105, 101, 119, 115, 92, 47, 83, 99, 114, 101, 101, 110, 115, 92, 47, 65, 116, 116, 101, 110, 100, 97, 110, 99, 101, 92, 47, 65, 116, 116, 101, 110, 100, 97, 110, 99, 101, 67, 104, 101, 99, 107, 73, 110, 86, 105, 101, 119, 46, 115, 119, 105, 102, 116, 58, 51, 50, 57, 58, 49, 57, 58, 32, 101, 114, 114, 111, 114, 58, 32, 118, 97, 108, 117, 101, 32, 111, 102, 32, 116, 121, 112, 101, 32, 39, 65, 116, 116, 101, 110, 100, 97, 110, 99, 101, 86, 105, 101, 119, 77, 111, 100, 101, 108, 39, 32, 104, 97, 115, 32, 110, 111, 32, 100, 121, 110, 97, 109, 105, 99, 32, 109, 101, 109, 98, 101, 114, 32, 39, 112, 101, 114, 102, 111, 114, 109, 67, 104, 101, 99, 107, 73, 110, 86, 50, 39, 32, 117, 115, 105, 110, 103, 32, 107, 101, 121, 32, 112, 97, 116, 104, 32, 102, 114, 111, 109, 32, 114, 111, 111, 116, 32, 116, 121, 112, 101, 32, 39, 65, 116, 116, 101, 110, 100, 97, 110, 99, 101, 86, 105, 101, 119, 77, 111, 100, 101, 108, 39, 92, 110, 32, 32, 32, 32, 32, 32, 32, 32, 118, 105, 101, 119, 77, 111, 100, 101, 108, 46, 112, 101, 114, 102, 111, 114, 109, 67, 104, 101, 99, 107, 73, 110, 86, 50, 40, 41, 92, 110, 32, 32, 32, 32, 32, 32, 32, 32, 126, 126, 126, 126, 126, 126, 126, 126, 126, 32, 94, 126, 126, 126, 126, 126, 126, 126, 126, 126, 126, 126, 126, 126, 126, 126, 92, 110, 92, 47, 85, 115, 101, 114, 115, 92, 47, 114, 117, 110, 110, 101, 114, 92, 47, 119, 111, 114, 107, 92, 47, 105, 111, 115, 65, 112, 112, 92, 47, 105, 111, 115, 65, 112, 112, 92, 47, 105, 111, 115, 65, 112, 112, 92, 47, 86, 105, 101, 119, 115, 92, 47, 83, 99, 114, 101, 101, 110, 115, 92, 47, 65, 116, 116, 101, 110, 100, 97, 110, 99, 101, 92, 47, 65, 116, 116, 101, 110, 100, 97, 110, 99, 101, 67, 104, 101, 99, 107, 73, 110, 86, 105, 101, 119, 46, 115, 119, 105, 102, 116, 58, 51, 50, 57, 58, 57, 58, 32, 101, 114, 114, 111, 114, 58, 32, 114, 101, 102, 101, 114, 101, 110, 99, 105, 110, 103, 32, 115, 117, 98, 115, 99, 114, 105, 112, 116, 32, 39, 115, 117, 98, 115, 99, 114, 105, 112, 116, 40, 100, 121, 110, 97, 109, 105, 99, 77, 101, 109, 98, 101, 114, 58, 41, 39, 32, 114, 101, 113, 117, 105, 114, 101, 115, 32, 119, 114, 97, 112, 112, 101, 114, 32, 39, 79, 98, 115, 101, 114, 118, 101, 100, 79, 98, 106, 101, 99, 116, 60, 65, 116, 116, 101, 110, 100, 97, 110, 99, 101, 86, 105, 101, 119, 77, 111, 100, 101, 108, 62, 46, 87, 114, 97, 112, 112, 101, 114, 39, 92, 110, 32, 32, 32, 32, 32, 32, 32, 32, 118, 105, 101, 119, 77, 111, 100, 101, 108, 46, 112, 101, 114, 102, 111, 114, 109, 67, 104, 101, 99, 107, 73, 110, 86, 50, 40, 41, 92, 110, 32, 32, 32, 32, 32, 32, 32, 32, 94, 92, 110, 32, 32, 32, 32, 32, 32, 32, 32, 36, 92, 110, 92, 47, 85, 115, 101, 114, 115, 92, 47, 114, 117, 110, 110, 101, 114, 92, 47, 119, 111, 114, 107, 92, 47, 105, 111, 115, 65, 112, 112, 92, 47, 105, 111, 115, 65, 112, 112, 92, 47, 105, 111, 115, 65, 112, 112, 92, 47, 86, 105, 101, 119, 115, 92, 47, 83, 99, 114, 101, 101, 110, 115, 92, 47, 65, 116, 116, 101, 110, 100, 97, 110, 99, 101, 92, 47, 65, 116, 116, 101, 110, 100, 97, 110, 99, 101, 67, 104, 101, 99, 107, 73, 110, 86, 105, 101, 119, 46, 115, 119, 105, 102, 116, 58, 51, 51, 51, 58, 49, 57, 58, 32, 101, 114, 114, 111, 114, 58, 32, 99, 97, 110, 110, 111, 116, 32, 99, 97, 108, 108, 32, 118, 97, 108, 117, 101, 32, 111, 102, 32, 110, 111, 110, 45, 102, 117, 110, 99, 116, 105, 111, 110, 32, 116, 121, 112, 101, 32, 39, 66, 105, 110, 100, 105, 110, 103, 60, 83, 117, 98, 106, 101, 99, 116, 62, 39, 92, 110, 32, 32, 32, 32, 32, 32, 32, 32, 118, 105, 101, 119, 77, 111, 100, 101, 108, 46, 112, 101, 114, 102, 111, 114, 109, 67, 104, 101, 99, 107, 79, 117, 116, 86, 50, 40, 41, 92, 110, 32, 32, 32, 32, 32, 32, 32, 32, 32, 32, 32, 32, 32, 32, 32, 32, 32, 32, 94, 32, 32, 32, 32, 32, 32, 32, 32, 32, 32, 32, 32, 32, 32, 32, 32, 126, 126, 92, 110, 32, 32, 32, 32, 32, 32, 32, 32, 32, 32, 32, 32, 32, 32, 32, 32, 32, 32, 32, 32, 32, 32, 32, 32, 32, 32, 32, 32, 32, 32, 32, 32, 32, 32, 32, 92, 110, 92, 47, 85, 115, 101, 114, 115, 92, 47, 114, 117, 110, 110, 101, 114, 92, 47, 119, 111, 114, 107, 92, 47, 105, 111, 115, 65, 112, 112, 92, 47, 105, 111, 115, 65, 112, 112, 92, 47, 105, 111, 115, 65, 112, 112, 92, 47, 86, 105, 101, 119, 115, 92, 47, 83, 99, 114, 101, 101, 110, 115, 92, 47, 65, 116, 116, 101, 110, 100, 97, 110, 99, 101, 92, 47, 65, 116, 116, 101, 110, 100, 97, 110, 99, 101, 67, 104, 101, 99, 107, 73, 110, 86, 105, 101, 119, 46, 115, 119, 105, 102, 116, 58, 51, 51, 51, 58, 49, 57, 58, 32, 101, 114, 114, 111, 114, 58, 32, 118, 97, 108, 117, 101, 32, 111, 102, 32, 116, 121, 112, 101, 32, 39, 65, 116, 116, 101, 110, 100, 97, 110, 99, 101, 86, 105, 101, 119, 77, 111, 100, 101, 108, 39, 32, 104, 97, 115, 32, 110, 111, 32, 100, 121, 110, 97, 109, 105, 99, 32, 109, 101, 109, 98, 101, 114, 32, 39, 112, 101, 114, 102, 111, 114, 109, 67, 104, 101, 99, 107, 79, 117, 116, 86, 50, 39, 32, 117, 115, 105, 110, 103, 32, 107, 101, 121, 32, 112, 97, 116, 104, 32, 102, 114, 111, 109, 32, 114, 111, 111, 116, 32, 116, 121, 112, 101, 32, 39, 65, 116, 116, 101, 110, 100, 97, 110, 99, 101, 86, 105, 101, 119, 77, 111, 100, 101, 108, 39, 92, 110, 32, 32, 32, 32, 32, 32, 32, 32, 118, 105, 101, 119, 77, 111, 100, 101, 108, 46, 112, 101, 114, 102, 111, 114, 109, 67, 104, 101, 99, 107, 79, 117, 116, 86, 50, 40, 41, 92, 110, 32, 32, 32, 32, 32, 32, 32, 32, 126, 126, 126, 126, 126, 126, 126, 126, 126, 32, 94, 126, 126, 126, 126, 126, 126, 126, 126, 126, 126, 126, 126, 126, 126, 126, 126, 92, 110, 92, 47, 85, 115, 101, 114, 115, 92, 47, 114, 117, 110, 110, 101, 114, 92, 47, 119, 111, 114, 107, 92, 47, 105, 111, 115, 65, 112, 112, 92, 47, 105, 111, 115, 65, 112, 112, 92, 47, 105, 111, 115, 65, 112, 112, 92, 47, 86, 105, 101, 119, 115, 92, 47, 83, 99, 114, 101, 101, 110, 115, 92, 47, 65, 116, 116, 101, 110, 100, 97, 110, 99, 101, 92, 47, 65, 116, 116, 101, 110, 100, 97, 110, 99, 101, 67, 104, 101, 99, 107, 73, 110, 86, 105, 101, 119, 46, 115, 119, 105, 102, 116, 58, 51, 51, 51, 58, 57, 58, 32, 101, 114, 114, 111, 114, 58, 32, 114, 101, 102, 101, 114, 101, 110, 99, 105, 110, 103, 32, 115, 117, 98, 115, 99, 114, 105, 112, 116, 32, 39, 115, 117, 98, 115, 99, 114, 105, 112, 116, 40, 100, 121, 110, 97, 109, 105, 99, 77, 101, 109, 98, 101, 114, 58, 41, 39, 32, 114, 101, 113, 117, 105, 114, 101, 115, 32, 119, 114, 97, 112, 112, 101, 114, 32, 39, 79, 98, 115, 101, 114, 118, 101, 100, 79, 98, 106, 101, 99, 116, 60, 65, 116, 116, 101, 110, 100, 97, 110, 99, 101, 86, 105, 101, 119, 77, 111, 100, 101, 108, 62, 46, 87, 114, 97, 112, 112, 101, 114, 39, 92, 110, 32, 32, 32, 32, 32, 32, 32, 32, 118, 105, 101, 119, 77, 111, 100, 101, 108, 46, 112, 101, 114, 102, 111, 114, 109, 67, 104, 101, 99, 107, 79, 117, 116, 86, 50, 40, 41, 92, 110, 32, 32, 32, 32, 32, 32, 32, 32, 94, 92, 110, 32, 32, 32, 32, 32, 32, 32, 32, 36, 92, 110, 92, 47, 85, 115, 101, 114, 115, 92, 47, 114, 117, 110, 110, 101, 114, 92, 47, 119, 111, 114, 107, 92, 47, 105, 111, 115, 65, 112, 112, 92, 47, 105, 111, 115, 65, 112, 112, 92, 47, 105, 111, 115, 65, 112, 112, 92, 47, 86, 105, 101, 119, 115, 92, 47, 83, 99, 114, 101, 101, 110, 115, 92, 47, 65, 116, 116, 101, 110, 100, 97, 110, 99, 101, 92, 47, 65, 116, 116, 101, 110, 100, 97, 110, 99, 101, 67, 104, 101, 99, 107, 73, 110, 86, 105, 101, 119, 46, 115, 119, 105, 102, 116, 58, 51, 51, 55, 58, 50, 51, 58, 32, 101, 114, 114, 111, 114, 58, 32, 99, 97, 110, 110, 111, 116, 32, 102, 105, 110, 100, 32, 39, 116, 105, 109, 101, 115, 116, 97, 109, 112, 39, 32, 105, 110, 32, 115, 99, 111, 112, 101, 92, 110, 32, 32, 32, 32, 32, 32, 32, 32, 103, 117, 97, 114, 100, 32, 108, 101, 116, 32, 116, 32, 61, 32, 116, 105, 109, 101, 115, 116, 97, 109, 112, 44, 32, 116, 32, 62, 32, 48, 32, 101, 108, 115, 101, 32, 123, 32, 114, 101, 116, 117, 114, 110, 32, 92, 34, 45, 45, 58, 45, 45, 92, 34, 32, 125, 92, 110, 32, 32, 32, 32, 32, 32, 32, 32, 32, 32, 32, 32, 32, 32, 32, 32, 32, 32, 32, 32, 32, 32, 94, 126, 126, 126, 126, 126, 126, 126, 126, 92, 110, 92, 47, 85, 115, 101, 114, 115, 92, 47, 114, 117, 110, 110, 101, 114, 92, 47, 119, 111, 114, 107, 92, 47, 105, 111, 115, 65, 112, 112, 92, 47, 105, 111, 115, 65, 112, 112, 92, 47, 105, 111, 115, 65, 112, 112, 92, 47, 86, 105, 101, 119, 115, 92, 47, 83, 99, 114, 101, 101, 110, 115, 92, 47, 65, 116, 116, 101, 110, 100, 97, 110, 99, 101, 92, 47, 65, 116, 116, 101, 110, 100, 97, 110, 99, 101, 67, 104, 101, 99, 107, 73, 110, 86, 105, 101, 119, 46, 115, 119, 105, 102, 116, 58, 51, 53, 55, 58, 53, 55, 58, 32, 101, 114, 114, 111, 114, 58, 32, 116, 121, 112, 101, 32, 39, 67, 111, 108, 111, 114, 39, 32, 104, 97, 115, 32, 110, 111, 32, 109, 101, 109, 98, 101, 114, 32, 39, 97, 112, 112, 84, 101, 120, 116, 39, 92, 110, 32, 32, 32, 32, 32, 32, 32, 32, 32, 32, 32, 32, 32, 32, 32, 32, 46, 102, 111, 114, 101, 103, 114, 111, 117, 110, 100, 67, 111, 108, 111, 114, 40, 105, 115, 83, 101, 108, 101, 99, 116, 101, 100, 32, 63, 32, 46, 119, 104, 105, 116, 101, 32, 58, 32, 46, 97, 112, 112, 84, 101, 120, 116, 41, 92, 110, 32, 32, 32, 32, 32, 32, 32, 32, 32, 32, 32, 32, 32, 32, 32, 32, 32, 32, 32, 32, 32, 32, 32, 32, 32, 32, 32, 32, 32, 32, 32, 32, 32, 32, 32, 32, 32, 32, 32, 32, 32, 32, 32, 32, 32, 32, 32, 32, 32, 32, 32, 32, 32, 32, 32, 126, 94, 126, 126, 126, 126, 126, 126, 92, 110, 92, 47, 85, 115, 101, 114, 115, 92, 47, 114, 117, 110, 110, 101, 114, 92, 47, 119, 111, 114, 107, 92, 47, 105, 111, 115, 65, 112, 112, 92, 47, 105, 111, 115, 65, 112, 112, 92, 47, 105, 111, 115, 65, 112, 112, 92, 47, 86, 105, 101, 119, 115, 92, 47, 83, 99, 114, 101, 101, 110, 115, 92, 47, 80, 101, 114, 105, 112, 104, 101, 114, 97, 108, 115, 92, 47, 80, 101, 114, 105, 112, 104, 101, 114, 97, 108, 115, 86, 105, 101, 119, 46, 115, 119, 105, 102, 116, 58, 52, 54, 53, 58, 49, 48, 58, 32, 101, 114, 114, 111, 114, 58, 32, 105, 110, 118, 97, 108, 105, 100, 32, 114, 101, 100, 101, 99, 108, 97, 114, 97, 116, 105, 111, 110, 32, 111, 102, 32, 39, 99, 111, 114, 110, 101, 114, 82, 97, 100, 105, 117, 115, 40, 95, 58, 99, 111, 114, 110, 101, 114, 115, 58, 41, 39, 92, 110, 32, 32, 32, 32, 102, 117, 110, 99, 32, 99, 111, 114, 110, 101, 114, 82, 97, 100, 105, 117, 115, 40, 95, 32, 114, 97, 100, 105, 117, 115, 58, 32, 67, 71, 70, 108, 111, 97, 116, 44, 32, 99, 111, 114, 110, 101, 114, 115, 58, 32, 85, 73, 82, 101, 99, 116, 67, 111, 114, 110, 101, 114, 41, 32, 45, 62, 32, 115, 111, 109, 101, 32, 86, 105, 101, 119, 32, 123, 92, 110, 32, 32, 32, 32, 32, 32, 32, 32, 32, 94, 92, 110, 92, 47, 85, 115, 101, 114, 115, 92, 47, 114, 117, 110, 110, 101, 114, 92, 47, 119, 111, 114, 107, 92, 47, 105, 111, 115, 65, 112, 112, 92, 47, 105, 111, 115, 65, 112, 112, 92, 47, 105, 111, 115, 65, 112, 112, 92, 47, 86, 105, 101, 119, 115, 92, 47, 83, 99, 114, 101, 101, 110, 115, 92, 47, 65, 100, 109, 105, 110, 92, 47, 80, 97, 121, 119, 97, 108, 108, 76, 105, 99, 101, 110, 115, 101, 86, 105, 101, 119, 46, 115, 119, 105, 102, 116, 58, 53, 50, 55, 58, 49, 48, 58, 32, 110, 111, 116, 101, 58, 32, 39, 99, 111, 114, 110, 101, 114, 82, 97, 100, 105, 117, 115, 40, 95, 58, 99, 111, 114, 110, 101, 114, 115, 58, 41, 39, 32, 112, 114, 101, 118, 105, 111, 117, 115, 108, 121, 32, 100, 101, 99, 108, 97, 114, 101, 100, 32, 104, 101, 114, 101, 92, 110, 32, 32, 32, 32, 102, 117, 110, 99, 32, 99, 111, 114, 110, 101, 114, 82, 97, 100, 105, 117, 115, 40, 95, 32, 114, 97, 100, 105, 117, 115, 58, 32, 67, 71, 70, 108, 111, 97, 116, 44, 32, 99, 111, 114, 110, 101, 114, 115, 58, 32, 85, 73, 82, 101, 99, 116, 67, 111, 114, 110, 101, 114, 41, 32, 45, 62, 32, 115, 111, 109, 101, 32, 86, 105, 101, 119, 32, 123, 92, 110, 32, 32, 32, 32, 32, 32, 32, 32, 32, 94, 92, 110, 92, 47, 85, 115, 101, 114, 115, 92, 47, 114, 117, 110, 110, 101, 114, 92, 47, 119, 111, 114, 107, 92, 47, 105, 111, 115, 65, 112, 112, 92, 47, 105, 111, 115, 65, 112, 112, 92, 47, 105, 111, 115, 65, 112, 112, 92, 47, 86, 105, 101, 119, 115, 92, 47, 83, 99, 114, 101, 101, 110, 115, 92, 47, 65, 100, 109, 105, 110, 92, 47, 80, 97, 121, 119, 97, 108, 108, 76, 105, 99, 101, 110, 115, 101, 86, 105, 101, 119, 46, 115, 119, 105, 102, 116, 58, 53, 50, 55, 58, 49, 48, 58, 32, 110, 111, 116, 101, 58, 32, 39, 99, 111, 114, 110, 101, 114, 82, 97, 100, 105, 117, 115, 40, 95, 58, 99, 111, 114, 110, 101, 114, 115, 58, 41, 39, 32, 112, 114, 101, 118, 105, 111, 117, 115, 108, 121, 32, 100, 101, 99, 108, 97, 114, 101, 100, 32, 104, 101, 114, 101, 92, 110, 32, 32, 32, 32, 102, 117, 110, 99, 32, 99, 111, 114, 110, 101, 114, 82, 97, 100, 105, 117, 115, 40, 95, 32, 114, 97, 100, 105, 117, 115, 58, 32, 67, 71, 70, 108, 111, 97, 116, 44, 32, 99, 111, 114, 110, 101, 114, 115, 58, 32, 85, 73, 82, 101, 99, 116, 67, 111, 114, 110, 101, 114, 41, 32, 45, 62, 32, 115, 111, 109, 101, 32, 86, 105, 101, 119, 32, 123, 92, 110, 32, 32, 32, 32, 32, 32, 32, 32, 32, 94, 92, 110, 92, 47, 85, 115, 101, 114, 115, 92, 47, 114, 117, 110, 110, 101, 114, 92, 47, 119, 111, 114, 107, 92, 47, 105, 111, 115, 65, 112, 112, 92, 47, 105, 111, 115, 65, 112, 112, 92, 47, 105, 111, 115, 65, 112, 112, 92, 47, 86, 105, 101, 119, 115, 92, 47, 83, 99, 114, 101, 101, 110, 115, 92, 47, 80, 101, 114, 105, 112, 104, 101, 114, 97, 108, 115, 92, 47, 80, 101, 114, 105, 112, 104, 101, 114, 97, 108, 115, 86, 105, 101, 119, 46, 115, 119, 105, 102, 116, 58, 52, 55, 48, 58, 56, 58, 32, 101, 114, 114, 111, 114, 58, 32, 105, 110, 118, 97, 108, 105, 100, 32, 114, 101, 100, 101, 99, 108, 97, 114, 97, 116, 105, 111, 110, 32, 111, 102, 32, 39, 82, 111, 117, 110, 100, 101, 100, 67, 111, 114, 110, 101, 114, 39, 92, 110, 115, 116, 114, 117, 99, 116, 32, 82, 111, 117, 110, 100, 101, 100, 67, 111, 114, 110, 101, 114, 58, 32, 83, 104, 97, 112, 101, 32, 123, 92, 110, 32, 32, 32, 32, 32, 32, 32, 94, 92, 110, 92, 47, 85, 115, 101, 114, 115, 92, 47, 114, 117, 110, 110, 101, 114, 92, 47, 119, 111, 114, 107, 92, 47, 105, 111, 115, 65, 112, 112, 92, 47, 105, 111, 115, 65, 112, 112, 92, 47, 105, 111, 115, 65, 112, 112, 92, 47, 86, 105, 101, 119, 115, 92, 47, 83, 99, 114, 101, 101, 110, 115, 92, 47, 65, 100, 109, 105, 110, 92, 47, 80, 97, 121, 119, 97, 108, 108, 76, 105, 99, 101, 110, 115, 101, 86, 105, 101, 119, 46, 115, 119, 105, 102, 116, 58, 53, 51, 50, 58, 56, 58, 32, 110, 111, 116, 101, 58, 32, 39, 82, 111, 117, 110, 100, 101, 100, 67, 111, 114, 110, 101, 114, 39, 32, 112, 114, 101, 118, 105, 111, 117, 115, 108, 121, 32, 100, 101, 99, 108, 97, 114, 101, 100, 32, 104, 101, 114, 101, 92, 110, 115, 116, 114, 117, 99, 116, 32, 82, 111, 117, 110, 100, 101, 100, 67, 111, 114, 110, 101, 114, 58, 32, 83, 104, 97, 112, 101, 32, 123, 92, 110, 32, 32, 32, 32, 32, 32, 32, 94, 92, 110, 92, 47, 85, 115, 101, 114, 115, 92, 47, 114, 117, 110, 110, 101, 114, 92, 47, 119, 111, 114, 107, 92, 47, 105, 111, 115, 65, 112, 112, 92, 47, 105, 111, 115, 65, 112, 112, 92, 47, 105, 111, 115, 65, 112, 112, 92, 47, 86, 105, 101, 119, 115, 92, 47, 83, 99, 114, 101, 101, 110, 115, 92, 47, 65, 100, 109, 105, 110, 92, 47, 80, 97, 121, 119, 97, 108, 108, 76, 105, 99, 101, 110, 115, 101, 86, 105, 101, 119, 46, 115, 119, 105, 102, 116, 58, 53, 51, 50, 58, 56, 58, 32, 110, 111, 116, 101, 58, 32, 39, 82, 111, 117, 110, 100, 101, 100, 67, 111, 114, 110, 101, 114, 39, 32, 112, 114, 101, 118, 105, 111, 117, 115, 108, 121, 32, 100, 101, 99, 108, 97, 114, 101, 100, 32, 104, 101, 114, 101, 92, 110, 115, 116, 114, 117, 99, 116, 32, 82, 111, 117, 110, 100, 101, 100, 67, 111, 114, 110, 101, 114, 58, 32, 83, 104, 97, 112, 101, 32, 123, 92, 110, 32, 32, 32, 32, 32, 32, 32, 94, 92, 110, 92, 47, 85, 115, 101, 114, 115, 92, 47, 114, 117, 110, 110, 101, 114, 92, 47, 119, 111, 114, 107, 92, 47, 105, 111, 115, 65, 112, 112, 92, 47, 105, 111, 115, 65, 112, 112, 92, 47, 105, 111, 115, 65, 112, 112, 92, 47, 86, 105, 101, 119, 115, 92, 47, 83, 99, 114, 101, 101, 110, 115, 92, 47, 83, 116, 97, 116, 105, 115, 116, 105, 99, 115, 92, 47, 65, 115, 115, 101, 116, 83, 116, 97, 116, 105, 115, 116, 105, 99, 115, 86, 105, 101, 119, 46, 115, 119, 105, 102, 116, 58, 52, 52, 58, 52, 50, 58, 32, 119, 97, 114, 110, 105, 110, 103, 58, 32, 108, 101, 102, 116, 32, 115, 105, 100, 101, 32, 111, 102, 32, 110, 105, 108, 32, 99, 111, 97, 108, 101, 115, 99, 105, 110, 103, 32, 111, 112, 101, 114, 97, 116, 111, 114, 32, 39, 63, 63, 39, 32, 104, 97, 115, 32, 110, 111, 110, 45, 111, 112, 116, 105, 111, 110, 97, 108, 32, 116, 121, 112, 101, 32, 39, 83, 116, 114, 105, 110, 103, 39, 44, 32, 115, 111, 32, 116, 104, 101, 32, 114, 105, 103, 104, 116, 32, 115, 105, 100, 101, 32, 105, 115, 32, 110, 101, 118, 101, 114, 32, 117, 115, 101, 100, 92, 110, 32, 32, 32, 32, 32, 32, 32, 32, 32, 32, 32, 32, 32, 32, 32, 32, 108, 101, 116, 32, 110, 97, 109, 101, 77, 97, 116, 99, 104, 32, 61, 32, 40, 100, 101, 118, 46, 116, 101, 110, 32, 63, 63, 32, 92, 34, 92, 34, 41, 46, 108, 111, 119, 101, 114, 99, 97, 115, 101, 100, 40, 41, 46, 99, 111, 110, 116, 97, 105, 110, 115, 40, 113, 41, 92, 110, 32, 32, 32, 32, 32, 32, 32, 32, 32, 32, 32, 32, 32, 32, 32, 32, 32, 32, 32, 32, 32, 32, 32, 32, 32, 32, 32, 32, 32, 32, 32, 32, 32, 126, 126, 126, 126, 126, 126, 126, 126, 94, 126, 126, 126, 126, 92, 110, 32, 32, 32, 32, 32, 32, 32, 32, 32, 32, 32, 32, 32, 32, 32, 32, 32, 32, 32, 32, 32, 32, 32, 32, 32, 32, 32, 32, 32, 32, 32, 32, 32, 32, 32, 32, 32, 32, 32, 32, 92, 110, 92, 47, 85, 115, 101, 114, 115, 92, 47, 114, 117, 110, 110, 101, 114, 92, 47, 119, 111, 114, 107, 92, 47, 105, 111, 115, 65, 112, 112, 92, 47, 105, 111, 115, 65, 112, 112, 92, 47, 105, 111, 115, 65, 112, 112, 92, 47, 86, 105, 101, 119, 115, 92, 47, 83, 99, 114, 101, 101, 110, 115, 92, 47, 83, 116, 97, 116, 105, 115, 116, 105, 99, 115, 92, 47, 65, 115, 115, 101, 116, 83, 116, 97, 116, 105, 115, 116, 105, 99, 115, 86, 105, 101, 119, 46, 115, 119, 105, 102, 116, 58, 52, 53, 58, 52, 55, 58, 32, 119, 97, 114, 110, 105, 110, 103, 58, 32, 108, 101, 102, 116, 32, 115, 105, 100, 101, 32, 111, 102, 32, 110, 105, 108, 32, 99, 111, 97, 108, 101, 115, 99, 105, 110, 103, 32, 111, 112, 101, 114, 97, 116, 111, 114, 32, 39, 63, 63, 39, 32, 104, 97, 115, 32, 110, 111, 110, 45, 111, 112, 116, 105, 111, 110, 97, 108, 32, 116, 121, 112, 101, 32, 39, 83, 116, 114, 105, 110, 103, 39, 44, 32, 115, 111, 32, 116, 104, 101, 32, 114, 105, 103, 104, 116, 32, 115, 105, 100, 101, 32, 105, 115, 32, 110, 101, 118, 101, 114, 32, 117, 115, 101, 100, 92, 110, 32, 32, 32, 32, 32, 32, 32, 32, 32, 32, 32, 32, 32, 32, 32, 32, 108, 101, 116, 32, 117, 110, 105, 116, 77, 97, 116, 99, 104, 32, 61, 32, 40, 100, 101, 118, 46, 116, 101, 110, 68, 111, 110, 86, 105, 32, 63, 63, 32, 92, 34, 92, 34, 41, 46, 108, 111, 119, 101, 114, 99, 97, 115, 101, 100, 40, 41, 46, 99, 111, 110, 116, 97, 105, 110, 115, 40, 113, 41, 92, 110, 32, 32, 32, 32, 32, 32, 32, 32, 32, 32, 32, 32, 32, 32, 32, 32, 32, 32, 32, 32, 32, 32, 32, 32, 32, 32, 32, 32, 32, 32, 32, 32, 32, 126, 126, 126, 126, 126, 126, 126, 126, 126, 126, 126, 126, 126, 94, 126, 126, 126, 126, 92, 110, 32, 32, 32, 32, 32, 32, 32, 32, 32, 32, 32, 32, 32, 32, 32, 32, 32, 32, 32, 32, 32, 32, 32, 32, 32, 32, 32, 32, 32, 32, 32, 32, 32, 32, 32, 32, 32, 32, 32, 32, 32, 32, 32, 32, 32, 92, 110, 92, 47, 85, 115, 101, 114, 115, 92, 47, 114, 117, 110, 110, 101, 114, 92, 47, 119, 111, 114, 107, 92, 47, 105, 111, 115, 65, 112, 112, 92, 47, 105, 111, 115, 65, 112, 112, 92, 47, 105, 111, 115, 65, 112, 112, 92, 47, 86, 105, 101, 119, 115, 92, 47, 83, 99, 114, 101, 101, 110, 115, 92, 47, 83, 116, 97, 116, 105, 115, 116, 105, 99, 115, 92, 47, 65, 115, 115, 101, 116, 83, 116, 97, 116, 105, 115, 116, 105, 99, 115, 86, 105, 101, 119, 46, 115, 119, 105, 102, 116, 58, 55, 51, 58, 51, 52, 58, 32, 119, 97, 114, 110, 105, 110, 103, 58, 32, 108, 101, 102, 116, 32, 115, 105, 100, 101, 32, 111, 102, 32, 110, 105, 108, 32, 99, 111, 97, 108, 101, 115, 99, 105, 110, 103, 32, 111, 112, 101, 114, 97, 116, 111, 114, 32, 39, 63, 63, 39, 32, 104, 97, 115, 32, 110, 111, 110, 45, 111, 112, 116, 105, 111, 110, 97, 108, 32, 116, 121, 112, 101, 32, 39, 83, 116, 114, 105, 110, 103, 39, 44, 32, 115, 111, 32, 116, 104, 101, 32, 114, 105, 103, 104, 116, 32, 115, 105, 100, 101, 32, 105, 115, 32, 110, 101, 118, 101, 114, 32, 117, 115, 101, 100, 92, 110, 32, 32, 32, 32, 32, 32, 32, 32, 32, 32, 32, 32, 108, 101, 116, 32, 117, 32, 61, 32, 100, 101, 118, 46, 116, 101, 110, 68, 111, 110, 86, 105, 32, 63, 63, 32, 92, 34, 92, 34, 92, 110, 32, 32, 32, 32, 32, 32, 32, 32, 32, 32, 32, 32, 32, 32, 32, 32, 32, 32, 32, 32, 126, 126, 126, 126, 126, 126, 126, 126, 126, 126, 126, 126, 126, 94, 126, 126, 126, 126, 92, 110, 32, 32, 32, 32, 32, 32, 32, 32, 32, 32, 32, 32, 32, 32, 32, 32, 32, 32, 32, 32, 32, 32, 32, 32, 32, 32, 32, 32, 32, 32, 32, 32, 92, 110, 92, 47, 85, 115, 101, 114, 115, 92, 47, 114, 117, 110, 110, 101, 114, 92, 47, 119, 111, 114, 107, 92, 47, 105, 111, 115, 65, 112, 112, 92, 47, 105, 111, 115, 65, 112, 112, 92, 47, 105, 111, 115, 65, 112, 112, 92, 47, 86, 105, 101, 119, 115, 92, 47, 83, 99, 114, 101, 101, 110, 115, 92, 47, 68, 101, 118, 105, 99, 101, 115, 92, 47, 65, 100, 100, 68, 101, 118, 105, 99, 101, 86, 105, 101, 119, 46, 115, 119, 105, 102, 116, 58, 49, 49, 56, 58, 49, 48, 54, 58, 32, 101, 114, 114, 111, 114, 58, 32, 116, 121, 112, 101, 32, 39, 67, 111, 108, 111, 114, 39, 32, 104, 97, 115, 32, 110, 111, 32, 109, 101, 109, 98, 101, 114, 32, 39, 97, 112, 112, 84, 101, 120, 116, 39, 92, 110, 32, 32, 32, 32, 32, 32, 32, 32, 32, 32, 32, 32, 32, 32, 32, 32, 84, 101, 120, 116, 40, 92, 34, 76, 111, 225, 186, 161, 105, 32, 116, 104, 105, 225, 186, 191, 116, 32, 98, 225, 187, 139, 92, 34, 41, 46, 102, 111, 110, 116, 40, 46, 115, 121, 115, 116, 101, 109, 40, 115, 105, 122, 101, 58, 32, 49, 51, 44, 32, 119, 101, 105, 103, 104, 116, 58, 32, 46, 98, 111, 108, 100, 41, 41, 46, 102, 111, 114, 101, 103, 114, 111, 117, 110, 100, 67, 111, 108, 111, 114, 40, 67, 111, 108, 111, 114, 46, 97, 112, 112, 84, 101, 120, 116, 41, 92, 110, 92, 47, 85, 115, 101, 114, 115, 92, 47, 114, 117, 110, 110, 101, 114, 92, 47, 119, 111, 114, 107, 92, 47, 105, 111, 115, 65, 112, 112, 92, 47, 105, 111, 115, 65, 112, 112, 92, 47, 105, 111, 115, 65, 112, 112, 92, 47, 86, 105, 101, 119, 115, 92, 47, 83, 99, 114, 101, 101, 110, 115, 92, 47, 68, 101, 118, 105, 99, 101, 115, 92, 47, 65, 100, 100, 68, 101, 118, 105, 99, 101, 86, 105, 101, 119, 46, 115, 119, 105, 102, 116, 58, 49, 54, 49, 58, 56, 54, 58, 32, 101, 114, 114, 111, 114, 58, 32, 116, 121, 112, 101, 32, 39, 67, 111, 108, 111, 114, 39, 32, 104, 97, 115, 32, 110, 111, 32, 109, 101, 109, 98, 101, 114, 32, 39, 97, 112, 112, 84, 101, 120, 116, 39, 92, 110, 32, 32, 32, 32, 32, 32, 32, 32, 32, 32, 32, 32, 84, 101, 120, 116, 40, 116, 105, 116, 108, 101, 41, 46, 102, 111, 110, 116, 40, 46, 115, 121, 115, 116, 101, 109, 40, 115, 105, 122, 101, 58, 32, 49, 51, 44, 32, 119, 101, 105, 103, 104, 116, 58, 32, 46, 98, 111, 108, 100, 41, 41, 46, 102, 111, 114, 101, 103, 114, 111, 117, 110, 100, 67, 111, 108, 111, 114, 40, 67, 111, 108, 111, 114, 46, 97, 112, 112, 84, 101, 120, 116, 41, 92, 110, 32, 32, 32, 32, 32, 32, 32, 32, 32, 32, 32, 32, 32, 32, 32, 32, 32, 32, 32, 32, 32, 32, 32, 32, 32, 32, 32, 32, 32, 32, 32, 32, 32, 32, 32, 32, 32, 32, 32, 32, 32, 32, 32, 32, 32, 32, 32, 32, 32, 32, 32, 32, 32, 32, 32, 32, 32, 32, 32, 32, 32, 32, 32, 32, 32, 32, 32, 32, 32, 32, 32, 32, 32, 32, 32, 32, 32, 32, 32, 126, 126, 126, 126, 126, 32, 94, 126, 126, 126, 126, 126, 126, 92, 110, 92, 47, 85, 115, 101, 114, 115, 92, 47, 114, 117, 110, 110, 101, 114, 92, 47, 119, 111, 114, 107, 92, 47, 105, 111, 115, 65, 112, 112, 92, 47, 105, 111, 115, 65, 112, 112, 92, 47, 105, 111, 115, 65, 112, 112, 92, 47, 86, 105, 101, 119, 115, 92, 47, 83, 99, 114, 101, 101, 110, 115, 92, 47, 68, 101, 118, 105, 99, 101, 115, 92, 47, 80, 114, 105, 110, 116, 81, 114, 76, 97, 98, 101, 108, 86, 105, 101, 119, 46, 115, 119, 105, 102, 116, 58, 50, 48, 55, 58, 57, 58, 32, 101, 114, 114, 111, 114, 58, 32, 116, 104, 101, 32, 99, 111, 109, 112, 105, 108, 101, 114, 32, 105, 115, 32, 117, 110, 97, 98, 108, 101, 32, 116, 111, 32, 116, 121, 112, 101, 45, 99, 104, 101, 99, 107, 32, 116, 104, 105, 115, 32, 101, 120, 112, 114, 101, 115, 115, 105, 111, 110, 32, 105, 110, 32, 114, 101, 97, 115, 111, 110, 97, 98, 108, 101, 32, 116, 105, 109, 101, 59, 32, 116, 114, 121, 32, 98, 114, 101, 97, 107, 105, 110, 103, 32, 117, 112, 32, 116, 104, 101, 32, 101, 120, 112, 114, 101, 115, 115, 105, 111, 110, 32, 105, 110, 116, 111, 32, 100, 105, 115, 116, 105, 110, 99, 116, 32, 115, 117, 98, 45, 101, 120, 112, 114, 101, 115, 115, 105, 111, 110, 115, 92, 110, 32, 32, 32, 32, 32, 32, 32, 32, 86, 83, 116, 97, 99, 107, 40, 115, 112, 97, 99, 105, 110, 103, 58, 32, 49, 50, 41, 32, 123, 92, 110, 32, 32, 32, 32, 32, 32, 32, 32, 94, 126, 126, 126, 126, 126, 126, 126, 126, 126, 126, 126, 126, 126, 126, 126, 126, 126, 126, 126, 126, 92, 110, 92, 47, 85, 115, 101, 114, 115, 92, 47, 114, 117, 110, 110, 101, 114, 92, 47, 119, 111, 114, 107, 92, 47, 105, 111, 115, 65, 112, 112, 92, 47, 105, 111, 115, 65, 112, 112, 92, 47, 105, 111, 115, 65, 112, 112, 92, 47, 86, 105, 101, 119, 115, 92, 47, 83, 99, 114, 101, 101, 110, 115, 92, 47, 78, 111, 116, 105, 102, 105, 99, 97, 116, 105, 111, 110, 115, 92, 47, 83, 121, 115, 116, 101, 109, 78, 111, 116, 105, 102, 105, 99, 97, 116, 105, 111, 110, 115, 86, 105, 101, 119, 46, 115, 119, 105, 102, 116, 58, 50, 56, 49, 58, 56, 48, 58, 32, 101, 114, 114, 111, 114, 58, 32, 118, 97, 108, 117, 101, 32, 111, 102, 32, 116, 121, 112, 101, 32, 39, 65, 100, 109, 105, 110, 86, 105, 101, 119, 77, 111, 100, 101, 108, 39, 32, 104, 97, 115, 32, 110, 111, 32, 100, 121, 110, 97, 109, 105, 99, 32, 109, 101, 109, 98, 101, 114, 32, 39, 117, 115, 101, 114, 39, 32, 117, 115, 105, 110, 103, 32, 107, 101, 121, 32, 112, 97, 116, 104, 32, 102, 114, 111, 109, 32, 114, 111, 111, 116, 32, 116, 121, 112, 101, 32, 39, 65, 100, 109, 105, 110, 86, 105, 101, 119, 77, 111, 100, 101, 108, 39, 92, 110, 32, 32, 32, 32, 32, 32, 32, 32, 108, 101, 116, 32, 117, 114, 108, 83, 116, 114, 32, 61, 32, 92, 34, 92, 92, 40, 70, 105, 114, 101, 98, 97, 115, 101, 67, 111, 110, 102, 105, 103, 46, 102, 105, 114, 101, 115, 116, 111, 114, 101, 66, 97, 115, 101, 85, 114, 108, 41, 92, 47, 99, 111, 109, 112, 97, 110, 105, 101, 115, 92, 47, 92, 92, 40, 118, 105, 101, 119, 77, 111, 100, 101, 108, 46, 117, 115, 101, 114, 46, 99, 111, 109, 112, 97, 110, 121, 73, 100, 41, 92, 47, 110, 111, 116, 105, 102, 105, 99, 97, 116, 105, 111, 110, 115, 92, 34, 92, 110, 32, 32, 32, 32, 32, 32, 32, 32, 32, 32, 32, 32, 32, 32, 32, 32, 32, 32, 32, 32, 32, 32, 32, 32, 32, 32, 32, 32, 32, 32, 32, 32, 32, 32, 32, 32, 32, 32, 32, 32, 32, 32, 32, 32, 32, 32, 32, 32, 32, 32, 32, 32, 32, 32, 32, 32, 32, 32, 32, 32, 32, 32, 32, 32, 32, 32, 32, 32, 32, 126, 126, 126, 126, 126, 126, 126, 126, 126, 32, 94, 126, 126, 126, 92, 110, 92, 47, 85, 115, 101, 114, 115, 92, 47, 114, 117, 110, 110, 101, 114, 92, 47, 119, 111, 114, 107, 92, 47, 105, 111, 115, 65, 112, 112, 92, 47, 105, 111, 115, 65, 112, 112, 92, 47, 105, 111, 115, 65, 112, 112, 92, 47, 86, 105, 101, 119, 115, 92, 47, 83, 99, 114, 101, 101, 110, 115, 92, 47, 78, 111, 116, 105, 102, 105, 99, 97, 116, 105, 111, 110, 115, 92, 47, 83, 121, 115, 116, 101, 109, 78, 111, 116, 105, 102, 105, 99, 97, 116, 105, 111, 110, 115, 86, 105, 101, 119, 46, 115, 119, 105, 102, 116, 58, 50, 56, 49, 58, 55, 48, 58, 32, 101, 114, 114, 111, 114, 58, 32, 114, 101, 102, 101, 114, 101, 110, 99, 105, 110, 103, 32, 115, 117, 98, 115, 99, 114, 105, 112, 116, 32, 39, 115, 117, 98, 115, 99, 114, 105, 112, 116, 40, 100, 121, 110, 97, 109, 105, 99, 77, 101, 109, 98, 101, 114, 58, 41, 39, 32, 114, 101, 113, 117, 105, 114, 101, 115, 32, 119, 114, 97, 112, 112, 101, 114, 32, 39, 79, 98, 115, 101, 114, 118, 101, 100, 79, 98, 106, 101, 99, 116, 60, 65, 100, 109, 105, 110, 86, 105, 101, 119, 77, 111, 100, 101, 108, 62, 46, 87, 114, 97, 112, 112, 101, 114, 39, 92, 110, 32, 32, 32, 32, 32, 32, 32, 32, 108, 101, 116, 32, 117, 114, 108, 83, 116, 114, 32, 61, 32, 92, 34, 92, 92, 40, 70, 105, 114, 101, 98, 97, 115, 101, 67, 111, 110, 102, 105, 103, 46, 102, 105, 114, 101, 115, 116, 111, 114, 101, 66, 97, 115, 101, 85, 114, 108, 41, 92, 47, 99, 111, 109, 112, 97, 110, 105, 101, 115, 92, 47, 92, 92, 40, 118, 105, 101, 119, 77, 111, 100, 101, 108, 46, 117, 115, 101, 114, 46, 99, 111, 109, 112, 97, 110, 121, 73, 100, 41, 92, 47, 110, 111, 116, 105, 102, 105, 99, 97, 116, 105, 111, 110, 115, 92, 34, 92, 110, 32, 32, 32, 32, 32, 32, 32, 32, 32, 32, 32, 32, 32, 32, 32, 32, 32, 32, 32, 32, 32, 32, 32, 32, 32, 32, 32, 32, 32, 32, 32, 32, 32, 32, 32, 32, 32, 32, 32, 32, 32, 32, 32, 32, 32, 32, 32, 32, 32, 32, 32, 32, 32, 32, 32, 32, 32, 32, 32, 32, 32, 32, 32, 32, 32, 32, 32, 32, 32, 94, 92, 110, 32, 32, 32, 32, 32, 32, 32, 32, 32, 32, 32, 32, 32, 32, 32, 32, 32, 32, 32, 32, 32, 32, 32, 32, 32, 32, 32, 32, 32, 32, 32, 32, 32, 32, 32, 32, 32, 32, 32, 32, 32, 32, 32, 32, 32, 32, 32, 32, 32, 32, 32, 32, 32, 32, 32, 32, 32, 32, 32, 32, 32, 32, 32, 32, 32, 32, 32, 32, 32, 36, 92, 110, 92, 47, 85, 115, 101, 114, 115, 92, 47, 114, 117, 110, 110, 101, 114, 92, 47, 119, 111, 114, 107, 92, 47, 105, 111, 115, 65, 112, 112, 92, 47, 105, 111, 115, 65, 112, 112, 92, 47, 105, 111, 115, 65, 112, 112, 92, 47, 86, 105, 101, 119, 115, 92, 47, 83, 99, 114, 101, 101, 110, 115, 92, 47, 78, 111, 116, 105, 102, 105, 99, 97, 116, 105, 111, 110, 115, 92, 47, 83, 121, 115, 116, 101, 109, 78, 111, 116, 105, 102, 105, 99, 97, 116, 105, 111, 110, 115, 86, 105, 101, 119, 46, 115, 119, 105, 102, 116, 58, 50, 56, 54, 58, 52, 54, 58, 32, 101, 114, 114, 111, 114, 58, 32, 118, 97, 108, 117, 101, 32, 111, 102, 32, 116, 121, 112, 101, 32, 39, 65, 100, 109, 105, 110, 86, 105, 101, 119, 77, 111, 100, 101, 108, 39, 32, 104, 97, 115, 32, 110, 111, 32, 100, 121, 110, 97, 109, 105, 99, 32, 109, 101, 109, 98, 101, 114, 32, 39, 97, 117, 116, 104, 84, 111, 107, 101, 110, 39, 32, 117, 115, 105, 110, 103, 32, 107, 101, 121, 32, 112, 97, 116, 104, 32, 102, 114, 111, 109, 32, 114, 111, 111, 116, 32, 116, 121, 112, 101, 32, 39, 65, 100, 109, 105, 110, 86, 105, 101, 119, 77, 111, 100, 101, 108, 39, 92, 110, 32, 32, 32, 32, 32, 32, 32, 32, 114, 101, 113, 117, 101, 115, 116, 46, 115, 101, 116, 86, 97, 108, 117, 101, 40, 92, 34, 66, 101, 97, 114, 101, 114, 32, 92, 92, 40, 118, 105, 101, 119, 77, 111, 100, 101, 108, 46, 97, 117, 116, 104, 84, 111, 107, 101, 110, 41, 92, 34, 44, 32, 102, 111, 114, 72, 84, 84, 80, 72, 101, 97, 100, 101, 114, 70, 105, 101, 108, 100, 58, 32, 92, 34, 65, 117, 116, 104, 111, 114, 105, 122, 97, 116, 105, 111, 110, 92, 34, 41, 92, 110, 32, 32, 32, 32, 32, 32, 32, 32, 32, 32, 32, 32, 32, 32, 32, 32, 32, 32, 32, 32, 32, 32, 32, 32, 32, 32, 32, 32, 32, 32, 32, 32, 32, 32, 32, 126, 126, 126, 126, 126, 126, 126, 126, 126, 32, 94, 126, 126, 126, 126, 126, 126, 126, 126, 92, 110, 92, 47, 85, 115, 101, 114, 115, 92, 47, 114, 117, 110, 110, 101, 114, 92, 47, 119, 111, 114, 107, 92, 47, 105, 111, 115, 65, 112, 112, 92, 47, 105, 111, 115, 65, 112, 112, 92, 47, 105, 111, 115, 65, 112, 112, 92, 47, 86, 105, 101, 119, 115, 92, 47, 83, 99, 114, 101, 101, 110, 115, 92, 47, 78, 111, 116, 105, 102, 105, 99, 97, 116, 105, 111, 110, 115, 92, 47, 83, 121, 115, 116, 101, 109, 78, 111, 116, 105, 102, 105, 99, 97, 116, 105, 111, 110, 115, 86, 105, 101, 119, 46, 115, 119, 105, 102, 116, 58, 50, 56, 54, 58, 51, 54, 58, 32, 101, 114, 114, 111, 114, 58, 32, 114, 101, 102, 101, 114, 101, 110, 99, 105, 110, 103, 32, 115, 117, 98, 115, 99, 114, 105, 112, 116, 32, 39, 115, 117, 98, 115, 99, 114, 105, 112, 116, 40, 100, 121, 110, 97, 109, 105, 99, 77, 101, 109, 98, 101, 114, 58, 41, 39, 32, 114, 101, 113, 117, 105, 114, 101, 115, 32, 119, 114, 97, 112, 112, 101, 114, 32, 39, 79, 98, 115, 101, 114, 118, 101, 100, 79, 98, 106, 101, 99, 116, 60, 65, 100, 109, 105, 110, 86, 105, 101, 119, 77, 111, 100, 101, 108, 62, 46, 87, 114, 97, 112, 112, 101, 114, 39, 92, 110, 32, 32, 32, 32, 32, 32, 32, 32, 114, 101, 113, 117, 101, 115, 116, 46, 115, 101, 116, 86, 97, 108, 117, 101, 40, 92, 34, 66, 101, 97, 114, 101, 114, 32, 92, 92, 40, 118, 105, 101, 119, 77, 111, 100, 101, 108, 46, 97, 117, 116, 104, 84, 111, 107, 101, 110, 41, 92, 34, 44, 32, 102, 111, 114, 72, 84, 84, 80, 72, 101, 97, 100, 101, 114, 70, 105, 101, 108, 100, 58, 32, 92, 34, 65, 117, 116, 104, 111, 114, 105, 122, 97, 116, 105, 111, 110, 92, 34, 41, 92, 110, 32, 32, 32, 32, 32, 32, 32, 32, 32, 32, 32, 32, 32, 32, 32, 32, 32, 32, 32, 32, 32, 32, 32, 32, 32, 32, 32, 32, 32, 32, 32, 32, 32, 32, 32, 94, 92, 110, 32, 32, 32, 32, 32, 32, 32, 32, 32, 32, 32, 32, 32, 32, 32, 32, 32, 32, 32, 32, 32, 32, 32, 32, 32, 32, 32, 32, 32, 32, 32, 32, 32, 32, 32, 36, 92, 110, 92, 47, 85, 115, 101, 114, 115, 92, 47, 114, 117, 110, 110, 101, 114, 92, 47, 119, 111, 114, 107, 92, 47, 105, 111, 115, 65, 112, 112, 92, 47, 105, 111, 115, 65, 112, 112, 92, 47, 105, 111, 115, 65, 112, 112, 92, 47, 86, 105, 101, 119, 115, 92, 47, 83, 99, 114, 101, 101, 110, 115, 92, 47, 78, 111, 116, 105, 102, 105, 99, 97, 116, 105, 111, 110, 115, 92, 47, 83, 121, 115, 116, 101, 109, 78, 111, 116, 105, 102, 105, 99, 97, 116, 105, 111, 110, 115, 86, 105, 101, 119, 46, 115, 119, 105, 102, 116, 58, 50, 57, 53, 58, 52, 54, 58, 32, 101, 114, 114, 111, 114, 58, 32, 118, 97, 108, 117, 101, 32, 111, 102, 32, 116, 121, 112, 101, 32, 39, 65, 100, 109, 105, 110, 86, 105, 101, 119, 77, 111, 100, 101, 108, 39, 32, 104, 97, 115, 32, 110, 111, 32, 100, 121, 110, 97, 109, 105, 99, 32, 109, 101, 109, 98, 101, 114, 32, 39, 117, 115, 101, 114, 39, 32, 117, 115, 105, 110, 103, 32, 107, 101, 121, 32, 112, 97, 116, 104, 32, 102, 114, 111, 109, 32, 114, 111, 111, 116, 32, 116, 121, 112, 101, 32, 39, 65, 100, 109, 105, 110, 86, 105, 101, 119, 77, 111, 100, 101, 108, 39, 92, 110, 32, 32, 32, 32, 32, 32, 32, 32, 32, 32, 32, 32, 32, 32, 32, 32, 32, 32, 32, 32, 108, 101, 116, 32, 109, 121, 85, 115, 101, 114, 73, 100, 32, 61, 32, 118, 105, 101, 119, 77, 111, 100, 101, 108, 46, 117, 115, 101, 114, 46, 101, 109, 97, 105, 108, 32, 92, 47, 92, 47, 32, 65, 115, 115, 117, 109, 105, 110, 103, 32, 117, 115, 101, 114, 73, 100, 32, 109, 97, 112, 112, 105, 110, 103, 92, 110, 32, 32, 32, 32, 32, 32, 32, 32, 32, 32, 32, 32, 32, 32, 32, 32, 32, 32, 32, 32, 32, 32, 32, 32, 32, 32, 32, 32, 32, 32, 32, 32, 32, 32, 32, 126, 126, 126, 126, 126, 126, 126, 126, 126, 32, 94, 126, 126, 126, 92, 110, 92, 47, 85, 115, 101, 114, 115, 92, 47, 114, 117, 110, 110, 101, 114, 92, 47, 119, 111, 114, 107, 92, 47, 105, 111, 115, 65, 112, 112, 92, 47, 105, 111, 115, 65, 112, 112, 92, 47, 105, 111, 115, 65, 112, 112, 92, 47, 86, 105, 101, 119, 115, 92, 47, 83, 99, 114, 101, 101, 110, 115, 92, 47, 78, 111, 116, 105, 102, 105, 99, 97, 116, 105, 111, 110, 115, 92, 47, 83, 121, 115, 116, 101, 109, 78, 111, 116, 105, 102, 105, 99, 97, 116, 105, 111, 110, 115, 86, 105, 101, 119, 46, 115, 119, 105, 102, 116, 58, 50, 57, 53, 58, 51, 54, 58, 32, 101, 114, 114, 111, 114, 58, 32, 114, 101, 102, 101, 114, 101, 110, 99, 105, 110, 103, 32, 115, 117, 98, 115, 99, 114, 105, 112, 116, 32, 39, 115, 117, 98, 115, 99, 114, 105, 112, 116, 40, 100, 121, 110, 97, 109, 105, 99, 77, 101, 109, 98, 101, 114, 58, 41, 39, 32, 114, 101, 113, 117, 105, 114, 101, 115, 32, 119, 114, 97, 112, 112, 101, 114, 32, 39, 79, 98, 115, 101, 114, 118, 101, 100, 79, 98, 106, 101, 99, 116, 60, 65, 100, 109, 105, 110, 86, 105, 101, 119, 77, 111, 100, 101, 108, 62, 46, 87, 114, 97, 112, 112, 101, 114, 39, 92, 110, 32, 32, 32, 32, 32, 32, 32, 32, 32, 32, 32, 32, 32, 32, 32, 32, 32, 32, 32, 32, 108, 101, 116, 32, 109, 121, 85, 115, 101, 114, 73, 100, 32, 61, 32, 118, 105, 101, 119, 77, 111, 100, 101, 108, 46, 117, 115, 101, 114, 46, 101, 109, 97, 105, 108, 32, 92, 47, 92, 47, 32, 65, 115, 115, 117, 109, 105, 110, 103, 32, 117, 115, 101, 114, 73, 100, 32, 109, 97, 112, 112, 105, 110, 103, 92, 110, 32, 32, 32, 32, 32, 32, 32, 32, 32, 32, 32, 32, 32, 32, 32, 32, 32, 32, 32, 32, 32, 32, 32, 32, 32, 32, 32, 32, 32, 32, 32, 32, 32, 32, 32, 94, 92, 110, 32, 32, 32, 32, 32, 32, 32, 32, 32, 32, 32, 32, 32, 32, 32, 32, 32, 32, 32, 32, 32, 32, 32, 32, 32, 32, 32, 32, 32, 32, 32, 32, 32, 32, 32, 36, 92, 110, 92, 47, 85, 115, 101, 114, 115, 92, 47, 114, 117, 110, 110, 101, 114, 92, 47, 119, 111, 114, 107, 92, 47, 105, 111, 115, 65, 112, 112, 92, 47, 105, 111, 115, 65, 112, 112, 92, 47, 105, 111, 115, 65, 112, 112, 92, 47, 86, 105, 101, 119, 115, 92, 47, 83, 99, 114, 101, 101, 110, 115, 92, 47, 78, 111, 116, 105, 102, 105, 99, 97, 116, 105, 111, 110, 115, 92, 47, 83, 121, 115, 116, 101, 109, 78, 111, 116, 105, 102, 105, 99, 97, 116, 105, 111, 110, 115, 86, 105, 101, 119, 46, 115, 119, 105, 102, 116, 58, 51, 51, 54, 58, 56, 48, 58, 32, 101, 114, 114, 111, 114, 58, 32, 118, 97, 108, 117, 101, 32, 111, 102, 32, 116, 121, 112, 101, 32, 39, 65, 100, 109, 105, 110, 86, 105, 101, 119, 77, 111, 100, 101, 108, 39, 32, 104, 97, 115, 32, 110, 111, 32, 100, 121, 110, 97, 109, 105, 99, 32, 109, 101, 109, 98, 101, 114, 32, 39, 117, 115, 101, 114, 39, 32, 117, 115, 105, 110, 103, 32, 107, 101, 121, 32, 112, 97, 116, 104, 32, 102, 114, 111, 109, 32, 114, 111, 111, 116, 32, 116, 121, 112, 101, 32, 39, 65, 100, 109, 105, 110, 86, 105, 101, 119, 77, 111, 100, 101, 108, 39, 92, 110, 32, 32, 32, 32, 32, 32, 32, 32, 108, 101, 116, 32, 117, 114, 108, 83, 116, 114, 32, 61, 32, 92, 34, 92, 92, 40, 70, 105, 114, 101, 98, 97, 115, 101, 67, 111, 110, 102, 105, 103, 46, 102, 105, 114, 101, 115, 116, 111, 114, 101, 66, 97, 115, 101, 85, 114, 108, 41, 92, 47, 99, 111, 109, 112, 97, 110, 105, 101, 115, 92, 47, 92, 92, 40, 118, 105, 101, 119, 77, 111, 100, 101, 108, 46, 117, 115, 101, 114, 46, 99, 111, 109, 112, 97, 110, 121, 73, 100, 41, 92, 47, 110, 111, 116, 105, 102, 105, 99, 97, 116, 105, 111, 110, 115, 92, 47, 92, 92, 40, 105, 100, 41, 63, 117, 112, 100, 97, 116, 101, 77, 97, 115, 107, 46, 102, 105, 101, 108, 100, 80, 97, 116, 104, 115, 61, 105, 115, 82, 101, 97, 100, 92, 34, 92, 110, 32, 32, 32, 32, 32, 32, 32, 32, 32, 32, 32, 32, 32, 32, 32, 32, 32, 32, 32, 32, 32, 32, 32, 32, 32, 32, 32, 32, 32, 32, 32, 32, 32, 32, 32, 32, 32, 32, 32, 32, 32, 32, 32, 32, 32, 32, 32, 32, 32, 32, 32, 32, 32, 32, 32, 32, 32, 32, 32, 32, 32, 32, 32, 32, 32, 32, 32, 32, 32, 126, 126, 126, 126, 126, 126, 126, 126, 126, 32, 94, 126, 126, 126, 92, 110, 92, 47, 85, 115, 101, 114, 115, 92, 47, 114, 117, 110, 110, 101, 114, 92, 47, 119, 111, 114, 107, 92, 47, 105, 111, 115, 65, 112, 112, 92, 47, 105, 111, 115, 65, 112, 112, 92, 47, 105, 111, 115, 65, 112, 112, 92, 47, 86, 105, 101, 119, 115, 92, 47, 83, 99, 114, 101, 101, 110, 115, 92, 47, 78, 111, 116, 105, 102, 105, 99, 97, 116, 105, 111, 110, 115, 92, 47, 83, 121, 115, 116, 101, 109, 78, 111, 116, 105, 102, 105, 99, 97, 116, 105, 111, 110, 115, 86, 105, 101, 119, 46, 115, 119, 105, 102, 116, 58, 51, 51, 54, 58, 55, 48, 58, 32, 101, 114, 114, 111, 114, 58, 32, 114, 101, 102, 101, 114, 101, 110, 99, 105, 110, 103, 32, 115, 117, 98, 115, 99, 114, 105, 112, 116, 32, 39, 115, 117, 98, 115, 99, 114, 105, 112, 116, 40, 100, 121, 110, 97, 109, 105, 99, 77, 101, 109, 98, 101, 114, 58, 41, 39, 32, 114, 101, 113, 117, 105, 114, 101, 115, 32, 119, 114, 97, 112, 112, 101, 114, 32, 39, 79, 98, 115, 101, 114, 118, 101, 100, 79, 98, 106, 101, 99, 116, 60, 65, 100, 109, 105, 110, 86, 105, 101, 119, 77, 111, 100, 101, 108, 62, 46, 87, 114, 97, 112, 112, 101, 114, 39, 92, 110, 32, 32, 32, 32, 32, 32, 32, 32, 108, 101, 116, 32, 117, 114, 108, 83, 116, 114, 32, 61, 32, 92, 34, 92, 92, 40, 70, 105, 114, 101, 98, 97, 115, 101, 67, 111, 110, 102, 105, 103, 46, 102, 105, 114, 101, 115, 116, 111, 114, 101, 66, 97, 115, 101, 85, 114, 108, 41, 92, 47, 99, 111, 109, 112, 97, 110, 105, 101, 115, 92, 47, 92, 92, 40, 118, 105, 101, 119, 77, 111, 100, 101, 108, 46, 117, 115, 101, 114, 46, 99, 111, 109, 112, 97, 110, 121, 73, 100, 41, 92, 47, 110, 111, 116, 105, 102, 105, 99, 97, 116, 105, 111, 110, 115, 92, 47, 92, 92, 40, 105, 100, 41, 63, 117, 112, 100, 97, 116, 101, 77, 97, 115, 107, 46, 102, 105, 101, 108, 100, 80, 97, 116, 104, 115, 61, 105, 115, 82, 101, 97, 100, 92, 34, 92, 110, 32, 32, 32, 32, 32, 32, 32, 32, 32, 32, 32, 32, 32, 32, 32, 32, 32, 32, 32, 32, 32, 32, 32, 32, 32, 32, 32, 32, 32, 32, 32, 32, 32, 32, 32, 32, 32, 32, 32, 32, 32, 32, 32, 32, 32, 32, 32, 32, 32, 32, 32, 32, 32, 32, 32, 32, 32, 32, 32, 32, 32, 32, 32, 32, 32, 32, 32, 32, 32, 94, 92, 110, 32, 32, 32, 32, 32, 32, 32, 32, 32, 32, 32, 32, 32, 32, 32, 32, 32, 32, 32, 32, 32, 32, 32, 32, 32, 32, 32, 32, 32, 32, 32, 32, 32, 32, 32, 32, 32, 32, 32, 32, 32, 32, 32, 32, 32, 32, 32, 32, 32, 32, 32, 32, 32, 32, 32, 32, 32, 32, 32, 32, 32, 32, 32, 32, 32, 32, 32, 32, 32, 36, 92, 110, 92, 47, 85, 115, 101, 114, 115, 92, 47, 114, 117, 110, 110, 101, 114, 92, 47, 119, 111, 114, 107, 92, 47, 105, 111, 115, 65, 112, 112, 92, 47, 105, 111, 115, 65, 112, 112, 92, 47, 105, 111, 115, 65, 112, 112, 92, 47, 86, 105, 101, 119, 115, 92, 47, 83, 99, 114, 101, 101, 110, 115, 92, 47, 78, 111, 116, 105, 102, 105, 99, 97, 116, 105, 111, 110, 115, 92, 47, 83, 121, 115, 116, 101, 109, 78, 111, 116, 105, 102, 105, 99, 97, 116, 105, 111, 110, 115, 86, 105, 101, 119, 46, 115, 119, 105, 102, 116, 58, 51, 52, 49, 58, 52, 54, 58, 32, 101, 114, 114, 111, 114, 58, 32, 118, 97, 108, 117, 101, 32, 111, 102, 32, 116, 121, 112, 101, 32, 39, 65, 100, 109, 105, 110, 86, 105, 101, 119, 77, 111, 100, 101, 108, 39, 32, 104, 97, 115, 32, 110, 111, 32, 100, 121, 110, 97, 109, 105, 99, 32, 109, 101, 109, 98, 101, 114, 32, 39, 97, 117, 116, 104, 84, 111, 107, 101, 110, 39, 32, 117, 115, 105, 110, 103, 32, 107, 101, 121, 32, 112, 97, 116, 104, 32, 102, 114, 111, 109, 32, 114, 111, 111, 116, 32, 116, 121, 112, 101, 32, 39, 65, 100, 109, 105, 110, 86, 105, 101, 119, 77, 111, 100, 101, 108, 39, 92, 110, 32, 32, 32, 32, 32, 32, 32, 32, 114, 101, 113, 117, 101, 115, 116, 46, 115, 101, 116, 86, 97, 108, 117, 101, 40, 92, 34, 66, 101, 97, 114, 101, 114, 32, 92, 92, 40, 118, 105, 101, 119, 77, 111, 100, 101, 108, 46, 97, 117, 116, 104, 84, 111, 107, 101, 110, 41, 92, 34, 44, 32, 102, 111, 114, 72, 84, 84, 80, 72, 101, 97, 100, 101, 114, 70, 105, 101, 108, 100, 58, 32, 92, 34, 65, 117, 116, 104, 111, 114, 105, 122, 97, 116, 105, 111, 110, 92, 34, 41, 92, 110, 32, 32, 32, 32, 32, 32, 32, 32, 32, 32, 32, 32, 32, 32, 32, 32, 32, 32, 32, 32, 32, 32, 32, 32, 32, 32, 32, 32, 32, 32, 32, 32, 32, 32, 32, 126, 126, 126, 126, 126, 126, 126, 126, 126, 32, 94, 126, 126, 126, 126, 126, 126, 126, 126, 92, 110, 92, 47, 85, 115, 101, 114, 115, 92, 47, 114, 117, 110, 110, 101, 114, 92, 47, 119, 111, 114, 107, 92, 47, 105, 111, 115, 65, 112, 112, 92, 47, 105, 111, 115, 65, 112, 112, 92, 47, 105, 111, 115, 65, 112, 112, 92, 47, 86, 105, 101, 119, 115, 92, 47, 83, 99, 114, 101, 101, 110, 115, 92, 47, 78, 111, 116, 105, 102, 105, 99, 97, 116, 105, 111, 110, 115, 92, 47, 83, 121, 115, 116, 101, 109, 78, 111, 116, 105, 102, 105, 99, 97, 116, 105, 111, 110, 115, 86, 105, 101, 119, 46, 115, 119, 105, 102, 116, 58, 51, 52, 49, 58, 51, 54, 58, 32, 101, 114, 114, 111, 114, 58, 32, 114, 101, 102, 101, 114, 101, 110, 99, 105, 110, 103, 32, 115, 117, 98, 115, 99, 114, 105, 112, 116, 32, 39, 115, 117, 98, 115, 99, 114, 105, 112, 116, 40, 100, 121, 110, 97, 109, 105, 99, 77, 101, 109, 98, 101, 114, 58, 41, 39, 32, 114, 101, 113, 117, 105, 114, 101, 115, 32, 119, 114, 97, 112, 112, 101, 114, 32, 39, 79, 98, 115, 101, 114, 118, 101, 100, 79, 98, 106, 101, 99, 116, 60, 65, 100, 109, 105, 110, 86, 105, 101, 119, 77, 111, 100, 101, 108, 62, 46, 87, 114, 97, 112, 112, 101, 114, 39, 92, 110, 32, 32, 32, 32, 32, 32, 32, 32, 114, 101, 113, 117, 101, 115, 116, 46, 115, 101, 116, 86, 97, 108, 117, 101, 40, 92, 34, 66, 101, 97, 114, 101, 114, 32, 92, 92, 40, 118, 105, 101, 119, 77, 111, 100, 101, 108, 46, 97, 117, 116, 104, 84, 111, 107, 101, 110, 41, 92, 34, 44, 32, 102, 111, 114, 72, 84, 84, 80, 72, 101, 97, 100, 101, 114, 70, 105, 101, 108, 100, 58, 32, 92, 34, 65, 117, 116, 104, 111, 114, 105, 122, 97, 116, 105, 111, 110, 92, 34, 41, 92, 110, 32, 32, 32, 32, 32, 32, 32, 32, 32, 32, 32, 32, 32, 32, 32, 32, 32, 32, 32, 32, 32, 32, 32, 32, 32, 32, 32, 32, 32, 32, 32, 32, 32, 32, 32, 94, 92, 110, 32, 32, 32, 32, 32, 32, 32, 32, 32, 32, 32, 32, 32, 32, 32, 32, 32, 32, 32, 32, 32, 32, 32, 32, 32, 32, 32, 32, 32, 32, 32, 32, 32, 32, 32, 36, 92, 110, 92, 47, 85, 115, 101, 114, 115, 92, 47, 114, 117, 110, 110, 101, 114, 92, 47, 119, 111, 114, 107, 92, 47, 105, 111, 115, 65, 112, 112, 92, 47, 105, 111, 115, 65, 112, 112, 92, 47, 105, 111, 115, 65, 112, 112, 92, 47, 86, 105, 101, 119, 115, 92, 47, 83, 99, 114, 101, 101, 110, 115, 92, 47, 78, 111, 116, 105, 102, 105, 99, 97, 116, 105, 111, 110, 115, 92, 47, 83, 121, 115, 116, 101, 109, 78, 111, 116, 105, 102, 105, 99, 97, 116, 105, 111, 110, 115, 86, 105, 101, 119, 46, 115, 119, 105, 102, 116, 58, 51, 54, 53, 58, 56, 48, 58, 32, 101, 114, 114, 111, 114, 58, 32, 118, 97, 108, 117, 101, 32, 111, 102, 32, 116, 121, 112, 101, 32, 39, 65, 100, 109, 105, 110, 86, 105, 101, 119, 77, 111, 100, 101, 108, 39, 32, 104, 97, 115, 32, 110, 111, 32, 100, 121, 110, 97, 109, 105, 99, 32, 109, 101, 109, 98, 101, 114, 32, 39, 117, 115, 101, 114, 39, 32, 117, 115, 105, 110, 103, 32, 107, 101, 121, 32, 112, 97, 116, 104, 32, 102, 114, 111, 109, 32, 114, 111, 111, 116, 32, 116, 121, 112, 101, 32, 39, 65, 100, 109, 105, 110, 86, 105, 101, 119, 77, 111, 100, 101, 108, 39, 92, 110, 32, 32, 32, 32, 32, 32, 32, 32, 108, 101, 116, 32, 117, 114, 108, 83, 116, 114, 32, 61, 32, 92, 34, 92, 92, 40, 70, 105, 114, 101, 98, 97, 115, 101, 67, 111, 110, 102, 105, 103, 46, 102, 105, 114, 101, 115, 116, 111, 114, 101, 66, 97, 115, 101, 85, 114, 108, 41, 92, 47, 99, 111, 109, 112, 97, 110, 105, 101, 115, 92, 47, 92, 92, 40, 118, 105, 101, 119, 77, 111, 100, 101, 108, 46, 117, 115, 101, 114, 46, 99, 111, 109, 112, 97, 110, 121, 73, 100, 41, 92, 47, 110, 111, 116, 105, 102, 105, 99, 97, 116, 105, 111, 110, 115, 92, 47, 92, 92, 40, 105, 100, 41, 92, 34, 92, 110, 32, 32, 32, 32, 32, 32, 32, 32, 32, 32, 32, 32, 32, 32, 32, 32, 32, 32, 32, 32, 32, 32, 32, 32, 32, 32, 32, 32, 32, 32, 32, 32, 32, 32, 32, 32, 32, 32, 32, 32, 32, 32, 32, 32, 32, 32, 32, 32, 32, 32, 32, 32, 32, 32, 32, 32, 32, 32, 32, 32, 32, 32, 32, 32, 32, 32, 32, 32, 32, 126, 126, 126, 126, 126, 126, 126, 126, 126, 32, 94, 126, 126, 126, 92, 110, 92, 47, 85, 115, 101, 114, 115, 92, 47, 114, 117, 110, 110, 101, 114, 92, 47, 119, 111, 114, 107, 92, 47, 105, 111, 115, 65, 112, 112, 92, 47, 105, 111, 115, 65, 112, 112, 92, 47, 105, 111, 115, 65, 112, 112, 92, 47, 86, 105, 101, 119, 115, 92, 47, 83, 99, 114, 101, 101, 110, 115, 92, 47, 78, 111, 116, 105, 102, 105, 99, 97, 116, 105, 111, 110, 115, 92, 47, 83, 121, 115, 116, 101, 109, 78, 111, 116, 105, 102, 105, 99, 97, 116, 105, 111, 110, 115, 86, 105, 101, 119, 46, 115, 119, 105, 102, 116, 58, 51, 54, 53, 58, 55, 48, 58, 32, 101, 114, 114, 111, 114, 58, 32, 114, 101, 102, 101, 114, 101, 110, 99, 105, 110, 103, 32, 115, 117, 98, 115, 99, 114, 105, 112, 116, 32, 39, 115, 117, 98, 115, 99, 114, 105, 112, 116, 40, 100, 121, 110, 97, 109, 105, 99, 77, 101, 109, 98, 101, 114, 58, 41, 39, 32, 114, 101, 113, 117, 105, 114, 101, 115, 32, 119, 114, 97, 112, 112, 101, 114, 32, 39, 79, 98, 115, 101, 114, 118, 101, 100, 79, 98, 106, 101, 99, 116, 60, 65, 100, 109, 105, 110, 86, 105, 101, 119, 77, 111, 100, 101, 108, 62, 46, 87, 114, 97, 112, 112, 101, 114, 39, 92, 110, 32, 32, 32, 32, 32, 32, 32, 32, 108, 101, 116, 32, 117, 114, 108, 83, 116, 114, 32, 61, 32, 92, 34, 92, 92, 40, 70, 105, 114, 101, 98, 97, 115, 101, 67, 111, 110, 102, 105, 103, 46, 102, 105, 114, 101, 115, 116, 111, 114, 101, 66, 97, 115, 101, 85, 114, 108, 41, 92, 47, 99, 111, 109, 112, 97, 110, 105, 101, 115, 92, 47, 92, 92, 40, 118, 105, 101, 119, 77, 111, 100, 101, 108, 46, 117, 115, 101, 114, 46, 99, 111, 109, 112, 97, 110, 121, 73, 100, 41, 92, 47, 110, 111, 116, 105, 102, 105, 99, 97, 116, 105, 111, 110, 115, 92, 47, 92, 92, 40, 105, 100, 41, 92, 34, 92, 110, 32, 32, 32, 32, 32, 32, 32, 32, 32, 32, 32, 32, 32, 32, 32, 32, 32, 32, 32, 32, 32, 32, 32, 32, 32, 32, 32, 32, 32, 32, 32, 32, 32, 32, 32, 32, 32, 32, 32, 32, 32, 32, 32, 32, 32, 32, 32, 32, 32, 32, 32, 32, 32, 32, 32, 32, 32, 32, 32, 32, 32, 32, 32, 32, 32, 32, 32, 32, 32, 94, 92, 110, 32, 32, 32, 32, 32, 32, 32, 32, 32, 32, 32, 32, 32, 32, 32, 32, 32, 32, 32, 32, 32, 32, 32, 32, 32, 32, 32, 32, 32, 32, 32, 32, 32, 32, 32, 32, 32, 32, 32, 32, 32, 32, 32, 32, 32, 32, 32, 32, 32, 32, 32, 32, 32, 32, 32, 32, 32, 32, 32, 32, 32, 32, 32, 32, 32, 32, 32, 32, 32, 36, 92, 110, 92, 47, 85, 115, 101, 114, 115, 92, 47, 114, 117, 110, 110, 101, 114, 92, 47, 119, 111, 114, 107, 92, 47, 105, 111, 115, 65, 112, 112, 92, 47, 105, 111, 115, 65, 112, 112, 92, 47, 105, 111, 115, 65, 112, 112, 92, 47, 86, 105, 101, 119, 115, 92, 47, 83, 99, 114, 101, 101, 110, 115, 92, 47, 78, 111, 116, 105, 102, 105, 99, 97, 116, 105, 111, 110, 115, 92, 47, 83, 121, 115, 116, 101, 109, 78, 111, 116, 105, 102, 105, 99, 97, 116, 105, 111, 110, 115, 86, 105, 101, 119, 46, 115, 119, 105, 102, 116, 58, 51, 55, 48, 58, 52, 54, 58, 32, 101, 114, 114, 111, 114, 58, 32, 118, 97, 108, 117, 101, 32, 111, 102, 32, 116, 121, 112, 101, 32, 39, 65, 100, 109, 105, 110, 86, 105, 101, 119, 77, 111, 100, 101, 108, 39, 32, 104, 97, 115, 32, 110, 111, 32, 100, 121, 110, 97, 109, 105, 99, 32, 109, 101, 109, 98, 101, 114, 32, 39, 97, 117, 116, 104, 84, 111, 107, 101, 110, 39, 32, 117, 115, 105, 110, 103, 32, 107, 101, 121, 32, 112, 97, 116, 104, 32, 102, 114, 111, 109, 32, 114, 111, 111, 116, 32, 116, 121, 112, 101, 32, 39, 65, 100, 109, 105, 110, 86, 105, 101, 119, 77, 111, 100, 101, 108, 39, 92, 110, 32, 32, 32, 32, 32, 32, 32, 32, 114, 101, 113, 117, 101, 115, 116, 46, 115, 101, 116, 86, 97, 108, 117, 101, 40, 92, 34, 66, 101, 97, 114, 101, 114, 32, 92, 92, 40, 118, 105, 101, 119, 77, 111, 100, 101, 108, 46, 97, 117, 116, 104, 84, 111, 107, 101, 110, 41, 92, 34, 44, 32, 102, 111, 114, 72, 84, 84, 80, 72, 101, 97, 100, 101, 114, 70, 105, 101, 108, 100, 58, 32, 92, 34, 65, 117, 116, 104, 111, 114, 105, 122, 97, 116, 105, 111, 110, 92, 34, 41, 92, 110, 32, 32, 32, 32, 32, 32, 32, 32, 32, 32, 32, 32, 32, 32, 32, 32, 32, 32, 32, 32, 32, 32, 32, 32, 32, 32, 32, 32, 32, 32, 32, 32, 32, 32, 32, 126, 126, 126, 126, 126, 126, 126, 126, 126, 32, 94, 126, 126, 126, 126, 126, 126, 126, 126, 92, 110, 92, 47, 85, 115, 101, 114, 115, 92, 47, 114, 117, 110, 110, 101, 114, 92, 47, 119, 111, 114, 107, 92, 47, 105, 111, 115, 65, 112, 112, 92, 47, 105, 111, 115, 65, 112, 112, 92, 47, 105, 111, 115, 65, 112, 112, 92, 47, 86, 105, 101, 119, 115, 92, 47, 83, 99, 114, 101, 101, 110, 115, 92, 47, 78, 111, 116, 105, 102, 105, 99, 97, 116, 105, 111, 110, 115, 92, 47, 83, 121, 115, 116, 101, 109, 78, 111, 116, 105, 102, 105, 99, 97, 116, 105, 111, 110, 115, 86, 105, 101, 119, 46, 115, 119, 105, 102, 116, 58, 51, 55, 48, 58, 51, 54, 58, 32, 101, 114, 114, 111, 114, 58, 32, 114, 101, 102, 101, 114, 101, 110, 99, 105, 110, 103, 32, 115, 117, 98, 115, 99, 114, 105, 112, 116, 32, 39, 115, 117, 98, 115, 99, 114, 105, 112, 116, 40, 100, 121, 110, 97, 109, 105, 99, 77, 101, 109, 98, 101, 114, 58, 41, 39, 32, 114, 101, 113, 117, 105, 114, 101, 115, 32, 119, 114, 97, 112, 112, 101, 114, 32, 39, 79, 98, 115, 101, 114, 118, 101, 100, 79, 98, 106, 101, 99, 116, 60, 65, 100, 109, 105, 110, 86, 105, 101, 119, 77, 111, 100, 101, 108, 62, 46, 87, 114, 97, 112, 112, 101, 114, 39, 92, 110, 32, 32, 32, 32, 32, 32, 32, 32, 114, 101, 113, 117, 101, 115, 116, 46, 115, 101, 116, 86, 97, 108, 117, 101, 40, 92, 34, 66, 101, 97, 114, 101, 114, 32, 92, 92, 40, 118, 105, 101, 119, 77, 111, 100, 101, 108, 46, 97, 117, 116, 104, 84, 111, 107, 101, 110, 41, 92, 34, 44, 32, 102, 111, 114, 72, 84, 84, 80, 72, 101, 97, 100, 101, 114, 70, 105, 101, 108, 100, 58, 32, 92, 34, 65, 117, 116, 104, 111, 114, 105, 122, 97, 116, 105, 111, 110, 92, 34, 41, 92, 110, 32, 32, 32, 32, 32, 32, 32, 32, 32, 32, 32, 32, 32, 32, 32, 32, 32, 32, 32, 32, 32, 32, 32, 32, 32, 32, 32, 32, 32, 32, 32, 32, 32, 32, 32, 94, 92, 110, 32, 32, 32, 32, 32, 32, 32, 32, 32, 32, 32, 32, 32, 32, 32, 32, 32, 32, 32, 32, 32, 32, 32, 32, 32, 32, 32, 32, 32, 32, 32, 32, 32, 32, 32, 36, 92, 110, 92, 47, 85, 115, 101, 114, 115, 92, 47, 114, 117, 110, 110, 101, 114, 92, 47, 119, 111, 114, 107, 92, 47, 105, 111, 115, 65, 112, 112, 92, 47, 105, 111, 115, 65, 112, 112, 92, 47, 105, 111, 115, 65, 112, 112, 92, 47, 86, 105, 101, 119, 115, 92, 47, 83, 99, 114, 101, 101, 110, 115, 92, 47, 83, 101, 116, 116, 105, 110, 103, 115, 92, 47, 83, 121, 115, 116, 101, 109, 83, 101, 116, 116, 105, 110, 103, 115, 86, 105, 101, 119, 46, 115, 119, 105, 102, 116, 58, 50, 52, 56, 58, 55, 52, 58, 32, 101, 114, 114, 111, 114, 58, 32, 101, 120, 116, 114, 97, 32, 97, 114, 103, 117, 109, 101, 110, 116, 32, 105, 110, 32, 99, 97, 108, 108, 92, 110, 32, 32, 32, 32, 32, 32, 32, 32, 32, 32, 32, 32, 32, 32, 32, 32, 32, 32, 32, 32, 115, 101, 108, 102, 46, 99, 111, 109, 112, 97, 110, 121, 78, 97, 109, 101, 32, 61, 32, 70, 105, 114, 101, 115, 116, 111, 114, 101, 72, 101, 108, 112, 101, 114, 46, 103, 101, 116, 83, 116, 114, 105, 110, 103, 40, 102, 105, 101, 108, 100, 115, 44, 32, 92, 34, 99, 111, 109, 112, 97, 110, 121, 78, 97, 109, 101, 92, 34, 41, 92, 110, 32, 32, 32, 32, 32, 32, 32, 32, 32, 32, 32, 32, 32, 32, 32, 32, 32, 32, 32, 32, 32, 32, 32, 32, 32, 32, 32, 32, 32, 32, 32, 32, 32, 32, 32, 32, 32, 32, 32, 32, 32, 32, 32, 32, 32, 32, 32, 32, 32, 32, 32, 32, 32, 32, 32, 32, 32, 32, 32, 32, 32, 32, 32, 32, 126, 126, 126, 126, 126, 126, 126, 126, 126, 94, 126, 126, 126, 126, 126, 126, 126, 126, 126, 126, 126, 126, 126, 92, 110, 92, 47, 85, 115, 101, 114, 115, 92, 47, 114, 117, 110, 110, 101, 114, 92, 47, 119, 111, 114, 107, 92, 47, 105, 111, 115, 65, 112, 112, 92, 47, 105, 111, 115, 65, 112, 112, 92, 47, 105, 111, 115, 65, 112, 112, 92, 47, 86, 105, 101, 119, 77, 111, 100, 101, 108, 115, 92, 47, 65, 100, 109, 105, 110, 86, 105, 101, 119, 77, 111, 100, 101, 108, 46, 115, 119, 105, 102, 116, 58, 51, 56, 50, 58, 50, 57, 58, 32, 119, 97, 114, 110, 105, 110, 103, 58, 32, 105, 110, 105, 116, 105, 97, 108, 105, 122, 97, 116, 105, 111, 110, 32, 111, 102, 32, 105, 109, 109, 117, 116, 97, 98, 108, 101, 32, 118, 97, 108, 117, 101, 32, 39, 105, 100, 39, 32, 119, 97, 115, 32, 110, 101, 118, 101, 114, 32, 117, 115, 101, 100, 59, 32, 99, 111, 110, 115, 105, 100, 101, 114, 32, 114, 101, 112, 108, 97, 99, 105, 110, 103, 32, 119, 105, 116, 104, 32, 97, 115, 115, 105, 103, 110, 109, 101, 110, 116, 32, 116, 111, 32, 39, 95, 39, 32, 111, 114, 32, 114, 101, 109, 111, 118, 105, 110, 103, 32, 105, 116, 92, 110, 32, 32, 32, 32, 32, 32, 32, 32, 32, 32, 32, 32, 32, 32, 32, 32, 32, 32, 32, 32, 32, 32, 32, 32, 108, 101, 116, 32, 105, 100, 32, 61, 32, 110, 97, 109, 101, 46, 99, 111, 109, 112, 111, 110, 101, 110, 116, 115, 40, 115, 101, 112, 97, 114, 97, 116, 101, 100, 66, 121, 58, 32, 92, 34, 92, 47, 92, 34, 41, 46, 108, 97, 115, 116, 32, 63, 63, 32, 92, 34, 92, 34, 92, 110, 32, 32, 32, 32, 32, 32, 32, 32, 32, 32, 32, 32, 32, 32, 32, 32, 32, 32, 32, 32, 32, 32, 32, 32, 126, 126, 126, 126, 94, 126, 92, 110, 32, 32, 32, 32, 32, 32, 32, 32, 32, 32, 32, 32, 32, 32, 32, 32, 32, 32, 32, 32, 32, 32, 32, 32, 95, 92, 110, 92, 47, 85, 115, 101, 114, 115, 92, 47, 114, 117, 110, 110, 101, 114, 92, 47, 119, 111, 114, 107, 92, 47, 105, 111, 115, 65, 112, 112, 92, 47, 105, 111, 115, 65, 112, 112, 92, 47, 105, 111, 115, 65, 112, 112, 92, 47, 86, 105, 101, 119, 77, 111, 100, 101, 108, 115, 92, 47, 65, 100, 109, 105, 110, 86, 105, 101, 119, 77, 111, 100, 101, 108, 46, 115, 119, 105, 102, 116, 58, 53, 54, 51, 58, 57, 58, 32, 101, 114, 114, 111, 114, 58, 32, 99, 97, 110, 110, 111, 116, 32, 102, 105, 110, 100, 32, 39, 105, 115, 76, 111, 97, 100, 105, 110, 103, 67, 111, 110, 102, 105, 103, 39, 32, 105, 110, 32, 115, 99, 111, 112, 101, 92, 110, 32, 32, 32, 32, 32, 32, 32, 32, 105, 115, 76, 111, 97, 100, 105, 110, 103, 67, 111, 110, 102, 105, 103, 32, 61, 32, 116, 114, 117, 101, 92, 110, 32, 32, 32, 32, 32, 32, 32, 32, 94, 126, 126, 126, 126, 126, 126, 126, 126, 126, 126, 126, 126, 126, 126, 92, 110, 92, 47, 85, 115, 101, 114, 115, 92, 47, 114, 117, 110, 110, 101, 114, 92, 47, 119, 111, 114, 107, 92, 47, 105, 111, 115, 65, 112, 112, 92, 47, 105, 111, 115, 65, 112, 112, 92, 47, 105, 111, 115, 65, 112, 112, 92, 47, 86, 105, 101, 119, 77, 111, 100, 101, 108, 115, 92, 47, 65, 100, 109, 105, 110, 86, 105, 101, 119, 77, 111, 100, 101, 108, 46, 115, 119, 105, 102, 116, 58, 53, 54, 52, 58, 50, 48, 58, 32, 101, 114, 114, 111, 114, 58, 32, 99, 97, 110, 110, 111, 116, 32, 102, 105, 110, 100, 32, 39, 115, 101, 108, 102, 39, 32, 105, 110, 32, 115, 99, 111, 112, 101, 59, 32, 100, 105, 100, 32, 121, 111, 117, 32, 109, 101, 97, 110, 32, 116, 111, 32, 117, 115, 101, 32, 105, 116, 32, 105, 110, 32, 97, 32, 116, 121, 112, 101, 32, 111, 114, 32, 101, 120, 116, 101, 110, 115, 105, 111, 110, 32, 99, 111, 110, 116, 101, 120, 116, 63, 92, 110, 32, 32, 32, 32, 32, 32, 32, 32, 108, 101, 116, 32, 99, 111, 109, 112, 32, 61, 32, 115, 101, 108, 102, 46, 99, 111, 109, 112, 97, 110, 121, 73, 100, 46, 105, 115, 69, 109, 112, 116, 121, 32, 63, 32, 92, 34, 83, 71, 67, 79, 79, 80, 92, 34, 32, 58, 32, 115, 101, 108, 102, 46, 99, 111, 109, 112, 97, 110, 121, 73, 100, 92, 110, 32, 32, 32, 32, 32, 32, 32, 32, 32, 32, 32, 32, 32, 32, 32, 32, 32, 32, 32, 94, 126, 126, 126, 92, 110, 92, 47, 85, 115, 101, 114, 115, 92, 47, 114, 117, 110, 110, 101, 114, 92, 47, 119, 111, 114, 107, 92, 47, 105, 111, 115, 65, 112, 112, 92, 47, 105, 111, 115, 65, 112, 112, 92, 47, 105, 111, 115, 65, 112, 112, 92, 47, 86, 105, 101, 119, 77, 111, 100, 101, 108, 115, 92, 47, 65, 100, 109, 105, 110, 86, 105, 101, 119, 77, 111, 100, 101, 108, 46, 115, 119, 105, 102, 116, 58, 53, 54, 52, 58, 53, 54, 58, 32, 101, 114, 114, 111, 114, 58, 32, 99, 97, 110, 110, 111, 116, 32, 102, 105, 110, 100, 32, 39, 115, 101, 108, 102, 39, 32, 105, 110, 32, 115, 99, 111, 112, 101, 59, 32, 100, 105, 100, 32, 121, 111, 117, 32, 109, 101, 97, 110, 32, 116, 111, 32, 117, 115, 101, 32, 105, 116, 32, 105, 110, 32, 97, 32, 116, 121, 112, 101, 32, 111, 114, 32, 101, 120, 116, 101, 110, 115, 105, 111, 110, 32, 99, 111, 110, 116, 101, 120, 116, 63, 92, 110, 32, 32, 32, 32, 32, 32, 32, 32, 108, 101, 116, 32, 99, 111, 109, 112, 32, 61, 32, 115, 101, 108, 102, 46, 99, 111, 109, 112, 97, 110, 121, 73, 100, 46, 105, 115, 69, 109, 112, 116, 121, 32, 63, 32, 92, 34, 83, 71, 67, 79, 79, 80, 92, 34, 32, 58, 32, 115, 101, 108, 102, 46, 99, 111, 109, 112, 97, 110, 121, 73, 100, 92, 110, 32, 32, 32, 32, 32, 32, 32, 32, 32, 32, 32, 32, 32, 32, 32, 32, 32, 32, 32, 32, 32, 32, 32, 32, 32, 32, 32, 32, 32, 32, 32, 32, 32, 32, 32, 32, 32, 32, 32, 32, 32, 32, 32, 32, 32, 32, 32, 32, 32, 32, 32, 32, 32, 32, 32, 94, 126, 126, 126, 92, 110, 92, 47, 85, 115, 101, 114, 115, 92, 47, 114, 117, 110, 110, 101, 114, 92, 47, 119, 111, 114, 107, 92, 47, 105, 111, 115, 65, 112, 112, 92, 47, 105, 111, 115, 65, 112, 112, 92, 47, 105, 111, 115, 65, 112, 112, 92, 47, 86, 105, 101, 119, 77, 111, 100, 101, 108, 115, 92, 47, 65, 100, 109, 105, 110, 86, 105, 101, 119, 77, 111, 100, 101, 108, 46, 115, 119, 105, 102, 116, 58, 53, 54, 55, 58, 49, 51, 58, 32, 101, 114, 114, 111, 114, 58, 32, 99, 97, 110, 110, 111, 116, 32, 102, 105, 110, 100, 32, 39, 115, 101, 108, 102, 39, 32, 105, 110, 32, 115, 99, 111, 112, 101, 59, 32, 100, 105, 100, 32, 121, 111, 117, 32, 109, 101, 97, 110, 32, 116, 111, 32, 117, 115, 101, 32, 105, 116, 32, 105, 110, 32, 97, 32, 116, 121, 112, 101, 32, 111, 114, 32, 101, 120, 116, 101, 110, 115, 105, 111, 110, 32, 99, 111, 110, 116, 101, 120, 116, 63, 92, 110, 32, 32, 32, 32, 32, 32, 32, 32, 32, 32, 32, 32, 115, 101, 108, 102, 46, 105, 115, 76, 111, 97, 100, 105, 110, 103, 67, 111, 110, 102, 105, 103, 32, 61, 32, 102, 97, 108, 115, 101, 92, 110, 32, 32, 32, 32, 32, 32, 32, 32, 32, 32, 32, 32, 94, 126, 126, 126, 92, 110, 92, 47, 85, 115, 101, 114, 115, 92, 47, 114, 117, 110, 110, 101, 114, 92, 47, 119, 111, 114, 107, 92, 47, 105, 111, 115, 65, 112, 112, 92, 47, 105, 111, 115, 65, 112, 112, 92, 47, 105, 111, 115, 65, 112, 112, 92, 47, 86, 105, 101, 119, 77, 111, 100, 101, 108, 115, 92, 47, 65, 100, 109, 105, 110, 86, 105, 101, 119, 77, 111, 100, 101, 108, 46, 115, 119, 105, 102, 116, 58, 53, 55, 51, 58, 49, 51, 58, 32, 101, 114, 114, 111, 114, 58, 32, 99, 97, 110, 110, 111, 116, 32, 102, 105, 110, 100, 32, 39, 105, 100, 84, 111, 107, 101, 110, 39, 32, 105, 110, 32, 115, 99, 111, 112, 101, 92, 110, 32, 32, 32, 32, 32, 32, 32, 32, 105, 102, 32, 33, 105, 100, 84, 111, 107, 101, 110, 46, 105, 115, 69, 109, 112, 116, 121, 32, 123, 32, 114, 101, 113, 117, 101, 115, 116, 46, 115, 101, 116, 86, 97, 108, 117, 101, 40, 92, 34, 66, 101, 97, 114, 101, 114, 32, 92, 92, 40, 105, 100, 84, 111, 107, 101, 110, 41, 92, 34, 44, 32, 102, 111, 114, 72, 84, 84, 80, 72, 101, 97, 100, 101, 114, 70, 105, 101, 108, 100, 58, 32, 92, 34, 65, 117, 116, 104, 111, 114, 105, 122, 97, 116, 105, 111, 110, 92, 34, 41, 32, 125, 92, 110, 32, 32, 32, 32, 32, 32, 32, 32, 32, 32, 32, 32, 94, 126, 126, 126, 126, 126, 126, 92, 110, 92, 47, 85, 115, 101, 114, 115, 92, 47, 114, 117, 110, 110, 101, 114, 92, 47, 119, 111, 114, 107, 92, 47, 105, 111, 115, 65, 112, 112, 92, 47, 105, 111, 115, 65, 112, 112, 92, 47, 105, 111, 115, 65, 112, 112, 92, 47, 86, 105, 101, 119, 77, 111, 100, 101, 108, 115, 92, 47, 65, 100, 109, 105, 110, 86, 105, 101, 119, 77, 111, 100, 101, 108, 46, 115, 119, 105, 102, 116, 58, 53, 55, 51, 58, 53, 56, 58, 32, 101, 114, 114, 111, 114, 58, 32, 99, 97, 110, 110, 111, 116, 32, 102, 105, 110, 100, 32, 39, 105, 100, 84, 111, 107, 101, 110, 39, 32, 105, 110, 32, 115, 99, 111, 112, 101, 92, 110, 32, 32, 32, 32, 32, 32, 32, 32, 105, 102, 32, 33, 105, 100, 84, 111, 107, 101, 110, 46, 105, 115, 69, 109, 112, 116, 121, 32, 123, 32, 114, 101, 113, 117, 101, 115, 116, 46, 115, 101, 116, 86, 97, 108, 117, 101, 40, 92, 34, 66, 101, 97, 114, 101, 114, 32, 92, 92, 40, 105, 100, 84, 111, 107, 101, 110, 41, 92, 34, 44, 32, 102, 111, 114, 72, 84, 84, 80, 72, 101, 97, 100, 101, 114, 70, 105, 101, 108, 100, 58, 32, 92, 34, 65, 117, 116, 104, 111, 114, 105, 122, 97, 116, 105, 111, 110, 92, 34, 41, 32, 125, 92, 110, 32, 32, 32, 32, 32, 32, 32, 32, 32, 32, 32, 32, 32, 32, 32, 32, 32, 32, 32, 32, 32, 32, 32, 32, 32, 32, 32, 32, 32, 32, 32, 32, 32, 32, 32, 32, 32, 32, 32, 32, 32, 32, 32, 32, 32, 32, 32, 32, 32, 32, 32, 32, 32, 32, 32, 32, 32, 94, 126, 126, 126, 126, 126, 126, 92, 110, 92, 47, 85, 115, 101, 114, 115, 92, 47, 114, 117, 110, 110, 101, 114, 92, 47, 119, 111, 114, 107, 92, 47, 105, 111, 115, 65, 112, 112, 92, 47, 105, 111, 115, 65, 112, 112, 92, 47, 105, 111, 115, 65, 112, 112, 92, 47, 86, 105, 101, 119, 77, 111, 100, 101, 108, 115, 92, 47, 65, 100, 109, 105, 110, 86, 105, 101, 119, 77, 111, 100, 101, 108, 46, 115, 119, 105, 102, 116, 58, 53, 56, 48, 58, 49, 55, 58, 32, 101, 114, 114, 111, 114, 58, 32, 99, 97, 110, 110, 111, 116, 32, 102, 105, 110, 100, 32, 39, 115, 101, 108, 102, 39, 32, 105, 110, 32, 115, 99, 111, 112, 101, 59, 32, 100, 105, 100, 32, 121, 111, 117, 32, 109, 101, 97, 110, 32, 116, 111, 32, 117, 115, 101, 32, 105, 116, 32, 105, 110, 32, 97, 32, 116, 121, 112, 101, 32, 111, 114, 32, 101, 120, 116, 101, 110, 115, 105, 111, 110, 32, 99, 111, 110, 116, 101, 120, 116, 63, 92, 110, 32, 32, 32, 32, 32, 32, 32, 32, 32, 32, 32, 32, 32, 32, 32, 32, 115, 101, 108, 102, 46, 115, 121, 115, 116, 101, 109, 67, 111, 110, 102, 105, 103, 32, 61, 32, 83, 121, 115, 116, 101, 109, 67, 111, 110, 102, 105, 103, 40, 92, 110, 32, 32, 32, 32, 32, 32, 32, 32, 32, 32, 32, 32, 32, 32, 32, 32, 94, 126, 126, 126, 92, 110, 92, 47, 85, 115, 101, 114, 115, 92, 47, 114, 117, 110, 110, 101, 114, 92, 47, 119, 111, 114, 107, 92, 47, 105, 111, 115, 65, 112, 112, 92, 47, 105, 111, 115, 65, 112, 112, 92, 47, 105, 111, 115, 65, 112, 112, 92, 47, 86, 105, 101, 119, 77, 111, 100, 101, 108, 115, 92, 47, 65, 100, 109, 105, 110, 86, 105, 101, 119, 77, 111, 100, 101, 108, 46, 115, 119, 105, 102, 116, 58, 53, 57, 48, 58, 49, 55, 58, 32, 101, 114, 114, 111, 114, 58, 32, 99, 97, 110, 110, 111, 116, 32, 102, 105, 110, 100, 32, 39, 115, 101, 108, 102, 39, 32, 105, 110, 32, 115, 99, 111, 112, 101, 59, 32, 100, 105, 100, 32, 121, 111, 117, 32, 109, 101, 97, 110, 32, 116, 111, 32, 117, 115, 101, 32, 105, 116, 32, 105, 110, 32, 97, 32, 116, 121, 112, 101, 32, 111, 114, 32, 101, 120, 116, 101, 110, 115, 105, 111, 110, 32, 99, 111, 110, 116, 101, 120, 116, 63, 92, 110, 32, 32, 32, 32, 32, 32, 32, 32, 32, 32, 32, 32, 32, 32, 32, 32, 115, 101, 108, 102, 46, 115, 121, 115, 116, 101, 109, 67, 111, 110, 102, 105, 103, 32, 61, 32, 83, 121, 115, 116, 101, 109, 67, 111, 110, 102, 105, 103, 40, 99, 111, 109, 112, 97, 110, 121, 78, 97, 109, 101, 58, 32, 92, 34, 67, 195, 180, 110, 103, 32, 116, 121, 32, 109, 225, 186, 183, 99, 32, 196, 145, 225, 187, 139, 110, 104, 92, 34, 44, 32, 103, 112, 115, 82, 97, 100, 105, 117, 115, 77, 101, 116, 101, 114, 115, 58, 32, 49, 53, 48, 44, 32, 115, 108, 97, 85, 114, 103, 101, 110, 116, 72, 111, 117, 114, 115, 58, 32, 50, 44, 32, 115, 108, 97, 72, 105, 103, 104, 72, 111, 117, 114, 115, 58, 32, 52, 44, 32, 115, 108, 97, 78, 111, 114, 109, 97, 108, 72, 111, 117, 114, 115, 58, 32, 56, 44, 32, 97, 108, 108, 111, 119, 82, 101, 109, 111, 116, 101, 67, 104, 101, 99, 107, 105, 110, 58, 32, 102, 97, 108, 115, 101, 41, 92, 110, 92, 47, 85, 115, 101, 114, 115, 92, 47, 114, 117, 110, 110, 101, 114, 92, 47, 119, 111, 114, 107, 92, 47, 105, 111, 115, 65, 112, 112, 92, 47, 105, 111, 115, 65, 112, 112, 92, 47, 105, 111, 115, 65, 112, 112, 92, 47, 86, 105, 101, 119, 77, 111, 100, 101, 108, 115, 92, 47, 65, 100, 109, 105, 110, 86, 105, 101, 119, 77, 111, 100, 101, 108, 46, 115, 119, 105, 102, 116, 58, 53, 57, 53, 58, 57, 58, 32, 101, 114, 114, 111, 114, 58, 32, 99, 97, 110, 110, 111, 116, 32, 102, 105, 110, 100, 32, 39, 115, 101, 108, 102, 39, 32, 105, 110, 32, 115, 99, 111, 112, 101, 59, 32, 100, 105, 100, 32, 121, 111, 117, 32, 109, 101, 97, 110, 32, 116, 111, 32, 117, 115, 101, 32, 105, 116, 32, 105, 110, 32, 97, 32, 116, 121, 112, 101, 32, 111, 114, 32, 101, 120, 116, 101, 110, 115, 105, 111, 110, 32, 99, 111, 110, 116, 101, 120, 116, 63, 92, 110, 32, 32, 32, 32, 32, 32, 32, 32, 115, 101, 108, 102, 46, 105, 115, 76, 111, 97, 100, 105, 110, 103, 67, 111, 110, 102, 105, 103, 32, 61, 32, 102, 97, 108, 115, 101, 92, 110, 32, 32, 32, 32, 32, 32, 32, 32, 94, 126, 126, 126, 92, 110, 92, 47, 85, 115, 101, 114, 115, 92, 47, 114, 117, 110, 110, 101, 114, 92, 47, 119, 111, 114, 107, 92, 47, 105, 111, 115, 65, 112, 112, 92, 47, 105, 111, 115, 65, 112, 112, 92, 47, 105, 111, 115, 65, 112, 112, 92, 47, 86, 105, 101, 119, 77, 111, 100, 101, 108, 115, 92, 47, 65, 100, 109, 105, 110, 86, 105, 101, 119, 77, 111, 100, 101, 108, 46, 115, 119, 105, 102, 116, 58, 53, 57, 57, 58, 57, 58, 32, 101, 114, 114, 111, 114, 58, 32, 99, 97, 110, 110, 111, 116, 32, 102, 105, 110, 100, 32, 39, 105, 115, 76, 111, 97, 100, 105, 110, 103, 67, 111, 110, 102, 105, 103, 39, 32, 105, 110, 32, 115, 99, 111, 112, 101, 92, 110, 32, 32, 32, 32, 32, 32, 32, 32, 105, 115, 76, 111, 97, 100, 105, 110, 103, 67, 111, 110, 102, 105, 103, 32, 61, 32, 116, 114, 117, 101, 92, 110, 32, 32, 32, 32, 32, 32, 32, 32, 94, 126, 126, 126, 126, 126, 126, 126, 126, 126, 126, 126, 126, 126, 126, 92, 110, 92, 47, 85, 115, 101, 114, 115, 92, 47, 114, 117, 110, 110, 101, 114, 92, 47, 119, 111, 114, 107, 92, 47, 105, 111, 115, 65, 112, 112, 92, 47, 105, 111, 115, 65, 112, 112, 92, 47, 105, 111, 115, 65, 112, 112, 92, 47, 86, 105, 101, 119, 77, 111, 100, 101, 108, 115, 92, 47, 65, 100, 109, 105, 110, 86, 105, 101, 119, 77, 111, 100, 101, 108, 46, 115, 119, 105, 102, 116, 58, 54, 48, 48, 58, 50, 48, 58, 32, 101, 114, 114, 111, 114, 58, 32, 99, 97, 110, 110, 111, 116, 32, 102, 105, 110, 100, 32, 39, 115, 101, 108, 102, 39, 32, 105, 110, 32, 115, 99, 111, 112, 101, 59, 32, 100, 105, 100, 32, 121, 111, 117, 32, 109, 101, 97, 110, 32, 116, 111, 32, 117, 115, 101, 32, 105, 116, 32, 105, 110, 32, 97, 32, 116, 121, 112, 101, 32, 111, 114, 32, 101, 120, 116, 101, 110, 115, 105, 111, 110, 32, 99, 111, 110, 116, 101, 120, 116, 63, 92, 110, 32, 32, 32, 32, 32, 32, 32, 32, 108, 101, 116, 32, 99, 111, 109, 112, 32, 61, 32, 115, 101, 108, 102, 46, 99, 111, 109, 112, 97, 110, 121, 73, 100, 46, 105, 115, 69, 109, 112, 116, 121, 32, 63, 32, 92, 34, 83, 71, 67, 79, 79, 80, 92, 34, 32, 58, 32, 115, 101, 108, 102, 46, 99, 111, 109, 112, 97, 110, 121, 73, 100, 92, 110, 32, 32, 32, 32, 32, 32, 32, 32, 32, 32, 32, 32, 32, 32, 32, 32, 32, 32, 32, 94, 126, 126, 126, 92, 110, 92, 47, 85, 115, 101, 114, 115, 92, 47, 114, 117, 110, 110, 101, 114, 92, 47, 119, 111, 114, 107, 92, 47, 105, 111, 115, 65, 112, 112, 92, 47, 105, 111, 115, 65, 112, 112, 92, 47, 105, 111, 115, 65, 112, 112, 92, 47, 86, 105, 101, 119, 77, 111, 100, 101, 108, 115, 92, 47, 65, 100, 109, 105, 110, 86, 105, 101, 119, 77, 111, 100, 101, 108, 46, 115, 119, 105, 102, 116, 58, 54, 48, 48, 58, 53, 54, 58, 32, 101, 114, 114, 111, 114, 58, 32, 99, 97, 110, 110, 111, 116, 32, 102, 105, 110, 100, 32, 39, 115, 101, 108, 102, 39, 32, 105, 110, 32, 115, 99, 111, 112, 101, 59, 32, 100, 105, 100, 32, 121, 111, 117, 32, 109, 101, 97, 110, 32, 116, 111, 32, 117, 115, 101, 32, 105, 116, 32, 105, 110, 32, 97, 32, 116, 121, 112, 101, 32, 111, 114, 32, 101, 120, 116, 101, 110, 115, 105, 111, 110, 32, 99, 111, 110, 116, 101, 120, 116, 63, 92, 110, 32, 32, 32, 32, 32, 32, 32, 32, 108, 101, 116, 32, 99, 111, 109, 112, 32, 61, 32, 115, 101, 108, 102, 46, 99, 111, 109, 112, 97, 110, 121, 73, 100, 46, 105, 115, 69, 109, 112, 116, 121, 32, 63, 32, 92, 34, 83, 71, 67, 79, 79, 80, 92, 34, 32, 58, 32, 115, 101, 108, 102, 46, 99, 111, 109, 112, 97, 110, 121, 73, 100, 92, 110, 32, 32, 32, 32, 32, 32, 32, 32, 32, 32, 32, 32, 32, 32, 32, 32, 32, 32, 32, 32, 32, 32, 32, 32, 32, 32, 32, 32, 32, 32, 32, 32, 32, 32, 32, 32, 32, 32, 32, 32, 32, 32, 32, 32, 32, 32, 32, 32, 32, 32, 32, 32, 32, 32, 32, 94, 126, 126, 126, 92, 110, 92, 47, 85, 115, 101, 114, 115, 92, 47, 114, 117, 110, 110, 101, 114, 92, 47, 119, 111, 114, 107, 92, 47, 105, 111, 115, 65, 112, 112, 92, 47, 105, 111, 115, 65, 112, 112, 92, 47, 105, 111, 115, 65, 112, 112, 92, 47, 86, 105, 101, 119, 77, 111, 100, 101, 108, 115, 92, 47, 65, 100, 109, 105, 110, 86, 105, 101, 119, 77, 111, 100, 101, 108, 46, 115, 119, 105, 102, 116, 58, 54, 48, 55, 58, 49, 51, 58, 32, 101, 114, 114, 111, 114, 58, 32, 99, 97, 110, 110, 111, 116, 32, 102, 105, 110, 100, 32, 39, 105, 100, 84, 111, 107, 101, 110, 39, 32, 105, 110, 32, 115, 99, 111, 112, 101, 92, 110, 32, 32, 32, 32, 32, 32, 32, 32, 105, 102, 32, 33, 105, 100, 84, 111, 107, 101, 110, 46, 105, 115, 69, 109, 112, 116, 121, 32, 123, 32, 114, 101, 113, 117, 101, 115, 116, 46, 115, 101, 116, 86, 97, 108, 117, 101, 40, 92, 34, 66, 101, 97, 114, 101, 114, 32, 92, 92, 40, 105, 100, 84, 111, 107, 101, 110, 41, 92, 34, 44, 32, 102, 111, 114, 72, 84, 84, 80, 72, 101, 97, 100, 101, 114, 70, 105, 101, 108, 100, 58, 32, 92, 34, 65, 117, 116, 104, 111, 114, 105, 122, 97, 116, 105, 111, 110, 92, 34, 41, 32, 125, 92, 110, 32, 32, 32, 32, 32, 32, 32, 32, 32, 32, 32, 32, 94, 126, 126, 126, 126, 126, 126, 92, 110, 92, 47, 85, 115, 101, 114, 115, 92, 47, 114, 117, 110, 110, 101, 114, 92, 47, 119, 111, 114, 107, 92, 47, 105, 111, 115, 65, 112, 112, 92, 47, 105, 111, 115, 65, 112, 112, 92, 47, 105, 111, 115, 65, 112, 112, 92, 47, 86, 105, 101, 119, 77, 111, 100, 101, 108, 115, 92, 47, 65, 100, 109, 105, 110, 86, 105, 101, 119, 77, 111, 100, 101, 108, 46, 115, 119, 105, 102, 116, 58, 54, 48, 55, 58, 53, 56, 58, 32, 101, 114, 114, 111, 114, 58, 32, 99, 97, 110, 110, 111, 116, 32, 102, 105, 110, 100, 32, 39, 105, 100, 84, 111, 107, 101, 110, 39, 32, 105, 110, 32, 115, 99, 111, 112, 101, 92, 110, 32, 32, 32, 32, 32, 32, 32, 32, 105, 102, 32, 33, 105, 100, 84, 111, 107, 101, 110, 46, 105, 115, 69, 109, 112, 116, 121, 32, 123, 32, 114, 101, 113, 117, 101, 115, 116, 46, 115, 101, 116, 86, 97, 108, 117, 101, 40, 92, 34, 66, 101, 97, 114, 101, 114, 32, 92, 92, 40, 105, 100, 84, 111, 107, 101, 110, 41, 92, 34, 44, 32, 102, 111, 114, 72, 84, 84, 80, 72, 101, 97, 100, 101, 114, 70, 105, 101, 108, 100, 58, 32, 92, 34, 65, 117, 116, 104, 111, 114, 105, 122, 97, 116, 105, 111, 110, 92, 34, 41, 32, 125, 92, 110, 32, 32, 32, 32, 32, 32, 32, 32, 32, 32, 32, 32, 32, 32, 32, 32, 32, 32, 32, 32, 32, 32, 32, 32, 32, 32, 32, 32, 32, 32, 32, 32, 32, 32, 32, 32, 32, 32, 32, 32, 32, 32, 32, 32, 32, 32, 32, 32, 32, 32, 32, 32, 32, 32, 32, 32, 32, 94, 126, 126, 126, 126, 126, 126, 92, 110, 92, 47, 85, 115, 101, 114, 115, 92, 47, 114, 117, 110, 110, 101, 114, 92, 47, 119, 111, 114, 107, 92, 47, 105, 111, 115, 65, 112, 112, 92, 47, 105, 111, 115, 65, 112, 112, 92, 47, 105, 111, 115, 65, 112, 112, 92, 47, 86, 105, 101, 119, 77, 111, 100, 101, 108, 115, 92, 47, 65, 100, 109, 105, 110, 86, 105, 101, 119, 77, 111, 100, 101, 108, 46, 115, 119, 105, 102, 116, 58, 54, 50, 50, 58, 49, 54, 58, 32, 101, 114, 114, 111, 114, 58, 32, 99, 97, 110, 110, 111, 116, 32, 102, 105, 110, 100, 32, 39, 115, 101, 108, 102, 39, 32, 105, 110, 32, 115, 99, 111, 112, 101, 59, 32, 100, 105, 100, 32, 121, 111, 117, 32, 109, 101, 97, 110, 32, 116, 111, 32, 117, 115, 101, 32, 105, 116, 32, 105, 110, 32, 97, 32, 116, 121, 112, 101, 32, 111, 114, 32, 101, 120, 116, 101, 110, 115, 105, 111, 110, 32, 99, 111, 110, 116, 101, 120, 116, 63, 92, 110, 32, 32, 32, 32, 32, 32, 32, 32, 32, 32, 32, 32, 105, 102, 32, 115, 101, 108, 102, 46, 115, 121, 115, 116, 101, 109, 67, 111, 110, 102, 105, 103, 32, 33, 61, 32, 110, 105, 108, 32, 123, 92, 110, 32, 32, 32, 32, 32, 32, 32, 32, 32, 32, 32, 32, 32, 32, 32, 94, 126, 126, 126, 92, 110, 92, 47, 85, 115, 101, 114, 115, 92, 47, 114, 117, 110, 110, 101, 114, 92, 47, 119, 111, 114, 107, 92, 47, 105, 111, 115, 65, 112, 112, 92, 47, 105, 111, 115, 65, 112, 112, 92, 47, 105, 111, 115, 65, 112, 112, 92, 47, 86, 105, 101, 119, 77, 111, 100, 101, 108, 115, 92, 47, 65, 100, 109, 105, 110, 86, 105, 101, 119, 77, 111, 100, 101, 108, 46, 115, 119, 105, 102, 116, 58, 54, 50, 51, 58, 49, 55, 58, 32, 101, 114, 114, 111, 114, 58, 32, 99, 97, 110, 110, 111, 116, 32, 102, 105, 110, 100, 32, 39, 115, 101, 108, 102, 39, 32, 105, 110, 32, 115, 99, 111, 112, 101, 59, 32, 100, 105, 100, 32, 121, 111, 117, 32, 109, 101, 97, 110, 32, 116, 111, 32, 117, 115, 101, 32, 105, 116, 32, 105, 110, 32, 97, 32, 116, 121, 112, 101, 32, 111, 114, 32, 101, 120, 116, 101, 110, 115, 105, 111, 110, 32, 99, 111, 110, 116, 101, 120, 116, 63, 92, 110, 32, 32, 32, 32, 32, 32, 32, 32, 32, 32, 32, 32, 32, 32, 32, 32, 115, 101, 108, 102, 46, 115, 121, 115, 116, 101, 109, 67, 111, 110, 102, 105, 103, 63, 46, 99, 111, 109, 112, 97, 110, 121, 78, 97, 109, 101, 32, 61, 32, 99, 111, 109, 112, 97, 110, 121, 78, 97, 109, 101, 92, 110, 32, 32, 32, 32, 32, 32, 32, 32, 32, 32, 32, 32, 32, 32, 32, 32, 94, 126, 126, 126, 92, 110, 92, 47, 85, 115, 101, 114, 115, 92, 47, 114, 117, 110, 110, 101, 114, 92, 47, 119, 111, 114, 107, 92, 47, 105, 111, 115, 65, 112, 112, 92, 47, 105, 111, 115, 65, 112, 112, 92, 47, 105, 111, 115, 65, 112, 112, 92, 47, 86, 105, 101, 119, 77, 111, 100, 101, 108, 115, 92, 47, 65, 100, 109, 105, 110, 86, 105, 101, 119, 77, 111, 100, 101, 108, 46, 115, 119, 105, 102, 116, 58, 54, 50, 52, 58, 49, 55, 58, 32, 101, 114, 114, 111, 114, 58, 32, 99, 97, 110, 110, 111, 116, 32, 102, 105, 110, 100, 32, 39, 115, 101, 108, 102, 39, 32, 105, 110, 32, 115, 99, 111, 112, 101, 59, 32, 100, 105, 100, 32, 121, 111, 117, 32, 109, 101, 97, 110, 32, 116, 111, 32, 117, 115, 101, 32, 105, 116, 32, 105, 110, 32, 97, 32, 116, 121, 112, 101, 32, 111, 114, 32, 101, 120, 116, 101, 110, 115, 105, 111, 110, 32, 99, 111, 110, 116, 101, 120, 116, 63, 92, 110, 32, 32, 32, 32, 32, 32, 32, 32, 32, 32, 32, 32, 32, 32, 32, 32, 115, 101, 108, 102, 46, 115, 121, 115, 116, 101, 109, 67, 111, 110, 102, 105, 103, 63, 46, 103, 112, 115, 82, 97, 100, 105, 117, 115, 77, 101, 116, 101, 114, 115, 32, 61, 32, 103, 112, 115, 82, 97, 100, 105, 117, 115, 92, 110, 32, 32, 32, 32, 32, 32, 32, 32, 32, 32, 32, 32, 32, 32, 32, 32, 94, 126, 126, 126, 92, 110, 92, 47, 85, 115, 101, 114, 115, 92, 47, 114, 117, 110, 110, 101, 114, 92, 47, 119, 111, 114, 107, 92, 47, 105, 111, 115, 65, 112, 112, 92, 47, 105, 111, 115, 65, 112, 112, 92, 47, 105, 111, 115, 65, 112, 112, 92, 47, 86, 105, 101, 119, 77, 111, 100, 101, 108, 115, 92, 47, 65, 100, 109, 105, 110, 86, 105, 101, 119, 77, 111, 100, 101, 108, 46, 115, 119, 105, 102, 116, 58, 54, 50, 53, 58, 49, 55, 58, 32, 101, 114, 114, 111, 114, 58, 32, 99, 97, 110, 110, 111, 116, 32, 102, 105, 110, 100, 32, 39, 115, 101, 108, 102, 39, 32, 105, 110, 32, 115, 99, 111, 112, 101, 59, 32, 100, 105, 100, 32, 121, 111, 117, 32, 109, 101, 97, 110, 32, 116, 111, 32, 117, 115, 101, 32, 105, 116, 32, 105, 110, 32, 97, 32, 116, 121, 112, 101, 32, 111, 114, 32, 101, 120, 116, 101, 110, 115, 105, 111, 110, 32, 99, 111, 110, 116, 101, 120, 116, 63, 92, 110, 32, 32, 32, 32, 32, 32, 32, 32, 32, 32, 32, 32, 32, 32, 32, 32, 115, 101, 108, 102, 46, 115, 121, 115, 116, 101, 109, 67, 111, 110, 102, 105, 103, 63, 46, 115, 108, 97, 85, 114, 103, 101, 110, 116, 72, 111, 117, 114, 115, 32, 61, 32, 115, 108, 97, 85, 114, 103, 101, 110, 116, 72, 111, 117, 114, 115, 92, 110, 32, 32, 32, 32, 32, 32, 32, 32, 32, 32, 32, 32, 32, 32, 32, 32, 94, 126, 126, 126, 92, 110, 92, 47, 85, 115, 101, 114, 115, 92, 47, 114, 117, 110, 110, 101, 114, 92, 47, 119, 111, 114, 107, 92, 47, 105, 111, 115, 65, 112, 112, 92, 47, 105, 111, 115, 65, 112, 112, 92, 47, 105, 111, 115, 65, 112, 112, 92, 47, 86, 105, 101, 119, 77, 111, 100, 101, 108, 115, 92, 47, 65, 100, 109, 105, 110, 86, 105, 101, 119, 77, 111, 100, 101, 108, 46, 115, 119, 105, 102, 116, 58, 54, 50, 54, 58, 49, 55, 58, 32, 101, 114, 114, 111, 114, 58, 32, 99, 97, 110, 110, 111, 116, 32, 102, 105, 110, 100, 32, 39, 115, 101, 108, 102, 39, 32, 105, 110, 32, 115, 99, 111, 112, 101, 59, 32, 100, 105, 100, 32, 121, 111, 117, 32, 109, 101, 97, 110, 32, 116, 111, 32, 117, 115, 101, 32, 105, 116, 32, 105, 110, 32, 97, 32, 116, 121, 112, 101, 32, 111, 114, 32, 101, 120, 116, 101, 110, 115, 105, 111, 110, 32, 99, 111, 110, 116, 101, 120, 116, 63, 92, 110, 32, 32, 32, 32, 32, 32, 32, 32, 32, 32, 32, 32, 32, 32, 32, 32, 115, 101, 108, 102, 46, 115, 121, 115, 116, 101, 109, 67, 111, 110, 102, 105, 103, 63, 46, 115, 108, 97, 78, 111, 114, 109, 97, 108, 72, 111, 117, 114, 115, 32, 61, 32, 115, 108, 97, 78, 111, 114, 109, 97, 108, 72, 111, 117, 114, 115, 92, 110, 32, 32, 32, 32, 32, 32, 32, 32, 32, 32, 32, 32, 32, 32, 32, 32, 94, 126, 126, 126, 92, 110, 92, 47, 85, 115, 101, 114, 115, 92, 47, 114, 117, 110, 110, 101, 114, 92, 47, 119, 111, 114, 107, 92, 47, 105, 111, 115, 65, 112, 112, 92, 47, 105, 111, 115, 65, 112, 112, 92, 47, 105, 111, 115, 65, 112, 112, 92, 47, 86, 105, 101, 119, 77, 111, 100, 101, 108, 115, 92, 47, 65, 100, 109, 105, 110, 86, 105, 101, 119, 77, 111, 100, 101, 108, 46, 115, 119, 105, 102, 116, 58, 54, 50, 56, 58, 49, 51, 58, 32, 101, 114, 114, 111, 114, 58, 32, 99, 97, 110, 110, 111, 116, 32, 102, 105, 110, 100, 32, 39, 115, 101, 108, 102, 39, 32, 105, 110, 32, 115, 99, 111, 112, 101, 59, 32, 100, 105, 100, 32, 121, 111, 117, 32, 109, 101, 97, 110, 32, 116, 111, 32, 117, 115, 101, 32, 105, 116, 32, 105, 110, 32, 97, 32, 116, 121, 112, 101, 32, 111, 114, 32, 101, 120, 116, 101, 110, 115, 105, 111, 110, 32, 99, 111, 110, 116, 101, 120, 116, 63, 92, 110, 32, 32, 32, 32, 32, 32, 32, 32, 32, 32, 32, 32, 115, 101, 108, 102, 46, 115, 117, 99, 99, 101, 115, 115, 77, 101, 115, 115, 97, 103, 101, 32, 61, 32, 92, 34, 76, 198, 176, 117, 32, 99, 225, 186, 165, 117, 32, 104, 195, 172, 110, 104, 32, 116, 104, 195, 160, 110, 104, 32, 99, 195, 180, 110, 103, 92, 34, 92, 110, 92, 47, 85, 115, 101, 114, 115, 92, 47, 114, 117, 110, 110, 101, 114, 92, 47, 119, 111, 114, 107, 92, 47, 105, 111, 115, 65, 112, 112, 92, 47, 105, 111, 115, 65, 112, 112, 92, 47, 105, 111, 115, 65, 112, 112, 92, 47, 86, 105, 101, 119, 77, 111, 100, 101, 108, 115, 92, 47, 65, 100, 109, 105, 110, 86, 105, 101, 119, 77, 111, 100, 101, 108, 46, 115, 119, 105, 102, 116, 58, 54, 51, 50, 58, 57, 58, 32, 101, 114, 114, 111, 114, 58, 32, 99, 97, 110, 110, 111, 116, 32, 102, 105, 110, 100, 32, 39, 115, 101, 108, 102, 39, 32, 105, 110, 32, 115, 99, 111, 112, 101, 59, 32, 100, 105, 100, 32, 121, 111, 117, 32, 109, 101, 97, 110, 32, 116, 111, 32, 117, 115, 101, 32, 105, 116, 32, 105, 110, 32, 97, 32, 116, 121, 112, 101, 32, 111, 114, 32, 101, 120, 116, 101, 110, 115, 105, 111, 110, 32, 99, 111, 110, 116, 101, 120, 116, 63, 92, 110, 32, 32, 32, 32, 32, 32, 32, 32, 115, 101, 108, 102, 46, 105, 115, 76, 111, 97, 100, 105, 110, 103, 67, 111, 110, 102, 105, 103, 32, 61, 32, 102, 97, 108, 115, 101, 92, 110, 32, 32, 32, 32, 32, 32, 32, 32, 94, 126, 126, 126, 92, 110, 92, 47, 85, 115, 101, 114, 115, 92, 47, 114, 117, 110, 110, 101, 114, 92, 47, 119, 111, 114, 107, 92, 47, 105, 111, 115, 65, 112, 112, 92, 47, 105, 111, 115, 65, 112, 112, 92, 47, 105, 111, 115, 65, 112, 112, 92, 47, 86, 105, 101, 119, 77, 111, 100, 101, 108, 115, 92, 47, 65, 100, 109, 105, 110, 86, 105, 101, 119, 77, 111, 100, 101, 108, 46, 115, 119, 105, 102, 116, 58, 54, 51, 55, 58, 57, 58, 32, 101, 114, 114, 111, 114, 58, 32, 99, 97, 110, 110, 111, 116, 32, 102, 105, 110, 100, 32, 39, 105, 115, 76, 111, 97, 100, 105, 110, 103, 78, 111, 116, 105, 102, 105, 99, 97, 116, 105, 111, 110, 115, 39, 32, 105, 110, 32, 115, 99, 111, 112, 101, 92, 110, 32, 32, 32, 32, 32, 32, 32, 32, 105, 115, 76, 111, 97, 100, 105, 110, 103, 78, 111, 116, 105, 102, 105, 99, 97, 116, 105, 111, 110, 115, 32, 61, 32, 116, 114, 117, 101, 92, 110, 32, 32, 32, 32, 32, 32, 32, 32, 94, 126, 126, 126, 126, 126, 126, 126, 126, 126, 126, 126, 126, 126, 126, 126, 126, 126, 126, 126, 126, 126, 92, 110, 92, 47, 85, 115, 101, 114, 115, 92, 47, 114, 117, 110, 110, 101, 114, 92, 47, 119, 111, 114, 107, 92, 47, 105, 111, 115, 65, 112, 112, 92, 47, 105, 111, 115, 65, 112, 112, 92, 47, 105, 111, 115, 65, 112, 112, 92, 47, 86, 105, 101, 119, 77, 111, 100, 101, 108, 115, 92, 47, 65, 100, 109, 105, 110, 86, 105, 101, 119, 77, 111, 100, 101, 108, 46, 115, 119, 105, 102, 116, 58, 54, 51, 56, 58, 50, 48, 58, 32, 101, 114, 114, 111, 114, 58, 32, 99, 97, 110, 110, 111, 116, 32, 102, 105, 110, 100, 32, 39, 115, 101, 108, 102, 39, 32, 105, 110, 32, 115, 99, 111, 112, 101, 59, 32, 100, 105, 100, 32, 121, 111, 117, 32, 109, 101, 97, 110, 32, 116, 111, 32, 117, 115, 101, 32, 105, 116, 32, 105, 110, 32, 97, 32, 116, 121, 112, 101, 32, 111, 114, 32, 101, 120, 116, 101, 110, 115, 105, 111, 110, 32, 99, 111, 110, 116, 101, 120, 116, 63, 92, 110, 32, 32, 32, 32, 32, 32, 32, 32, 108, 101, 116, 32, 99, 111, 109, 112, 32, 61, 32, 115, 101, 108, 102, 46, 99, 111, 109, 112, 97, 110, 121, 73, 100, 46, 105, 115, 69, 109, 112, 116, 121, 32, 63, 32, 92, 34, 83, 71, 67, 79, 79, 80, 92, 34, 32, 58, 32, 115, 101, 108, 102, 46, 99, 111, 109, 112, 97, 110, 121, 73, 100, 92, 110, 32, 32, 32, 32, 32, 32, 32, 32, 32, 32, 32, 32, 32, 32, 32, 32, 32, 32, 32, 94, 126, 126, 126, 92, 110, 92, 47, 85, 115, 101, 114, 115, 92, 47, 114, 117, 110, 110, 101, 114, 92, 47, 119, 111, 114, 107, 92, 47, 105, 111, 115, 65, 112, 112, 92, 47, 105, 111, 115, 65, 112, 112, 92, 47, 105, 111, 115, 65, 112, 112, 92, 47, 86, 105, 101, 119, 77, 111, 100, 101, 108, 115, 92, 47, 65, 100, 109, 105, 110, 86, 105, 101, 119, 77, 111, 100, 101, 108, 46, 115, 119, 105, 102, 116, 58, 54, 51, 56, 58, 53, 54, 58, 32, 101, 114, 114, 111, 114, 58, 32, 99, 97, 110, 110, 111, 116, 32, 102, 105, 110, 100, 32, 39, 115, 101, 108, 102, 39, 32, 105, 110, 32, 115, 99, 111, 112, 101, 59, 32, 100, 105, 100, 32, 121, 111, 117, 32, 109, 101, 97, 110, 32, 116, 111, 32, 117, 115, 101, 32, 105, 116, 32, 105, 110, 32, 97, 32, 116, 121, 112, 101, 32, 111, 114, 32, 101, 120, 116, 101, 110, 115, 105, 111, 110, 32, 99, 111, 110, 116, 101, 120, 116, 63, 92, 110, 32, 32, 32, 32, 32, 32, 32, 32, 108, 101, 116, 32, 99, 111, 109, 112, 32, 61, 32, 115, 101, 108, 102, 46, 99, 111, 109, 112, 97, 110, 121, 73, 100, 46, 105, 115, 69, 109, 112, 116, 121, 32, 63, 32, 92, 34, 83, 71, 67, 79, 79, 80, 92, 34, 32, 58, 32, 115, 101, 108, 102, 46, 99, 111, 109, 112, 97, 110, 121, 73, 100, 92, 110, 32, 32, 32, 32, 32, 32, 32, 32, 32, 32, 32, 32, 32, 32, 32, 32, 32, 32, 32, 32, 32, 32, 32, 32, 32, 32, 32, 32, 32, 32, 32, 32, 32, 32, 32, 32, 32, 32, 32, 32, 32, 32, 32, 32, 32, 32, 32, 32, 32, 32, 32, 32, 32, 32, 32, 94, 126, 126, 126, 92, 110, 92, 47, 85, 115, 101, 114, 115, 92, 47, 114, 117, 110, 110, 101, 114, 92, 47, 119, 111, 114, 107, 92, 47, 105, 111, 115, 65, 112, 112, 92, 47, 105, 111, 115, 65, 112, 112, 92, 47, 105, 111, 115, 65, 112, 112, 92, 47, 86, 105, 101, 119, 77, 111, 100, 101, 108, 115, 92, 47, 65, 100, 109, 105, 110, 86, 105, 101, 119, 77, 111, 100, 101, 108, 46, 115, 119, 105, 102, 116, 58, 54, 52, 49, 58, 49, 51, 58, 32, 101, 114, 114, 111, 114, 58, 32, 99, 97, 110, 110, 111, 116, 32, 102, 105, 110, 100, 32, 39, 115, 101, 108, 102, 39, 32, 105, 110, 32, 115, 99, 111, 112, 101, 59, 32, 100, 105, 100, 32, 121, 111, 117, 32, 109, 101, 97, 110, 32, 116, 111, 32, 117, 115, 101, 32, 105, 116, 32, 105, 110, 32, 97, 32, 116, 121, 112, 101, 32, 111, 114, 32, 101, 120, 116, 101, 110, 115, 105, 111, 110, 32, 99, 111, 110, 116, 101, 120, 116, 63, 92, 110, 32, 32, 32, 32, 32, 32, 32, 32, 32, 32, 32, 32, 115, 101, 108, 102, 46, 105, 115, 76, 111, 97, 100, 105, 110, 103, 78, 111, 116, 105, 102, 105, 99, 97, 116, 105, 111, 110, 115, 32, 61, 32, 102, 97, 108, 115, 101, 92, 110, 32, 32, 32, 32, 32, 32, 32, 32, 32, 32, 32, 32, 94, 126, 126, 126, 92, 110, 92, 47, 85, 115, 101, 114, 115, 92, 47, 114, 117, 110, 110, 101, 114, 92, 47, 119, 111, 114, 107, 92, 47, 105, 111, 115, 65, 112, 112, 92, 47, 105, 111, 115, 65, 112, 112, 92, 47, 105, 111, 115, 65, 112, 112, 92, 47, 86, 105, 101, 119, 77, 111, 100, 101, 108, 115, 92, 47, 65, 100, 109, 105, 110, 86, 105, 101, 119, 77, 111, 100, 101, 108, 46, 115, 119, 105, 102, 116, 58, 54, 52, 55, 58, 49, 51, 58, 32, 101, 114, 114, 111, 114, 58, 32, 99, 97, 110, 110, 111, 116, 32, 102, 105, 110, 100, 32, 39, 105, 100, 84, 111, 107, 101, 110, 39, 32, 105, 110, 32, 115, 99, 111, 112, 101, 92, 110, 32, 32, 32, 32, 32, 32, 32, 32, 105, 102, 32, 33, 105, 100, 84, 111, 107, 101, 110, 46, 105, 115, 69, 109, 112, 116, 121, 32, 123, 32, 114, 101, 113, 117, 101, 115, 116, 46, 115, 101, 116, 86, 97, 108, 117, 101, 40, 92, 34, 66, 101, 97, 114, 101, 114, 32, 92, 92, 40, 105, 100, 84, 111, 107, 101, 110, 41, 92, 34, 44, 32, 102, 111, 114, 72, 84, 84, 80, 72, 101, 97, 100, 101, 114, 70, 105, 101, 108, 100, 58, 32, 92, 34, 65, 117, 116, 104, 111, 114, 105, 122, 97, 116, 105, 111, 110, 92, 34, 41, 32, 125, 92, 110, 32, 32, 32, 32, 32, 32, 32, 32, 32, 32, 32, 32, 94, 126, 126, 126, 126, 126, 126, 92, 110, 92, 47, 85, 115, 101, 114, 115, 92, 47, 114, 117, 110, 110, 101, 114, 92, 47, 119, 111, 114, 107, 92, 47, 105, 111, 115, 65, 112, 112, 92, 47, 105, 111, 115, 65, 112, 112, 92, 47, 105, 111, 115, 65, 112, 112, 92, 47, 86, 105, 101, 119, 77, 111, 100, 101, 108, 115, 92, 47, 65, 100, 109, 105, 110, 86, 105, 101, 119, 77, 111, 100, 101, 108, 46, 115, 119, 105, 102, 116, 58, 54, 52, 55, 58, 53, 56, 58, 32, 101, 114, 114, 111, 114, 58, 32, 99, 97, 110, 110, 111, 116, 32, 102, 105, 110, 100, 32, 39, 105, 100, 84, 111, 107, 101, 110, 39, 32, 105, 110, 32, 115, 99, 111, 112, 101, 92, 110, 32, 32, 32, 32, 32, 32, 32, 32, 105, 102, 32, 33, 105, 100, 84, 111, 107, 101, 110, 46, 105, 115, 69, 109, 112, 116, 121, 32, 123, 32, 114, 101, 113, 117, 101, 115, 116, 46, 115, 101, 116, 86, 97, 108, 117, 101, 40, 92, 34, 66, 101, 97, 114, 101, 114, 32, 92, 92, 40, 105, 100, 84, 111, 107, 101, 110, 41, 92, 34, 44, 32, 102, 111, 114, 72, 84, 84, 80, 72, 101, 97, 100, 101, 114, 70, 105, 101, 108, 100, 58, 32, 92, 34, 65, 117, 116, 104, 111, 114, 105, 122, 97, 116, 105, 111, 110, 92, 34, 41, 32, 125, 92, 110, 32, 32, 32, 32, 32, 32, 32, 32, 32, 32, 32, 32, 32, 32, 32, 32, 32, 32, 32, 32, 32, 32, 32, 32, 32, 32, 32, 32, 32, 32, 32, 32, 32, 32, 32, 32, 32, 32, 32, 32, 32, 32, 32, 32, 32, 32, 32, 32, 32, 32, 32, 32, 32, 32, 32, 32, 32, 94, 126, 126, 126, 126, 126, 126, 92, 110, 92, 47, 85, 115, 101, 114, 115, 92, 47, 114, 117, 110, 110, 101, 114, 92, 47, 119, 111, 114, 107, 92, 47, 105, 111, 115, 65, 112, 112, 92, 47, 105, 111, 115, 65, 112, 112, 92, 47, 105, 111, 115, 65, 112, 112, 92, 47, 86, 105, 101, 119, 77, 111, 100, 101, 108, 115, 92, 47, 65, 100, 109, 105, 110, 86, 105, 101, 119, 77, 111, 100, 101, 108, 46, 115, 119, 105, 102, 116, 58, 54, 53, 52, 58, 49, 55, 58, 32, 101, 114, 114, 111, 114, 58, 32, 99, 97, 110, 110, 111, 116, 32, 102, 105, 110, 100, 32, 39, 115, 101, 108, 102, 39, 32, 105, 110, 32, 115, 99, 111, 112, 101, 59, 32, 100, 105, 100, 32, 121, 111, 117, 32, 109, 101, 97, 110, 32, 116, 111, 32, 117, 115, 101, 32, 105, 116, 32, 105, 110, 32, 97, 32, 116, 121, 112, 101, 32, 111, 114, 32, 101, 120, 116, 101, 110, 115, 105, 111, 110, 32, 99, 111, 110, 116, 101, 120, 116, 63, 92, 110, 32, 32, 32, 32, 32, 32, 32, 32, 32, 32, 32, 32, 32, 32, 32, 32, 115, 101, 108, 102, 46, 110, 111, 116, 105, 102, 105, 99, 97, 116, 105, 111, 110, 115, 32, 61, 32, 100, 111, 99, 117, 109, 101, 110, 116, 115, 46, 99, 111, 109, 112, 97, 99, 116, 77, 97, 112, 32, 123, 32, 100, 111, 99, 32, 105, 110, 92, 110, 32, 32, 32, 32, 32, 32, 32, 32, 32, 32, 32, 32, 32, 32, 32, 32, 94, 126, 126, 126, 92, 110, 92, 47, 85, 115, 101, 114, 115, 92, 47, 114, 117, 110, 110, 101, 114, 92, 47, 119, 111, 114, 107, 92, 47, 105, 111, 115, 65, 112, 112, 92, 47, 105, 111, 115, 65, 112, 112, 92, 47, 105, 111, 115, 65, 112, 112, 92, 47, 86, 105, 101, 119, 77, 111, 100, 101, 108, 115, 92, 47, 65, 100, 109, 105, 110, 86, 105, 101, 119, 77, 111, 100, 101, 108, 46, 115, 119, 105, 102, 116, 58, 54, 53, 54, 58, 56, 54, 58, 32, 101, 114, 114, 111, 114, 58, 32, 39, 110, 105, 108, 39, 32, 114, 101, 113, 117, 105, 114, 101, 115, 32, 97, 32, 99, 111, 110, 116, 101, 120, 116, 117, 97, 108, 32, 116, 121, 112, 101, 92, 110, 32, 32, 32, 32, 32, 32, 32, 32, 32, 32, 32, 32, 32, 32, 32, 32, 32, 32, 32, 32, 32, 32, 32, 32, 32, 32, 108, 101, 116, 32, 102, 105, 101, 108, 100, 115, 32, 61, 32, 100, 111, 99, 91, 92, 34, 102, 105, 101, 108, 100, 115, 92, 34, 93, 32, 97, 115, 63, 32, 91, 83, 116, 114, 105, 110, 103, 58, 32, 65, 110, 121, 93, 32, 101, 108, 115, 101, 32, 123, 32, 114, 101, 116, 117, 114, 110, 32, 110, 105, 108, 32, 125, 92, 110, 32, 32, 32, 32, 32, 32, 32, 32, 32, 32, 32, 32, 32, 32, 32, 32, 32, 32, 32, 32, 32, 32, 32, 32, 32, 32, 32, 32, 32, 32, 32, 32, 32, 32, 32, 32, 32, 32, 32, 32, 32, 32, 32, 32, 32, 32, 32, 32, 32, 32, 32, 32, 32, 32, 32, 32, 32, 32, 32, 32, 32, 32, 32, 32, 32, 32, 32, 32, 32, 32, 32, 32, 32, 32, 32, 32, 32, 32, 32, 32, 32, 32, 32, 32, 32, 94, 92, 110, 92, 47, 85, 115, 101, 114, 115, 92, 47, 114, 117, 110, 110, 101, 114, 92, 47, 119, 111, 114, 107, 92, 47, 105, 111, 115, 65, 112, 112, 92, 47, 105, 111, 115, 65, 112, 112, 92, 47, 105, 111, 115, 65, 112, 112, 92, 47, 86, 105, 101, 119, 77, 111, 100, 101, 108, 115, 92, 47, 65, 100, 109, 105, 110, 86, 105, 101, 119, 77, 111, 100, 101, 108, 46, 115, 119, 105, 102, 116, 58, 54, 54, 54, 58, 49, 55, 58, 32, 101, 114, 114, 111, 114, 58, 32, 99, 97, 110, 110, 111, 116, 32, 102, 105, 110, 100, 32, 39, 115, 101, 108, 102, 39, 32, 105, 110, 32, 115, 99, 111, 112, 101, 59, 32, 100, 105, 100, 32, 121, 111, 117, 32, 109, 101, 97, 110, 32, 116, 111, 32, 117, 115, 101, 32, 105, 116, 32, 105, 110, 32, 97, 32, 116, 121, 112, 101, 32, 111, 114, 32, 101, 120, 116, 101, 110, 115, 105, 111, 110, 32, 99, 111, 110, 116, 101, 120, 116, 63, 92, 110, 32, 32, 32, 32, 32, 32, 32, 32, 32, 32, 32, 32, 32, 32, 32, 32, 115, 101, 108, 102, 46, 110, 111, 116, 105, 102, 105, 99, 97, 116, 105, 111, 110, 115, 46, 115, 111, 114, 116, 32, 123, 32, 36, 48, 46, 99, 114, 101, 97, 116, 101, 100, 65, 116, 32, 62, 32, 36, 49, 46, 99, 114, 101, 97, 116, 101, 100, 65, 116, 32, 125, 92, 110, 32, 32, 32, 32, 32, 32, 32, 32, 32, 32, 32, 32, 32, 32, 32, 32, 94, 126, 126, 126, 92, 110, 92, 47, 85, 115, 101, 114, 115, 92, 47, 114, 117, 110, 110, 101, 114, 92, 47, 119, 111, 114, 107, 92, 47, 105, 111, 115, 65, 112, 112, 92, 47, 105, 111, 115, 65, 112, 112, 92, 47, 105, 111, 115, 65, 112, 112, 92, 47, 86, 105, 101, 119, 77, 111, 100, 101, 108, 115, 92, 47, 65, 100, 109, 105, 110, 86, 105, 101, 119, 77, 111, 100, 101, 108, 46, 115, 119, 105, 102, 116, 58, 54, 55, 49, 58, 57, 58, 32, 101, 114, 114, 111, 114, 58, 32, 99, 97, 110, 110, 111, 116, 32, 102, 105, 110, 100, 32, 39, 115, 101, 108, 102, 39, 32, 105, 110, 32, 115, 99, 111, 112, 101, 59, 32, 100, 105, 100, 32, 121, 111, 117, 32, 109, 101, 97, 110, 32, 116, 111, 32, 117, 115, 101, 32, 105, 116, 32, 105, 110, 32, 97, 32, 116, 121, 112, 101, 32, 111, 114, 32, 101, 120, 116, 101, 110, 115, 105, 111, 110, 32, 99, 111, 110, 116, 101, 120, 116, 63, 92, 110, 32, 32, 32, 32, 32, 32, 32, 32, 115, 101, 108, 102, 46, 105, 115, 76, 111, 97, 100, 105, 110, 103, 78, 111, 116, 105, 102, 105, 99, 97, 116, 105, 111, 110, 115, 32, 61, 32, 102, 97, 108, 115, 101, 92, 110, 32, 32, 32, 32, 32, 32, 32, 32, 94, 126, 126, 126, 92, 110, 92, 47, 85, 115, 101, 114, 115, 92, 47, 114, 117, 110, 110, 101, 114, 92, 47, 119, 111, 114, 107, 92, 47, 105, 111, 115, 65, 112, 112, 92, 47, 105, 111, 115, 65, 112, 112, 92, 47, 105, 111, 115, 65, 112, 112, 92, 47, 86, 105, 101, 119, 77, 111, 100, 101, 108, 115, 92, 47, 65, 100, 109, 105, 110, 86, 105, 101, 119, 77, 111, 100, 101, 108, 46, 115, 119, 105, 102, 116, 58, 54, 55, 53, 58, 57, 58, 32, 101, 114, 114, 111, 114, 58, 32, 99, 97, 110, 110, 111, 116, 32, 102, 105, 110, 100, 32, 39, 105, 115, 76, 111, 97, 100, 105, 110, 103, 78, 111, 116, 105, 102, 105, 99, 97, 116, 105, 111, 110, 115, 39, 32, 105, 110, 32, 115, 99, 111, 112, 101, 92, 110, 32, 32, 32, 32, 32, 32, 32, 32, 105, 115, 76, 111, 97, 100, 105, 110, 103, 78, 111, 116, 105, 102, 105, 99, 97, 116, 105, 111, 110, 115, 32, 61, 32, 116, 114, 117, 101, 92, 110, 32, 32, 32, 32, 32, 32, 32, 32, 94, 126, 126, 126, 126, 126, 126, 126, 126, 126, 126, 126, 126, 126, 126, 126, 126, 126, 126, 126, 126, 126, 92, 110, 92, 47, 85, 115, 101, 114, 115, 92, 47, 114, 117, 110, 110, 101, 114, 92, 47, 119, 111, 114, 107, 92, 47, 105, 111, 115, 65, 112, 112, 92, 47, 105, 111, 115, 65, 112, 112, 92, 47, 105, 111, 115, 65, 112, 112, 92, 47, 86, 105, 101, 119, 77, 111, 100, 101, 108, 115, 92, 47, 65, 100, 109, 105, 110, 86, 105, 101, 119, 77, 111, 100, 101, 108, 46, 115, 119, 105, 102, 116, 58, 54, 55, 54, 58, 50, 48, 58, 32, 101, 114, 114, 111, 114, 58, 32, 99, 97, 110, 110, 111, 116, 32, 102, 105, 110, 100, 32, 39, 115, 101, 108, 102, 39, 32, 105, 110, 32, 115, 99, 111, 112, 101, 59, 32, 100, 105, 100, 32, 121, 111, 117, 32, 109, 101, 97, 110, 32, 116, 111, 32, 117, 115, 101, 32, 105, 116, 32, 105, 110, 32, 97, 32, 116, 121, 112, 101, 32, 111, 114, 32, 101, 120, 116, 101, 110, 115, 105, 111, 110, 32, 99, 111, 110, 116, 101, 120, 116, 63, 92, 110, 32, 32, 32, 32, 32, 32, 32, 32, 108, 101, 116, 32, 99, 111, 109, 112, 32, 61, 32, 115, 101, 108, 102, 46, 99, 111, 109, 112, 97, 110, 121, 73, 100, 46, 105, 115, 69, 109, 112, 116, 121, 32, 63, 32, 92, 34, 83, 71, 67, 79, 79, 80, 92, 34, 32, 58, 32, 115, 101, 108, 102, 46, 99, 111, 109, 112, 97, 110, 121, 73, 100, 92, 110, 32, 32, 32, 32, 32, 32, 32, 32, 32, 32, 32, 32, 32, 32, 32, 32, 32, 32, 32, 94, 126, 126, 126, 92, 110, 92, 47, 85, 115, 101, 114, 115, 92, 47, 114, 117, 110, 110, 101, 114, 92, 47, 119, 111, 114, 107, 92, 47, 105, 111, 115, 65, 112, 112, 92, 47, 105, 111, 115, 65, 112, 112, 92, 47, 105, 111, 115, 65, 112, 112, 92, 47, 86, 105, 101, 119, 77, 111, 100, 101, 108, 115, 92, 47, 65, 100, 109, 105, 110, 86, 105, 101, 119, 77, 111, 100, 101, 108, 46, 115, 119, 105, 102, 116, 58, 54, 55, 54, 58, 53, 54, 58, 32, 101, 114, 114, 111, 114, 58, 32, 99, 97, 110, 110, 111, 116, 32, 102, 105, 110, 100, 32, 39, 115, 101, 108, 102, 39, 32, 105, 110, 32, 115, 99, 111, 112, 101, 59, 32, 100, 105, 100, 32, 121, 111, 117, 32, 109, 101, 97, 110, 32, 116, 111, 32, 117, 115, 101, 32, 105, 116, 32, 105, 110, 32, 97, 32, 116, 121, 112, 101, 32, 111, 114, 32, 101, 120, 116, 101, 110, 115, 105, 111, 110, 32, 99, 111, 110, 116, 101, 120, 116, 63, 92, 110, 32, 32, 32, 32, 32, 32, 32, 32, 108, 101, 116, 32, 99, 111, 109, 112, 32, 61, 32, 115, 101, 108, 102, 46, 99, 111, 109, 112, 97, 110, 121, 73, 100, 46, 105, 115, 69, 109, 112, 116, 121, 32, 63, 32, 92, 34, 83, 71, 67, 79, 79, 80, 92, 34, 32, 58, 32, 115, 101, 108, 102, 46, 99, 111, 109, 112, 97, 110, 121, 73, 100, 92, 110, 32, 32, 32, 32, 32, 32, 32, 32, 32, 32, 32, 32, 32, 32, 32, 32, 32, 32, 32, 32, 32, 32, 32, 32, 32, 32, 32, 32, 32, 32, 32, 32, 32, 32, 32, 32, 32, 32, 32, 32, 32, 32, 32, 32, 32, 32, 32, 32, 32, 32, 32, 32, 32, 32, 32, 94, 126, 126, 126, 92, 110, 92, 47, 85, 115, 101, 114, 115, 92, 47, 114, 117, 110, 110, 101, 114, 92, 47, 119, 111, 114, 107, 92, 47, 105, 111, 115, 65, 112, 112, 92, 47, 105, 111, 115, 65, 112, 112, 92, 47, 105, 111, 115, 65, 112, 112, 92, 47, 86, 105, 101, 119, 77, 111, 100, 101, 108, 115, 92, 47, 65, 100, 109, 105, 110, 86, 105, 101, 119, 77, 111, 100, 101, 108, 46, 115, 119, 105, 102, 116, 58, 54, 56, 51, 58, 49, 51, 58, 32, 101, 114, 114, 111, 114, 58, 32, 99, 97, 110, 110, 111, 116, 32, 102, 105, 110, 100, 32, 39, 105, 100, 84, 111, 107, 101, 110, 39, 32, 105, 110, 32, 115, 99, 111, 112, 101, 92, 110, 32, 32, 32, 32, 32, 32, 32, 32, 105, 102, 32, 33, 105, 100, 84, 111, 107, 101, 110, 46, 105, 115, 69, 109, 112, 116, 121, 32, 123, 32, 114, 101, 113, 117, 101, 115, 116, 46, 115, 101, 116, 86, 97, 108, 117, 101, 40, 92, 34, 66, 101, 97, 114, 101, 114, 32, 92, 92, 40, 105, 100, 84, 111, 107, 101, 110, 41, 92, 34, 44, 32, 102, 111, 114, 72, 84, 84, 80, 72, 101, 97, 100, 101, 114, 70, 105, 101, 108, 100, 58, 32, 92, 34, 65, 117, 116, 104, 111, 114, 105, 122, 97, 116, 105, 111, 110, 92, 34, 41, 32, 125, 92, 110, 32, 32, 32, 32, 32, 32, 32, 32, 32, 32, 32, 32, 94, 126, 126, 126, 126, 126, 126, 92, 110, 92, 47, 85, 115, 101, 114, 115, 92, 47, 114, 117, 110, 110, 101, 114, 92, 47, 119, 111, 114, 107, 92, 47, 105, 111, 115, 65, 112, 112, 92, 47, 105, 111, 115, 65, 112, 112, 92, 47, 105, 111, 115, 65, 112, 112, 92, 47, 86, 105, 101, 119, 77, 111, 100, 101, 108, 115, 92, 47, 65, 100, 109, 105, 110, 86, 105, 101, 119, 77, 111, 100, 101, 108, 46, 115, 119, 105, 102, 116, 58, 54, 56, 51, 58, 53, 56, 58, 32, 101, 114, 114, 111, 114, 58, 32, 99, 97, 110, 110, 111, 116, 32, 102, 105, 110, 100, 32, 39, 105, 100, 84, 111, 107, 101, 110, 39, 32, 105, 110, 32, 115, 99, 111, 112, 101, 92, 110, 32, 32, 32, 32, 32, 32, 32, 32, 105, 102, 32, 33, 105, 100, 84, 111, 107, 101, 110, 46, 105, 115, 69, 109, 112, 116, 121, 32, 123, 32, 114, 101, 113, 117, 101, 115, 116, 46, 115, 101, 116, 86, 97, 108, 117, 101, 40, 92, 34, 66, 101, 97, 114, 101, 114, 32, 92, 92, 40, 105, 100, 84, 111, 107, 101, 110, 41, 92, 34, 44, 32, 102, 111, 114, 72, 84, 84, 80, 72, 101, 97, 100, 101, 114, 70, 105, 101, 108, 100, 58, 32, 92, 34, 65, 117, 116, 104, 111, 114, 105, 122, 97, 116, 105, 111, 110, 92, 34, 41, 32, 125, 92, 110, 32, 32, 32, 32, 32, 32, 32, 32, 32, 32, 32, 32, 32, 32, 32, 32, 32, 32, 32, 32, 32, 32, 32, 32, 32, 32, 32, 32, 32, 32, 32, 32, 32, 32, 32, 32, 32, 32, 32, 32, 32, 32, 32, 32, 32, 32, 32, 32, 32, 32, 32, 32, 32, 32, 32, 32, 32, 94, 126, 126, 126, 126, 126, 126, 92, 110, 92, 47, 85, 115, 101, 114, 115, 92, 47, 114, 117, 110, 110, 101, 114, 92, 47, 119, 111, 114, 107, 92, 47, 105, 111, 115, 65, 112, 112, 92, 47, 105, 111, 115, 65, 112, 112, 92, 47, 105, 111, 115, 65, 112, 112, 92, 47, 86, 105, 101, 119, 77, 111, 100, 101, 108, 115, 92, 47, 65, 100, 109, 105, 110, 86, 105, 101, 119, 77, 111, 100, 101, 108, 46, 115, 119, 105, 102, 116, 58, 54, 57, 50, 58, 53, 49, 58, 32, 101, 114, 114, 111, 114, 58, 32, 99, 97, 110, 110, 111, 116, 32, 102, 105, 110, 100, 32, 39, 115, 101, 108, 102, 39, 32, 105, 110, 32, 115, 99, 111, 112, 101, 59, 32, 100, 105, 100, 32, 121, 111, 117, 32, 109, 101, 97, 110, 32, 116, 111, 32, 117, 115, 101, 32, 105, 116, 32, 105, 110, 32, 97, 32, 116, 121, 112, 101, 32, 111, 114, 32, 101, 120, 116, 101, 110, 115, 105, 111, 110, 32, 99, 111, 110, 116, 101, 120, 116, 63, 92, 110, 32, 32, 32, 32, 32, 32, 32, 32, 32, 32, 32, 32, 32, 32, 32, 32, 92, 34, 99, 114, 101, 97, 116, 101, 100, 66, 121, 69, 109, 97, 105, 108, 92, 34, 58, 32, 91, 92, 34, 115, 116, 114, 105, 110, 103, 86, 97, 108, 117, 101, 92, 34, 58, 32, 115, 101, 108, 102, 46, 99, 117, 114, 114, 101, 110, 116, 85, 115, 101, 114, 46, 101, 109, 97, 105, 108, 93, 92, 110, 32, 32, 32, 32, 32, 32, 32, 32, 32, 32, 32, 32, 32, 32, 32, 32, 32, 32, 32, 32, 32, 32, 32, 32, 32, 32, 32, 32, 32, 32, 32, 32, 32, 32, 32, 32, 32, 32, 32, 32, 32, 32, 32, 32, 32, 32, 32, 32, 32, 32, 94, 126, 126, 126, 92, 110, 92, 47, 85, 115, 101, 114, 115, 92, 47, 114, 117, 110, 110, 101, 114, 92, 47, 119, 111, 114, 107, 92, 47, 105, 111, 115, 65, 112, 112, 92, 47, 105, 111, 115, 65, 112, 112, 92, 47, 105, 111, 115, 65, 112, 112, 92, 47, 86, 105, 101, 119, 77, 111, 100, 101, 108, 115, 92, 47, 65, 100, 109, 105, 110, 86, 105, 101, 119, 77, 111, 100, 101, 108, 46, 115, 119, 105, 102, 116, 58, 55, 48, 52, 58, 49, 53, 48, 58, 32, 101, 114, 114, 111, 114, 58, 32, 99, 97, 110, 110, 111, 116, 32, 102, 105, 110, 100, 32, 39, 115, 101, 108, 102, 39, 32, 105, 110, 32, 115, 99, 111, 112, 101, 59, 32, 100, 105, 100, 32, 121, 111, 117, 32, 109, 101, 97, 110, 32, 116, 111, 32, 117, 115, 101, 32, 105, 116, 32, 105, 110, 32, 97, 32, 116, 121, 112, 101, 32, 111, 114, 32, 101, 120, 116, 101, 110, 115, 105, 111, 110, 32, 99, 111, 110, 116, 101, 120, 116, 63, 92, 110, 32, 32, 32, 32, 32, 32, 32, 32, 32, 32, 32, 32, 32, 32, 32, 32, 108, 101, 116, 32, 110, 101, 119, 78, 111, 116, 105, 102, 32, 61, 32, 65, 112, 112, 78, 111, 116, 105, 102, 105, 99, 97, 116, 105, 111, 110, 40, 105, 100, 58, 32, 105, 100, 44, 32, 116, 105, 116, 108, 101, 58, 32, 116, 105, 116, 108, 101, 44, 32, 98, 111, 100, 121, 58, 32, 98, 111, 100, 121, 44, 32, 116, 97, 114, 103, 101, 116, 82, 111, 108, 101, 58, 32, 116, 97, 114, 103, 101, 116, 82, 111, 108, 101, 32, 63, 63, 32, 92, 34, 65, 76, 76, 92, 34, 44, 32, 99, 114, 101, 97, 116, 101, 100, 65, 116, 58, 32, 68, 97, 116, 101, 40, 41, 44, 32, 99, 114, 101, 97, 116, 101, 100, 66, 121, 69, 109, 97, 105, 108, 58, 32, 115, 101, 108, 102, 46, 99, 117, 114, 114, 101, 110, 116, 85, 115, 101, 114, 46, 101, 109, 97, 105, 108, 41, 92, 110, 32, 32, 32, 32, 32, 32, 32, 32, 32, 32, 32, 32, 32, 32, 32, 32, 32, 32, 32, 32, 32, 32, 32, 32, 32, 32, 32, 32, 32, 32, 32, 32, 32, 32, 32, 32, 32, 32, 32, 32, 32, 32, 32, 32, 32, 32, 32, 32, 32, 32, 32, 32, 32, 32, 32, 32, 32, 32, 32, 32, 32, 32, 32, 32, 32, 32, 32, 32, 32, 32, 32, 32, 32, 32, 32, 32, 32, 32, 32, 32, 32, 32, 32, 32, 32, 32, 32, 32, 32, 32, 32, 32, 32, 32, 32, 32, 32, 32, 32, 32, 32, 32, 32, 32, 32, 32, 32, 32, 32, 32, 32, 32, 32, 32, 32, 32, 32, 32, 32, 32, 32, 32, 32, 32, 32, 32, 32, 32, 32, 32, 32, 32, 32, 32, 32, 32, 32, 32, 32, 32, 32, 32, 32, 32, 32, 32, 32, 32, 32, 94, 126, 126, 126, 92, 110, 92, 47, 85, 115, 101, 114, 115, 92, 47, 114, 117, 110, 110, 101, 114, 92, 47, 119, 111, 114, 107, 92, 47, 105, 111, 115, 65, 112, 112, 92, 47, 105, 111, 115, 65, 112, 112, 92, 47, 105, 111, 115, 65, 112, 112, 92, 47, 86, 105, 101, 119, 77, 111, 100, 101, 108, 115, 92, 47, 65, 100, 109, 105, 110, 86, 105, 101, 119, 77, 111, 100, 101, 108, 46, 115, 119, 105, 102, 116, 58, 55, 48, 53, 58, 49, 55, 58, 32, 101, 114, 114, 111, 114, 58, 32, 99, 97, 110, 110, 111, 116, 32, 102, 105, 110, 100, 32, 39, 115, 101, 108, 102, 39, 32, 105, 110, 32, 115, 99, 111, 112, 101, 59, 32, 100, 105, 100, 32, 121, 111, 117, 32, 109, 101, 97, 110, 32, 116, 111, 32, 117, 115, 101, 32, 105, 116, 32, 105, 110, 32, 97, 32, 116, 121, 112, 101, 32, 111, 114, 32, 101, 120, 116, 101, 110, 115, 105, 111, 110, 32, 99, 111, 110, 116, 101, 120, 116, 63, 92, 110, 32, 32, 32, 32, 32, 32, 32, 32, 32, 32, 32, 32, 32, 32, 32, 32, 115, 101, 108, 102, 46, 110, 111, 116, 105, 102, 105, 99, 97, 116, 105, 111, 110, 115, 46, 105, 110, 115, 101, 114, 116, 40, 110, 101, 119, 78, 111, 116, 105, 102, 44, 32, 97, 116, 58, 32, 48, 41, 92, 110, 32, 32, 32, 32, 32, 32, 32, 32, 32, 32, 32, 32, 32, 32, 32, 32, 94, 126, 126, 126, 92, 110, 92, 47, 85, 115, 101, 114, 115, 92, 47, 114, 117, 110, 110, 101, 114, 92, 47, 119, 111, 114, 107, 92, 47, 105, 111, 115, 65, 112, 112, 92, 47, 105, 111, 115, 65, 112, 112, 92, 47, 105, 111, 115, 65, 112, 112, 92, 47, 86, 105, 101, 119, 77, 111, 100, 101, 108, 115, 92, 47, 65, 100, 109, 105, 110, 86, 105, 101, 119, 77, 111, 100, 101, 108, 46, 115, 119, 105, 102, 116, 58, 55, 48, 54, 58, 49, 55, 58, 32, 101, 114, 114, 111, 114, 58, 32, 99, 97, 110, 110, 111, 116, 32, 102, 105, 110, 100, 32, 39, 115, 101, 108, 102, 39, 32, 105, 110, 32, 115, 99, 111, 112, 101, 59, 32, 100, 105, 100, 32, 121, 111, 117, 32, 109, 101, 97, 110, 32, 116, 111, 32, 117, 115, 101, 32, 105, 116, 32, 105, 110, 32, 97, 32, 116, 121, 112, 101, 32, 111, 114, 32, 101, 120, 116, 101, 110, 115, 105, 111, 110, 32, 99, 111, 110, 116, 101, 120, 116, 63, 92, 110, 32, 32, 32, 32, 32, 32, 32, 32, 32, 32, 32, 32, 32, 32, 32, 32, 115, 101, 108, 102, 46, 115, 117, 99, 99, 101, 115, 115, 77, 101, 115, 115, 97, 103, 101, 32, 61, 32, 92, 34, 196, 144, 195, 163, 32, 103, 225, 187, 173, 105, 32, 116, 104, 195, 180, 110, 103, 32, 98, 195, 161, 111, 92, 34, 92, 110, 92, 47, 85, 115, 101, 114, 115, 92, 47, 114, 117, 110, 110, 101, 114, 92, 47, 119, 111, 114, 107, 92, 47, 105, 111, 115, 65, 112, 112, 92, 47, 105, 111, 115, 65, 112, 112, 92, 47, 105, 111, 115, 65, 112, 112, 92, 47, 86, 105, 101, 119, 77, 111, 100, 101, 108, 115, 92, 47, 65, 100, 109, 105, 110, 86, 105, 101, 119, 77, 111, 100, 101, 108, 46, 115, 119, 105, 102, 116, 58, 55, 49, 49, 58, 57, 58, 32, 101, 114, 114, 111, 114, 58, 32, 99, 97, 110, 110, 111, 116, 32, 102, 105, 110, 100, 32, 39, 115, 101, 108, 102, 39, 32, 105, 110, 32, 115, 99, 111, 112, 101, 59, 32, 100, 105, 100, 32, 121, 111, 117, 32, 109, 101, 97, 110, 32, 116, 111, 32, 117, 115, 101, 32, 105, 116, 32, 105, 110, 32, 97, 32, 116, 121, 112, 101, 32, 111, 114, 32, 101, 120, 116, 101, 110, 115, 105, 111, 110, 32, 99, 111, 110, 116, 101, 120, 116, 63, 92, 110, 32, 32, 32, 32, 32, 32, 32, 32, 115, 101, 108, 102, 46, 105, 115, 76, 111, 97, 100, 105, 110, 103, 78, 111, 116, 105, 102, 105, 99, 97, 116, 105, 111, 110, 115, 32, 61, 32, 102, 97, 108, 115, 101, 92, 110, 32, 32, 32, 32, 32, 32, 32, 32, 94, 126, 126, 126, 92, 110, 92, 47, 85, 115, 101, 114, 115, 92, 47, 114, 117, 110, 110, 101, 114, 92, 47, 119, 111, 114, 107, 92, 47, 105, 111, 115, 65, 112, 112, 92, 47, 105, 111, 115, 65, 112, 112, 92, 47, 105, 111, 115, 65, 112, 112, 92, 47, 86, 105, 101, 119, 77, 111, 100, 101, 108, 115, 92, 47, 65, 100, 109, 105, 110, 86, 105, 101, 119, 77, 111, 100, 101, 108, 46, 115, 119, 105, 102, 116, 58, 55, 49, 53, 58, 50, 48, 58, 32, 101, 114, 114, 111, 114, 58, 32, 99, 97, 110, 110, 111, 116, 32, 102, 105, 110, 100, 32, 39, 115, 101, 108, 102, 39, 32, 105, 110, 32, 115, 99, 111, 112, 101, 59, 32, 100, 105, 100, 32, 121, 111, 117, 32, 109, 101, 97, 110, 32, 116, 111, 32, 117, 115, 101, 32, 105, 116, 32, 105, 110, 32, 97, 32, 116, 121, 112, 101, 32, 111, 114, 32, 101, 120, 116, 101, 110, 115, 105, 111, 110, 32, 99, 111, 110, 116, 101, 120, 116, 63, 92, 110, 32, 32, 32, 32, 32, 32, 32, 32, 108, 101, 116, 32, 99, 111, 109, 112, 32, 61, 32, 115, 101, 108, 102, 46, 99, 111, 109, 112, 97, 110, 121, 73, 100, 46, 105, 115, 69, 109, 112, 116, 121, 32, 63, 32, 92, 34, 83, 71, 67, 79, 79, 80, 92, 34, 32, 58, 32, 115, 101, 108, 102, 46, 99, 111, 109, 112, 97, 110, 121, 73, 100, 92, 110, 32, 32, 32, 32, 32, 32, 32, 32, 32, 32, 32, 32, 32, 32, 32, 32, 32, 32, 32, 94, 126, 126, 126, 92, 110, 92, 47, 85, 115, 101, 114, 115, 92, 47, 114, 117, 110, 110, 101, 114, 92, 47, 119, 111, 114, 107, 92, 47, 105, 111, 115, 65, 112, 112, 92, 47, 105, 111, 115, 65, 112, 112, 92, 47, 105, 111, 115, 65, 112, 112, 92, 47, 86, 105, 101, 119, 77, 111, 100, 101, 108, 115, 92, 47, 65, 100, 109, 105, 110, 86, 105, 101, 119, 77, 111, 100, 101, 108, 46, 115, 119, 105, 102, 116, 58, 55, 49, 53, 58, 53, 54, 58, 32, 101, 114, 114, 111, 114, 58, 32, 99, 97, 110, 110, 111, 116, 32, 102, 105, 110, 100, 32, 39, 115, 101, 108, 102, 39, 32, 105, 110, 32, 115, 99, 111, 112, 101, 59, 32, 100, 105, 100, 32, 121, 111, 117, 32, 109, 101, 97, 110, 32, 116, 111, 32, 117, 115, 101, 32, 105, 116, 32, 105, 110, 32, 97, 32, 116, 121, 112, 101, 32, 111, 114, 32, 101, 120, 116, 101, 110, 115, 105, 111, 110, 32, 99, 111, 110, 116, 101, 120, 116, 63, 92, 110, 32, 32, 32, 32, 32, 32, 32, 32, 108, 101, 116, 32, 99, 111, 109, 112, 32, 61, 32, 115, 101, 108, 102, 46, 99, 111, 109, 112, 97, 110, 121, 73, 100, 46, 105, 115, 69, 109, 112, 116, 121, 32, 63, 32, 92, 34, 83, 71, 67, 79, 79, 80, 92, 34, 32, 58, 32, 115, 101, 108, 102, 46, 99, 111, 109, 112, 97, 110, 121, 73, 100, 92, 110, 32, 32, 32, 32, 32, 32, 32, 32, 32, 32, 32, 32, 32, 32, 32, 32, 32, 32, 32, 32, 32, 32, 32, 32, 32, 32, 32, 32, 32, 32, 32, 32, 32, 32, 32, 32, 32, 32, 32, 32, 32, 32, 32, 32, 32, 32, 32, 32, 32, 32, 32, 32, 32, 32, 32, 94, 126, 126, 126, 92, 110, 92, 47, 85, 115, 101, 114, 115, 92, 47, 114, 117, 110, 110, 101, 114, 92, 47, 119, 111, 114, 107, 92, 47, 105, 111, 115, 65, 112, 112, 92, 47, 105, 111, 115, 65, 112, 112, 92, 47, 105, 111, 115, 65, 112, 112, 92, 47, 86, 105, 101, 119, 77, 111, 100, 101, 108, 115, 92, 47, 65, 100, 109, 105, 110, 86, 105, 101, 119, 77, 111, 100, 101, 108, 46, 115, 119, 105, 102, 116, 58, 55, 50, 49, 58, 49, 51, 58, 32, 101, 114, 114, 111, 114, 58, 32, 99, 97, 110, 110, 111, 116, 32, 102, 105, 110, 100, 32, 39, 105, 100, 84, 111, 107, 101, 110, 39, 32, 105, 110, 32, 115, 99, 111, 112, 101, 92, 110, 32, 32, 32, 32, 32, 32, 32, 32, 105, 102, 32, 33, 105, 100, 84, 111, 107, 101, 110, 46, 105, 115, 69, 109, 112, 116, 121, 32, 123, 32, 114, 101, 113, 117, 101, 115, 116, 46, 115, 101, 116, 86, 97, 108, 117, 101, 40, 92, 34, 66, 101, 97, 114, 101, 114, 32, 92, 92, 40, 105, 100, 84, 111, 107, 101, 110, 41, 92, 34, 44, 32, 102, 111, 114, 72, 84, 84, 80, 72, 101, 97, 100, 101, 114, 70, 105, 101, 108, 100, 58, 32, 92, 34, 65, 117, 116, 104, 111, 114, 105, 122, 97, 116, 105, 111, 110, 92, 34, 41, 32, 125, 92, 110, 32, 32, 32, 32, 32, 32, 32, 32, 32, 32, 32, 32, 94, 126, 126, 126, 126, 126, 126, 92, 110, 92, 47, 85, 115, 101, 114, 115, 92, 47, 114, 117, 110, 110, 101, 114, 92, 47, 119, 111, 114, 107, 92, 47, 105, 111, 115, 65, 112, 112, 92, 47, 105, 111, 115, 65, 112, 112, 92, 47, 105, 111, 115, 65, 112, 112, 92, 47, 86, 105, 101, 119, 77, 111, 100, 101, 108, 115, 92, 47, 65, 100, 109, 105, 110, 86, 105, 101, 119, 77, 111, 100, 101, 108, 46, 115, 119, 105, 102, 116, 58, 55, 50, 49, 58, 53, 56, 58, 32, 101, 114, 114, 111, 114, 58, 32, 99, 97, 110, 110, 111, 116, 32, 102, 105, 110, 100, 32, 39, 105, 100, 84, 111, 107, 101, 110, 39, 32, 105, 110, 32, 115, 99, 111, 112, 101, 92, 110, 32, 32, 32, 32, 32, 32, 32, 32, 105, 102, 32, 33, 105, 100, 84, 111, 107, 101, 110, 46, 105, 115, 69, 109, 112, 116, 121, 32, 123, 32, 114, 101, 113, 117, 101, 115, 116, 46, 115, 101, 116, 86, 97, 108, 117, 101, 40, 92, 34, 66, 101, 97, 114, 101, 114, 32, 92, 92, 40, 105, 100, 84, 111, 107, 101, 110, 41, 92, 34, 44, 32, 102, 111, 114, 72, 84, 84, 80, 72, 101, 97, 100, 101, 114, 70, 105, 101, 108, 100, 58, 32, 92, 34, 65, 117, 116, 104, 111, 114, 105, 122, 97, 116, 105, 111, 110, 92, 34, 41, 32, 125, 92, 110, 32, 32, 32, 32, 32, 32, 32, 32, 32, 32, 32, 32, 32, 32, 32, 32, 32, 32, 32, 32, 32, 32, 32, 32, 32, 32, 32, 32, 32, 32, 32, 32, 32, 32, 32, 32, 32, 32, 32, 32, 32, 32, 32, 32, 32, 32, 32, 32, 32, 32, 32, 32, 32, 32, 32, 32, 32, 94, 126, 126, 126, 126, 126, 126, 92, 110, 92, 47, 85, 115, 101, 114, 115, 92, 47, 114, 117, 110, 110, 101, 114, 92, 47, 119, 111, 114, 107, 92, 47, 105, 111, 115, 65, 112, 112, 92, 47, 105, 111, 115, 65, 112, 112, 92, 47, 105, 111, 115, 65, 112, 112, 92, 47, 86, 105, 101, 119, 77, 111, 100, 101, 108, 115, 92, 47, 65, 100, 109, 105, 110, 86, 105, 101, 119, 77, 111, 100, 101, 108, 46, 115, 119, 105, 102, 116, 58, 55, 50, 53, 58, 49, 51, 58, 32, 101, 114, 114, 111, 114, 58, 32, 99, 97, 110, 110, 111, 116, 32, 102, 105, 110, 100, 32, 39, 115, 101, 108, 102, 39, 32, 105, 110, 32, 115, 99, 111, 112, 101, 59, 32, 100, 105, 100, 32, 121, 111, 117, 32, 109, 101, 97, 110, 32, 116, 111, 32, 117, 115, 101, 32, 105, 116, 32, 105, 110, 32, 97, 32, 116, 121, 112, 101, 32, 111, 114, 32, 101, 120, 116, 101, 110, 115, 105, 111, 110, 32, 99, 111, 110, 116, 101, 120, 116, 63, 92, 110, 32, 32, 32, 32, 32, 32, 32, 32, 32, 32, 32, 32, 115, 101, 108, 102, 46, 110, 111, 116, 105, 102, 105, 99, 97, 116, 105, 111, 110, 115, 46, 114, 101, 109, 111, 118, 101, 65, 108, 108, 32, 123, 32, 36, 48, 46, 105, 100, 32, 61, 61, 32, 110, 111, 116, 105, 102, 73, 100, 32, 125, 92, 110, 32, 32, 32, 32, 32, 32, 32, 32, 32, 32, 32, 32, 94, 126, 126, 126, 92, 110, 92, 47, 85, 115, 101, 114, 115, 92, 47, 114, 117, 110, 110, 101, 114, 92, 47, 119, 111, 114, 107, 92, 47, 105, 111, 115, 65, 112, 112, 92, 47, 105, 111, 115, 65, 112, 112, 92, 47, 105, 111, 115, 65, 112, 112, 92, 47, 86, 105, 101, 119, 77, 111, 100, 101, 108, 115, 92, 47, 65, 100, 109, 105, 110, 86, 105, 101, 119, 77, 111, 100, 101, 108, 46, 115, 119, 105, 102, 116, 58, 55, 50, 54, 58, 49, 51, 58, 32, 101, 114, 114, 111, 114, 58, 32, 99, 97, 110, 110, 111, 116, 32, 102, 105, 110, 100, 32, 39, 115, 101, 108, 102, 39, 32, 105, 110, 32, 115, 99, 111, 112, 101, 59, 32, 100, 105, 100, 32, 121, 111, 117, 32, 109, 101, 97, 110, 32, 116, 111, 32, 117, 115, 101, 32, 105, 116, 32, 105, 110, 32, 97, 32, 116, 121, 112, 101, 32, 111, 114, 32, 101, 120, 116, 101, 110, 115, 105, 111, 110, 32, 99, 111, 110, 116, 101, 120, 116, 63, 92, 110, 32, 32, 32, 32, 32, 32, 32, 32, 32, 32, 32, 32, 115, 101, 108, 102, 46, 115, 117, 99, 99, 101, 115, 115, 77, 101, 115, 115, 97, 103, 101, 32, 61, 32, 92, 34, 196, 144, 195, 163, 32, 120, 195, 179, 97, 32, 116, 104, 195, 180, 110, 103, 32, 98, 195, 161, 111, 92, 34, 92, 110, 92, 47, 85, 115, 101, 114, 115, 92, 47, 114, 117, 110, 110, 101, 114, 92, 47, 119, 111, 114, 107, 92, 47, 105, 111, 115, 65, 112, 112, 92, 47, 105, 111, 115, 65, 112, 112, 92, 47, 105, 111, 115, 65, 112, 112, 92, 47, 86, 105, 101, 119, 115, 92, 47, 83, 99, 114, 101, 101, 110, 115, 92, 47, 65, 100, 109, 105, 110, 92, 47, 65, 112, 112, 114, 111, 118, 101, 83, 116, 97, 102, 102, 86, 105, 101, 119, 46, 115, 119, 105, 102, 116, 58, 50, 52, 48, 58, 49, 55, 58, 32, 101, 114, 114, 111, 114, 58, 32, 115, 116, 97, 116, 105, 99, 32, 109, 101, 116, 104, 111, 100, 32, 39, 98, 117, 105, 108, 100, 69, 120, 112, 114, 101, 115, 115, 105, 111, 110, 39, 32, 114, 101, 113, 117, 105, 114, 101, 115, 32, 116, 104, 97, 116, 32, 39, 84, 111, 111, 108, 98, 97, 114, 73, 116, 101, 109, 60, 40, 41, 44, 32, 66, 117, 116, 116, 111, 110, 60, 84, 101, 120, 116, 62, 62, 39, 32, 99, 111, 110, 102, 111, 114, 109, 32, 116, 111, 32, 39, 86, 105, 101, 119, 39, 92, 110, 32, 32, 32, 32, 32, 32, 32, 32, 32, 32, 32, 32, 32, 32, 32, 32, 84, 111, 111, 108, 98, 97, 114, 73, 116, 101, 109, 40, 112, 108, 97, 99, 101, 109, 101, 110, 116, 58, 32, 46, 110, 97, 118, 105, 103, 97, 116, 105, 111, 110, 66, 97, 114, 76, 101, 97, 100, 105, 110, 103, 41, 32, 123, 92, 110, 32, 32, 32, 32, 32, 32, 32, 32, 32, 32, 32, 32, 32, 32, 32, 32, 94, 92, 110, 83, 119, 105, 102, 116, 85, 73, 46, 86, 105, 101, 119, 66, 117, 105, 108, 100, 101, 114, 58, 51, 58, 50, 52, 58, 32, 110, 111, 116, 101, 58, 32, 119, 104, 101, 114, 101, 32, 39, 67, 111, 110, 116, 101, 110, 116, 39, 32, 61, 32, 39, 84, 111, 111, 108, 98, 97, 114, 73, 116, 101, 109, 60, 40, 41, 44, 32, 66, 117, 116, 116, 111, 110, 60, 84, 101, 120, 116, 62, 62, 39, 92, 110, 32, 32, 32, 32, 112, 117, 98, 108, 105, 99, 32, 115, 116, 97, 116, 105, 99, 32, 102, 117, 110, 99, 32, 98, 117, 105, 108, 100, 69, 120, 112, 114, 101, 115, 115, 105, 111, 110, 60, 67, 111, 110, 116, 101, 110, 116, 62, 40, 95, 32, 99, 111, 110, 116, 101, 110, 116, 58, 32, 67, 111, 110, 116, 101, 110, 116, 41, 32, 45, 62, 32, 67, 111, 110, 116, 101, 110, 116, 32, 119, 104, 101, 114, 101, 32, 67, 111, 110, 116, 101, 110, 116, 32, 58, 32, 86, 105, 101, 119, 92, 110, 32, 32, 32, 32, 32, 32, 32, 32, 32, 32, 32, 32, 32, 32, 32, 32, 32, 32, 32, 32, 32, 32, 32, 94, 92, 110, 92, 47, 85, 115, 101, 114, 115, 92, 47, 114, 117, 110, 110, 101, 114, 92, 47, 119, 111, 114, 107, 92, 47, 105, 111, 115, 65, 112, 112, 92, 47, 105, 111, 115, 65, 112, 112, 92, 47, 105, 111, 115, 65, 112, 112, 92, 47, 86, 105, 101, 119, 115, 92, 47, 83, 99, 114, 101, 101, 110, 115, 92, 47, 65, 100, 109, 105, 110, 92, 47, 68, 101, 112, 97, 114, 116, 109, 101, 110, 116, 77, 97, 110, 97, 103, 101, 114, 86, 105, 101, 119, 46, 115, 119, 105, 102, 116, 58, 50, 52, 49, 58, 49, 55, 58, 32, 101, 114, 114, 111, 114, 58, 32, 115, 116, 97, 116, 105, 99, 32, 109, 101, 116, 104, 111, 100, 32, 39, 98, 117, 105, 108, 100, 69, 120, 112, 114, 101, 115, 115, 105, 111, 110, 39, 32, 114, 101, 113, 117, 105, 114, 101, 115, 32, 116, 104, 97, 116, 32, 39, 84, 111, 111, 108, 98, 97, 114, 73, 116, 101, 109, 60, 40, 41, 44, 32, 66, 117, 116, 116, 111, 110, 60, 84, 101, 120, 116, 62, 62, 39, 32, 99, 111, 110, 102, 111, 114, 109, 32, 116, 111, 32, 39, 86, 105, 101, 119, 39, 92, 110, 32, 32, 32, 32, 32, 32, 32, 32, 32, 32, 32, 32, 32, 32, 32, 32, 84, 111, 111, 108, 98, 97, 114, 73, 116, 101, 109, 40, 112, 108, 97, 99, 101, 109, 101, 110, 116, 58, 32, 46, 110, 97, 118, 105, 103, 97, 116, 105, 111, 110, 66, 97, 114, 76, 101, 97, 100, 105, 110, 103, 41, 32, 123, 92, 110, 32, 32, 32, 32, 32, 32, 32, 32, 32, 32, 32, 32, 32, 32, 32, 32, 94, 92, 110, 83, 119, 105, 102, 116, 85, 73, 46, 86, 105, 101, 119, 66, 117, 105, 108, 100, 101, 114, 58, 51, 58, 50, 52, 58, 32, 110, 111, 116, 101, 58, 32, 119, 104, 101, 114, 101, 32, 39, 67, 111, 110, 116, 101, 110, 116, 39, 32, 61, 32, 39, 84, 111, 111, 108, 98, 97, 114, 73, 116, 101, 109, 60, 40, 41, 44, 32, 66, 117, 116, 116, 111, 110, 60, 84, 101, 120, 116, 62, 62, 39, 92, 110, 32, 32, 32, 32, 112, 117, 98, 108, 105, 99, 32, 115, 116, 97, 116, 105, 99, 32, 102, 117, 110, 99, 32, 98, 117, 105, 108, 100, 69, 120, 112, 114, 101, 115, 115, 105, 111, 110, 60, 67, 111, 110, 116, 101, 110, 116, 62, 40, 95, 32, 99, 111, 110, 116, 101, 110, 116, 58, 32, 67, 111, 110, 116, 101, 110, 116, 41, 32, 45, 62, 32, 67, 111, 110, 116, 101, 110, 116, 32, 119, 104, 101, 114, 101, 32, 67, 111, 110, 116, 101, 110, 116, 32, 58, 32, 86, 105, 101, 119, 92, 110, 32, 32, 32, 32, 32, 32, 32, 32, 32, 32, 32, 32, 32, 32, 32, 32, 32, 32, 32, 32, 32, 32, 32, 94, 92, 110, 92, 47, 85, 115, 101, 114, 115, 92, 47, 114, 117, 110, 110, 101, 114, 92, 47, 119, 111, 114, 107, 92, 47, 105, 111, 115, 65, 112, 112, 92, 47, 105, 111, 115, 65, 112, 112, 92, 47, 105, 111, 115, 65, 112, 112, 92, 47, 86, 105, 101, 119, 115, 92, 47, 83, 99, 114, 101, 101, 110, 115, 92, 47, 65, 100, 109, 105, 110, 92, 47, 85, 110, 105, 116, 82, 101, 103, 105, 111, 110, 77, 97, 110, 97, 103, 101, 114, 86, 105, 101, 119, 46, 115, 119, 105, 102, 116, 58, 50, 51, 49, 58, 49, 55, 58, 32, 101, 114, 114, 111, 114, 58, 32, 115, 116, 97, 116, 105, 99, 32, 109, 101, 116, 104, 111, 100, 32, 39, 98, 117, 105, 108, 100, 69, 120, 112, 114, 101, 115, 115, 105, 111, 110, 39, 32, 114, 101, 113, 117, 105, 114, 101, 115, 32, 116, 104, 97, 116, 32, 39, 84, 111, 111, 108, 98, 97, 114, 73, 116, 101, 109, 60, 40, 41, 44, 32, 66, 117, 116, 116, 111, 110, 60, 84, 101, 120, 116, 62, 62, 39, 32, 99, 111, 110, 102, 111, 114, 109, 32, 116, 111, 32, 39, 86, 105, 101, 119, 39, 92, 110, 32, 32, 32, 32, 32, 32, 32, 32, 32, 32, 32, 32, 32, 32, 32, 32, 84, 111, 111, 108, 98, 97, 114, 73, 116, 101, 109, 40, 112, 108, 97, 99, 101, 109, 101, 110, 116, 58, 32, 46, 110, 97, 118, 105, 103, 97, 116, 105, 111, 110, 66, 97, 114, 76, 101, 97, 100, 105, 110, 103, 41, 32, 123, 92, 110, 32, 32, 32, 32, 32, 32, 32, 32, 32, 32, 32, 32, 32, 32, 32, 32, 94, 92, 110, 83, 119, 105, 102, 116, 85, 73, 46, 86, 105, 101, 119, 66, 117, 105, 108, 100, 101, 114, 58, 51, 58, 50, 52, 58, 32, 110, 111, 116, 101, 58, 32, 119, 104, 101, 114, 101, 32, 39, 67, 111, 110, 116, 101, 110, 116, 39, 32, 61, 32, 39, 84, 111, 111, 108, 98, 97, 114, 73, 116, 101, 109, 60, 40, 41, 44, 32, 66, 117, 116, 116, 111, 110, 60, 84, 101, 120, 116, 62, 62, 39, 92, 110, 32, 32, 32, 32, 112, 117, 98, 108, 105, 99, 32, 115, 116, 97, 116, 105, 99, 32, 102, 117, 110, 99, 32, 98, 117, 105, 108, 100, 69, 120, 112, 114, 101, 115, 115, 105, 111, 110, 60, 67, 111, 110, 116, 101, 110, 116, 62, 40, 95, 32, 99, 111, 110, 116, 101, 110, 116, 58, 32, 67, 111, 110, 116, 101, 110, 116, 41, 32, 45, 62, 32, 67, 111, 110, 116, 101, 110, 116, 32, 119, 104, 101, 114, 101, 32, 67, 111, 110, 116, 101, 110, 116, 32, 58, 32, 86, 105, 101, 119, 92, 110, 32, 32, 32, 32, 32, 32, 32, 32, 32, 32, 32, 32, 32, 32, 32, 32, 32, 32, 32, 32, 32, 32, 32, 94, 92, 110, 92, 47, 85, 115, 101, 114, 115, 92, 47, 114, 117, 110, 110, 101, 114, 92, 47, 119, 111, 114, 107, 92, 47, 105, 111, 115, 65, 112, 112, 92, 47, 105, 111, 115, 65, 112, 112, 92, 47, 105, 111, 115, 65, 112, 112, 92, 47, 86, 105, 101, 119, 115, 92, 47, 83, 99, 114, 101, 101, 110, 115, 92, 47, 68, 101, 118, 105, 99, 101, 115, 92, 47, 68, 101, 118, 105, 99, 101, 84, 121, 112, 101, 77, 97, 110, 97, 103, 101, 114, 86, 105, 101, 119, 46, 115, 119, 105, 102, 116, 58, 51, 48, 53, 58, 55, 56, 58, 32, 101, 114, 114, 111, 114, 58, 32, 101, 120, 116, 114, 97, 32, 97, 114, 103, 117, 109, 101, 110, 116, 32, 105, 110, 32, 99, 97, 108, 108, 92, 110, 32, 32, 32, 32, 32, 32, 32, 32, 32, 32, 32, 32, 32, 32, 32, 32, 32, 32, 32, 32, 32, 32, 32, 32, 32, 32, 32, 32, 32, 32, 32, 32, 108, 101, 116, 32, 110, 97, 109, 101, 32, 61, 32, 70, 105, 114, 101, 115, 116, 111, 114, 101, 72, 101, 108, 112, 101, 114, 46, 103, 101, 116, 83, 116, 114, 105, 110, 103, 40, 102, 105, 101, 108, 100, 115, 44, 32, 92, 34, 100, 105, 115, 112, 108, 97, 121, 78, 97, 109, 101, 92, 34, 41, 92, 110, 32, 32, 32, 32, 32, 32, 32, 32, 32, 32, 32, 32, 32, 32, 32, 32, 32, 32, 32, 32, 32, 32, 32, 32, 32, 32, 32, 32, 32, 32, 32, 32, 32, 32, 32, 32, 32, 32, 32, 32, 32, 32, 32, 32, 32, 32, 32, 32, 32, 32, 32, 32, 32, 32, 32, 32, 32, 32, 32, 32, 32, 32, 32, 32, 32, 32, 32, 32, 126, 126, 126, 126, 126, 126, 126, 126, 126, 94, 126, 126, 126, 126, 126, 126, 126, 126, 126, 126, 126, 126, 126, 92, 110, 92, 47, 85, 115, 101, 114, 115, 92, 47, 114, 117, 110, 110, 101, 114, 92, 47, 119, 111, 114, 107, 92, 47, 105, 111, 115, 65, 112, 112, 92, 47, 105, 111, 115, 65, 112, 112, 92, 47, 105, 111, 115, 65, 112, 112, 92, 47, 86, 105, 101, 119, 115, 92, 47, 83, 99, 114, 101, 101, 110, 115, 92, 47, 83, 117, 112, 112, 111, 114, 116, 92, 47, 83, 112, 101, 99, 105, 97, 108, 105, 115, 116, 84, 101, 97, 109, 77, 97, 110, 97, 103, 101, 114, 86, 105, 101, 119, 46, 115, 119, 105, 102, 116, 58, 50, 50, 54, 58, 49, 55, 58, 32, 101, 114, 114, 111, 114, 58, 32, 115, 116, 97, 116, 105, 99, 32, 109, 101, 116, 104, 111, 100, 32, 39, 98, 117, 105, 108, 100, 69, 120, 112, 114, 101, 115, 115, 105, 111, 110, 39, 32, 114, 101, 113, 117, 105, 114, 101, 115, 32, 116, 104, 97, 116, 32, 39, 84, 111, 111, 108, 98, 97, 114, 73, 116, 101, 109, 60, 40, 41, 44, 32, 66, 117, 116, 116, 111, 110, 60, 84, 101, 120, 116, 62, 62, 39, 32, 99, 111, 110, 102, 111, 114, 109, 32, 116, 111, 32, 39, 86, 105, 101, 119, 39, 92, 110, 32, 32, 32, 32, 32, 32, 32, 32, 32, 32, 32, 32, 32, 32, 32, 32, 84, 111, 111, 108, 98, 97, 114, 73, 116, 101, 109, 40, 112, 108, 97, 99, 101, 109, 101, 110, 116, 58, 32, 46, 110, 97, 118, 105, 103, 97, 116, 105, 111, 110, 66, 97, 114, 76, 101, 97, 100, 105, 110, 103, 41, 32, 123, 92, 110, 32, 32, 32, 32, 32, 32, 32, 32, 32, 32, 32, 32, 32, 32, 32, 32, 94, 92, 110, 83, 119, 105, 102, 116, 85, 73, 46, 86, 105, 101, 119, 66, 117, 105, 108, 100, 101, 114, 58, 51, 58, 50, 52, 58, 32, 110, 111, 116, 101, 58, 32, 119, 104, 101, 114, 101, 32, 39, 67, 111, 110, 116, 101, 110, 116, 39, 32, 61, 32, 39, 84, 111, 111, 108, 98, 97, 114, 73, 116, 101, 109, 60, 40, 41, 44, 32, 66, 117, 116, 116, 111, 110, 60, 84, 101, 120, 116, 62, 62, 39, 92, 110, 32, 32, 32, 32, 112, 117, 98, 108, 105, 99, 32, 115, 116, 97, 116, 105, 99, 32, 102, 117, 110, 99, 32, 98, 117, 105, 108, 100, 69, 120, 112, 114, 101, 115, 115, 105, 111, 110, 60, 67, 111, 110, 116, 101, 110, 116, 62, 40, 95, 32, 99, 111, 110, 116, 101, 110, 116, 58, 32, 67, 111, 110, 116, 101, 110, 116, 41, 32, 45, 62, 32, 67, 111, 110, 116, 101, 110, 116, 32, 119, 104, 101, 114, 101, 32, 67, 111, 110, 116, 101, 110, 116, 32, 58, 32, 86, 105, 101, 119, 92, 110, 32, 32, 32, 32, 32, 32, 32, 32, 32, 32, 32, 32, 32, 32, 32, 32, 32, 32, 32, 32, 32, 32, 32, 94, 92, 110, 92, 47, 85, 115, 101, 114, 115, 92, 47, 114, 117, 110, 110, 101, 114, 92, 47, 119, 111, 114, 107, 92, 47, 105, 111, 115, 65, 112, 112, 92, 47, 105, 111, 115, 65, 112, 112, 92, 47, 105, 111, 115, 65, 112, 112, 92, 47, 86, 105, 101, 119, 115, 92, 47, 83, 99, 114, 101, 101, 110, 115, 92, 47, 83, 117, 112, 112, 111, 114, 116, 92, 47, 83, 117, 112, 112, 111, 114, 116, 82, 97, 116, 105, 110, 103, 82, 101, 112, 111, 114, 116, 86, 105, 101, 119, 46, 115, 119, 105, 102, 116, 58, 50, 57, 57, 58, 50, 57, 58, 32, 101, 114, 114, 111, 114, 58, 32, 97, 114, 103, 117, 109, 101, 110, 116, 32, 39, 112, 114, 105, 111, 114, 105, 116, 121, 39, 32, 109, 117, 115, 116, 32, 112, 114, 101, 99, 101, 100, 101, 32, 97, 114, 103, 117, 109, 101, 110, 116, 32, 39, 99, 114, 101, 97, 116, 101, 100, 65, 116, 39, 92, 110, 32, 32, 32, 32, 32, 32, 32, 32, 32, 32, 32, 32, 32, 32, 32, 32, 32, 32, 32, 32, 32, 32, 32, 32, 32, 32, 32, 32, 112, 114, 105, 111, 114, 105, 116, 121, 58, 32, 70, 105, 114, 101, 115, 116, 111, 114, 101, 72, 101, 108, 112, 101, 114, 46, 103, 101, 116, 83, 116, 114, 105, 110, 103, 40, 102, 105, 101, 108, 100, 115, 91, 92, 34, 112, 114, 105, 111, 114, 105, 116, 121, 92, 34, 93, 32, 97, 115, 63, 32, 91, 83, 116, 114, 105, 110, 103, 58, 32, 65, 110, 121, 93, 41, 44, 92, 110, 126, 126, 126, 126, 126, 126, 126, 126, 126, 126, 126, 126, 126, 126, 126, 126, 126, 126, 126, 126, 126, 126, 126, 126, 126, 126, 126, 126, 94, 126, 126, 126, 126, 126, 126, 126, 126, 126, 126, 126, 126, 126, 126, 126, 126, 126, 126, 126, 126, 126, 126, 126, 126, 126, 126, 126, 126, 126, 126, 126, 126, 126, 126, 126, 126, 126, 126, 126, 126, 126, 126, 126, 126, 126, 126, 126, 126, 126, 126, 126, 126, 126, 126, 126, 126, 126, 126, 126, 126, 126, 126, 126, 126, 126, 126, 126, 126, 126, 126, 126, 126, 92, 110, 92, 47, 85, 115, 101, 114, 115, 92, 47, 114, 117, 110, 110, 101, 114, 92, 47, 119, 111, 114, 107, 92, 47, 105, 111, 115, 65, 112, 112, 92, 47, 105, 111, 115, 65, 112, 112, 92, 47, 105, 111, 115, 65, 112, 112, 92, 47, 86, 105, 101, 119, 115, 92, 47, 83, 99, 114, 101, 101, 110, 115, 92, 47, 83, 117, 112, 112, 111, 114, 116, 92, 47, 79, 110, 108, 105, 110, 101, 75, 116, 118, 77, 111, 110, 105, 116, 111, 114, 86, 105, 101, 119, 46, 115, 119, 105, 102, 116, 58, 51, 55, 52, 58, 50, 51, 58, 32, 101, 114, 114, 111, 114, 58, 32, 99, 97, 110, 110, 111, 116, 32, 102, 105, 110, 100, 32, 39, 87, 101, 98, 82, 116, 99, 67, 97, 108, 108, 77, 97, 110, 97, 103, 101, 114, 39, 32, 105, 110, 32, 115, 99, 111, 112, 101, 92, 110, 32, 32, 32, 32, 32, 32, 32, 32, 32, 32, 32, 32, 32, 32, 32, 32, 32, 32, 32, 32, 32, 32, 87, 101, 98, 82, 116, 99, 67, 97, 108, 108, 77, 97, 110, 97, 103, 101, 114, 46, 115, 104, 97, 114, 101, 100, 46, 115, 116, 97, 114, 116, 67, 97, 108, 108, 40, 116, 97, 114, 103, 101, 116, 69, 109, 97, 105, 108, 58, 32, 107, 116, 118, 46, 101, 109, 97, 105, 108, 44, 32, 116, 97, 114, 103, 101, 116, 78, 97, 109, 101, 58, 32, 107, 116, 118, 46, 110, 97, 109, 101, 44, 32, 99, 97, 108, 108, 101, 114, 78, 97, 109, 101, 58, 32, 115, 117, 112, 112, 111, 114, 116, 86, 77, 46, 117, 115, 101, 114, 46, 102, 117, 108, 108, 78, 97, 109, 101, 44, 32, 99, 97, 108, 108, 101, 114, 69, 109, 97, 105, 108, 58, 32, 115, 117, 112, 112, 111, 114, 116, 86, 77, 46, 117, 115, 101, 114, 46, 101, 109, 97, 105, 108, 41, 92, 110, 32, 32, 32, 32, 32, 32, 32, 32, 32, 32, 32, 32, 32, 32, 32, 32, 32, 32, 32, 32, 32, 32, 94, 126, 126, 126, 126, 126, 126, 126, 126, 126, 126, 126, 126, 126, 126, 126, 126, 92, 110, 92, 47, 85, 115, 101, 114, 115, 92, 47, 114, 117, 110, 110, 101, 114, 92, 47, 119, 111, 114, 107, 92, 47, 105, 111, 115, 65, 112, 112, 92, 47, 105, 111, 115, 65, 112, 112, 92, 47, 105, 111, 115, 65, 112, 112, 92, 47, 86, 105, 101, 119, 115, 92, 47, 83, 99, 114, 101, 101, 110, 115, 92, 47, 83, 117, 112, 112, 111, 114, 116, 92, 47, 79, 110, 108, 105, 110, 101, 75, 116, 118, 77, 111, 110, 105, 116, 111, 114, 86, 105, 101, 119, 46, 115, 119, 105, 102, 116, 58, 52, 52, 54, 58, 52, 51, 58, 32, 101, 114, 114, 111, 114, 58, 32, 99, 97, 110, 110, 111, 116, 32, 102, 105, 110, 100, 32, 39, 107, 116, 118, 39, 32, 105, 110, 32, 115, 99, 111, 112, 101, 92, 110, 32, 32, 32, 32, 32, 32, 32, 32, 105, 102, 32, 108, 101, 116, 32, 117, 114, 108, 32, 61, 32, 85, 82, 76, 40, 115, 116, 114, 105, 110, 103, 58, 32, 92, 34, 116, 101, 108, 58, 92, 47, 92, 47, 92, 92, 40, 107, 116, 118, 46, 112, 104, 111, 110, 101, 41, 92, 34, 41, 44, 32, 85, 73, 65, 112, 112, 108, 105, 99, 97, 116, 105, 111, 110, 46, 115, 104, 97, 114, 101, 100, 46, 99, 97, 110, 79, 112, 101, 110, 85, 82, 76, 40, 117, 114, 108, 41, 32, 123, 92, 110, 32, 32, 32, 32, 32, 32, 32, 32, 32, 32, 32, 32, 32, 32, 32, 32, 32, 32, 32, 32, 32, 32, 32, 32, 32, 32, 32, 32, 32, 32, 32, 32, 32, 32, 32, 32, 32, 32, 32, 32, 32, 32, 94, 126, 126, 92, 110, 92, 47, 85, 115, 101, 114, 115, 92, 47, 114, 117, 110, 110, 101, 114, 92, 47, 119, 111, 114, 107, 92, 47, 105, 111, 115, 65, 112, 112, 92, 47, 105, 111, 115, 65, 112, 112, 92, 47, 105, 111, 115, 65, 112, 112, 92, 47, 86, 105, 101, 119, 115, 92, 47, 83, 99, 114, 101, 101, 110, 115, 92, 47, 83, 117, 112, 112, 111, 114, 116, 92, 47, 79, 110, 108, 105, 110, 101, 75, 116, 118, 77, 111, 110, 105, 116, 111, 114, 86, 105, 101, 119, 46, 115, 119, 105, 102, 116, 58, 52, 53, 50, 58, 51, 57, 58, 32, 101, 114, 114, 111, 114, 58, 32, 99, 97, 110, 110, 111, 116, 32, 102, 105, 110, 100, 32, 39, 107, 116, 118, 39, 32, 105, 110, 32, 115, 99, 111, 112, 101, 92, 110, 32, 32, 32, 32, 32, 32, 32, 32, 108, 101, 116, 32, 117, 114, 108, 83, 116, 114, 32, 61, 32, 92, 34, 109, 97, 112, 115, 58, 92, 47, 92, 47, 63, 100, 97, 100, 100, 114, 61, 92, 92, 40, 107, 116, 118, 46, 108, 97, 116, 105, 116, 117, 100, 101, 41, 44, 92, 92, 40, 107, 116, 118, 46, 108, 111, 110, 103, 105, 116, 117, 100, 101, 41, 92, 34, 92, 110, 32, 32, 32, 32, 32, 32, 32, 32, 32, 32, 32, 32, 32, 32, 32, 32, 32, 32, 32, 32, 32, 32, 32, 32, 32, 32, 32, 32, 32, 32, 32, 32, 32, 32, 32, 32, 32, 32, 94, 126, 126, 92, 110, 92, 47, 85, 115, 101, 114, 115, 92, 47, 114, 117, 110, 110, 101, 114, 92, 47, 119, 111, 114, 107, 92, 47, 105, 111, 115, 65, 112, 112, 92, 47, 105, 111, 115, 65, 112, 112, 92, 47, 105, 111, 115, 65, 112, 112, 92, 47, 86, 105, 101, 119, 115, 92, 47, 83, 99, 114, 101, 101, 110, 115, 92, 47, 83, 117, 112, 112, 111, 114, 116, 92, 47, 79, 110, 108, 105, 110, 101, 75, 116, 118, 77, 111, 110, 105, 116, 111, 114, 86, 105, 101, 119, 46, 115, 119, 105, 102, 116, 58, 52, 53, 50, 58, 53, 53, 58, 32, 101, 114, 114, 111, 114, 58, 32, 99, 97, 110, 110, 111, 116, 32, 102, 105, 110, 100, 32, 39, 107, 116, 118, 39, 32, 105, 110, 32, 115, 99, 111, 112, 101, 92, 110, 32, 32, 32, 32, 32, 32, 32, 32, 108, 101, 116, 32, 117, 114, 108, 83, 116, 114, 32, 61, 32, 92, 34, 109, 97, 112, 115, 58, 92, 47, 92, 47, 63, 100, 97, 100, 100, 114, 61, 92, 92, 40, 107, 116, 118, 46, 108, 97, 116, 105, 116, 117, 100, 101, 41, 44, 92, 92, 40, 107, 116, 118, 46, 108, 111, 110, 103, 105, 116, 117, 100, 101, 41, 92, 34, 92, 110, 32, 32, 32, 32, 32, 32, 32, 32, 32, 32, 32, 32, 32, 32, 32, 32, 32, 32, 32, 32, 32, 32, 32, 32, 32, 32, 32, 32, 32, 32, 32, 32, 32, 32, 32, 32, 32, 32, 32, 32, 32, 32, 32, 32, 32, 32, 32, 32, 32, 32, 32, 32, 32, 32, 94, 126, 126, 92, 110, 92, 47, 85, 115, 101, 114, 115, 92, 47, 114, 117, 110, 110, 101, 114, 92, 47, 119, 111, 114, 107, 92, 47, 105, 111, 115, 65, 112, 112, 92, 47, 105, 111, 115, 65, 112, 112, 92, 47, 105, 111, 115, 65, 112, 112, 92, 47, 86, 105, 101, 119, 115, 92, 47, 83, 99, 114, 101, 101, 110, 115, 92, 47, 83, 117, 112, 112, 111, 114, 116, 92, 47, 83, 116, 97, 102, 102, 83, 117, 112, 112, 111, 114, 116, 86, 105, 101, 119, 46, 115, 119, 105, 102, 116, 58, 49, 54, 48, 58, 53, 48, 58, 32, 119, 97, 114, 110, 105, 110, 103, 58, 32, 108, 101, 102, 116, 32, 115, 105, 100, 101, 32, 111, 102, 32, 110, 105, 108, 32, 99, 111, 97, 108, 101, 115, 99, 105, 110, 103, 32, 111, 112, 101, 114, 97, 116, 111, 114, 32, 39, 63, 63, 39, 32, 104, 97, 115, 32, 110, 111, 110, 45, 111, 112, 116, 105, 111, 110, 97, 108, 32, 116, 121, 112, 101, 32, 39, 83, 116, 114, 105, 110, 103, 39, 44, 32, 115, 111, 32, 116, 104, 101, 32, 114, 105, 103, 104, 116, 32, 115, 105, 100, 101, 32, 105, 115, 32, 110, 101, 118, 101, 114, 32, 117, 115, 101, 100, 92, 110, 32, 32, 32, 32, 32, 32, 32, 32, 108, 101, 116, 32, 116, 111, 107, 101, 110, 32, 61, 32, 97, 117, 116, 104, 86, 105, 101, 119, 77, 111, 100, 101, 108, 46, 99, 117, 114, 114, 101, 110, 116, 73, 100, 84, 111, 107, 101, 110, 32, 63, 63, 32, 92, 34, 92, 34, 92, 110, 32, 32, 32, 32, 32, 32, 32, 32, 32, 32, 32, 32, 32, 32, 32, 32, 32, 32, 32, 32, 126, 126, 126, 126, 126, 126, 126, 126, 126, 126, 126, 126, 126, 126, 126, 126, 126, 126, 126, 126, 126, 126, 126, 126, 126, 126, 126, 126, 126, 94, 126, 126, 126, 126, 92, 110, 32, 32, 32, 32, 32, 32, 32, 32, 32, 32, 32, 32, 32, 32, 32, 32, 32, 32, 32, 32, 32, 32, 32, 32, 32, 32, 32, 32, 32, 32, 32, 32, 32, 32, 32, 32, 32, 32, 32, 32, 32, 32, 32, 32, 32, 32, 32, 32, 92, 110, 92, 47, 85, 115, 101, 114, 115, 92, 47, 114, 117, 110, 110, 101, 114, 92, 47, 119, 111, 114, 107, 92, 47, 105, 111, 115, 65, 112, 112, 92, 47, 105, 111, 115, 65, 112, 112, 92, 47, 105, 111, 115, 65, 112, 112, 92, 47, 86, 105, 101, 119, 115, 92, 47, 83, 99, 114, 101, 101, 110, 115, 92, 47, 83, 117, 112, 112, 111, 114, 116, 92, 47, 83, 116, 97, 102, 102, 83, 117, 112, 112, 111, 114, 116, 86, 105, 101, 119, 46, 115, 119, 105, 102, 116, 58, 49, 56, 48, 58, 55, 51, 58, 32, 101, 114, 114, 111, 114, 58, 32, 101, 120, 116, 114, 97, 32, 97, 114, 103, 117, 109, 101, 110, 116, 32, 105, 110, 32, 99, 97, 108, 108, 92, 110, 32, 32, 32, 32, 32, 32, 32, 32, 32, 32, 32, 32, 32, 32, 32, 32, 32, 32, 32, 32, 32, 32, 32, 32, 32, 32, 32, 32, 108, 101, 116, 32, 99, 73, 100, 32, 61, 32, 70, 105, 114, 101, 115, 116, 111, 114, 101, 72, 101, 108, 112, 101, 114, 46, 103, 101, 116, 83, 116, 114, 105, 110, 103, 40, 102, 105, 101, 108, 100, 115, 44, 32, 92, 34, 99, 114, 101, 97, 116, 111, 114, 73, 100, 92, 34, 41, 92, 110, 32, 32, 32, 32, 32, 32, 32, 32, 32, 32, 32, 32, 32, 32, 32, 32, 32, 32, 32, 32, 32, 32, 32, 32, 32, 32, 32, 32, 32, 32, 32, 32, 32, 32, 32, 32, 32, 32, 32, 32, 32, 32, 32, 32, 32, 32, 32, 32, 32, 32, 32, 32, 32, 32, 32, 32, 32, 32, 32, 32, 32, 32, 32, 126, 126, 126, 126, 126, 126, 126, 126, 126, 94, 126, 126, 126, 126, 126, 126, 126, 126, 126, 126, 126, 92, 110, 92, 47, 85, 115, 101, 114, 115, 92, 47, 114, 117, 110, 110, 101, 114, 92, 47, 119, 111, 114, 107, 92, 47, 105, 111, 115, 65, 112, 112, 92, 47, 105, 111, 115, 65, 112, 112, 92, 47, 105, 111, 115, 65, 112, 112, 92, 47, 86, 105, 101, 119, 115, 92, 47, 83, 99, 114, 101, 101, 110, 115, 92, 47, 83, 117, 112, 112, 111, 114, 116, 92, 47, 83, 116, 97, 102, 102, 83, 117, 112, 112, 111, 114, 116, 86, 105, 101, 119, 46, 115, 119, 105, 102, 116, 58, 49, 56, 54, 58, 55, 56, 58, 32, 101, 114, 114, 111, 114, 58, 32, 101, 120, 116, 114, 97, 32, 97, 114, 103, 117, 109, 101, 110, 116, 32, 105, 110, 32, 99, 97, 108, 108, 92, 110, 32, 32, 32, 32, 32, 32, 32, 32, 32, 32, 32, 32, 32, 32, 32, 32, 32, 32, 32, 32, 32, 32, 32, 32, 32, 32, 32, 32, 32, 32, 32, 32, 32, 32, 32, 32, 116, 105, 116, 108, 101, 58, 32, 70, 105, 114, 101, 115, 116, 111, 114, 101, 72, 101, 108, 112, 101, 114, 46, 103, 101, 116, 83, 116, 114, 105, 110, 103, 40, 102, 105, 101, 108, 100, 115, 44, 32, 92, 34, 116, 105, 116, 108, 101, 92, 34, 41, 44, 92, 110, 32, 32, 32, 32, 32, 32, 32, 32, 32, 32, 32, 32, 32, 32, 32, 32, 32, 32, 32, 32, 32, 32, 32, 32, 32, 32, 32, 32, 32, 32, 32, 32, 32, 32, 32, 32, 32, 32, 32, 32, 32, 32, 32, 32, 32, 32, 32, 32, 32, 32, 32, 32, 32, 32, 32, 32, 32, 32, 32, 32, 32, 32, 32, 32, 32, 32, 32, 32, 126, 126, 126, 126, 126, 126, 126, 126, 126, 94, 126, 126, 126, 126, 126, 126, 126, 92, 110, 92, 47, 85, 115, 101, 114, 115, 92, 47, 114, 117, 110, 110, 101, 114, 92, 47, 119, 111, 114, 107, 92, 47, 105, 111, 115, 65, 112, 112, 92, 47, 105, 111, 115, 65, 112, 112, 92, 47, 105, 111, 115, 65, 112, 112, 92, 47, 86, 105, 101, 119, 115, 92, 47, 83, 99, 114, 101, 101, 110, 115, 92, 47, 83, 117, 112, 112, 111, 114, 116, 92, 47, 83, 116, 97, 102, 102, 83, 117, 112, 112, 111, 114, 116, 86, 105, 101, 119, 46, 115, 119, 105, 102, 116, 58, 49, 56, 55, 58, 56, 52, 58, 32, 101, 114, 114, 111, 114, 58, 32, 101, 120, 116, 114, 97, 32, 97, 114, 103, 117, 109, 101, 110, 116, 32, 105, 110, 32, 99, 97, 108, 108, 92, 110, 32, 32, 32, 32, 32, 32, 32, 32, 32, 32, 32, 32, 32, 32, 32, 32, 32, 32, 32, 32, 32, 32, 32, 32, 32, 32, 32, 32, 32, 32, 32, 32, 32, 32, 32, 32, 100, 101, 115, 99, 114, 105, 112, 116, 105, 111, 110, 58, 32, 70, 105, 114, 101, 115, 116, 111, 114, 101, 72, 101, 108, 112, 101, 114, 46, 103, 101, 116, 83, 116, 114, 105, 110, 103, 40, 102, 105, 101, 108, 100, 115, 44, 32, 92, 34, 100, 101, 115, 99, 114, 105, 112, 116, 105, 111, 110, 92, 34, 41, 44, 92, 110, 32, 32, 32, 32, 32, 32, 32, 32, 32, 32, 32, 32, 32, 32, 32, 32, 32, 32, 32, 32, 32, 32, 32, 32, 32, 32, 32, 32, 32, 32, 32, 32, 32, 32, 32, 32, 32, 32, 32, 32, 32, 32, 32, 32, 32, 32, 32, 32, 32, 32, 32, 32, 32, 32, 32, 32, 32, 32, 32, 32, 32, 32, 32, 32, 32, 32, 32, 32, 32, 32, 32, 32, 32, 32, 126, 126, 126, 126, 126, 126, 126, 126, 126, 94, 126, 126, 126, 126, 126, 126, 126, 126, 126, 126, 126, 126, 126, 92, 110, 92, 47, 85, 115, 101, 114, 115, 92, 47, 114, 117, 110, 110, 101, 114, 92, 47, 119, 111, 114, 107, 92, 47, 105, 111, 115, 65, 112, 112, 92, 47, 105, 111, 115, 65, 112, 112, 92, 47, 105, 111, 115, 65, 112, 112, 92, 47, 86, 105, 101, 119, 115, 92, 47, 83, 99, 114, 101, 101, 110, 115, 92, 47, 83, 117, 112, 112, 111, 114, 116, 92, 47, 83, 116, 97, 102, 102, 83, 117, 112, 112, 111, 114, 116, 86, 105, 101, 119, 46, 115, 119, 105, 102, 116, 58, 49, 56, 56, 58, 55, 57, 58, 32, 101, 114, 114, 111, 114, 58, 32, 101, 120, 116, 114, 97, 32, 97, 114, 103, 117, 109, 101, 110, 116, 32, 105, 110, 32, 99, 97, 108, 108, 92, 110, 32, 32, 32, 32, 32, 32, 32, 32, 32, 32, 32, 32, 32, 32, 32, 32, 32, 32, 32, 32, 32, 32, 32, 32, 32, 32, 32, 32, 32, 32, 32, 32, 32, 32, 32, 32, 115, 116, 97, 116, 117, 115, 58, 32, 70, 105, 114, 101, 115, 116, 111, 114, 101, 72, 101, 108, 112, 101, 114, 46, 103, 101, 116, 83, 116, 114, 105, 110, 103, 40, 102, 105, 101, 108, 100, 115, 44, 32, 92, 34, 115, 116, 97, 116, 117, 115, 92, 34, 41, 44, 92, 110, 32, 32, 32, 32, 32, 32, 32, 32, 32, 32, 32, 32, 32, 32, 32, 32, 32, 32, 32, 32, 32, 32, 32, 32, 32, 32, 32, 32, 32, 32, 32, 32, 32, 32, 32, 32, 32, 32, 32, 32, 32, 32, 32, 32, 32, 32, 32, 32, 32, 32, 32, 32, 32, 32, 32, 32, 32, 32, 32, 32, 32, 32, 32, 32, 32, 32, 32, 32, 32, 126, 126, 126, 126, 126, 126, 126, 126, 126, 94, 126, 126, 126, 126, 126, 126, 126, 126, 92, 110, 92, 47, 85, 115, 101, 114, 115, 92, 47, 114, 117, 110, 110, 101, 114, 92, 47, 119, 111, 114, 107, 92, 47, 105, 111, 115, 65, 112, 112, 92, 47, 105, 111, 115, 65, 112, 112, 92, 47, 105, 111, 115, 65, 112, 112, 92, 47, 86, 105, 101, 119, 115, 92, 47, 83, 99, 114, 101, 101, 110, 115, 92, 47, 83, 117, 112, 112, 111, 114, 116, 92, 47, 83, 116, 97, 102, 102, 83, 117, 112, 112, 111, 114, 116, 86, 105, 101, 119, 46, 115, 119, 105, 102, 116, 58, 49, 56, 57, 58, 56, 49, 58, 32, 101, 114, 114, 111, 114, 58, 32, 101, 120, 116, 114, 97, 32, 97, 114, 103, 117, 109, 101, 110, 116, 32, 105, 110, 32, 99, 97, 108, 108, 92, 110, 32, 32, 32, 32, 32, 32, 32, 32, 32, 32, 32, 32, 32, 32, 32, 32, 32, 32, 32, 32, 32, 32, 32, 32, 32, 32, 32, 32, 32, 32, 32, 32, 32, 32, 32, 32, 112, 114, 105, 111, 114, 105, 116, 121, 58, 32, 70, 105, 114, 101, 115, 116, 111, 114, 101, 72, 101, 108, 112, 101, 114, 46, 103, 101, 116, 83, 116, 114, 105, 110, 103, 40, 102, 105, 101, 108, 100, 115, 44, 32, 92, 34, 112, 114, 105, 111, 114, 105, 116, 121, 92, 34, 41, 44, 92, 110, 32, 32, 32, 32, 32, 32, 32, 32, 32, 32, 32, 32, 32, 32, 32, 32, 32, 32, 32, 32, 32, 32, 32, 32, 32, 32, 32, 32, 32, 32, 32, 32, 32, 32, 32, 32, 32, 32, 32, 32, 32, 32, 32, 32, 32, 32, 32, 32, 32, 32, 32, 32, 32, 32, 32, 32, 32, 32, 32, 32, 32, 32, 32, 32, 32, 32, 32, 32, 32, 32, 32, 126, 126, 126, 126, 126, 126, 126, 126, 126, 94, 126, 126, 126, 126, 126, 126, 126, 126, 126, 126, 92, 110, 92, 47, 85, 115, 101, 114, 115, 92, 47, 114, 117, 110, 110, 101, 114, 92, 47, 119, 111, 114, 107, 92, 47, 105, 111, 115, 65, 112, 112, 92, 47, 105, 111, 115, 65, 112, 112, 92, 47, 105, 111, 115, 65, 112, 112, 92, 47, 86, 105, 101, 119, 115, 92, 47, 83, 99, 114, 101, 101, 110, 115, 92, 47, 83, 117, 112, 112, 111, 114, 116, 92, 47, 83, 116, 97, 102, 102, 83, 117, 112, 112, 111, 114, 116, 86, 105, 101, 119, 46, 115, 119, 105, 102, 116, 58, 49, 57, 48, 58, 56, 49, 58, 32, 101, 114, 114, 111, 114, 58, 32, 101, 120, 116, 114, 97, 32, 97, 114, 103, 117, 109, 101, 110, 116, 32, 105, 110, 32, 99, 97, 108, 108, 92, 110, 32, 32, 32, 32, 32, 32, 32, 32, 32, 32, 32, 32, 32, 32, 32, 32, 32, 32, 32, 32, 32, 32, 32, 32, 32, 32, 32, 32, 32, 32, 32, 32, 32, 32, 32, 32, 99, 97, 116, 101, 103, 111, 114, 121, 58, 32, 70, 105, 114, 101, 115, 116, 111, 114, 101, 72, 101, 108, 112, 101, 114, 46, 103, 101, 116, 83, 116, 114, 105, 110, 103, 40, 102, 105, 101, 108, 100, 115, 44, 32, 92, 34, 99, 97, 116, 101, 103, 111, 114, 121, 92, 34, 41, 44, 92, 110, 32, 32, 32, 32, 32, 32, 32, 32, 32, 32, 32, 32, 32, 32, 32, 32, 32, 32, 32, 32, 32, 32, 32, 32, 32, 32, 32, 32, 32, 32, 32, 32, 32, 32, 32, 32, 32, 32, 32, 32, 32, 32, 32, 32, 32, 32, 32, 32, 32, 32, 32, 32, 32, 32, 32, 32, 32, 32, 32, 32, 32, 32, 32, 32, 32, 32, 32, 32, 32, 32, 32, 126, 126, 126, 126, 126, 126, 126, 126, 126, 94, 126, 126, 126, 126, 126, 126, 126, 126, 126, 126, 92, 110, 92, 47, 85, 115, 101, 114, 115, 92, 47, 114, 117, 110, 110, 101, 114, 92, 47, 119, 111, 114, 107, 92, 47, 105, 111, 115, 65, 112, 112, 92, 47, 105, 111, 115, 65, 112, 112, 92, 47, 105, 111, 115, 65, 112, 112, 92, 47, 86, 105, 101, 119, 115, 92, 47, 83, 99, 114, 101, 101, 110, 115, 92, 47, 83, 117, 112, 112, 111, 114, 116, 92, 47, 83, 116, 97, 102, 102, 83, 117, 112, 112, 111, 114, 116, 86, 105, 101, 119, 46, 115, 119, 105, 102, 116, 58, 49, 57, 50, 58, 56, 49, 58, 32, 101, 114, 114, 111, 114, 58, 32, 101, 120, 116, 114, 97, 32, 97, 114, 103, 117, 109, 101, 110, 116, 32, 105, 110, 32, 99, 97, 108, 108, 92, 110, 32, 32, 32, 32, 32, 32, 32, 32, 32, 32, 32, 32, 32, 32, 32, 32, 32, 32, 32, 32, 32, 32, 32, 32, 32, 32, 32, 32, 32, 32, 32, 32, 32, 32, 32, 32, 99, 114, 101, 97, 116, 101, 100, 65, 116, 58, 32, 70, 105, 114, 101, 115, 116, 111, 114, 101, 72, 101, 108, 112, 101, 114, 46, 103, 101, 116, 73, 110, 116, 54, 52, 40, 102, 105, 101, 108, 100, 115, 44, 32, 92, 34, 99, 114, 101, 97, 116, 101, 100, 65, 116, 92, 34, 41, 92, 110, 32, 32, 32, 32, 32, 32, 32, 32, 32, 32, 32, 32, 32, 32, 32, 32, 32, 32, 32, 32, 32, 32, 32, 32, 32, 32, 32, 32, 32, 32, 32, 32, 32, 32, 32, 32, 32, 32, 32, 32, 32, 32, 32, 32, 32, 32, 32, 32, 32, 32, 32, 32, 32, 32, 32, 32, 32, 32, 32, 32, 32, 32, 32, 32, 32, 32, 32, 32, 32, 32, 32, 126, 126, 126, 126, 126, 126, 126, 126, 126, 94, 126, 126, 126, 126, 126, 126, 126, 126, 126, 126, 126, 92, 110, 92, 47, 85, 115, 101, 114, 115, 92, 47, 114, 117, 110, 110, 101, 114, 92, 47, 119, 111, 114, 107, 92, 47, 105, 111, 115, 65, 112, 112, 92, 47, 105, 111, 115, 65, 112, 112, 92, 47, 105, 111, 115, 65, 112, 112, 92, 47, 86, 105, 101, 119, 115, 92, 47, 83, 99, 114, 101, 101, 110, 115, 92, 47, 83, 117, 112, 112, 111, 114, 116, 92, 47, 83, 116, 97, 102, 102, 83, 117, 112, 112, 111, 114, 116, 86, 105, 101, 119, 46, 115, 119, 105, 102, 116, 58, 50, 57, 56, 58, 53, 48, 58, 32, 119, 97, 114, 110, 105, 110, 103, 58, 32, 108, 101, 102, 116, 32, 115, 105, 100, 101, 32, 111, 102, 32, 110, 105, 108, 32, 99, 111, 97, 108, 101, 115, 99, 105, 110, 103, 32, 111, 112, 101, 114, 97, 116, 111, 114, 32, 39, 63, 63, 39, 32, 104, 97, 115, 32, 110, 111, 110, 45, 111, 112, 116, 105, 111, 110, 97, 108, 32, 116, 121, 112, 101, 32, 39, 83, 116, 114, 105, 110, 103, 39, 44, 32, 115, 111, 32, 116, 104, 101, 32, 114, 105, 103, 104, 116, 32, 115, 105, 100, 101, 32, 105, 115, 32, 110, 101, 118, 101, 114, 32, 117, 115, 101, 100, 92, 110, 32, 32, 32, 32, 32, 32, 32, 32, 108, 101, 116, 32, 116, 111, 107, 101, 110, 32, 61, 32, 97, 117, 116, 104, 86, 105, 101, 119, 77, 111, 100, 101, 108, 46, 99, 117, 114, 114, 101, 110, 116, 73, 100, 84, 111, 107, 101, 110, 32, 63, 63, 32, 92, 34, 92, 34, 92, 110, 32, 32, 32, 32, 32, 32, 32, 32, 32, 32, 32, 32, 32, 32, 32, 32, 32, 32, 32, 32, 126, 126, 126, 126, 126, 126, 126, 126, 126, 126, 126, 126, 126, 126, 126, 126, 126, 126, 126, 126, 126, 126, 126, 126, 126, 126, 126, 126, 126, 94, 126, 126, 126, 126, 92, 110, 32, 32, 32, 32, 32, 32, 32, 32, 32, 32, 32, 32, 32, 32, 32, 32, 32, 32, 32, 32, 32, 32, 32, 32, 32, 32, 32, 32, 32, 32, 32, 32, 32, 32, 32, 32, 32, 32, 32, 32, 32, 32, 32, 32, 32, 32, 32, 32, 92, 110, 92, 47, 85, 115, 101, 114, 115, 92, 47, 114, 117, 110, 110, 101, 114, 92, 47, 119, 111, 114, 107, 92, 47, 105, 111, 115, 65, 112, 112, 92, 47, 105, 111, 115, 65, 112, 112, 92, 47, 105, 111, 115, 65, 112, 112, 92, 47, 86, 105, 101, 119, 115, 92, 47, 83, 99, 114, 101, 101, 110, 115, 92, 47, 83, 117, 112, 112, 111, 114, 116, 92, 47, 83, 116, 97, 102, 102, 83, 117, 112, 112, 111, 114, 116, 86, 105, 101, 119, 46, 115, 119, 105, 102, 116, 58, 51, 48, 48, 58, 53, 49, 58, 32, 101, 114, 114, 111, 114, 58, 32, 118, 97, 108, 117, 101, 32, 111, 102, 32, 116, 121, 112, 101, 32, 39, 85, 115, 101, 114, 39, 32, 104, 97, 115, 32, 110, 111, 32, 109, 101, 109, 98, 101, 114, 32, 39, 110, 97, 109, 101, 39, 92, 110, 32, 32, 32, 32, 32, 32, 32, 32, 108, 101, 116, 32, 117, 115, 101, 114, 78, 97, 109, 101, 32, 61, 32, 97, 117, 116, 104, 86, 105, 101, 119, 77, 111, 100, 101, 108, 46, 99, 117, 114, 114, 101, 110, 116, 85, 115, 101, 114, 63, 46, 110, 97, 109, 101, 32, 63, 63, 32, 92, 34, 92, 34, 92, 110, 32, 32, 32, 32, 32, 32, 32, 32, 32, 32, 32, 32, 32, 32, 32, 32, 32, 32, 32, 32, 32, 32, 32, 126, 126, 126, 126, 126, 126, 126, 126, 126, 126, 126, 126, 126, 126, 126, 126, 126, 126, 126, 126, 126, 126, 126, 126, 126, 126, 32, 94, 126, 126, 126, 92, 110, 92, 47, 85, 115, 101, 114, 115, 92, 47, 114, 117, 110, 110, 101, 114, 92, 47, 119, 111, 114, 107, 92, 47, 105, 111, 115, 65, 112, 112, 92, 47, 105, 111, 115, 65, 112, 112, 92, 47, 105, 111, 115, 65, 112, 112, 92, 47, 86, 105, 101, 119, 115, 92, 47, 83, 99, 114, 101, 101, 110, 115, 92, 47, 65, 117, 116, 104, 92, 47, 80, 101, 110, 100, 105, 110, 103, 65, 112, 112, 114, 111, 118, 97, 108, 86, 105, 101, 119, 46, 115, 119, 105, 102, 116, 58, 49, 50, 56, 58, 53, 48, 58, 32, 119, 97, 114, 110, 105, 110, 103, 58, 32, 108, 101, 102, 116, 32, 115, 105, 100, 101, 32, 111, 102, 32, 110, 105, 108, 32, 99, 111, 97, 108, 101, 115, 99, 105, 110, 103, 32, 111, 112, 101, 114, 97, 116, 111, 114, 32, 39, 63, 63, 39, 32, 104, 97, 115, 32, 110, 111, 110, 45, 111, 112, 116, 105, 111, 110, 97, 108, 32, 116, 121, 112, 101, 32, 39, 83, 116, 114, 105, 110, 103, 39, 44, 32, 115, 111, 32, 116, 104, 101, 32, 114, 105, 103, 104, 116, 32, 115, 105, 100, 101, 32, 105, 115, 32, 110, 101, 118, 101, 114, 32, 117, 115, 101, 100, 92, 110, 32, 32, 32, 32, 32, 32, 32, 32, 108, 101, 116, 32, 116, 111, 107, 101, 110, 32, 61, 32, 97, 117, 116, 104, 86, 105, 101, 119, 77, 111, 100, 101, 108, 46, 99, 117, 114, 114, 101, 110, 116, 73, 100, 84, 111, 107, 101, 110, 32, 63, 63, 32, 92, 34, 92, 34, 92, 110, 32, 32, 32, 32, 32, 32, 32, 32, 32, 32, 32, 32, 32, 32, 32, 32, 32, 32, 32, 32, 126, 126, 126, 126, 126, 126, 126, 126, 126, 126, 126, 126, 126, 126, 126, 126, 126, 126, 126, 126, 126, 126, 126, 126, 126, 126, 126, 126, 126, 94, 126, 126, 126, 126, 92, 110, 32, 32, 32, 32, 32, 32, 32, 32, 32, 32, 32, 32, 32, 32, 32, 32, 32, 32, 32, 32, 32, 32, 32, 32, 32, 32, 32, 32, 32, 32, 32, 32, 32, 32, 32, 32, 32, 32, 32, 32, 32, 32, 32, 32, 32, 32, 32, 32, 92, 110, 92, 47, 85, 115, 101, 114, 115, 92, 47, 114, 117, 110, 110, 101, 114, 92, 47, 119, 111, 114, 107, 92, 47, 105, 111, 115, 65, 112, 112, 92, 47, 105, 111, 115, 65, 112, 112, 92, 47, 105, 111, 115, 65, 112, 112, 92, 47, 86, 105, 101, 119, 115, 92, 47, 83, 99, 114, 101, 101, 110, 115, 92, 47, 65, 117, 116, 104, 92, 47, 80, 101, 110, 100, 105, 110, 103, 65, 112, 112, 114, 111, 118, 97, 108, 86, 105, 101, 119, 46, 115, 119, 105, 102, 116, 58, 49, 52, 57, 58, 55, 56, 58, 32, 101, 114, 114, 111, 114, 58, 32, 101, 120, 116, 114, 97, 32, 97, 114, 103, 117, 109, 101, 110, 116, 32, 105, 110, 32, 99, 97, 108, 108, 92, 110, 32, 32, 32, 32, 32, 32, 32, 32, 32, 32, 32, 32, 32, 32, 32, 32, 32, 32, 32, 32, 32, 32, 32, 32, 32, 32, 32, 32, 108, 101, 116, 32, 105, 115, 65, 112, 112, 114, 111, 118, 101, 100, 32, 61, 32, 70, 105, 114, 101, 115, 116, 111, 114, 101, 72, 101, 108, 112, 101, 114, 46, 103, 101, 116, 66, 111, 111, 108, 40, 102, 105, 101, 108, 100, 115, 44, 32, 92, 34, 105, 115, 65, 112, 112, 114, 111, 118, 101, 100, 92, 34, 41, 92, 110, 32, 32, 32, 32, 32, 32, 32, 32, 32, 32, 32, 32, 32, 32, 32, 32, 32, 32, 32, 32, 32, 32, 32, 32, 32, 32, 32, 32, 32, 32, 32, 32, 32, 32, 32, 32, 32, 32, 32, 32, 32, 32, 32, 32, 32, 32, 32, 32, 32, 32, 32, 32, 32, 32, 32, 32, 32, 32, 32, 32, 32, 32, 32, 32, 32, 32, 32, 32, 126, 126, 126, 126, 126, 126, 126, 126, 126, 94, 126, 126, 126, 126, 126, 126, 126, 126, 126, 126, 126, 126, 92, 110, 92, 47, 85, 115, 101, 114, 115, 92, 47, 114, 117, 110, 110, 101, 114, 92, 47, 119, 111, 114, 107, 92, 47, 105, 111, 115, 65, 112, 112, 92, 47, 105, 111, 115, 65, 112, 112, 92, 47, 105, 111, 115, 65, 112, 112, 92, 47, 86, 105, 101, 119, 115, 92, 47, 83, 99, 114, 101, 101, 110, 115, 92, 47, 65, 116, 116, 101, 110, 100, 97, 110, 99, 101, 92, 47, 65, 116, 116, 101, 110, 100, 97, 110, 99, 101, 72, 105, 115, 116, 111, 114, 121, 86, 105, 101, 119, 46, 115, 119, 105, 102, 116, 58, 49, 52, 51, 58, 50, 57, 58, 32, 101, 114, 114, 111, 114, 58, 32, 118, 97, 108, 117, 101, 32, 111, 102, 32, 116, 121, 112, 101, 32, 39, 65, 116, 116, 101, 110, 100, 97, 110, 99, 101, 82, 101, 99, 111, 114, 100, 39, 32, 104, 97, 115, 32, 110, 111, 32, 109, 101, 109, 98, 101, 114, 32, 39, 115, 116, 97, 116, 117, 115, 39, 92, 110, 32, 32, 32, 32, 32, 32, 32, 32, 32, 32, 32, 32, 32, 32, 32, 32, 84, 101, 120, 116, 40, 114, 101, 99, 111, 114, 100, 46, 115, 116, 97, 116, 117, 115, 32, 61, 61, 32, 92, 34, 111, 110, 95, 116, 105, 109, 101, 92, 34, 32, 63, 32, 92, 34, 196, 144, 195, 186, 110, 103, 32, 103, 105, 225, 187, 157, 92, 34, 32, 58, 32, 40, 114, 101, 99, 111, 114, 100, 46, 115, 116, 97, 116, 117, 115, 32, 61, 61, 32, 92, 34, 108, 97, 116, 101, 92, 34, 32, 63, 32, 92, 34, 84, 114, 225, 187, 133, 92, 34, 32, 58, 32, 92, 34, 86, 225, 186, 175, 110, 103, 92, 34, 41, 41, 92, 110, 92, 47, 85, 115, 101, 114, 115, 92, 47, 114, 117, 110, 110, 101, 114, 92, 47, 119, 111, 114, 107, 92, 47, 105, 111, 115, 65, 112, 112, 92, 47, 105, 111, 115, 65, 112, 112, 92, 47, 105, 111, 115, 65, 112, 112, 92, 47, 86, 105, 101, 119, 115, 92, 47, 83, 99, 114, 101, 101, 110, 115, 92, 47, 65, 116, 116, 101, 110, 100, 97, 110, 99, 101, 92, 47, 65, 116, 116, 101, 110, 100, 97, 110, 99, 101, 72, 105, 115, 116, 111, 114, 121, 86, 105, 101, 119, 46, 115, 119, 105, 102, 116, 58, 49, 52, 51, 58, 55, 54, 58, 32, 101, 114, 114, 111, 114, 58, 32, 118, 97, 108, 117, 101, 32, 111, 102, 32, 116, 121, 112, 101, 32, 39, 65, 116, 116, 101, 110, 100, 97, 110, 99, 101, 82, 101, 99, 111, 114, 100, 39, 32, 104, 97, 115, 32, 110, 111, 32, 109, 101, 109, 98, 101, 114, 32, 39, 115, 116, 97, 116, 117, 115, 39, 92, 110, 32, 32, 32, 32, 32, 32, 32, 32, 32, 32, 32, 32, 32, 32, 32, 32, 84, 101, 120, 116, 40, 114, 101, 99, 111, 114, 100, 46, 115, 116, 97, 116, 117, 115, 32, 61, 61, 32, 92, 34, 111, 110, 95, 116, 105, 109, 101, 92, 34, 32, 63, 32, 92, 34, 196, 144, 195, 186, 110, 103, 32, 103, 105, 225, 187, 157, 92, 34, 32, 58, 32, 40, 114, 101, 99, 111, 114, 100, 46, 115, 116, 97, 116, 117, 115, 32, 61, 61, 32, 92, 34, 108, 97, 116, 101, 92, 34, 32, 63, 32, 92, 34, 84, 114, 225, 187, 133, 92, 34, 32, 58, 32, 92, 34, 86, 225, 186, 175, 110, 103, 92, 34, 41, 41, 92, 110, 92, 47, 85, 115, 101, 114, 115, 92, 47, 114, 117, 110, 110, 101, 114, 92, 47, 119, 111, 114, 107, 92, 47, 105, 111, 115, 65, 112, 112, 92, 47, 105, 111, 115, 65, 112, 112, 92, 47, 105, 111, 115, 65, 112, 112, 92, 47, 86, 105, 101, 119, 115, 92, 47, 83, 99, 114, 101, 101, 110, 115, 92, 47, 65, 116, 116, 101, 110, 100, 97, 110, 99, 101, 92, 47, 65, 116, 116, 101, 110, 100, 97, 110, 99, 101, 72, 105, 115, 116, 111, 114, 121, 86, 105, 101, 119, 46, 115, 119, 105, 102, 116, 58, 49, 52, 55, 58, 52, 49, 58, 32, 101, 114, 114, 111, 114, 58, 32, 118, 97, 108, 117, 101, 32, 111, 102, 32, 116, 121, 112, 101, 32, 39, 65, 116, 116, 101, 110, 100, 97, 110, 99, 101, 82, 101, 99, 111, 114, 100, 39, 32, 104, 97, 115, 32, 110, 111, 32, 109, 101, 109, 98, 101, 114, 32, 39, 115, 116, 97, 116, 117, 115, 39, 92, 110, 32, 32, 32, 32, 32, 32, 32, 32, 32, 32, 32, 32, 32, 32, 32, 32, 32, 32, 32, 32, 46, 98, 97, 99, 107, 103, 114, 111, 117, 110, 100, 40, 40, 114, 101, 99, 111, 114, 100, 46, 115, 116, 97, 116, 117, 115, 32, 61, 61, 32, 92, 34, 111, 110, 95, 116, 105, 109, 101, 92, 34, 32, 63, 32, 67, 111, 108, 111, 114, 46, 103, 114, 101, 101, 110, 32, 58, 32, 67, 111, 108, 111, 114, 46, 111, 114, 97, 110, 103, 101, 41, 46, 111, 112, 97, 99, 105, 116, 121, 40, 48, 46, 50, 41, 41, 92, 110, 32, 32, 32, 32, 32, 32, 32, 32, 32, 32, 32, 32, 32, 32, 32, 32, 32, 32, 32, 32, 32, 32, 32, 32, 32, 32, 32, 32, 32, 32, 32, 32, 32, 126, 126, 126, 126, 126, 126, 32, 94, 126, 126, 126, 126, 126, 92, 110, 92, 47, 85, 115, 101, 114, 115, 92, 47, 114, 117, 110, 110, 101, 114, 92, 47, 119, 111, 114, 107, 92, 47, 105, 111, 115, 65, 112, 112, 92, 47, 105, 111, 115, 65, 112, 112, 92, 47, 105, 111, 115, 65, 112, 112, 92, 47, 86, 105, 101, 119, 115, 92, 47, 83, 99, 114, 101, 101, 110, 115, 92, 47, 65, 116, 116, 101, 110, 100, 97, 110, 99, 101, 92, 47, 65, 116, 116, 101, 110, 100, 97, 110, 99, 101, 72, 105, 115, 116, 111, 114, 121, 86, 105, 101, 119, 46, 115, 119, 105, 102, 116, 58, 49, 52, 56, 58, 52, 53, 58, 32, 101, 114, 114, 111, 114, 58, 32, 118, 97, 108, 117, 101, 32, 111, 102, 32, 116, 121, 112, 101, 32, 39, 65, 116, 116, 101, 110, 100, 97, 110, 99, 101, 82, 101, 99, 111, 114, 100, 39, 32, 104, 97, 115, 32, 110, 111, 32, 109, 101, 109, 98, 101, 114, 32, 39, 115, 116, 97, 116, 117, 115, 39, 92, 110, 32, 32, 32, 32, 32, 32, 32, 32, 32, 32, 32, 32, 32, 32, 32, 32, 32, 32, 32, 32, 46, 102, 111, 114, 101, 103, 114, 111, 117, 110, 100, 67, 111, 108, 111, 114, 40, 114, 101, 99, 111, 114, 100, 46, 115, 116, 97, 116, 117, 115, 32, 61, 61, 32, 92, 34, 111, 110, 95, 116, 105, 109, 101, 92, 34, 32, 63, 32, 46, 103, 114, 101, 101, 110, 32, 58, 32, 46, 111, 114, 97, 110, 103, 101, 41, 92, 110, 32, 32, 32, 32, 32, 32, 32, 32, 32, 32, 32, 32, 32, 32, 32, 32, 32, 32, 32, 32, 32, 32, 32, 32, 32, 32, 32, 32, 32, 32, 32, 32, 32, 32, 32, 32, 32, 126, 126, 126, 126, 126, 126, 32, 94, 126, 126, 126, 126, 126, 92, 110, 92, 47, 85, 115, 101, 114, 115, 92, 47, 114, 117, 110, 110, 101, 114, 92, 47, 119, 111, 114, 107, 92, 47, 105, 111, 115, 65, 112, 112, 92, 47, 105, 111, 115, 65, 112, 112, 92, 47, 105, 111, 115, 65, 112, 112, 92, 47, 86, 105, 101, 119, 115, 92, 47, 83, 99, 114, 101, 101, 110, 115, 92, 47, 65, 116, 116, 101, 110, 100, 97, 110, 99, 101, 92, 47, 65, 116, 116, 101, 110, 100, 97, 110, 99, 101, 72, 105, 115, 116, 111, 114, 121, 86, 105, 101, 119, 46, 115, 119, 105, 102, 116, 58, 49, 55, 48, 58, 53, 48, 58, 32, 119, 97, 114, 110, 105, 110, 103, 58, 32, 108, 101, 102, 116, 32, 115, 105, 100, 101, 32, 111, 102, 32, 110, 105, 108, 32, 99, 111, 97, 108, 101, 115, 99, 105, 110, 103, 32, 111, 112, 101, 114, 97, 116, 111, 114, 32, 39, 63, 63, 39, 32, 104, 97, 115, 32, 110, 111, 110, 45, 111, 112, 116, 105, 111, 110, 97, 108, 32, 116, 121, 112, 101, 32, 39, 83, 116, 114, 105, 110, 103, 39, 44, 32, 115, 111, 32, 116, 104, 101, 32, 114, 105, 103, 104, 116, 32, 115, 105, 100, 101, 32, 105, 115, 32, 110, 101, 118, 101, 114, 32, 117, 115, 101, 100, 92, 110, 32, 32, 32, 32, 32, 32, 32, 32, 108, 101, 116, 32, 116, 111, 107, 101, 110, 32, 61, 32, 97, 117, 116, 104, 86, 105, 101, 119, 77, 111, 100, 101, 108, 46, 99, 117, 114, 114, 101, 110, 116, 73, 100, 84, 111, 107, 101, 110, 32, 63, 63, 32, 92, 34, 92, 34, 92, 110, 32, 32, 32, 32, 32, 32, 32, 32, 32, 32, 32, 32, 32, 32, 32, 32, 32, 32, 32, 32, 126, 126, 126, 126, 126, 126, 126, 126, 126, 126, 126, 126, 126, 126, 126, 126, 126, 126, 126, 126, 126, 126, 126, 126, 126, 126, 126, 126, 126, 94, 126, 126, 126, 126, 92, 110, 32, 32, 32, 32, 32, 32, 32, 32, 32, 32, 32, 32, 32, 32, 32, 32, 32, 32, 32, 32, 32, 32, 32, 32, 32, 32, 32, 32, 32, 32, 32, 32, 32, 32, 32, 32, 32, 32, 32, 32, 32, 32, 32, 32, 32, 32, 32, 32, 92, 110, 34, 44, 10, 32, 32, 34, 112, 114, 111, 99, 101, 115, 115, 34, 58, 32, 123, 10, 32, 32, 32, 32, 34, 114, 101, 97, 108, 95, 112, 105, 100, 34, 58, 32, 50, 56, 57, 51, 10, 32, 32, 125, 44, 10, 32, 32, 34, 101, 120, 105, 116, 45, 115, 116, 97, 116, 117, 115, 34, 58, 32, 49, 10, 125, 10]` (in target 'iosApp' from project 'iosApp')
2026-09-26T20:16:30.5867670Z ProcessInfoPlistFile /Users/runner/Library/Developer/Xcode/DerivedData/iosApp-futeksqscqzjpibtkonmeslsyvzw/Build/Intermediates.noindex/ArchiveIntermediates/iosApp/InstallationBuildProductsLocation/Applications/iosApp.app/Info.plist /Users/runner/work/iosApp/iosApp/iosApp/Info.plist (in target 'iosApp' from project 'iosApp')
2026-09-26T20:16:30.5868800Z     cd /Users/runner/work/iosApp/iosApp
2026-09-26T20:16:30.5872040Z     builtin-infoPlistUtility /Users/runner/work/iosApp/iosApp/iosApp/Info.plist -producttype com.apple.product-type.application -genpkginfo /Users/runner/Library/Developer/Xcode/DerivedData/iosApp-futeksqscqzjpibtkonmeslsyvzw/Build/Intermediates.noindex/ArchiveIntermediates/iosApp/InstallationBuildProductsLocation/Applications/iosApp.app/PkgInfo -expandbuildsettings -format binary -platform iphoneos -additionalcontentfile /Users/runner/Library/Developer/Xcode/DerivedData/iosApp-futeksqscqzjpibtkonmeslsyvzw/Build/Intermediates.noindex/ArchiveIntermediates/iosApp/IntermediateBuildFilesPath/iosApp.build/Release-iphoneos/iosApp.build/assetcatalog_generated_info.plist -scanforprivacyfile /Users/runner/Library/Developer/Xcode/DerivedData/iosApp-futeksqscqzjpibtkonmeslsyvzw/Build/Intermediates.noindex/ArchiveIntermediates/iosApp/InstallationBuildProductsLocation/Applications/iosApp.app/Frameworks/WebRTC.framework -requiredArchitecture arm64 -o /Users/runner/Library/Developer/Xcode/DerivedData/iosApp-futeksqscqzjpibtkonmeslsyvzw/Build/Intermediates.noindex/ArchiveIntermediates/iosApp/InstallationBuildProductsLocation/Applications/iosApp.app/Info.plist
2026-09-26T20:16:30.5875910Z /Users/runner/work/iosApp/iosApp/iosApp.xcodeproj: warning: User-supplied CFBundleIdentifier value 'com.saigoncoop.qltb' in the Info.plist must be the same as the PRODUCT_BUNDLE_IDENTIFIER build setting value 'com.huyenhan.qltb.iosApp'. (in target 'iosApp' from project 'iosApp')
2026-09-26T20:16:30.5876620Z 
2026-09-26T20:16:30.5876730Z ** ARCHIVE FAILED **
2026-09-26T20:16:30.5876820Z 
2026-09-26T20:16:30.5876820Z 
2026-09-26T20:16:30.5876880Z The following build commands failed:
2026-09-26T20:16:30.5877180Z 	CompileSwift normal arm64 (in target 'iosApp' from project 'iosApp')
2026-09-26T20:16:30.5893110Z 	SwiftCompile normal arm64 Compiling\ iOSApp.swift,\ MainContainerView.swift,\ AppColors.swift,\ UserModels.swift,\ DeviceModels.swift,\ TicketModels.swift,\ AttendanceModels.swift,\ ShiftModels.swift,\ OrganizationModels.swift,\ FirebaseConfig.swift,\ FirestoreHelper.swift,\ AuthService.swift,\ AuthViewModel.swift,\ HomeViewModel.swift,\ DeviceViewModel.swift,\ SupportViewModel.swift,\ AttendanceViewModel.swift,\ ShiftViewModel.swift,\ LoginView.swift,\ AppSidebarDrawer.swift,\ HomeScreenView.swift,\ DeviceListView.swift,\ SupportHubView.swift,\ TicketChatDetailView.swift,\ AttendanceCheckInView.swift,\ ShiftScheduleView.swift,\ PeripheralsView.swift,\ AssetStatisticsView.swift,\ QRScannerView.swift,\ AddDeviceView.swift,\ PrintQrLabelView.swift,\ SystemNotificationsView.swift,\ SystemSettingsView.swift,\ CompanyBannerTickerView.swift,\ AdminViewModel.swift,\ UserManagementView.swift,\ ApproveStaffView.swift,\ DepartmentManagerView.swift,\ UnitRegionManagerView.swift,\ PaywallLicenseView.swift,\ DeviceTypeManagerView.swift,\ SpecialistTeamManagerView.swift,\ SupportRatingReportView.swift,\ OnlineKtvMonitorView.swift,\ StaffSupportView.swift,\ PendingApprovalView.swift,\ AttendanceHistoryView.swift,\ InfoView.swift,\ AttendanceReportView.swift,\ AdminTicketListView.swift,\ HelpView.swift,\ LichSuView.swift,\ SuperAdminPortalView.swift,\ ResetPasswordView.swift,\ GeneratedAssetSymbols.swift /Users/runner/work/iosApp/iosApp/iosApp/iOSApp.swift /Users/runner/work/iosApp/iosApp/iosApp/App/MainContainerView.swift /Users/runner/work/iosApp/iosApp/iosApp/Theme/AppColors.swift /Users/runner/work/iosApp/iosApp/iosApp/Models/UserModels.swift /Users/runner/work/iosApp/iosApp/iosApp/Models/DeviceModels.swift /Users/runner/work/iosApp/iosApp/iosApp/Models/TicketModels.swift /Users/runner/work/iosApp/iosApp/iosApp/Models/AttendanceModels.swift /Users/runner/work/iosApp/iosApp/iosApp/Models/ShiftModels.swift /Users/runner/work/iosApp/iosApp/iosApp/Models/OrganizationModels.swift /Users/runner/work/iosApp/iosApp/iosApp/Services/FirebaseConfig.swift /Users/runner/work/iosApp/iosApp/iosApp/Services/FirestoreHelper.swift /Users/runner/work/iosApp/iosApp/iosApp/Services/AuthService.swift /Users/runner/work/iosApp/iosApp/iosApp/ViewModels/AuthViewModel.swift /Users/runner/work/iosApp/iosApp/iosApp/ViewModels/HomeViewModel.swift /Users/runner/work/iosApp/iosApp/iosApp/ViewModels/DeviceViewModel.swift /Users/runner/work/iosApp/iosApp/iosApp/ViewModels/SupportViewModel.swift /Users/runner/work/iosApp/iosApp/iosApp/ViewModels/AttendanceViewModel.swift /Users/runner/work/iosApp/iosApp/iosApp/ViewModels/ShiftViewModel.swift /Users/runner/work/iosApp/iosApp/iosApp/Views/Screens/Auth/LoginView.swift /Users/runner/work/iosApp/iosApp/iosApp/Views/Screens/Home/AppSidebarDrawer.swift /Users/runner/work/iosApp/iosApp/iosApp/Views/Screens/Home/HomeScreenView.swift /Users/runner/work/iosApp/iosApp/iosApp/Views/Screens/Devices/DeviceListView.swift /Users/runner/work/iosApp/iosApp/iosApp/Views/Screens/Support/SupportHubView.swift /Users/runner/work/iosApp/iosApp/iosApp/Views/Screens/Support/TicketChatDetailView.swift /Users/runner/work/iosApp/iosApp/iosApp/Views/Screens/Attendance/AttendanceCheckInView.swift /Users/runner/work/iosApp/iosApp/iosApp/Views/Screens/Shift/ShiftScheduleView.swift /Users/runner/work/iosApp/iosApp/iosApp/Views/Screens/Peripherals/PeripheralsView.swift /Users/runner/work/iosApp/iosApp/iosApp/Views/Screens/Statistics/AssetStatisticsView.swift /Users/runner/work/iosApp/iosApp/iosApp/Views/Screens/Scanner/QRScannerView.swift /Users/runner/work/iosApp/iosApp/iosApp/Views/Screens/Devices/AddDeviceView.swift /Users/runner/work/iosApp/iosApp/iosApp/Views/Screens/Devices/PrintQrLabelView.swift /Users/runner/work/iosApp/iosApp/iosApp/Views/Screens/Notifications/SystemNotificationsView.swift /Users/runner/work/iosApp/iosApp/iosApp/Views/Screens/Settings/SystemSettingsView.swift /Users/runner/work/iosApp/iosApp/iosApp/Views/Components/CompanyBannerTickerView.swift /Users/runner/work/iosApp/iosApp/iosApp/ViewModels/AdminViewModel.swift /Users/runner/work/iosApp/iosApp/iosApp/Views/Screens/Admin/UserManagementView.swift /Users/runner/work/iosApp/iosApp/iosApp/Views/Screens/Admin/ApproveStaffView.swift /Users/runner/work/iosApp/iosApp/iosApp/Views/Screens/Admin/DepartmentManagerView.swift /Users/runner/work/iosApp/iosApp/iosApp/Views/Screens/Admin/UnitRegionManagerView.swift /Users/runner/work/iosApp/iosApp/iosApp/Views/Screens/Admin/PaywallLicenseView.swift /Users/runner/work/iosApp/iosApp/iosApp/Views/Screens/Devices/DeviceTypeManagerView.swift /Users/runner/work/iosApp/iosApp/iosApp/Views/Screens/Support/SpecialistTeamManagerView.swift /Users/runner/work/iosApp/iosApp/iosApp/Views/Screens/Support/SupportRatingReportView.swift /Users/runner/work/iosApp/iosApp/iosApp/Views/Screens/Support/OnlineKtvMonitorView.swift /Users/runner/work/iosApp/iosApp/iosApp/Views/Screens/Support/StaffSupportView.swift /Users/runner/work/iosApp/iosApp/iosApp/Views/Screens/Auth/PendingApprovalView.swift /Users/runner/work/iosApp/iosApp/iosApp/Views/Screens/Attendance/AttendanceHistoryView.swift /Users/runner/work/iosApp/iosApp/iosApp/App/InfoView.swift /Users/runner/work/iosApp/iosApp/iosApp/Views/Screens/Attendance/AttendanceReportView.swift /Users/runner/work/iosApp/iosApp/iosApp/Views/Screens/Admin/AdminTicketListView.swift /Users/runner/work/iosApp/iosApp/iosApp/App/HelpView.swift /Users/runner/work/iosApp/iosApp/iosApp/Views/Screens/Devices/LichSuView.swift /Users/runner/work/iosApp/iosApp/iosApp/Views/Screens/Admin/SuperAdminPortalView.swift /Users/runner/work/iosApp/iosApp/iosApp/Views/Screens/Auth/ResetPasswordView.swift /Users/runner/Library/Developer/Xcode/DerivedData/iosApp-futeksqscqzjpibtkonmeslsyvzw/Build/Intermediates.noindex/ArchiveIntermediates/iosApp/IntermediateBuildFilesPath/iosApp.build/Release-iphoneos/iosApp.build/DerivedSources/GeneratedAssetSymbols.swift (in target 'iosApp' from project 'iosApp')
2026-09-26T20:16:30.5909000Z (2 failures)
2026-09-26T20:16:30.5913320Z ##[error]Process completed with exit code 65.
2026-09-26T20:16:30.6023720Z Post job cleanup.
2026-09-26T20:16:30.7385970Z (node:4263) [DEP0040] DeprecationWarning: The `punycode` module is deprecated. Please use a userland alternative instead.
2026-09-26T20:16:30.7386570Z (Use `node --trace-deprecation ...` to show where the warning was created)
2026-09-26T20:16:30.7498050Z Post job cleanup.
2026-09-26T20:16:30.8332200Z [command]/opt/homebrew/bin/git version
2026-09-26T20:16:30.8382950Z git version 2.55.0
2026-09-26T20:16:30.8401340Z Copying '/Users/runner/.gitconfig' to '/Users/runner/work/_temp/46cfd0ca-508a-4287-bc5a-36f7baeb4a96/.gitconfig'
2026-09-26T20:16:30.8405540Z Temporarily overriding HOME='/Users/runner/work/_temp/46cfd0ca-508a-4287-bc5a-36f7baeb4a96' before making global git config changes
2026-09-26T20:16:30.8406210Z Adding repository directory to the temporary git global config as a safe directory
2026-09-26T20:16:30.8409120Z [command]/opt/homebrew/bin/git config --global --add safe.directory /Users/runner/work/iosApp/iosApp
2026-09-26T20:16:30.8454470Z [command]/opt/homebrew/bin/git config --local --name-only --get-regexp core\.sshCommand
2026-09-26T20:16:30.8491190Z [command]/opt/homebrew/bin/git submodule foreach --recursive sh -c "git config --local --name-only --get-regexp 'core\.sshCommand' && git config --local --unset-all 'core.sshCommand' || :"
2026-09-26T20:16:30.9144010Z [command]/opt/homebrew/bin/git config --local --name-only --get-regexp http\.https\:\/\/github\.com\/\.extraheader
2026-09-26T20:16:30.9175690Z http.https://github.com/.extraheader
2026-09-26T20:16:30.9181870Z [command]/opt/homebrew/bin/git config --local --unset-all http.https://github.com/.extraheader
2026-09-26T20:16:30.9228030Z [command]/opt/homebrew/bin/git submodule foreach --recursive sh -c "git config --local --name-only --get-regexp 'http\.https\:\/\/github\.com\/\.extraheader' && git config --local --unset-all 'http.https://github.com/.extraheader' || :"
2026-09-26T20:16:30.9760150Z [command]/opt/homebrew/bin/git config --local --name-only --get-regexp ^includeIf\.gitdir:
2026-09-26T20:16:30.9795400Z [command]/opt/homebrew/bin/git submodule foreach --recursive git config --local --show-origin --name-only --get-regexp remote.origin.url
2026-09-26T20:16:31.0388010Z Cleaning up orphan processes
2026-09-26T20:16:31.5178920Z Terminate orphan process: pid (2888) (ibtoold)
2026-09-26T20:16:31.5446060Z Terminate orphan process: pid (2744) (ibtoold)
2026-09-26T20:16:31.6938760Z ##[warning]Node.js 20 is deprecated. The following actions target Node.js 20 but are being forced to run on Node.js 24: actions/checkout@v4, actions/setup-java@v4. For more information see: https://github.blog/changelog/2025-09-19-deprecation-of-node-20-on-github-actions-runners/
