2026-09-26T20:18:04.3778850Z Current runner version: '2.337.0'
2026-09-26T20:18:04.3794700Z ##[group]Runner Image Provisioner
2026-09-26T20:18:04.3795290Z Hosted Compute Agent
2026-09-26T20:18:04.3795800Z Version: 20260828.587
2026-09-26T20:18:04.3796350Z Commit: abac92662cab4cc7352de4f9f9d2e2419aad9c29
2026-09-26T20:18:04.3796940Z Build Date: 2026-08-28T16:44:25Z
2026-09-26T20:18:04.3797490Z Worker ID: {215d5e2e-3ae2-41af-8761-73c6b04669bb}
2026-09-26T20:18:04.3798010Z Azure Region: westus
2026-09-26T20:18:04.3798410Z ##[endgroup]
2026-09-26T20:18:04.3799440Z ##[group]Operating System
2026-09-26T20:18:04.3800010Z macOS
2026-09-26T20:18:04.3800460Z 14.8.9
2026-09-26T20:18:04.3800940Z 23J631
2026-09-26T20:18:04.3801360Z ##[endgroup]
2026-09-26T20:18:04.3801890Z ##[group]Runner Image
2026-09-26T20:18:04.3802330Z Image: macos-14-arm64
2026-09-26T20:18:04.3802780Z Version: 20260831.0302.1
2026-09-26T20:18:04.3803670Z Included Software: https://github.com/actions/runner-images/blob/macos-14-arm64/20260831.0302/images/macos/macos-14-arm64-Readme.md
2026-09-26T20:18:04.3804800Z Image Release: https://github.com/actions/runner-images/releases/tag/macos-14-arm64%2F20260831.0302
2026-09-26T20:18:04.3805530Z ##[endgroup]
2026-09-26T20:18:04.3806470Z ##[group]GITHUB_TOKEN Permissions
2026-09-26T20:18:04.3807650Z Contents: write
2026-09-26T20:18:04.3854130Z Metadata: read
2026-09-26T20:18:04.3854680Z ##[endgroup]
2026-09-26T20:18:04.3858520Z Secret source: Actions
2026-09-26T20:18:04.3859250Z Cache mode: write
2026-09-26T20:18:04.3859700Z Prepare workflow directory
2026-09-26T20:18:04.4060270Z Prepare all required actions
2026-09-26T20:18:04.4091440Z Getting action download info
2026-09-26T20:18:04.6802590Z Download action repository 'actions/checkout@v4' (SHA:11d5960a326750d5838078e36cf38b85af677262)
2026-09-26T20:18:04.9274800Z Download action repository 'actions/setup-java@v4' (SHA:cf277c60eb25467037889841efdb72551f06f6c3)
2026-09-26T20:18:05.6335850Z Download action repository 'actions/upload-artifact@v4' (SHA:ea165f8d65b6e75b540449e92b4886f43607fa02)
2026-09-26T20:18:05.7372060Z Download action repository 'softprops/action-gh-release@v2' (SHA:3bb12739c298aeb8a4eeaf626c5b8d85266b0e65)
2026-09-26T20:18:06.3800870Z Complete job name: Build iOS Application (.ipa)
2026-09-26T20:18:06.4444250Z ##[group]Run actions/checkout@v4
2026-09-26T20:18:06.4445170Z with:
2026-09-26T20:18:06.4445780Z   repository: meonam/iosApp
2026-09-26T20:18:06.4451270Z   token: ***
2026-09-26T20:18:06.4451870Z   ssh-strict: true
2026-09-26T20:18:06.4452490Z   ssh-user: git
2026-09-26T20:18:06.4453170Z   persist-credentials: true
2026-09-26T20:18:06.4453910Z   clean: true
2026-09-26T20:18:06.4454560Z   sparse-checkout-cone-mode: true
2026-09-26T20:18:06.4455300Z   fetch-depth: 1
2026-09-26T20:18:06.4456060Z   fetch-tags: false
2026-09-26T20:18:06.4456730Z   show-progress: true
2026-09-26T20:18:06.4457480Z   lfs: false
2026-09-26T20:18:06.4458120Z   submodules: false
2026-09-26T20:18:06.4458890Z   set-safe-directory: true
2026-09-26T20:18:06.4459620Z   allow-unsafe-pr-checkout: false
2026-09-26T20:18:06.4460590Z ##[endgroup]
2026-09-26T20:18:06.5812160Z Syncing repository: meonam/iosApp
2026-09-26T20:18:06.5814200Z ##[group]Getting Git version info
2026-09-26T20:18:06.5815190Z Working directory is '/Users/runner/work/iosApp/iosApp'
2026-09-26T20:18:06.5816630Z [command]/opt/homebrew/bin/git version
2026-09-26T20:18:06.6079070Z git version 2.55.0
2026-09-26T20:18:06.6090210Z ##[endgroup]
2026-09-26T20:18:06.6096330Z Copying '/Users/runner/.gitconfig' to '/Users/runner/work/_temp/10d3fdf7-dea7-42c3-b02a-35845abefc6b/.gitconfig'
2026-09-26T20:18:06.6104710Z Temporarily overriding HOME='/Users/runner/work/_temp/10d3fdf7-dea7-42c3-b02a-35845abefc6b' before making global git config changes
2026-09-26T20:18:06.6106590Z Adding repository directory to the temporary git global config as a safe directory
2026-09-26T20:18:06.6108180Z [command]/opt/homebrew/bin/git config --global --add safe.directory /Users/runner/work/iosApp/iosApp
2026-09-26T20:18:06.6188090Z Deleting the contents of '/Users/runner/work/iosApp/iosApp'
2026-09-26T20:18:06.6190620Z ##[group]Initializing the repository
2026-09-26T20:18:06.6194430Z [command]/opt/homebrew/bin/git init /Users/runner/work/iosApp/iosApp
2026-09-26T20:18:06.6459230Z hint: Using 'master' as the name for the initial branch. This default branch name
2026-09-26T20:18:06.6460680Z hint: will change to "main" in Git 3.0. To configure the initial branch name
2026-09-26T20:18:06.6462040Z hint: to use in all of your new repositories, which will suppress this warning,
2026-09-26T20:18:06.6463300Z hint: call:
2026-09-26T20:18:06.6463890Z hint:
2026-09-26T20:18:06.6464760Z hint: 	git config --global init.defaultBranch <name>
2026-09-26T20:18:06.6465750Z hint:
2026-09-26T20:18:06.6466530Z hint: Names commonly chosen instead of 'master' are 'main', 'trunk' and
2026-09-26T20:18:06.6467920Z hint: 'development'. The just-created branch can be renamed via this command:
2026-09-26T20:18:06.6469600Z hint:
2026-09-26T20:18:06.6470410Z hint: 	git branch -m <name>
2026-09-26T20:18:06.6471890Z hint:
2026-09-26T20:18:06.6474510Z hint: Disable this message with "git config set advice.defaultBranchName false"
2026-09-26T20:18:06.6477720Z Initialized empty Git repository in /Users/runner/work/iosApp/iosApp/.git/
2026-09-26T20:18:06.6481550Z [command]/opt/homebrew/bin/git remote add origin https://github.com/meonam/iosApp
2026-09-26T20:18:06.6520190Z ##[endgroup]
2026-09-26T20:18:06.6521230Z ##[group]Disabling automatic garbage collection
2026-09-26T20:18:06.6522160Z [command]/opt/homebrew/bin/git config --local gc.auto 0
2026-09-26T20:18:06.6565300Z ##[endgroup]
2026-09-26T20:18:06.6566390Z ##[group]Setting up auth
2026-09-26T20:18:06.6569830Z [command]/opt/homebrew/bin/git config --local --name-only --get-regexp core\.sshCommand
2026-09-26T20:18:06.6612100Z [command]/opt/homebrew/bin/git submodule foreach --recursive sh -c "git config --local --name-only --get-regexp 'core\.sshCommand' && git config --local --unset-all 'core.sshCommand' || :"
2026-09-26T20:18:06.7270160Z [command]/opt/homebrew/bin/git config --local --name-only --get-regexp http\.https\:\/\/github\.com\/\.extraheader
2026-09-26T20:18:06.7313110Z [command]/opt/homebrew/bin/git submodule foreach --recursive sh -c "git config --local --name-only --get-regexp 'http\.https\:\/\/github\.com\/\.extraheader' && git config --local --unset-all 'http.https://github.com/.extraheader' || :"
2026-09-26T20:18:06.8012800Z [command]/opt/homebrew/bin/git config --local --name-only --get-regexp ^includeIf\.gitdir:
2026-09-26T20:18:06.8058790Z [command]/opt/homebrew/bin/git submodule foreach --recursive git config --local --show-origin --name-only --get-regexp remote.origin.url
2026-09-26T20:18:06.8706800Z [command]/opt/homebrew/bin/git config --local http.https://github.com/.extraheader AUTHORIZATION: basic ***
2026-09-26T20:18:06.8715520Z ##[endgroup]
2026-09-26T20:18:06.8716580Z ##[group]Fetching the repository
2026-09-26T20:18:06.8719960Z [command]/opt/homebrew/bin/git -c protocol.version=2 fetch --no-tags --prune --no-recurse-submodules --depth=1 origin +f15eeb99ecc792060fa785ff6d246e84829ce2c1:refs/remotes/origin/main
2026-09-26T20:18:07.8011190Z From https://github.com/meonam/iosApp
2026-09-26T20:18:07.8059970Z  * [new ref]         f15eeb99ecc792060fa785ff6d246e84829ce2c1 -> origin/main
2026-09-26T20:18:07.8091400Z ##[endgroup]
2026-09-26T20:18:07.8093140Z ##[group]Determining the checkout info
2026-09-26T20:18:07.8093720Z ##[endgroup]
2026-09-26T20:18:07.8094150Z [command]/opt/homebrew/bin/git sparse-checkout disable
2026-09-26T20:18:07.8095880Z [command]/opt/homebrew/bin/git config --local --unset-all extensions.worktreeConfig
2026-09-26T20:18:07.8176410Z ##[group]Checking out the ref
2026-09-26T20:18:07.8177000Z [command]/opt/homebrew/bin/git checkout --progress --force -B main refs/remotes/origin/main
2026-09-26T20:18:07.8374300Z Switched to a new branch 'main'
2026-09-26T20:18:07.8376410Z branch 'main' set up to track 'origin/main'.
2026-09-26T20:18:07.8381440Z ##[endgroup]
2026-09-26T20:18:07.8434350Z [command]/opt/homebrew/bin/git log -1 --format=%H
2026-09-26T20:18:07.8472700Z f15eeb99ecc792060fa785ff6d246e84829ce2c1
2026-09-26T20:18:07.8689040Z ##[group]Run actions/setup-java@v4
2026-09-26T20:18:07.8689350Z with:
2026-09-26T20:18:07.8689600Z   distribution: temurin
2026-09-26T20:18:07.8689830Z   java-version: 21
2026-09-26T20:18:07.8690070Z   java-package: jdk
2026-09-26T20:18:07.8690290Z   check-latest: false
2026-09-26T20:18:07.8690520Z   server-id: github
2026-09-26T20:18:07.8690890Z   server-username: GITHUB_ACTOR
2026-09-26T20:18:07.8691250Z   server-password: GITHUB_TOKEN
2026-09-26T20:18:07.8691500Z   overwrite-settings: true
2026-09-26T20:18:07.8691760Z   job-status: success
2026-09-26T20:18:07.8693570Z   token: ***
2026-09-26T20:18:07.8693790Z ##[endgroup]
2026-09-26T20:18:08.0327480Z ##[warning]setup-java v4 is deprecated and will no longer receive updates. Please migrate to actions/setup-java@v5.
2026-09-26T20:18:08.0332720Z ##[group]Installed distributions
2026-09-26T20:18:08.0360210Z Resolved Java 21.0.12+101.0 from tool-cache
2026-09-26T20:18:08.0360670Z Setting Java 21.0.12+101.0 as the default
2026-09-26T20:18:08.0370550Z (node:7037) [DEP0040] DeprecationWarning: The `punycode` module is deprecated. Please use a userland alternative instead.
2026-09-26T20:18:08.0371160Z (Use `node --trace-deprecation ...` to show where the warning was created)
2026-09-26T20:18:08.0374390Z Creating toolchains.xml for JDK version 21 from temurin
2026-09-26T20:18:08.0428950Z Writing to /Users/runner/.m2/toolchains.xml
2026-09-26T20:18:08.0430030Z 
2026-09-26T20:18:08.0430360Z Java configuration:
2026-09-26T20:18:08.0430610Z   Distribution: temurin
2026-09-26T20:18:08.0430860Z   Version: 21.0.12+101.0
2026-09-26T20:18:08.0431260Z   Path: /Users/runner/hostedtoolcache/Java_Temurin-Hotspot_jdk/21.0.12-101.0/arm64/Contents/Home
2026-09-26T20:18:08.0431590Z 
2026-09-26T20:18:08.0431930Z ##[endgroup]
2026-09-26T20:18:08.0445090Z Creating settings.xml with server-id: github
2026-09-26T20:18:08.0445430Z Writing to /Users/runner/.m2/settings.xml
2026-09-26T20:18:08.0544710Z ##[group]Run xcodebuild -version
2026-09-26T20:18:08.0545030Z [36;1mxcodebuild -version[0m
2026-09-26T20:18:08.0545400Z [36;1mecho "macOS Runner Architecture: $(uname -m)"[0m
2026-09-26T20:18:08.0634450Z shell: /bin/bash -e {0}
2026-09-26T20:18:08.0634700Z env:
2026-09-26T20:18:08.0635060Z   JAVA_HOME: /Users/runner/hostedtoolcache/Java_Temurin-Hotspot_jdk/21.0.12-101.0/arm64/Contents/Home
2026-09-26T20:18:08.0635780Z   JAVA_HOME_21_ARM64: /Users/runner/hostedtoolcache/Java_Temurin-Hotspot_jdk/21.0.12-101.0/arm64/Contents/Home
2026-09-26T20:18:08.0636210Z ##[endgroup]
2026-09-26T20:18:08.2973050Z Xcode 15.4
2026-09-26T20:18:08.2975890Z Build version 15F31d
2026-09-26T20:18:08.3004870Z macOS Runner Architecture: arm64
2026-09-26T20:18:08.3053600Z ##[group]Run mkdir -p build
2026-09-26T20:18:08.3053900Z [36;1mmkdir -p build[0m
2026-09-26T20:18:08.3054150Z [36;1mPROJ="iosApp.xcodeproj"[0m
2026-09-26T20:18:08.3054420Z [36;1mif [ -d "iosApp/iosApp.xcodeproj" ]; then[0m
2026-09-26T20:18:08.3054710Z [36;1m  PROJ="iosApp/iosApp.xcodeproj"[0m
2026-09-26T20:18:08.3054970Z [36;1mfi[0m
2026-09-26T20:18:08.3055180Z [36;1mecho "Building project: $PROJ"[0m
2026-09-26T20:18:08.3055430Z [36;1mxcodebuild clean archive \[0m
2026-09-26T20:18:08.3055670Z [36;1m  -project "$PROJ" \[0m
2026-09-26T20:18:08.3055930Z [36;1m  -scheme iosApp \[0m
2026-09-26T20:18:08.3056150Z [36;1m  -configuration Release \[0m
2026-09-26T20:18:08.3056430Z [36;1m  -destination 'generic/platform=iOS' \[0m
2026-09-26T20:18:08.3056730Z [36;1m  -archivePath build/QLTB.xcarchive \[0m
2026-09-26T20:18:08.3057030Z [36;1m  CODE_SIGNING_ALLOWED=NO \[0m
2026-09-26T20:18:08.3057280Z [36;1m  CODE_SIGNING_REQUIRED=NO \[0m
2026-09-26T20:18:08.3057620Z [36;1m  CODE_SIGN_IDENTITY=""[0m
2026-09-26T20:18:08.3119090Z shell: /bin/bash -e {0}
2026-09-26T20:18:08.3119330Z env:
2026-09-26T20:18:08.3119680Z   JAVA_HOME: /Users/runner/hostedtoolcache/Java_Temurin-Hotspot_jdk/21.0.12-101.0/arm64/Contents/Home
2026-09-26T20:18:08.3120520Z   JAVA_HOME_21_ARM64: /Users/runner/hostedtoolcache/Java_Temurin-Hotspot_jdk/21.0.12-101.0/arm64/Contents/Home
2026-09-26T20:18:08.3120950Z ##[endgroup]
2026-09-26T20:18:08.3505710Z Building project: iosApp.xcodeproj
2026-09-26T20:18:09.3900390Z Command line invocation:
2026-09-26T20:18:09.3901340Z     /Applications/Xcode_15.4.app/Contents/Developer/usr/bin/xcodebuild clean archive -project iosApp.xcodeproj -scheme iosApp -configuration Release -destination generic/platform=iOS -archivePath build/QLTB.xcarchive CODE_SIGNING_ALLOWED=NO CODE_SIGNING_REQUIRED=NO CODE_SIGN_IDENTITY=
2026-09-26T20:18:09.3902140Z 
2026-09-26T20:18:09.3902250Z User defaults from command line:
2026-09-26T20:18:09.3902710Z     IDEArchivePathOverride = /Users/runner/work/iosApp/iosApp/build/QLTB.xcarchive
2026-09-26T20:18:09.3903130Z     IDEPackageSupportUseBuiltinSCM = YES
2026-09-26T20:18:09.3903280Z 
2026-09-26T20:18:09.3903370Z Build settings from command line:
2026-09-26T20:18:09.3903560Z     CODE_SIGN_IDENTITY = 
2026-09-26T20:18:09.3903770Z     CODE_SIGNING_ALLOWED = NO
2026-09-26T20:18:09.3912370Z     CODE_SIGNING_REQUIRED = NO
2026-09-26T20:18:09.3912520Z 
2026-09-26T20:18:16.2297820Z Resolve Package Graph
2026-09-26T20:18:16.2704990Z 
2026-09-26T20:18:16.2757870Z Fetching from https://github.com/stasel/WebRTC
2026-09-26T20:18:17.5025790Z 
2026-09-26T20:18:22.3460090Z Creating working copy of package ‘WebRTC’
2026-09-26T20:18:22.3655370Z 
2026-09-26T20:18:22.3656010Z Checking out 125.0.0 of package ‘WebRTC’
2026-09-26T20:18:22.3845560Z 
2026-09-26T20:18:24.7432390Z 
2026-09-26T20:18:24.7432910Z Resolved source packages:
2026-09-26T20:18:24.7433650Z   WebRTC: https://github.com/stasel/WebRTC @ 125.0.0
2026-09-26T20:18:24.7433880Z 
2026-09-26T20:18:24.8253650Z note: Using codesigning identity override: 
2026-09-26T20:18:25.1170330Z 
2026-09-26T20:18:25.1173570Z ** CLEAN SUCCEEDED **
2026-09-26T20:18:25.1178260Z 
2026-09-26T20:18:25.1472010Z Prepare packages
2026-09-26T20:18:25.1473490Z 
2026-09-26T20:18:25.1489640Z note: Using codesigning identity override: 
2026-09-26T20:18:25.1536920Z ComputeTargetDependencyGraph
2026-09-26T20:18:25.1756770Z note: Building targets in dependency order
2026-09-26T20:18:25.1759060Z note: Target dependency graph (2 targets)
2026-09-26T20:18:25.1759510Z     Target 'iosApp' in project 'iosApp'
2026-09-26T20:18:25.1760300Z         ➜ Explicit dependency on target 'WebRTC' in project 'WebRTC'
2026-09-26T20:18:25.1760730Z     Target 'WebRTC' in project 'WebRTC' (no dependencies)
2026-09-26T20:18:25.1776810Z 
2026-09-26T20:18:25.1778380Z GatherProvisioningInputs
2026-09-26T20:18:25.1779960Z 
2026-09-26T20:18:25.1865660Z CreateBuildDescription
2026-09-26T20:18:25.2281540Z 
2026-09-26T20:18:25.2289780Z ExecuteExternalTool /Applications/Xcode_15.4.app/Contents/Developer/Toolchains/XcodeDefault.xctoolchain/usr/bin/clang -v -E -dM -isysroot /Applications/Xcode_15.4.app/Contents/Developer/Platforms/iPhoneOS.platform/Developer/SDKs/iPhoneOS17.5.sdk -x c -c /dev/null
2026-09-26T20:18:25.4347640Z 
2026-09-26T20:18:25.4349060Z ExecuteExternalTool /Applications/Xcode_15.4.app/Contents/Developer/usr/bin/actool --print-asset-tag-combinations --output-format xml1 /Users/runner/work/iosApp/iosApp/iosApp/Assets.xcassets
2026-09-26T20:18:26.8181350Z 
2026-09-26T20:18:26.8185380Z ExecuteExternalTool /Applications/Xcode_15.4.app/Contents/Developer/usr/bin/actool --version --output-format xml1
2026-09-26T20:18:26.8354660Z 
2026-09-26T20:18:26.8366310Z ExecuteExternalTool /Applications/Xcode_15.4.app/Contents/Developer/Toolchains/XcodeDefault.xctoolchain/usr/bin/swiftc -v
2026-09-26T20:18:27.0995890Z 
2026-09-26T20:18:27.1128100Z ExecuteExternalTool /Applications/Xcode_15.4.app/Contents/Developer/Toolchains/XcodeDefault.xctoolchain/usr/bin/ld -version_details
2026-09-26T20:18:27.1191890Z 
2026-09-26T20:18:27.1625230Z Build description signature: bed5f5d0e59753258d6082983b4bafca
2026-09-26T20:18:27.1626890Z Build description path: /Users/runner/Library/Developer/Xcode/DerivedData/iosApp-futeksqscqzjpibtkonmeslsyvzw/Build/Intermediates.noindex/ArchiveIntermediates/iosApp/IntermediateBuildFilesPath/XCBuildData/bed5f5d0e59753258d6082983b4bafca.xcbuilddata
2026-09-26T20:18:27.1734210Z CreateBuildDirectory /Users/runner/Library/Developer/Xcode/DerivedData/iosApp-futeksqscqzjpibtkonmeslsyvzw/Build/Intermediates.noindex/ArchiveIntermediates/iosApp/InstallationBuildProductsLocation
2026-09-26T20:18:27.1736080Z     cd /Users/runner/work/iosApp/iosApp/iosApp.xcodeproj
2026-09-26T20:18:27.1737890Z     builtin-create-build-directory /Users/runner/Library/Developer/Xcode/DerivedData/iosApp-futeksqscqzjpibtkonmeslsyvzw/Build/Intermediates.noindex/ArchiveIntermediates/iosApp/InstallationBuildProductsLocation
2026-09-26T20:18:27.1759810Z 
2026-09-26T20:18:27.1768220Z ClangStatCache /Applications/Xcode_15.4.app/Contents/Developer/Toolchains/XcodeDefault.xctoolchain/usr/bin/clang-stat-cache /Applications/Xcode_15.4.app/Contents/Developer/Platforms/iPhoneOS.platform/Developer/SDKs/iPhoneOS17.5.sdk /Users/runner/Library/Developer/Xcode/DerivedData/SDKStatCaches.noindex/iphoneos17.5-21F77-f0fa7969d082b13145125136a829df3a.sdkstatcache
2026-09-26T20:18:27.1772630Z     cd /Users/runner/work/iosApp/iosApp/iosApp.xcodeproj
2026-09-26T20:18:27.1775380Z     /Applications/Xcode_15.4.app/Contents/Developer/Toolchains/XcodeDefault.xctoolchain/usr/bin/clang-stat-cache /Applications/Xcode_15.4.app/Contents/Developer/Platforms/iPhoneOS.platform/Developer/SDKs/iPhoneOS17.5.sdk -o /Users/runner/Library/Developer/Xcode/DerivedData/SDKStatCaches.noindex/iphoneos17.5-21F77-f0fa7969d082b13145125136a829df3a.sdkstatcache
2026-09-26T20:18:28.3782100Z 
2026-09-26T20:18:28.3783350Z CreateBuildDirectory /Users/runner/Library/Developer/Xcode/DerivedData/iosApp-futeksqscqzjpibtkonmeslsyvzw/Build/Intermediates.noindex/ArchiveIntermediates/iosApp/IntermediateBuildFilesPath
2026-09-26T20:18:28.3784300Z     cd /Users/runner/work/iosApp/iosApp/iosApp.xcodeproj
2026-09-26T20:18:28.3785160Z     builtin-create-build-directory /Users/runner/Library/Developer/Xcode/DerivedData/iosApp-futeksqscqzjpibtkonmeslsyvzw/Build/Intermediates.noindex/ArchiveIntermediates/iosApp/IntermediateBuildFilesPath
2026-09-26T20:18:28.3785970Z 
2026-09-26T20:18:28.3786510Z CreateBuildDirectory /Users/runner/Library/Developer/Xcode/DerivedData/iosApp-futeksqscqzjpibtkonmeslsyvzw/Build/Intermediates.noindex/ArchiveIntermediates/iosApp/BuildProductsPath
2026-09-26T20:18:28.3787210Z     cd /Users/runner/work/iosApp/iosApp/iosApp.xcodeproj
2026-09-26T20:18:28.3787990Z     builtin-create-build-directory /Users/runner/Library/Developer/Xcode/DerivedData/iosApp-futeksqscqzjpibtkonmeslsyvzw/Build/Intermediates.noindex/ArchiveIntermediates/iosApp/BuildProductsPath
2026-09-26T20:18:28.3788700Z 
2026-09-26T20:18:28.3789750Z SignatureCollection /Users/runner/Library/Developer/Xcode/DerivedData/iosApp-futeksqscqzjpibtkonmeslsyvzw/Build/Intermediates.noindex/ArchiveIntermediates/iosApp/BuildProductsPath/Release-iphoneos/WebRTC.xcframework-ios.signature
2026-09-26T20:18:28.3790960Z     cd /Users/runner/work/iosApp/iosApp/iosApp.xcodeproj
2026-09-26T20:18:28.3792520Z     builtin-collectSignature --input /Users/runner/Library/Developer/Xcode/DerivedData/iosApp-futeksqscqzjpibtkonmeslsyvzw/SourcePackages/artifacts/webrtc/WebRTC/WebRTC.xcframework --output /Users/runner/Library/Developer/Xcode/DerivedData/iosApp-futeksqscqzjpibtkonmeslsyvzw/Build/Intermediates.noindex/ArchiveIntermediates/iosApp/BuildProductsPath/Release-iphoneos/WebRTC.xcframework-ios.signature --info platform ios --info library WebRTC.framework
2026-09-26T20:18:28.3794030Z 
2026-09-26T20:18:28.3794620Z CreateBuildDirectory /Users/runner/Library/Developer/Xcode/DerivedData/iosApp-futeksqscqzjpibtkonmeslsyvzw/Build/Intermediates.noindex/ArchiveIntermediates/iosApp/BuildProductsPath/Release-iphoneos
2026-09-26T20:18:28.3799220Z     cd /Users/runner/work/iosApp/iosApp/iosApp.xcodeproj
2026-09-26T20:18:28.3799910Z     builtin-create-build-directory /Users/runner/Library/Developer/Xcode/DerivedData/iosApp-futeksqscqzjpibtkonmeslsyvzw/Build/Intermediates.noindex/ArchiveIntermediates/iosApp/BuildProductsPath/Release-iphoneos
2026-09-26T20:18:28.3800960Z 
2026-09-26T20:18:28.3801630Z CreateBuildDirectory /Users/runner/Library/Developer/Xcode/DerivedData/iosApp-futeksqscqzjpibtkonmeslsyvzw/Build/Intermediates.noindex/ArchiveIntermediates/iosApp/IntermediateBuildFilesPath/EagerLinkingTBDs/Release-iphoneos
2026-09-26T20:18:28.3802440Z     cd /Users/runner/work/iosApp/iosApp/iosApp.xcodeproj
2026-09-26T20:18:28.3803190Z     builtin-create-build-directory /Users/runner/Library/Developer/Xcode/DerivedData/iosApp-futeksqscqzjpibtkonmeslsyvzw/Build/Intermediates.noindex/ArchiveIntermediates/iosApp/IntermediateBuildFilesPath/EagerLinkingTBDs/Release-iphoneos
2026-09-26T20:18:28.3803910Z 
2026-09-26T20:18:28.3804450Z CreateBuildDirectory /Users/runner/Library/Developer/Xcode/DerivedData/iosApp-futeksqscqzjpibtkonmeslsyvzw/Build/Intermediates.noindex/ArchiveIntermediates/iosApp/BuildProductsPath/Release-iphoneos/PackageFrameworks
2026-09-26T20:18:28.3805310Z     cd /Users/runner/work/iosApp/iosApp/iosApp.xcodeproj
2026-09-26T20:18:28.3806150Z     builtin-create-build-directory /Users/runner/Library/Developer/Xcode/DerivedData/iosApp-futeksqscqzjpibtkonmeslsyvzw/Build/Intermediates.noindex/ArchiveIntermediates/iosApp/BuildProductsPath/Release-iphoneos/PackageFrameworks
2026-09-26T20:18:28.3817050Z 
2026-09-26T20:18:28.3817990Z ProcessXCFramework /Users/runner/Library/Developer/Xcode/DerivedData/iosApp-futeksqscqzjpibtkonmeslsyvzw/SourcePackages/artifacts/webrtc/WebRTC/WebRTC.xcframework /Users/runner/Library/Developer/Xcode/DerivedData/iosApp-futeksqscqzjpibtkonmeslsyvzw/Build/Intermediates.noindex/ArchiveIntermediates/iosApp/BuildProductsPath/Release-iphoneos/WebRTC.framework ios
2026-09-26T20:18:28.3819090Z     cd /Users/runner/work/iosApp/iosApp/iosApp.xcodeproj
2026-09-26T20:18:28.3822370Z     builtin-process-xcframework --xcframework /Users/runner/Library/Developer/Xcode/DerivedData/iosApp-futeksqscqzjpibtkonmeslsyvzw/SourcePackages/artifacts/webrtc/WebRTC/WebRTC.xcframework --platform ios --target-path /Users/runner/Library/Developer/Xcode/DerivedData/iosApp-futeksqscqzjpibtkonmeslsyvzw/Build/Intermediates.noindex/ArchiveIntermediates/iosApp/BuildProductsPath/Release-iphoneos
2026-09-26T20:18:28.3823820Z 
2026-09-26T20:18:28.3824600Z SymLink /Users/runner/Library/Developer/Xcode/DerivedData/iosApp-futeksqscqzjpibtkonmeslsyvzw/Build/Intermediates.noindex/ArchiveIntermediates/iosApp/BuildProductsPath/Release-iphoneos/iosApp.app ../../InstallationBuildProductsLocation/Applications/iosApp.app (in target 'iosApp' from project 'iosApp')
2026-09-26T20:18:28.3825680Z     cd /Users/runner/work/iosApp/iosApp
2026-09-26T20:18:28.3831470Z     /bin/ln -sfh ../../InstallationBuildProductsLocation/Applications/iosApp.app /Users/runner/Library/Developer/Xcode/DerivedData/iosApp-futeksqscqzjpibtkonmeslsyvzw/Build/Intermediates.noindex/ArchiveIntermediates/iosApp/BuildProductsPath/Release-iphoneos/iosApp.app
2026-09-26T20:18:28.3832750Z 
2026-09-26T20:18:28.3833440Z MkDir /Users/runner/Library/Developer/Xcode/DerivedData/iosApp-futeksqscqzjpibtkonmeslsyvzw/Build/Intermediates.noindex/ArchiveIntermediates/iosApp/InstallationBuildProductsLocation/Applications/iosApp.app (in target 'iosApp' from project 'iosApp')
2026-09-26T20:18:28.3834510Z     cd /Users/runner/work/iosApp/iosApp
2026-09-26T20:18:28.3835170Z     /bin/mkdir -p /Users/runner/Library/Developer/Xcode/DerivedData/iosApp-futeksqscqzjpibtkonmeslsyvzw/Build/Intermediates.noindex/ArchiveIntermediates/iosApp/InstallationBuildProductsLocation/Applications/iosApp.app
2026-09-26T20:18:28.3836720Z 
2026-09-26T20:18:28.3837460Z MkDir /Users/runner/Library/Developer/Xcode/DerivedData/iosApp-futeksqscqzjpibtkonmeslsyvzw/Build/Intermediates.noindex/ArchiveIntermediates/iosApp/InstallationBuildProductsLocation/Applications/iosApp.app/Frameworks (in target 'iosApp' from project 'iosApp')
2026-09-26T20:18:28.3838700Z     cd /Users/runner/work/iosApp/iosApp
2026-09-26T20:18:28.3839410Z     /bin/mkdir -p /Users/runner/Library/Developer/Xcode/DerivedData/iosApp-futeksqscqzjpibtkonmeslsyvzw/Build/Intermediates.noindex/ArchiveIntermediates/iosApp/InstallationBuildProductsLocation/Applications/iosApp.app/Frameworks
2026-09-26T20:18:28.3840260Z 
2026-09-26T20:18:28.3841050Z WriteAuxiliaryFile /Users/runner/Library/Developer/Xcode/DerivedData/iosApp-futeksqscqzjpibtkonmeslsyvzw/Build/Intermediates.noindex/ArchiveIntermediates/iosApp/IntermediateBuildFilesPath/iosApp.build/Release-iphoneos/iosApp.build/iosApp-own-target-headers.hmap (in target 'iosApp' from project 'iosApp')
2026-09-26T20:18:28.3841980Z     cd /Users/runner/work/iosApp/iosApp
2026-09-26T20:18:28.3842760Z     write-file /Users/runner/Library/Developer/Xcode/DerivedData/iosApp-futeksqscqzjpibtkonmeslsyvzw/Build/Intermediates.noindex/ArchiveIntermediates/iosApp/IntermediateBuildFilesPath/iosApp.build/Release-iphoneos/iosApp.build/iosApp-own-target-headers.hmap
2026-09-26T20:18:28.3843480Z 
2026-09-26T20:18:28.3844250Z WriteAuxiliaryFile /Users/runner/Library/Developer/Xcode/DerivedData/iosApp-futeksqscqzjpibtkonmeslsyvzw/Build/Intermediates.noindex/ArchiveIntermediates/iosApp/IntermediateBuildFilesPath/iosApp.build/Release-iphoneos/iosApp.build/iosApp-project-headers.hmap (in target 'iosApp' from project 'iosApp')
2026-09-26T20:18:28.3845170Z     cd /Users/runner/work/iosApp/iosApp
2026-09-26T20:18:28.3845950Z     write-file /Users/runner/Library/Developer/Xcode/DerivedData/iosApp-futeksqscqzjpibtkonmeslsyvzw/Build/Intermediates.noindex/ArchiveIntermediates/iosApp/IntermediateBuildFilesPath/iosApp.build/Release-iphoneos/iosApp.build/iosApp-project-headers.hmap
2026-09-26T20:18:28.3846650Z 
2026-09-26T20:18:28.3847390Z WriteAuxiliaryFile /Users/runner/Library/Developer/Xcode/DerivedData/iosApp-futeksqscqzjpibtkonmeslsyvzw/Build/Intermediates.noindex/ArchiveIntermediates/iosApp/IntermediateBuildFilesPath/iosApp.build/Release-iphoneos/iosApp.build/iosApp.hmap (in target 'iosApp' from project 'iosApp')
2026-09-26T20:18:28.3848250Z     cd /Users/runner/work/iosApp/iosApp
2026-09-26T20:18:28.3849020Z     write-file /Users/runner/Library/Developer/Xcode/DerivedData/iosApp-futeksqscqzjpibtkonmeslsyvzw/Build/Intermediates.noindex/ArchiveIntermediates/iosApp/IntermediateBuildFilesPath/iosApp.build/Release-iphoneos/iosApp.build/iosApp.hmap
2026-09-26T20:18:28.3849690Z 
2026-09-26T20:18:28.3850450Z WriteAuxiliaryFile /Users/runner/Library/Developer/Xcode/DerivedData/iosApp-futeksqscqzjpibtkonmeslsyvzw/Build/Intermediates.noindex/ArchiveIntermediates/iosApp/IntermediateBuildFilesPath/iosApp.build/Release-iphoneos/iosApp.build/iosApp-generated-files.hmap (in target 'iosApp' from project 'iosApp')
2026-09-26T20:18:28.3851330Z     cd /Users/runner/work/iosApp/iosApp
2026-09-26T20:18:28.3852260Z     write-file /Users/runner/Library/Developer/Xcode/DerivedData/iosApp-futeksqscqzjpibtkonmeslsyvzw/Build/Intermediates.noindex/ArchiveIntermediates/iosApp/IntermediateBuildFilesPath/iosApp.build/Release-iphoneos/iosApp.build/iosApp-generated-files.hmap
2026-09-26T20:18:28.3853030Z 
2026-09-26T20:18:28.3853800Z WriteAuxiliaryFile /Users/runner/Library/Developer/Xcode/DerivedData/iosApp-futeksqscqzjpibtkonmeslsyvzw/Build/Intermediates.noindex/ArchiveIntermediates/iosApp/IntermediateBuildFilesPath/iosApp.build/Release-iphoneos/iosApp.build/iosApp-all-target-headers.hmap (in target 'iosApp' from project 'iosApp')
2026-09-26T20:18:28.3854690Z     cd /Users/runner/work/iosApp/iosApp
2026-09-26T20:18:28.3855440Z     write-file /Users/runner/Library/Developer/Xcode/DerivedData/iosApp-futeksqscqzjpibtkonmeslsyvzw/Build/Intermediates.noindex/ArchiveIntermediates/iosApp/IntermediateBuildFilesPath/iosApp.build/Release-iphoneos/iosApp.build/iosApp-all-target-headers.hmap
2026-09-26T20:18:28.3856140Z 
2026-09-26T20:18:28.3856960Z WriteAuxiliaryFile /Users/runner/Library/Developer/Xcode/DerivedData/iosApp-futeksqscqzjpibtkonmeslsyvzw/Build/Intermediates.noindex/ArchiveIntermediates/iosApp/IntermediateBuildFilesPath/iosApp.build/Release-iphoneos/iosApp.build/iosApp-all-non-framework-target-headers.hmap (in target 'iosApp' from project 'iosApp')
2026-09-26T20:18:28.3859600Z     cd /Users/runner/work/iosApp/iosApp
2026-09-26T20:18:28.3861160Z     write-file /Users/runner/Library/Developer/Xcode/DerivedData/iosApp-futeksqscqzjpibtkonmeslsyvzw/Build/Intermediates.noindex/ArchiveIntermediates/iosApp/IntermediateBuildFilesPath/iosApp.build/Release-iphoneos/iosApp.build/iosApp-all-non-framework-target-headers.hmap
2026-09-26T20:18:28.3862000Z 
2026-09-26T20:18:28.3862750Z WriteAuxiliaryFile /Users/runner/Library/Developer/Xcode/DerivedData/iosApp-futeksqscqzjpibtkonmeslsyvzw/Build/Intermediates.noindex/ArchiveIntermediates/iosApp/IntermediateBuildFilesPath/iosApp.build/Release-iphoneos/iosApp.build/all-product-headers.yaml (in target 'iosApp' from project 'iosApp')
2026-09-26T20:18:28.3863650Z     cd /Users/runner/work/iosApp/iosApp
2026-09-26T20:18:28.3864580Z     write-file /Users/runner/Library/Developer/Xcode/DerivedData/iosApp-futeksqscqzjpibtkonmeslsyvzw/Build/Intermediates.noindex/ArchiveIntermediates/iosApp/IntermediateBuildFilesPath/iosApp.build/Release-iphoneos/iosApp.build/all-product-headers.yaml
2026-09-26T20:18:28.3868440Z 
2026-09-26T20:18:28.3869250Z WriteAuxiliaryFile /Users/runner/Library/Developer/Xcode/DerivedData/iosApp-futeksqscqzjpibtkonmeslsyvzw/Build/Intermediates.noindex/ArchiveIntermediates/iosApp/IntermediateBuildFilesPath/iosApp.build/Release-iphoneos/iosApp.build/Objects-normal/arm64/iosApp.SwiftFileList (in target 'iosApp' from project 'iosApp')
2026-09-26T20:18:28.3870190Z     cd /Users/runner/work/iosApp/iosApp
2026-09-26T20:18:28.3871050Z     write-file /Users/runner/Library/Developer/Xcode/DerivedData/iosApp-futeksqscqzjpibtkonmeslsyvzw/Build/Intermediates.noindex/ArchiveIntermediates/iosApp/IntermediateBuildFilesPath/iosApp.build/Release-iphoneos/iosApp.build/Objects-normal/arm64/iosApp.SwiftFileList
2026-09-26T20:18:28.3871800Z 
2026-09-26T20:18:28.3872600Z WriteAuxiliaryFile /Users/runner/Library/Developer/Xcode/DerivedData/iosApp-futeksqscqzjpibtkonmeslsyvzw/Build/Intermediates.noindex/ArchiveIntermediates/iosApp/IntermediateBuildFilesPath/iosApp.build/Release-iphoneos/iosApp.build/Objects-normal/arm64/iosApp.LinkFileList (in target 'iosApp' from project 'iosApp')
2026-09-26T20:18:28.3873530Z     cd /Users/runner/work/iosApp/iosApp
2026-09-26T20:18:28.3874360Z     write-file /Users/runner/Library/Developer/Xcode/DerivedData/iosApp-futeksqscqzjpibtkonmeslsyvzw/Build/Intermediates.noindex/ArchiveIntermediates/iosApp/IntermediateBuildFilesPath/iosApp.build/Release-iphoneos/iosApp.build/Objects-normal/arm64/iosApp.LinkFileList
2026-09-26T20:18:28.3875100Z 
2026-09-26T20:18:28.3876100Z WriteAuxiliaryFile /Users/runner/Library/Developer/Xcode/DerivedData/iosApp-futeksqscqzjpibtkonmeslsyvzw/Build/Intermediates.noindex/ArchiveIntermediates/iosApp/IntermediateBuildFilesPath/iosApp.build/Release-iphoneos/iosApp.build/Objects-normal/arm64/iosApp_const_extract_protocols.json (in target 'iosApp' from project 'iosApp')
2026-09-26T20:18:28.3877120Z     cd /Users/runner/work/iosApp/iosApp
2026-09-26T20:18:28.3877950Z     write-file /Users/runner/Library/Developer/Xcode/DerivedData/iosApp-futeksqscqzjpibtkonmeslsyvzw/Build/Intermediates.noindex/ArchiveIntermediates/iosApp/IntermediateBuildFilesPath/iosApp.build/Release-iphoneos/iosApp.build/Objects-normal/arm64/iosApp_const_extract_protocols.json
2026-09-26T20:18:28.3878720Z 
2026-09-26T20:18:28.3879530Z WriteAuxiliaryFile /Users/runner/Library/Developer/Xcode/DerivedData/iosApp-futeksqscqzjpibtkonmeslsyvzw/Build/Intermediates.noindex/ArchiveIntermediates/iosApp/IntermediateBuildFilesPath/iosApp.build/Release-iphoneos/iosApp.build/Objects-normal/arm64/iosApp-OutputFileMap.json (in target 'iosApp' from project 'iosApp')
2026-09-26T20:18:28.3880470Z     cd /Users/runner/work/iosApp/iosApp
2026-09-26T20:18:28.3881270Z     write-file /Users/runner/Library/Developer/Xcode/DerivedData/iosApp-futeksqscqzjpibtkonmeslsyvzw/Build/Intermediates.noindex/ArchiveIntermediates/iosApp/IntermediateBuildFilesPath/iosApp.build/Release-iphoneos/iosApp.build/Objects-normal/arm64/iosApp-OutputFileMap.json
2026-09-26T20:18:28.3882020Z 
2026-09-26T20:18:28.3882420Z GenerateAssetSymbols /Users/runner/work/iosApp/iosApp/iosApp/Assets.xcassets (in target 'iosApp' from project 'iosApp')
2026-09-26T20:18:28.3882820Z     cd /Users/runner/work/iosApp/iosApp
2026-09-26T20:18:28.3888450Z     /Applications/Xcode_15.4.app/Contents/Developer/usr/bin/actool --output-format human-readable-text --notices --warnings --export-dependency-info /Users/runner/Library/Developer/Xcode/DerivedData/iosApp-futeksqscqzjpibtkonmeslsyvzw/Build/Intermediates.noindex/ArchiveIntermediates/iosApp/IntermediateBuildFilesPath/iosApp.build/Release-iphoneos/iosApp.build/assetcatalog_dependencies --output-partial-info-plist /Users/runner/Library/Developer/Xcode/DerivedData/iosApp-futeksqscqzjpibtkonmeslsyvzw/Build/Intermediates.noindex/ArchiveIntermediates/iosApp/IntermediateBuildFilesPath/iosApp.build/Release-iphoneos/iosApp.build/assetcatalog_generated_info.plist --app-icon AppIcon --accent-color AccentColor --compress-pngs --enable-on-demand-resources YES --development-region en --target-device iphone --target-device ipad --minimum-deployment-target 15.0 --platform iphoneos --compile /Users/runner/Library/Developer/Xcode/DerivedData/iosApp-futeksqscqzjpibtkonmeslsyvzw/Build/Intermediates.noindex/ArchiveIntermediates/iosApp/InstallationBuildProductsLocation/Applications/iosApp.app /Users/runner/work/iosApp/iosApp/iosApp/Assets.xcassets --bundle-identifier com.huyenhan.qltb.iosApp --generate-swift-asset-symbols /Users/runner/Library/Developer/Xcode/DerivedData/iosApp-futeksqscqzjpibtkonmeslsyvzw/Build/Intermediates.noindex/ArchiveIntermediates/iosApp/IntermediateBuildFilesPath/iosApp.build/Release-iphoneos/iosApp.build/DerivedSources/GeneratedAssetSymbols.swift --generate-objc-asset-symbols /Users/runner/Library/Developer/Xcode/DerivedData/iosApp-futeksqscqzjpibtkonmeslsyvzw/Build/Intermediates.noindex/ArchiveIntermediates/iosApp/IntermediateBuildFilesPath/iosApp.build/Release-iphoneos/iosApp.build/DerivedSources/GeneratedAssetSymbols.h --generate-asset-symbol-index /Users/runner/Library/Developer/Xcode/DerivedData/iosApp-futeksqscqzjpibtkonmeslsyvzw/Build/Intermediates.noindex/ArchiveIntermediates/iosApp/IntermediateBuildFilesPath/iosApp.build/Release-iphoneos/iosApp.build/DerivedSources/GeneratedAssetSymbols-Index.plist
2026-09-26T20:18:28.3894250Z /* com.apple.actool.document.warnings */
2026-09-26T20:18:28.3894780Z /Users/runner/work/iosApp/iosApp/iosApp/Assets.xcassets:./AppIcon.appiconset/[][ipad][40x40][][][1x][][][]: warning: AppIcon.appiconset/icon-40@2x.png is 80x80 but should be 40x40.
2026-09-26T20:18:28.3895610Z /Users/runner/work/iosApp/iosApp/iosApp/Assets.xcassets:./AppIcon.appiconset/[][ipad][20x20][][][1x][][][]: warning: AppIcon.appiconset/icon-20@2x.png is 40x40 but should be 20x20.
2026-09-26T20:18:28.3896560Z /Users/runner/work/iosApp/iosApp/iosApp/Assets.xcassets:./AppIcon.appiconset/[][ipad][29x29][][][1x][][][]: warning: AppIcon.appiconset/icon-29@2x.png is 58x58 but should be 29x29.
2026-09-26T20:18:28.3897100Z /* com.apple.actool.compilation-results */
2026-09-26T20:18:28.3897900Z /Users/runner/Library/Developer/Xcode/DerivedData/iosApp-futeksqscqzjpibtkonmeslsyvzw/Build/Intermediates.noindex/ArchiveIntermediates/iosApp/IntermediateBuildFilesPath/iosApp.build/Release-iphoneos/iosApp.build/DerivedSources/GeneratedAssetSymbols-Index.plist
2026-09-26T20:18:28.3899250Z /Users/runner/Library/Developer/Xcode/DerivedData/iosApp-futeksqscqzjpibtkonmeslsyvzw/Build/Intermediates.noindex/ArchiveIntermediates/iosApp/IntermediateBuildFilesPath/iosApp.build/Release-iphoneos/iosApp.build/DerivedSources/GeneratedAssetSymbols.h
2026-09-26T20:18:28.3900580Z /Users/runner/Library/Developer/Xcode/DerivedData/iosApp-futeksqscqzjpibtkonmeslsyvzw/Build/Intermediates.noindex/ArchiveIntermediates/iosApp/IntermediateBuildFilesPath/iosApp.build/Release-iphoneos/iosApp.build/DerivedSources/GeneratedAssetSymbols.swift
2026-09-26T20:18:28.3901280Z 
2026-09-26T20:18:28.3901280Z 
2026-09-26T20:18:28.3902450Z Copy /Users/runner/Library/Developer/Xcode/DerivedData/iosApp-futeksqscqzjpibtkonmeslsyvzw/Build/Intermediates.noindex/ArchiveIntermediates/iosApp/InstallationBuildProductsLocation/Applications/iosApp.app/Frameworks/WebRTC.framework /Users/runner/Library/Developer/Xcode/DerivedData/iosApp-futeksqscqzjpibtkonmeslsyvzw/SourcePackages/artifacts/webrtc/WebRTC/WebRTC.xcframework/ios-arm64/WebRTC.framework (in target 'iosApp' from project 'iosApp')
2026-09-26T20:18:28.3903930Z     cd /Users/runner/work/iosApp/iosApp
2026-09-26T20:18:28.3905930Z     builtin-copy -exclude .DS_Store -exclude CVS -exclude .svn -exclude .git -exclude .hg -exclude Headers -exclude PrivateHeaders -exclude Modules -exclude \*.tbd -bitcode-strip all -bitcode-strip-tool /Applications/Xcode_15.4.app/Contents/Developer/Toolchains/XcodeDefault.xctoolchain/usr/bin/bitcode_strip -resolve-src-symlinks -remove-static-executable /Users/runner/Library/Developer/Xcode/DerivedData/iosApp-futeksqscqzjpibtkonmeslsyvzw/SourcePackages/artifacts/webrtc/WebRTC/WebRTC.xcframework/ios-arm64/WebRTC.framework /Users/runner/Library/Developer/Xcode/DerivedData/iosApp-futeksqscqzjpibtkonmeslsyvzw/Build/Intermediates.noindex/ArchiveIntermediates/iosApp/InstallationBuildProductsLocation/Applications/iosApp.app/Frameworks
2026-09-26T20:18:28.3909260Z /Applications/Xcode_15.4.app/Contents/Developer/Toolchains/XcodeDefault.xctoolchain/usr/bin/bitcode_strip /Users/runner/Library/Developer/Xcode/DerivedData/iosApp-futeksqscqzjpibtkonmeslsyvzw/SourcePackages/artifacts/webrtc/WebRTC/WebRTC.xcframework/ios-arm64/WebRTC.framework/WebRTC -r -o /Users/runner/Library/Developer/Xcode/DerivedData/iosApp-futeksqscqzjpibtkonmeslsyvzw/Build/Intermediates.noindex/ArchiveIntermediates/iosApp/InstallationBuildProductsLocation/Applications/iosApp.app/Frameworks/WebRTC.framework/WebRTC 
2026-09-26T20:18:28.3910720Z 
2026-09-26T20:18:28.3911780Z CompileAssetCatalog /Users/runner/Library/Developer/Xcode/DerivedData/iosApp-futeksqscqzjpibtkonmeslsyvzw/Build/Intermediates.noindex/ArchiveIntermediates/iosApp/InstallationBuildProductsLocation/Applications/iosApp.app /Users/runner/work/iosApp/iosApp/iosApp/Assets.xcassets (in target 'iosApp' from project 'iosApp')
2026-09-26T20:18:28.3912870Z     cd /Users/runner/work/iosApp/iosApp
2026-09-26T20:18:28.3916320Z     /Applications/Xcode_15.4.app/Contents/Developer/usr/bin/actool --output-format human-readable-text --notices --warnings --export-dependency-info /Users/runner/Library/Developer/Xcode/DerivedData/iosApp-futeksqscqzjpibtkonmeslsyvzw/Build/Intermediates.noindex/ArchiveIntermediates/iosApp/IntermediateBuildFilesPath/iosApp.build/Release-iphoneos/iosApp.build/assetcatalog_dependencies --output-partial-info-plist /Users/runner/Library/Developer/Xcode/DerivedData/iosApp-futeksqscqzjpibtkonmeslsyvzw/Build/Intermediates.noindex/ArchiveIntermediates/iosApp/IntermediateBuildFilesPath/iosApp.build/Release-iphoneos/iosApp.build/assetcatalog_generated_info.plist --app-icon AppIcon --accent-color AccentColor --compress-pngs --enable-on-demand-resources YES --development-region en --target-device iphone --target-device ipad --minimum-deployment-target 15.0 --platform iphoneos --compile /Users/runner/Library/Developer/Xcode/DerivedData/iosApp-futeksqscqzjpibtkonmeslsyvzw/Build/Intermediates.noindex/ArchiveIntermediates/iosApp/InstallationBuildProductsLocation/Applications/iosApp.app /Users/runner/work/iosApp/iosApp/iosApp/Assets.xcassets
2026-09-26T20:18:30.6156290Z /* com.apple.actool.notices */
2026-09-26T20:18:30.6158020Z /Users/runner/work/iosApp/iosApp/iosApp/Assets.xcassets: warning: Accent color ‘AccentColor’ is not present in any asset catalogs.
2026-09-26T20:18:30.6158980Z /* com.apple.actool.document.warnings */
2026-09-26T20:18:30.6162260Z /Users/runner/work/iosApp/iosApp/iosApp/Assets.xcassets:./AppIcon.appiconset/[][ipad][20x20][][][1x][][][]: warning: AppIcon.appiconset/icon-20@2x.png is 40x40 but should be 20x20.
2026-09-26T20:18:30.6163460Z /Users/runner/work/iosApp/iosApp/iosApp/Assets.xcassets:./AppIcon.appiconset/[][ipad][29x29][][][1x][][][]: warning: AppIcon.appiconset/icon-29@2x.png is 58x58 but should be 29x29.
2026-09-26T20:18:30.6164510Z /Users/runner/work/iosApp/iosApp/iosApp/Assets.xcassets:./AppIcon.appiconset/[][ipad][40x40][][][1x][][][]: warning: AppIcon.appiconset/icon-40@2x.png is 80x80 but should be 40x40.
2026-09-26T20:18:30.6166280Z /Users/runner/work/iosApp/iosApp/iosApp/Assets.xcassets:./AppIcon.appiconset/[][ipad][40x40][][][1x][][][]: warning: AppIcon.appiconset/icon-40@2x.png is 80x80 but should be 40x40.
2026-09-26T20:18:30.6175220Z /Users/runner/work/iosApp/iosApp/iosApp/Assets.xcassets:./AppIcon.appiconset/[][ipad][20x20][][][1x][][][]: warning: AppIcon.appiconset/icon-20@2x.png is 40x40 but should be 20x20.
2026-09-26T20:18:30.6176050Z /Users/runner/work/iosApp/iosApp/iosApp/Assets.xcassets:./AppIcon.appiconset/[][ipad][29x29][][][1x][][][]: warning: AppIcon.appiconset/icon-29@2x.png is 58x58 but should be 29x29.
2026-09-26T20:18:30.6176640Z /* com.apple.actool.document.notices */
2026-09-26T20:18:30.6177200Z /Users/runner/work/iosApp/iosApp/iosApp/Assets.xcassets:./AppIcon.appiconset/[][ipad][76x76][][][1x][][][]: notice: 76x76@1x app icons only apply to iPad apps targeting releases of iOS prior to 10.0.
2026-09-26T20:18:30.6177770Z /* com.apple.actool.compilation-results */
2026-09-26T20:18:30.6178680Z /Users/runner/Library/Developer/Xcode/DerivedData/iosApp-futeksqscqzjpibtkonmeslsyvzw/Build/Intermediates.noindex/ArchiveIntermediates/iosApp/InstallationBuildProductsLocation/Applications/iosApp.app/AppIcon60x60@2x.png
2026-09-26T20:18:30.6180040Z /Users/runner/Library/Developer/Xcode/DerivedData/iosApp-futeksqscqzjpibtkonmeslsyvzw/Build/Intermediates.noindex/ArchiveIntermediates/iosApp/InstallationBuildProductsLocation/Applications/iosApp.app/AppIcon76x76@2x~ipad.png
2026-09-26T20:18:30.6181200Z /Users/runner/Library/Developer/Xcode/DerivedData/iosApp-futeksqscqzjpibtkonmeslsyvzw/Build/Intermediates.noindex/ArchiveIntermediates/iosApp/InstallationBuildProductsLocation/Applications/iosApp.app/Assets.car
2026-09-26T20:18:30.6182410Z /Users/runner/Library/Developer/Xcode/DerivedData/iosApp-futeksqscqzjpibtkonmeslsyvzw/Build/Intermediates.noindex/ArchiveIntermediates/iosApp/IntermediateBuildFilesPath/iosApp.build/Release-iphoneos/iosApp.build/assetcatalog_generated_info.plist
2026-09-26T20:18:30.6183120Z 
2026-09-26T20:18:30.6183120Z 
2026-09-26T20:18:30.6183360Z SwiftDriver iosApp normal arm64 com.apple.xcode.tools.swift.compiler (in target 'iosApp' from project 'iosApp')
2026-09-26T20:18:30.6183820Z     cd /Users/runner/work/iosApp/iosApp
2026-09-26T20:18:30.6199750Z     builtin-SwiftDriver -- /Applications/Xcode_15.4.app/Contents/Developer/Toolchains/XcodeDefault.xctoolchain/usr/bin/swiftc -module-name iosApp -O -whole-module-optimization -enforce-exclusivity\=checked @/Users/runner/Library/Developer/Xcode/DerivedData/iosApp-futeksqscqzjpibtkonmeslsyvzw/Build/Intermediates.noindex/ArchiveIntermediates/iosApp/IntermediateBuildFilesPath/iosApp.build/Release-iphoneos/iosApp.build/Objects-normal/arm64/iosApp.SwiftFileList -sdk /Applications/Xcode_15.4.app/Contents/Developer/Platforms/iPhoneOS.platform/Developer/SDKs/iPhoneOS17.5.sdk -target arm64-apple-ios15.0 -enable-bare-slash-regex -g -module-cache-path /Users/runner/Library/Developer/Xcode/DerivedData/ModuleCache.noindex -Xfrontend -serialize-debugging-options -swift-version 5 -I /Users/runner/Library/Developer/Xcode/DerivedData/iosApp-futeksqscqzjpibtkonmeslsyvzw/Build/Intermediates.noindex/ArchiveIntermediates/iosApp/BuildProductsPath/Release-iphoneos -F /Users/runner/Library/Developer/Xcode/DerivedData/iosApp-futeksqscqzjpibtkonmeslsyvzw/Build/Intermediates.noindex/ArchiveIntermediates/iosApp/BuildProductsPath/Release-iphoneos -emit-localized-strings -emit-localized-strings-path /Users/runner/Library/Developer/Xcode/DerivedData/iosApp-futeksqscqzjpibtkonmeslsyvzw/Build/Intermediates.noindex/ArchiveIntermediates/iosApp/IntermediateBuildFilesPath/iosApp.build/Release-iphoneos/iosApp.build/Objects-normal/arm64 -c -num-threads 5 -Xcc -ivfsstatcache -Xcc /Users/runner/Library/Developer/Xcode/DerivedData/SDKStatCaches.noindex/iphoneos17.5-21F77-f0fa7969d082b13145125136a829df3a.sdkstatcache -output-file-map /Users/runner/Library/Developer/Xcode/DerivedData/iosApp-futeksqscqzjpibtkonmeslsyvzw/Build/Intermediates.noindex/ArchiveIntermediates/iosApp/IntermediateBuildFilesPath/iosApp.build/Release-iphoneos/iosApp.build/Objects-normal/arm64/iosApp-OutputFileMap.json -use-frontend-parseable-output -save-temps -no-color-diagnostics -serialize-diagnostics -emit-dependencies -emit-module -emit-module-path /Users/runner/Library/Developer/Xcode/DerivedData/iosApp-futeksqscqzjpibtkonmeslsyvzw/Build/Intermediates.noindex/ArchiveIntermediates/iosApp/IntermediateBuildFilesPath/iosApp.build/Release-iphoneos/iosApp.build/Objects-normal/arm64/iosApp.swiftmodule -validate-clang-modules-once -clang-build-session-file /Users/runner/Library/Developer/Xcode/DerivedData/ModuleCache.noindex/Session.modulevalidation -Xcc -I/Users/runner/Library/Developer/Xcode/DerivedData/iosApp-futeksqscqzjpibtkonmeslsyvzw/Build/Intermediates.noindex/ArchiveIntermediates/iosApp/IntermediateBuildFilesPath/iosApp.build/Release-iphoneos/iosApp.build/swift-overrides.hmap -emit-const-values -Xfrontend -const-gather-protocols-file -Xfrontend /Users/runner/Library/Developer/Xcode/DerivedData/iosApp-futeksqscqzjpibtkonmeslsyvzw/Build/Intermediates.noindex/ArchiveIntermediates/iosApp/IntermediateBuildFilesPath/iosApp.build/Release-iphoneos/iosApp.build/Objects-normal/arm64/iosApp_const_extract_protocols.json -Xcc -iquote -Xcc /Users/runner/Library/Developer/Xcode/DerivedData/iosApp-futeksqscqzjpibtkonmeslsyvzw/Build/Intermediates.noindex/ArchiveIntermediates/iosApp/IntermediateBuildFilesPath/iosApp.build/Release-iphoneos/iosApp.build/iosApp-generated-files.hmap -Xcc -I/Users/runner/Library/Developer/Xcode/DerivedData/iosApp-futeksqscqzjpibtkonmeslsyvzw/Build/Intermediates.noindex/ArchiveIntermediates/iosApp/IntermediateBuildFilesPath/iosApp.build/Release-iphoneos/iosApp.build/iosApp-own-target-headers.hmap -Xcc -I/Users/runner/Library/Developer/Xcode/DerivedData/iosApp-futeksqscqzjpibtkonmeslsyvzw/Build/Intermediates.noindex/ArchiveIntermediates/iosApp/IntermediateBuildFilesPath/iosApp.build/Release-iphoneos/iosApp.build/iosApp-all-target-headers.hmap -Xcc -iquote -Xcc /Users/runner/Library/Developer/Xcode/DerivedData/iosApp-futeksqscqzjpibtkonmeslsyvzw/Build/Intermediates.noindex/ArchiveIntermediates/iosApp/IntermediateBuildFilesPath/iosApp.build/Release-iphoneos/iosApp.build/iosApp-project-headers.hmap -Xcc -I/Users/runner/Library/Developer/Xcode/DerivedData/iosApp-futeksqscqzjpibtkonmeslsyvzw/Build/Intermediates.noindex/ArchiveIntermediates/iosApp/BuildProductsPath/Release-iphoneos/include -Xcc -I/Users/runner/Library/Developer/Xcode/DerivedData/iosApp-futeksqscqzjpibtkonmeslsyvzw/Build/Intermediates.noindex/ArchiveIntermediates/iosApp/IntermediateBuildFilesPath/iosApp.build/Release-iphoneos/iosApp.build/DerivedSources-normal/arm64 -Xcc -I/Users/runner/Library/Developer/Xcode/DerivedData/iosApp-futeksqscqzjpibtkonmeslsyvzw/Build/Intermediates.noindex/ArchiveIntermediates/iosApp/IntermediateBuildFilesPath/iosApp.build/Release-iphoneos/iosApp.build/DerivedSources/arm64 -Xcc -I/Users/runner/Library/Developer/Xcode/DerivedData/iosApp-futeksqscqzjpibtkonmeslsyvzw/Build/Intermediates.noindex/ArchiveIntermediates/iosApp/IntermediateBuildFilesPath/iosApp.build/Release-iphoneos/iosApp.build/DerivedSources -emit-objc-header -emit-objc-header-path /Users/runner/Library/Developer/Xcode/DerivedData/iosApp-futeksqscqzjpibtkonmeslsyvzw/Build/Intermediates.noindex/ArchiveIntermediates/iosApp/IntermediateBuildFilesPath/iosApp.build/Release-iphoneos/iosApp.build/Objects-normal/arm64/iosApp-Swift.h -working-directory /Users/runner/work/iosApp/iosApp -no-emit-module-separately-wmo
2026-09-26T20:18:30.6215150Z 
2026-09-26T20:18:30.6215420Z SwiftDriver\ Compilation iosApp normal arm64 com.apple.xcode.tools.swift.compiler (in target 'iosApp' from project 'iosApp')
2026-09-26T20:18:30.6215830Z     cd /Users/runner/work/iosApp/iosApp
2026-09-26T20:18:30.6231080Z     builtin-Swift-Compilation -- /Applications/Xcode_15.4.app/Contents/Developer/Toolchains/XcodeDefault.xctoolchain/usr/bin/swiftc -module-name iosApp -O -whole-module-optimization -enforce-exclusivity\=checked @/Users/runner/Library/Developer/Xcode/DerivedData/iosApp-futeksqscqzjpibtkonmeslsyvzw/Build/Intermediates.noindex/ArchiveIntermediates/iosApp/IntermediateBuildFilesPath/iosApp.build/Release-iphoneos/iosApp.build/Objects-normal/arm64/iosApp.SwiftFileList -sdk /Applications/Xcode_15.4.app/Contents/Developer/Platforms/iPhoneOS.platform/Developer/SDKs/iPhoneOS17.5.sdk -target arm64-apple-ios15.0 -enable-bare-slash-regex -g -module-cache-path /Users/runner/Library/Developer/Xcode/DerivedData/ModuleCache.noindex -Xfrontend -serialize-debugging-options -swift-version 5 -I /Users/runner/Library/Developer/Xcode/DerivedData/iosApp-futeksqscqzjpibtkonmeslsyvzw/Build/Intermediates.noindex/ArchiveIntermediates/iosApp/BuildProductsPath/Release-iphoneos -F /Users/runner/Library/Developer/Xcode/DerivedData/iosApp-futeksqscqzjpibtkonmeslsyvzw/Build/Intermediates.noindex/ArchiveIntermediates/iosApp/BuildProductsPath/Release-iphoneos -emit-localized-strings -emit-localized-strings-path /Users/runner/Library/Developer/Xcode/DerivedData/iosApp-futeksqscqzjpibtkonmeslsyvzw/Build/Intermediates.noindex/ArchiveIntermediates/iosApp/IntermediateBuildFilesPath/iosApp.build/Release-iphoneos/iosApp.build/Objects-normal/arm64 -c -num-threads 5 -Xcc -ivfsstatcache -Xcc /Users/runner/Library/Developer/Xcode/DerivedData/SDKStatCaches.noindex/iphoneos17.5-21F77-f0fa7969d082b13145125136a829df3a.sdkstatcache -output-file-map /Users/runner/Library/Developer/Xcode/DerivedData/iosApp-futeksqscqzjpibtkonmeslsyvzw/Build/Intermediates.noindex/ArchiveIntermediates/iosApp/IntermediateBuildFilesPath/iosApp.build/Release-iphoneos/iosApp.build/Objects-normal/arm64/iosApp-OutputFileMap.json -use-frontend-parseable-output -save-temps -no-color-diagnostics -serialize-diagnostics -emit-dependencies -emit-module -emit-module-path /Users/runner/Library/Developer/Xcode/DerivedData/iosApp-futeksqscqzjpibtkonmeslsyvzw/Build/Intermediates.noindex/ArchiveIntermediates/iosApp/IntermediateBuildFilesPath/iosApp.build/Release-iphoneos/iosApp.build/Objects-normal/arm64/iosApp.swiftmodule -validate-clang-modules-once -clang-build-session-file /Users/runner/Library/Developer/Xcode/DerivedData/ModuleCache.noindex/Session.modulevalidation -Xcc -I/Users/runner/Library/Developer/Xcode/DerivedData/iosApp-futeksqscqzjpibtkonmeslsyvzw/Build/Intermediates.noindex/ArchiveIntermediates/iosApp/IntermediateBuildFilesPath/iosApp.build/Release-iphoneos/iosApp.build/swift-overrides.hmap -emit-const-values -Xfrontend -const-gather-protocols-file -Xfrontend /Users/runner/Library/Developer/Xcode/DerivedData/iosApp-futeksqscqzjpibtkonmeslsyvzw/Build/Intermediates.noindex/ArchiveIntermediates/iosApp/IntermediateBuildFilesPath/iosApp.build/Release-iphoneos/iosApp.build/Objects-normal/arm64/iosApp_const_extract_protocols.json -Xcc -iquote -Xcc /Users/runner/Library/Developer/Xcode/DerivedData/iosApp-futeksqscqzjpibtkonmeslsyvzw/Build/Intermediates.noindex/ArchiveIntermediates/iosApp/IntermediateBuildFilesPath/iosApp.build/Release-iphoneos/iosApp.build/iosApp-generated-files.hmap -Xcc -I/Users/runner/Library/Developer/Xcode/DerivedData/iosApp-futeksqscqzjpibtkonmeslsyvzw/Build/Intermediates.noindex/ArchiveIntermediates/iosApp/IntermediateBuildFilesPath/iosApp.build/Release-iphoneos/iosApp.build/iosApp-own-target-headers.hmap -Xcc -I/Users/runner/Library/Developer/Xcode/DerivedData/iosApp-futeksqscqzjpibtkonmeslsyvzw/Build/Intermediates.noindex/ArchiveIntermediates/iosApp/IntermediateBuildFilesPath/iosApp.build/Release-iphoneos/iosApp.build/iosApp-all-target-headers.hmap -Xcc -iquote -Xcc /Users/runner/Library/Developer/Xcode/DerivedData/iosApp-futeksqscqzjpibtkonmeslsyvzw/Build/Intermediates.noindex/ArchiveIntermediates/iosApp/IntermediateBuildFilesPath/iosApp.build/Release-iphoneos/iosApp.build/iosApp-project-headers.hmap -Xcc -I/Users/runner/Library/Developer/Xcode/DerivedData/iosApp-futeksqscqzjpibtkonmeslsyvzw/Build/Intermediates.noindex/ArchiveIntermediates/iosApp/BuildProductsPath/Release-iphoneos/include -Xcc -I/Users/runner/Library/Developer/Xcode/DerivedData/iosApp-futeksqscqzjpibtkonmeslsyvzw/Build/Intermediates.noindex/ArchiveIntermediates/iosApp/IntermediateBuildFilesPath/iosApp.build/Release-iphoneos/iosApp.build/DerivedSources-normal/arm64 -Xcc -I/Users/runner/Library/Developer/Xcode/DerivedData/iosApp-futeksqscqzjpibtkonmeslsyvzw/Build/Intermediates.noindex/ArchiveIntermediates/iosApp/IntermediateBuildFilesPath/iosApp.build/Release-iphoneos/iosApp.build/DerivedSources/arm64 -Xcc -I/Users/runner/Library/Developer/Xcode/DerivedData/iosApp-futeksqscqzjpibtkonmeslsyvzw/Build/Intermediates.noindex/ArchiveIntermediates/iosApp/IntermediateBuildFilesPath/iosApp.build/Release-iphoneos/iosApp.build/DerivedSources -emit-objc-header -emit-objc-header-path /Users/runner/Library/Developer/Xcode/DerivedData/iosApp-futeksqscqzjpibtkonmeslsyvzw/Build/Intermediates.noindex/ArchiveIntermediates/iosApp/IntermediateBuildFilesPath/iosApp.build/Release-iphoneos/iosApp.build/Objects-normal/arm64/iosApp-Swift.h -working-directory /Users/runner/work/iosApp/iosApp -no-emit-module-separately-wmo
2026-09-26T20:18:30.6246420Z 
2026-09-26T20:18:30.6266820Z SwiftCompile normal arm64 Compiling\ iOSApp.swift,\ MainContainerView.swift,\ AppColors.swift,\ UserModels.swift,\ DeviceModels.swift,\ TicketModels.swift,\ AttendanceModels.swift,\ ShiftModels.swift,\ OrganizationModels.swift,\ FirebaseConfig.swift,\ FirestoreHelper.swift,\ AuthService.swift,\ AuthViewModel.swift,\ HomeViewModel.swift,\ DeviceViewModel.swift,\ SupportViewModel.swift,\ AttendanceViewModel.swift,\ ShiftViewModel.swift,\ LoginView.swift,\ AppSidebarDrawer.swift,\ HomeScreenView.swift,\ DeviceListView.swift,\ SupportHubView.swift,\ TicketChatDetailView.swift,\ AttendanceCheckInView.swift,\ ShiftScheduleView.swift,\ PeripheralsView.swift,\ AssetStatisticsView.swift,\ QRScannerView.swift,\ AddDeviceView.swift,\ PrintQrLabelView.swift,\ SystemNotificationsView.swift,\ SystemSettingsView.swift,\ CompanyBannerTickerView.swift,\ AdminViewModel.swift,\ UserManagementView.swift,\ ApproveStaffView.swift,\ DepartmentManagerView.swift,\ UnitRegionManagerView.swift,\ PaywallLicenseView.swift,\ DeviceTypeManagerView.swift,\ SpecialistTeamManagerView.swift,\ SupportRatingReportView.swift,\ OnlineKtvMonitorView.swift,\ StaffSupportView.swift,\ PendingApprovalView.swift,\ AttendanceHistoryView.swift,\ InfoView.swift,\ AttendanceReportView.swift,\ AdminTicketListView.swift,\ HelpView.swift,\ LichSuView.swift,\ SuperAdminPortalView.swift,\ ResetPasswordView.swift,\ GeneratedAssetSymbols.swift /Users/runner/work/iosApp/iosApp/iosApp/iOSApp.swift /Users/runner/work/iosApp/iosApp/iosApp/App/MainContainerView.swift /Users/runner/work/iosApp/iosApp/iosApp/Theme/AppColors.swift /Users/runner/work/iosApp/iosApp/iosApp/Models/UserModels.swift /Users/runner/work/iosApp/iosApp/iosApp/Models/DeviceModels.swift /Users/runner/work/iosApp/iosApp/iosApp/Models/TicketModels.swift /Users/runner/work/iosApp/iosApp/iosApp/Models/AttendanceModels.swift /Users/runner/work/iosApp/iosApp/iosApp/Models/ShiftModels.swift /Users/runner/work/iosApp/iosApp/iosApp/Models/OrganizationModels.swift /Users/runner/work/iosApp/iosApp/iosApp/Services/FirebaseConfig.swift /Users/runner/work/iosApp/iosApp/iosApp/Services/FirestoreHelper.swift /Users/runner/work/iosApp/iosApp/iosApp/Services/AuthService.swift /Users/runner/work/iosApp/iosApp/iosApp/ViewModels/AuthViewModel.swift /Users/runner/work/iosApp/iosApp/iosApp/ViewModels/HomeViewModel.swift /Users/runner/work/iosApp/iosApp/iosApp/ViewModels/DeviceViewModel.swift /Users/runner/work/iosApp/iosApp/iosApp/ViewModels/SupportViewModel.swift /Users/runner/work/iosApp/iosApp/iosApp/ViewModels/AttendanceViewModel.swift /Users/runner/work/iosApp/iosApp/iosApp/ViewModels/ShiftViewModel.swift /Users/runner/work/iosApp/iosApp/iosApp/Views/Screens/Auth/LoginView.swift /Users/runner/work/iosApp/iosApp/iosApp/Views/Screens/Home/AppSidebarDrawer.swift /Users/runner/work/iosApp/iosApp/iosApp/Views/Screens/Home/HomeScreenView.swift /Users/runner/work/iosApp/iosApp/iosApp/Views/Screens/Devices/DeviceListView.swift /Users/runner/work/iosApp/iosApp/iosApp/Views/Screens/Support/SupportHubView.swift /Users/runner/work/iosApp/iosApp/iosApp/Views/Screens/Support/TicketChatDetailView.swift /Users/runner/work/iosApp/iosApp/iosApp/Views/Screens/Attendance/AttendanceCheckInView.swift /Users/runner/work/iosApp/iosApp/iosApp/Views/Screens/Shift/ShiftScheduleView.swift /Users/runner/work/iosApp/iosApp/iosApp/Views/Screens/Peripherals/PeripheralsView.swift /Users/runner/work/iosApp/iosApp/iosApp/Views/Screens/Statistics/AssetStatisticsView.swift /Users/runner/work/iosApp/iosApp/iosApp/Views/Screens/Scanner/QRScannerView.swift /Users/runner/work/iosApp/iosApp/iosApp/Views/Screens/Devices/AddDeviceView.swift /Users/runner/work/iosApp/iosApp/iosApp/Views/Screens/Devices/PrintQrLabelView.swift /Users/runner/work/iosApp/iosApp/iosApp/Views/Screens/Notifications/SystemNotificationsView.swift /Users/runner/work/iosApp/iosApp/iosApp/Views/Screens/Settings/SystemSettingsView.swift /Users/runner/work/iosApp/iosApp/iosApp/Views/Components/CompanyBannerTickerView.swift /Users/runner/work/iosApp/iosApp/iosApp/ViewModels/AdminViewModel.swift /Users/runner/work/iosApp/iosApp/iosApp/Views/Screens/Admin/UserManagementView.swift /Users/runner/work/iosApp/iosApp/iosApp/Views/Screens/Admin/ApproveStaffView.swift /Users/runner/work/iosApp/iosApp/iosApp/Views/Screens/Admin/DepartmentManagerView.swift /Users/runner/work/iosApp/iosApp/iosApp/Views/Screens/Admin/UnitRegionManagerView.swift /Users/runner/work/iosApp/iosApp/iosApp/Views/Screens/Admin/PaywallLicenseView.swift /Users/runner/work/iosApp/iosApp/iosApp/Views/Screens/Devices/DeviceTypeManagerView.swift /Users/runner/work/iosApp/iosApp/iosApp/Views/Screens/Support/SpecialistTeamManagerView.swift /Users/runner/work/iosApp/iosApp/iosApp/Views/Screens/Support/SupportRatingReportView.swift /Users/runner/work/iosApp/iosApp/iosApp/Views/Screens/Support/OnlineKtvMonitorView.swift /Users/runner/work/iosApp/iosApp/iosApp/Views/Screens/Support/StaffSupportView.swift /Users/runner/work/iosApp/iosApp/iosApp/Views/Screens/Auth/PendingApprovalView.swift /Users/runner/work/iosApp/iosApp/iosApp/Views/Screens/Attendance/AttendanceHistoryView.swift /Users/runner/work/iosApp/iosApp/iosApp/App/InfoView.swift /Users/runner/work/iosApp/iosApp/iosApp/Views/Screens/Attendance/AttendanceReportView.swift /Users/runner/work/iosApp/iosApp/iosApp/Views/Screens/Admin/AdminTicketListView.swift /Users/runner/work/iosApp/iosApp/iosApp/App/HelpView.swift /Users/runner/work/iosApp/iosApp/iosApp/Views/Screens/Devices/LichSuView.swift /Users/runner/work/iosApp/iosApp/iosApp/Views/Screens/Admin/SuperAdminPortalView.swift /Users/runner/work/iosApp/iosApp/iosApp/Views/Screens/Auth/ResetPasswordView.swift /Users/runner/Library/Developer/Xcode/DerivedData/iosApp-futeksqscqzjpibtkonmeslsyvzw/Build/Intermediates.noindex/ArchiveIntermediates/iosApp/IntermediateBuildFilesPath/iosApp.build/Release-iphoneos/iosApp.build/DerivedSources/GeneratedAssetSymbols.swift (in target 'iosApp' from project 'iosApp')
2026-09-26T20:18:30.6283150Z     cd /Users/runner/work/iosApp/iosApp
2026-09-26T20:18:30.6368710Z     builtin-swiftTaskExecution -- /Applications/Xcode_15.4.app/Contents/Developer/Toolchains/XcodeDefault.xctoolchain/usr/bin/swift-frontend -frontend -c /Users/runner/work/iosApp/iosApp/iosApp/iOSApp.swift /Users/runner/work/iosApp/iosApp/iosApp/App/MainContainerView.swift /Users/runner/work/iosApp/iosApp/iosApp/Theme/AppColors.swift /Users/runner/work/iosApp/iosApp/iosApp/Models/UserModels.swift /Users/runner/work/iosApp/iosApp/iosApp/Models/DeviceModels.swift /Users/runner/work/iosApp/iosApp/iosApp/Models/TicketModels.swift /Users/runner/work/iosApp/iosApp/iosApp/Models/AttendanceModels.swift /Users/runner/work/iosApp/iosApp/iosApp/Models/ShiftModels.swift /Users/runner/work/iosApp/iosApp/iosApp/Models/OrganizationModels.swift /Users/runner/work/iosApp/iosApp/iosApp/Services/FirebaseConfig.swift /Users/runner/work/iosApp/iosApp/iosApp/Services/FirestoreHelper.swift /Users/runner/work/iosApp/iosApp/iosApp/Services/AuthService.swift /Users/runner/work/iosApp/iosApp/iosApp/ViewModels/AuthViewModel.swift /Users/runner/work/iosApp/iosApp/iosApp/ViewModels/HomeViewModel.swift /Users/runner/work/iosApp/iosApp/iosApp/ViewModels/DeviceViewModel.swift /Users/runner/work/iosApp/iosApp/iosApp/ViewModels/SupportViewModel.swift /Users/runner/work/iosApp/iosApp/iosApp/ViewModels/AttendanceViewModel.swift /Users/runner/work/iosApp/iosApp/iosApp/ViewModels/ShiftViewModel.swift /Users/runner/work/iosApp/iosApp/iosApp/Views/Screens/Auth/LoginView.swift /Users/runner/work/iosApp/iosApp/iosApp/Views/Screens/Home/AppSidebarDrawer.swift /Users/runner/work/iosApp/iosApp/iosApp/Views/Screens/Home/HomeScreenView.swift /Users/runner/work/iosApp/iosApp/iosApp/Views/Screens/Devices/DeviceListView.swift /Users/runner/work/iosApp/iosApp/iosApp/Views/Screens/Support/SupportHubView.swift /Users/runner/work/iosApp/iosApp/iosApp/Views/Screens/Support/TicketChatDetailView.swift /Users/runner/work/iosApp/iosApp/iosApp/Views/Screens/Attendance/AttendanceCheckInView.swift /Users/runner/work/iosApp/iosApp/iosApp/Views/Screens/Shift/ShiftScheduleView.swift /Users/runner/work/iosApp/iosApp/iosApp/Views/Screens/Peripherals/PeripheralsView.swift /Users/runner/work/iosApp/iosApp/iosApp/Views/Screens/Statistics/AssetStatisticsView.swift /Users/runner/work/iosApp/iosApp/iosApp/Views/Screens/Scanner/QRScannerView.swift /Users/runner/work/iosApp/iosApp/iosApp/Views/Screens/Devices/AddDeviceView.swift /Users/runner/work/iosApp/iosApp/iosApp/Views/Screens/Devices/PrintQrLabelView.swift /Users/runner/work/iosApp/iosApp/iosApp/Views/Screens/Notifications/SystemNotificationsView.swift /Users/runner/work/iosApp/iosApp/iosApp/Views/Screens/Settings/SystemSettingsView.swift /Users/runner/work/iosApp/iosApp/iosApp/Views/Components/CompanyBannerTickerView.swift /Users/runner/work/iosApp/iosApp/iosApp/ViewModels/AdminViewModel.swift /Users/runner/work/iosApp/iosApp/iosApp/Views/Screens/Admin/UserManagementView.swift /Users/runner/work/iosApp/iosApp/iosApp/Views/Screens/Admin/ApproveStaffView.swift /Users/runner/work/iosApp/iosApp/iosApp/Views/Screens/Admin/DepartmentManagerView.swift /Users/runner/work/iosApp/iosApp/iosApp/Views/Screens/Admin/UnitRegionManagerView.swift /Users/runner/work/iosApp/iosApp/iosApp/Views/Screens/Admin/PaywallLicenseView.swift /Users/runner/work/iosApp/iosApp/iosApp/Views/Screens/Devices/DeviceTypeManagerView.swift /Users/runner/work/iosApp/iosApp/iosApp/Views/Screens/Support/SpecialistTeamManagerView.swift /Users/runner/work/iosApp/iosApp/iosApp/Views/Screens/Support/SupportRatingReportView.swift /Users/runner/work/iosApp/iosApp/iosApp/Views/Screens/Support/OnlineKtvMonitorView.swift /Users/runner/work/iosApp/iosApp/iosApp/Views/Screens/Support/StaffSupportView.swift /Users/runner/work/iosApp/iosApp/iosApp/Views/Screens/Auth/PendingApprovalView.swift /Users/runner/work/iosApp/iosApp/iosApp/Views/Screens/Attendance/AttendanceHistoryView.swift /Users/runner/work/iosApp/iosApp/iosApp/App/InfoView.swift /Users/runner/work/iosApp/iosApp/iosApp/Views/Screens/Attendance/AttendanceReportView.swift /Users/runner/work/iosApp/iosApp/iosApp/Views/Screens/Admin/AdminTicketListView.swift /Users/runner/work/iosApp/iosApp/iosApp/App/HelpView.swift /Users/runner/work/iosApp/iosApp/iosApp/Views/Screens/Devices/LichSuView.swift /Users/runner/work/iosApp/iosApp/iosApp/Views/Screens/Admin/SuperAdminPortalView.swift /Users/runner/work/iosApp/iosApp/iosApp/Views/Screens/Auth/ResetPasswordView.swift /Users/runner/Library/Developer/Xcode/DerivedData/iosApp-futeksqscqzjpibtkonmeslsyvzw/Build/Intermediates.noindex/ArchiveIntermediates/iosApp/IntermediateBuildFilesPath/iosApp.build/Release-iphoneos/iosApp.build/DerivedSources/GeneratedAssetSymbols.swift -supplementary-output-file-map /Users/runner/Library/Developer/Xcode/DerivedData/iosApp-futeksqscqzjpibtkonmeslsyvzw/Build/Intermediates.noindex/ArchiveIntermediates/iosApp/IntermediateBuildFilesPath/iosApp.build/Release-iphoneos/iosApp.build/Objects-normal/arm64/supplementaryOutputs-1 -emit-localized-strings -emit-localized-strings-path /Users/runner/Library/Developer/Xcode/DerivedData/iosApp-futeksqscqzjpibtkonmeslsyvzw/Build/Intermediates.noindex/ArchiveIntermediates/iosApp/IntermediateBuildFilesPath/iosApp.build/Release-iphoneos/iosApp.build/Objects-normal/arm64 -target arm64-apple-ios15.0 -Xllvm -aarch64-use-tbi -enable-objc-interop -stack-check -sdk /Applications/Xcode_15.4.app/Contents/Developer/Platforms/iPhoneOS.platform/Developer/SDKs/iPhoneOS17.5.sdk -I /Users/runner/Library/Developer/Xcode/DerivedData/iosApp-futeksqscqzjpibtkonmeslsyvzw/Build/Intermediates.noindex/ArchiveIntermediates/iosApp/BuildProductsPath/Release-iphoneos -F /Users/runner/Library/Developer/Xcode/DerivedData/iosApp-futeksqscqzjpibtkonmeslsyvzw/Build/Intermediates.noindex/ArchiveIntermediates/iosApp/BuildProductsPath/Release-iphoneos -no-color-diagnostics -g -module-cache-path /Users/runner/Library/Developer/Xcode/DerivedData/ModuleCache.noindex -swift-version 5 -enforce-exclusivity\=checked -O -serialize-debugging-options -const-gather-protocols-file /Users/runner/Library/Developer/Xcode/DerivedData/iosApp-futeksqscqzjpibtkonmeslsyvzw/Build/Intermediates.noindex/ArchiveIntermediates/iosApp/IntermediateBuildFilesPath/iosApp.build/Release-iphoneos/iosApp.build/Objects-normal/arm64/iosApp_const_extract_protocols.json -enable-bare-slash-regex -empty-abi-descriptor -validate-clang-modules-once -clang-build-session-file /Users/runner/Library/Developer/Xcode/DerivedData/ModuleCache.noindex/Session.modulevalidation -Xcc -working-directory -Xcc /Users/runner/work/iosApp/iosApp -resource-dir /Applications/Xcode_15.4.app/Contents/Developer/Toolchains/XcodeDefault.xctoolchain/usr/lib/swift -Xcc -ivfsstatcache -Xcc /Users/runner/Library/Developer/Xcode/DerivedData/SDKStatCaches.noindex/iphoneos17.5-21F77-f0fa7969d082b13145125136a829df3a.sdkstatcache -Xcc -I/Users/runner/Library/Developer/Xcode/DerivedData/iosApp-futeksqscqzjpibtkonmeslsyvzw/Build/Intermediates.noindex/ArchiveIntermediates/iosApp/IntermediateBuildFilesPath/iosApp.build/Release-iphoneos/iosApp.build/swift-overrides.hmap -Xcc -iquote -Xcc /Users/runner/Library/Developer/Xcode/DerivedData/iosApp-futeksqscqzjpibtkonmeslsyvzw/Build/Intermediates.noindex/ArchiveIntermediates/iosApp/IntermediateBuildFilesPath/iosApp.build/Release-iphoneos/iosApp.build/iosApp-generated-files.hmap -Xcc -I/Users/runner/Library/Developer/Xcode/DerivedData/iosApp-futeksqscqzjpibtkonmeslsyvzw/Build/Intermediates.noindex/ArchiveIntermediates/iosApp/IntermediateBuildFilesPath/iosApp.build/Release-iphoneos/iosApp.build/iosApp-own-target-headers.hmap -Xcc -I/Users/runner/Library/Developer/Xcode/DerivedData/iosApp-futeksqscqzjpibtkonmeslsyvzw/Build/Intermediates.noindex/ArchiveIntermediates/iosApp/IntermediateBuildFilesPath/iosApp.build/Release-iphoneos/iosApp.build/iosApp-all-target-headers.hmap -Xcc -iquote -Xcc /Users/runner/Library/Developer/Xcode/DerivedData/iosApp-futeksqscqzjpibtkonmeslsyvzw/Build/Intermediates.noindex/ArchiveIntermediates/iosApp/IntermediateBuildFilesPath/iosApp.build/Release-iphoneos/iosApp.build/iosApp-project-headers.hmap -Xcc -I/Users/runner/Library/Developer/Xcode/DerivedData/iosApp-futeksqscqzjpibtkonmeslsyvzw/Build/Intermediates.noindex/ArchiveIntermediates/iosApp/BuildProductsPath/Release-iphoneos/include -Xcc -I/Users/runner/Library/Developer/Xcode/DerivedData/iosApp-futeksqscqzjpibtkonmeslsyvzw/Build/Intermediates.noindex/ArchiveIntermediates/iosApp/IntermediateBuildFilesPath/iosApp.build/Release-iphoneos/iosApp.build/DerivedSources-normal/arm64 -Xcc -I/Users/runner/Library/Developer/Xcode/DerivedData/iosApp-futeksqscqzjpibtkonmeslsyvzw/Build/Intermediates.noindex/ArchiveIntermediates/iosApp/IntermediateBuildFilesPath/iosApp.build/Release-iphoneos/iosApp.build/DerivedSources/arm64 -Xcc -I/Users/runner/Library/Developer/Xcode/DerivedData/iosApp-futeksqscqzjpibtkonmeslsyvzw/Build/Intermediates.noindex/ArchiveIntermediates/iosApp/IntermediateBuildFilesPath/iosApp.build/Release-iphoneos/iosApp.build/DerivedSources -module-name iosApp -frontend-parseable-output -disable-clang-spi -target-sdk-version 17.5 -target-sdk-name iphoneos17.5 -external-plugin-path /Applications/Xcode_15.4.app/Contents/Developer/Platforms/iPhoneOS.platform/Developer/SDKs/iPhoneOS17.5.sdk/usr/lib/swift/host/plugins\#/Applications/Xcode_15.4.app/Contents/Developer/Platforms/iPhoneOS.platform/Developer/SDKs/iPhoneOS17.5.sdk/usr/bin/swift-plugin-server -external-plugin-path /Applications/Xcode_15.4.app/Contents/Developer/Platforms/iPhoneOS.platform/Developer/SDKs/iPhoneOS17.5.sdk/usr/local/lib/swift/host/plugins\#/Applications/Xcode_15.4.app/Contents/Developer/Platforms/iPhoneOS.platform/Developer/SDKs/iPhoneOS17.5.sdk/usr/bin/swift-plugin-server -external-plugin-path /Applications/Xcode_15.4.app/Contents/Developer/Platforms/iPhoneOS.platform/Developer/usr/lib/swift/host/plugins\#/Applications/Xcode_15.4.app/Contents/Developer/Platforms/iPhoneOS.platform/Developer/usr/bin/swift-plugin-server -external-plugin-path /Applications/Xcode_15.4.app/Contents/Developer/Platforms/iPhoneOS.platform/Developer/usr/local/lib/swift/host/plugins\#/Applications/Xcode_15.4.app/Contents/Developer/Platforms/iPhoneOS.platform/Developer/usr/bin/swift-plugin-server -plugin-path /Applications/Xcode_15.4.app/Contents/Developer/Toolchains/XcodeDefault.xctoolchain/usr/lib/swift/host/plugins -plugin-path /Applications/Xcode_15.4.app/Contents/Developer/Toolchains/XcodeDefault.xctoolchain/usr/local/lib/swift/host/plugins -enable-default-cmo -num-threads 5 -o /Users/runner/Library/Developer/Xcode/DerivedData/iosApp-futeksqscqzjpibtkonmeslsyvzw/Build/Intermediates.noindex/ArchiveIntermediates/iosApp/IntermediateBuildFilesPath/iosApp.build/Release-iphoneos/iosApp.build/Objects-normal/arm64/iOSApp.o -o /Users/runner/Library/Developer/Xcode/DerivedData/iosApp-futeksqscqzjpibtkonmeslsyvzw/Build/Intermediates.noindex/ArchiveIntermediates/iosApp/IntermediateBuildFilesPath/iosApp.build/Release-iphoneos/iosApp.build/Objects-normal/arm64/MainContainerView.o -o /Users/runner/Library/Developer/Xcode/DerivedData/iosApp-futeksqscqzjpibtkonmeslsyvzw/Build/Intermediates.noindex/ArchiveIntermediates/iosApp/IntermediateBuildFilesPath/iosApp.build/Release-iphoneos/iosApp.build/Objects-normal/arm64/AppColors.o -o /Users/runner/Library/Developer/Xcode/DerivedData/iosApp-futeksqscqzjpibtkonmeslsyvzw/Build/Intermediates.noindex/ArchiveIntermediates/iosApp/IntermediateBuildFilesPath/iosApp.build/Release-iphoneos/iosApp.build/Objects-normal/arm64/UserModels.o -o /Users/runner/Library/Developer/Xcode/DerivedData/iosApp-futeksqscqzjpibtkonmeslsyvzw/Build/Intermediates.noindex/ArchiveIntermediates/iosApp/IntermediateBuildFilesPath/iosApp.build/Release-iphoneos/iosApp.build/Objects-normal/arm64/DeviceModels.o -o /Users/runner/Library/Developer/Xcode/DerivedData/iosApp-futeksqscqzjpibtkonmeslsyvzw/Build/Intermediates.noindex/ArchiveIntermediates/iosApp/IntermediateBuildFilesPath/iosApp.build/Release-iphoneos/iosApp.build/Objects-normal/arm64/TicketModels.o -o /Users/runner/Library/Developer/Xcode/DerivedData/iosApp-futeksqscqzjpibtkonmeslsyvzw/Build/Intermediates.noindex/ArchiveIntermediates/iosApp/IntermediateBuildFilesPath/iosApp.build/Release-iphoneos/iosApp.build/Objects-normal/arm64/AttendanceModels.o -o /Users/runner/Library/Developer/Xcode/DerivedData/iosApp-futeksqscqzjpibtkonmeslsyvzw/Build/Intermediates.noindex/ArchiveIntermediates/iosApp/IntermediateBuildFilesPath/iosApp.build/Release-iphoneos/iosApp.build/Objects-normal/arm64/ShiftModels.o -o /Users/runner/Library/Developer/Xcode/DerivedData/iosApp-futeksqscqzjpibtkonmeslsyvzw/Build/Intermediates.noindex/ArchiveIntermediates/iosApp/IntermediateBuildFilesPath/iosApp.build/Release-iphoneos/iosApp.build/Objects-normal/arm64/OrganizationModels.o -o /Users/runner/Library/Developer/Xcode/DerivedData/iosApp-futeksqscqzjpibtkonmeslsyvzw/Build/Intermediates.noindex/ArchiveIntermediates/iosApp/IntermediateBuildFilesPath/iosApp.build/Release-iphoneos/iosApp.build/Objects-normal/arm64/FirebaseConfig.o -o /Users/runner/Library/Developer/Xcode/DerivedData/iosApp-futeksqscqzjpibtkonmeslsyvzw/Build/Intermediates.noindex/ArchiveIntermediates/iosApp/IntermediateBuildFilesPath/iosApp.build/Release-iphoneos/iosApp.build/Objects-normal/arm64/FirestoreHelper.o -o /Users/runner/Library/Developer/Xcode/DerivedData/iosApp-futeksqscqzjpibtkonmeslsyvzw/Build/Intermediates.noindex/ArchiveIntermediates/iosApp/IntermediateBuildFilesPath/iosApp.build/Release-iphoneos/iosApp.build/Objects-normal/arm64/AuthService.o -o /Users/runner/Library/Developer/Xcode/DerivedData/iosApp-futeksqscqzjpibtkonmeslsyvzw/Build/Intermediates.noindex/ArchiveIntermediates/iosApp/IntermediateBuildFilesPath/iosApp.build/Release-iphoneos/iosApp.build/Objects-normal/arm64/AuthViewModel.o -o /Users/runner/Library/Developer/Xcode/DerivedData/iosApp-futeksqscqzjpibtkonmeslsyvzw/Build/Intermediates.noindex/ArchiveIntermediates/iosApp/IntermediateBuildFilesPath/iosApp.build/Release-iphoneos/iosApp.build/Objects-normal/arm64/HomeViewModel.o -o /Users/runner/Library/Developer/Xcode/DerivedData/iosApp-futeksqscqzjpibtkonmeslsyvzw/Build/Intermediates.noindex/ArchiveIntermediates/iosApp/IntermediateBuildFilesPath/iosApp.build/Release-iphoneos/iosApp.build/Objects-normal/arm64/DeviceViewModel.o -o /Users/runner/Library/Developer/Xcode/DerivedData/iosApp-futeksqscqzjpibtkonmeslsyvzw/Build/Intermediates.noindex/ArchiveIntermediates/iosApp/IntermediateBuildFilesPath/iosApp.build/Release-iphoneos/iosApp.build/Objects-normal/arm64/SupportViewModel.o -o /Users/runner/Library/Developer/Xcode/DerivedData/iosApp-futeksqscqzjpibtkonmeslsyvzw/Build/Intermediates.noindex/ArchiveIntermediates/iosApp/IntermediateBuildFilesPath/iosApp.build/Release-iphoneos/iosApp.build/Objects-normal/arm64/AttendanceViewModel.o -o /Users/runner/Library/Developer/Xcode/DerivedData/iosApp-futeksqscqzjpibtkonmeslsyvzw/Build/Intermediates.noindex/ArchiveIntermediates/iosApp/IntermediateBuildFilesPath/iosApp.build/Release-iphoneos/iosApp.build/Objects-normal/arm64/ShiftViewModel.o -o /Users/runner/Library/Developer/Xcode/DerivedData/iosApp-futeksqscqzjpibtkonmeslsyvzw/Build/Intermediates.noindex/ArchiveIntermediates/iosApp/IntermediateBuildFilesPath/iosApp.build/Release-iphoneos/iosApp.build/Objects-normal/arm64/LoginView.o -o /Users/runner/Library/Developer/Xcode/DerivedData/iosApp-futeksqscqzjpibtkonmeslsyvzw/Build/Intermediates.noindex/ArchiveIntermediates/iosApp/IntermediateBuildFilesPath/iosApp.build/Release-iphoneos/iosApp.build/Objects-normal/arm64/AppSidebarDrawer.o -o /Users/runner/Library/Developer/Xcode/DerivedData/iosApp-futeksqscqzjpibtkonmeslsyvzw/Build/Intermediates.noindex/ArchiveIntermediates/iosApp/IntermediateBuildFilesPath/iosApp.build/Release-iphoneos/iosApp.build/Objects-normal/arm64/HomeScreenView.o -o /Users/runner/Library/Developer/Xcode/DerivedData/iosApp-futeksqscqzjpibtkonmeslsyvzw/Build/Intermediates.noindex/ArchiveIntermediates/iosApp/IntermediateBuildFilesPath/iosApp.build/Release-iphoneos/iosApp.build/Objects-normal/arm64/DeviceListView.o -o /Users/runner/Library/Developer/Xcode/DerivedData/iosApp-futeksqscqzjpibtkonmeslsyvzw/Build/Intermediates.noindex/ArchiveIntermediates/iosApp/IntermediateBuildFilesPath/iosApp.build/Release-iphoneos/iosApp.build/Objects-normal/arm64/SupportHubView.o -o /Users/runner/Library/Developer/Xcode/DerivedData/iosApp-futeksqscqzjpibtkonmeslsyvzw/Build/Intermediates.noindex/ArchiveIntermediates/iosApp/IntermediateBuildFilesPath/iosApp.build/Release-iphoneos/iosApp.build/Objects-normal/arm64/TicketChatDetailView.o -o /Users/runner/Library/Developer/Xcode/DerivedData/iosApp-futeksqscqzjpibtkonmeslsyvzw/Build/Intermediates.noindex/ArchiveIntermediates/iosApp/IntermediateBuildFilesPath/iosApp.build/Release-iphoneos/iosApp.build/Objects-normal/arm64/AttendanceCheckInView.o -o /Users/runner/Library/Developer/Xcode/DerivedData/iosApp-futeksqscqzjpibtkonmeslsyvzw/Build/Intermediates.noindex/ArchiveIntermediates/iosApp/IntermediateBuildFilesPath/iosApp.build/Release-iphoneos/iosApp.build/Objects-normal/arm64/ShiftScheduleView.o -o /Users/runner/Library/Developer/Xcode/DerivedData/iosApp-futeksqscqzjpibtkonmeslsyvzw/Build/Intermediates.noindex/ArchiveIntermediates/iosApp/IntermediateBuildFilesPath/iosApp.build/Release-iphoneos/iosApp.build/Objects-normal/arm64/PeripheralsView.o -o /Users/runner/Library/Developer/Xcode/DerivedData/iosApp-futeksqscqzjpibtkonmeslsyvzw/Build/Intermediates.noindex/ArchiveIntermediates/iosApp/IntermediateBuildFilesPath/iosApp.build/Release-iphoneos/iosApp.build/Objects-normal/arm64/AssetStatisticsView.o -o /Users/runner/Library/Developer/Xcode/DerivedData/iosApp-futeksqscqzjpibtkonmeslsyvzw/Build/Intermediates.noindex/ArchiveIntermediates/iosApp/IntermediateBuildFilesPath/iosApp.build/Release-iphoneos/iosApp.build/Objects-normal/arm64/QRScannerView.o -o /Users/runner/Library/Developer/Xcode/DerivedData/iosApp-futeksqscqzjpibtkonmeslsyvzw/Build/Intermediates.noindex/ArchiveIntermediates/iosApp/IntermediateBuildFilesPath/iosApp.build/Release-iphoneos/iosApp.build/Objects-normal/arm64/AddDeviceView.o -o /Users/runner/Library/Developer/Xcode/DerivedData/iosApp-futeksqscqzjpibtkonmeslsyvzw/Build/Intermediates.noindex/ArchiveIntermediates/iosApp/IntermediateBuildFilesPath/iosApp.build/Release-iphoneos/iosApp.build/Objects-normal/arm64/PrintQrLabelView.o -o /Users/runner/Library/Developer/Xcode/DerivedData/iosApp-futeksqscqzjpibtkonmeslsyvzw/Build/Intermediates.noindex/ArchiveIntermediates/iosApp/IntermediateBuildFilesPath/iosApp.build/Release-iphoneos/iosApp.build/Objects-normal/arm64/SystemNotificationsView.o -o /Users/runner/Library/Developer/Xcode/DerivedData/iosApp-futeksqscqzjpibtkonmeslsyvzw/Build/Intermediates.noindex/ArchiveIntermediates/iosApp/IntermediateBuildFilesPath/iosApp.build/Release-iphoneos/iosApp.build/Objects-normal/arm64/SystemSettingsView.o -o /Users/runner/Library/Developer/Xcode/DerivedData/iosApp-futeksqscqzjpibtkonmeslsyvzw/Build/Intermediates.noindex/ArchiveIntermediates/iosApp/IntermediateBuildFilesPath/iosApp.build/Release-iphoneos/iosApp.build/Objects-normal/arm64/CompanyBannerTickerView.o -o /Users/runner/Library/Developer/Xcode/DerivedData/iosApp-futeksqscqzjpibtkonmeslsyvzw/Build/Intermediates.noindex/ArchiveIntermediates/iosApp/IntermediateBuildFilesPath/iosApp.build/Release-iphoneos/iosApp.build/Objects-normal/arm64/AdminViewModel.o -o /Users/runner/Library/Developer/Xcode/DerivedData/iosApp-futeksqscqzjpibtkonmeslsyvzw/Build/Intermediates.noindex/ArchiveIntermediates/iosApp/IntermediateBuildFilesPath/iosApp.build/Release-iphoneos/iosApp.build/Objects-normal/arm64/UserManagementView.o -o /Users/runner/Library/Developer/Xcode/DerivedData/iosApp-futeksqscqzjpibtkonmeslsyvzw/Build/Intermediates.noindex/ArchiveIntermediates/iosApp/IntermediateBuildFilesPath/iosApp.build/Release-iphoneos/iosApp.build/Objects-normal/arm64/ApproveStaffView.o -o /Users/runner/Library/Developer/Xcode/DerivedData/iosApp-futeksqscqzjpibtkonmeslsyvzw/Build/Intermediates.noindex/ArchiveIntermediates/iosApp/IntermediateBuildFilesPath/iosApp.build/Release-iphoneos/iosApp.build/Objects-normal/arm64/DepartmentManagerView.o -o /Users/runner/Library/Developer/Xcode/DerivedData/iosApp-futeksqscqzjpibtkonmeslsyvzw/Build/Intermediates.noindex/ArchiveIntermediates/iosApp/IntermediateBuildFilesPath/iosApp.build/Release-iphoneos/iosApp.build/Objects-normal/arm64/UnitRegionManagerView.o -o /Users/runner/Library/Developer/Xcode/DerivedData/iosApp-futeksqscqzjpibtkonmeslsyvzw/Build/Intermediates.noindex/ArchiveIntermediates/iosApp/IntermediateBuildFilesPath/iosApp.build/Release-iphoneos/iosApp.build/Objects-normal/arm64/PaywallLicenseView.o -o /Users/runner/Library/Developer/Xcode/DerivedData/iosApp-futeksqscqzjpibtkonmeslsyvzw/Build/Intermediates.noindex/ArchiveIntermediates/iosApp/IntermediateBuildFilesPath/iosApp.build/Release-iphoneos/iosApp.build/Objects-normal/arm64/DeviceTypeManagerView.o -o /Users/runner/Library/Developer/Xcode/DerivedData/iosApp-futeksqscqzjpibtkonmeslsyvzw/Build/Intermediates.noindex/ArchiveIntermediates/iosApp/IntermediateBuildFilesPath/iosApp.build/Release-iphoneos/iosApp.build/Objects-normal/arm64/SpecialistTeamManagerView.o -o /Users/runner/Library/Developer/Xcode/DerivedData/iosApp-futeksqscqzjpibtkonmeslsyvzw/Build/Intermediates.noindex/ArchiveIntermediates/iosApp/IntermediateBuildFilesPath/iosApp.build/Release-iphoneos/iosApp.build/Objects-normal/arm64/SupportRatingReportView.o -o /Users/runner/Library/Developer/Xcode/DerivedData/iosApp-futeksqscqzjpibtkonmeslsyvzw/Build/Intermediates.noindex/ArchiveIntermediates/iosApp/IntermediateBuildFilesPath/iosApp.build/Release-iphoneos/iosApp.build/Objects-normal/arm64/OnlineKtvMonitorView.o -o /Users/runner/Library/Developer/Xcode/DerivedData/iosApp-futeksqscqzjpibtkonmeslsyvzw/Build/Intermediates.noindex/ArchiveIntermediates/iosApp/IntermediateBuildFilesPath/iosApp.build/Release-iphoneos/iosApp.build/Objects-normal/arm64/StaffSupportView.o -o /Users/runner/Library/Developer/Xcode/DerivedData/iosApp-futeksqscqzjpibtkonmeslsyvzw/Build/Intermediates.noindex/ArchiveIntermediates/iosApp/IntermediateBuildFilesPath/iosApp.build/Release-iphoneos/iosApp.build/Objects-normal/arm64/PendingApprovalView.o -o /Users/runner/Library/Developer/Xcode/DerivedData/iosApp-futeksqscqzjpibtkonmeslsyvzw/Build/Intermediates.noindex/ArchiveIntermediates/iosApp/IntermediateBuildFilesPath/iosApp.build/Release-iphoneos/iosApp.build/Objects-normal/arm64/AttendanceHistoryView.o -o /Users/runner/Library/Developer/Xcode/DerivedData/iosApp-futeksqscqzjpibtkonmeslsyvzw/Build/Intermediates.noindex/ArchiveIntermediates/iosApp/IntermediateBuildFilesPath/iosApp.build/Release-iphoneos/iosApp.build/Objects-normal/arm64/InfoView.o -o /Users/runner/Library/Developer/Xcode/DerivedData/iosApp-futeksqscqzjpibtkonmeslsyvzw/Build/Intermediates.noindex/ArchiveIntermediates/iosApp/IntermediateBuildFilesPath/iosApp.build/Release-iphoneos/iosApp.build/Objects-normal/arm64/AttendanceReportView.o -o /Users/runner/Library/Developer/Xcode/DerivedData/iosApp-futeksqscqzjpibtkonmeslsyvzw/Build/Intermediates.noindex/ArchiveIntermediates/iosApp/IntermediateBuildFilesPath/iosApp.build/Release-iphoneos/iosApp.build/Objects-normal/arm64/AdminTicketListView.o -o /Users/runner/Library/Developer/Xcode/DerivedData/iosApp-futeksqscqzjpibtkonmeslsyvzw/Build/Intermediates.noindex/ArchiveIntermediates/iosApp/IntermediateBuildFilesPath/iosApp.build/Release-iphoneos/iosApp.build/Objects-normal/arm64/HelpView.o -o /Users/runner/Library/Developer/Xcode/DerivedData/iosApp-futeksqscqzjpibtkonmeslsyvzw/Build/Intermediates.noindex/ArchiveIntermediates/iosApp/IntermediateBuildFilesPath/iosApp.build/Release-iphoneos/iosApp.build/Objects-normal/arm64/LichSuView.o -o /Users/runner/Library/Developer/Xcode/DerivedData/iosApp-futeksqscqzjpibtkonmeslsyvzw/Build/Intermediates.noindex/ArchiveIntermediates/iosApp/IntermediateBuildFilesPath/iosApp.build/Release-iphoneos/iosApp.build/Objects-normal/arm64/SuperAdminPortalView.o -o /Users/runner/Library/Developer/Xcode/DerivedData/iosApp-futeksqscqzjpibtkonmeslsyvzw/Build/Intermediates.noindex/ArchiveIntermediates/iosApp/IntermediateBuildFilesPath/iosApp.build/Release-iphoneos/iosApp.build/Objects-normal/arm64/ResetPasswordView.o -o /Users/runner/Library/Developer/Xcode/DerivedData/iosApp-futeksqscqzjpibtkonmeslsyvzw/Build/Intermediates.noindex/ArchiveIntermediates/iosApp/IntermediateBuildFilesPath/iosApp.build/Release-iphoneos/iosApp.build/Objects-normal/arm64/GeneratedAssetSymbols.o -index-unit-output-path /iosApp.build/Release-iphoneos/iosApp.build/Objects-normal/arm64/iOSApp.o -index-unit-output-path /iosApp.build/Release-iphoneos/iosApp.build/Objects-normal/arm64/MainContainerView.o -index-unit-output-path /iosApp.build/Release-iphoneos/iosApp.build/Objects-normal/arm64/AppColors.o -index-unit-output-path /iosApp.build/Release-iphoneos/iosApp.build/Objects-normal/arm64/UserModels.o -index-unit-output-path /iosApp.build/Release-iphoneos/iosApp.build/Objects-normal/arm64/DeviceModels.o -index-unit-output-path /iosApp.build/Release-iphoneos/iosApp.build/Objects-normal/arm64/TicketModels.o -index-unit-output-path /iosApp.build/Release-iphoneos/iosApp.build/Objects-normal/arm64/AttendanceModels.o -index-unit-output-path /iosApp.build/Release-iphoneos/iosApp.build/Objects-normal/arm64/ShiftModels.o -index-unit-output-path /iosApp.build/Release-iphoneos/iosApp.build/Objects-normal/arm64/OrganizationModels.o -index-unit-output-path /iosApp.build/Release-iphoneos/iosApp.build/Objects-normal/arm64/FirebaseConfig.o -index-unit-output-path /iosApp.build/Release-iphoneos/iosApp.build/Objects-normal/arm64/FirestoreHelper.o -index-unit-output-path /iosApp.build/Release-iphoneos/iosApp.build/Objects-normal/arm64/AuthService.o -index-unit-output-path /iosApp.build/Release-iphoneos/iosApp.build/Objects-normal/arm64/AuthViewModel.o -index-unit-output-path /iosApp.build/Release-iphoneos/iosApp.build/Objects-normal/arm64/HomeViewModel.o -index-unit-output-path /iosApp.build/Release-iphoneos/iosApp.build/Objects-normal/arm64/DeviceViewModel.o -index-unit-output-path /iosApp.build/Release-iphoneos/iosApp.build/Objects-normal/arm64/SupportViewModel.o -index-unit-output-path /iosApp.build/Release-iphoneos/iosApp.build/Objects-normal/arm64/AttendanceViewModel.o -index-unit-output-path /iosApp.build/Release-iphoneos/iosApp.build/Objects-normal/arm64/ShiftViewModel.o -index-unit-output-path /iosApp.build/Release-iphoneos/iosApp.build/Objects-normal/arm64/LoginView.o -index-unit-output-path /iosApp.build/Release-iphoneos/iosApp.build/Objects-normal/arm64/AppSidebarDrawer.o -index-unit-output-path /iosApp.build/Release-iphoneos/iosApp.build/Objects-normal/arm64/HomeScreenView.o -index-unit-output-path /iosApp.build/Release-iphoneos/iosApp.build/Objects-normal/arm64/DeviceListView.o -index-unit-output-path /iosApp.build/Release-iphoneos/iosApp.build/Objects-normal/arm64/SupportHubView.o -index-unit-output-path /iosApp.build/Release-iphoneos/iosApp.build/Objects-normal/arm64/TicketChatDetailView.o -index-unit-output-path /iosApp.build/Release-iphoneos/iosApp.build/Objects-normal/arm64/AttendanceCheckInView.o -index-unit-output-path /iosApp.build/Release-iphoneos/iosApp.build/Objects-normal/arm64/ShiftScheduleView.o -index-unit-output-path /iosApp.build/Release-iphoneos/iosApp.build/Objects-normal/arm64/PeripheralsView.o -index-unit-output-path /iosApp.build/Release-iphoneos/iosApp.build/Objects-normal/arm64/AssetStatisticsView.o -index-unit-output-path /iosApp.build/Release-iphoneos/iosApp.build/Objects-normal/arm64/QRScannerView.o -index-unit-output-path /iosApp.build/Release-iphoneos/iosApp.build/Objects-normal/arm64/AddDeviceView.o -index-unit-output-path /iosApp.build/Release-iphoneos/iosApp.build/Objects-normal/arm64/PrintQrLabelView.o -index-unit-output-path /iosApp.build/Release-iphoneos/iosApp.build/Objects-normal/arm64/SystemNotificationsView.o -index-unit-output-path /iosApp.build/Release-iphoneos/iosApp.build/Objects-normal/arm64/SystemSettingsView.o -index-unit-output-path /iosApp.build/Release-iphoneos/iosApp.build/Objects-normal/arm64/CompanyBannerTickerView.o -index-unit-output-path /iosApp.build/Release-iphoneos/iosApp.build/Objects-normal/arm64/AdminViewModel.o -index-unit-output-path /iosApp.build/Release-iphoneos/iosApp.build/Objects-normal/arm64/UserManagementView.o -index-unit-output-path /iosApp.build/Release-iphoneos/iosApp.build/Objects-normal/arm64/ApproveStaffView.o -index-unit-output-path /iosApp.build/Release-iphoneos/iosApp.build/Objects-normal/arm64/DepartmentManagerView.o -index-unit-output-path /iosApp.build/Release-iphoneos/iosApp.build/Objects-normal/arm64/UnitRegionManagerView.o -index-unit-output-path /iosApp.build/Release-iphoneos/iosApp.build/Objects-normal/arm64/PaywallLicenseView.o -index-unit-output-path /iosApp.build/Release-iphoneos/iosApp.build/Objects-normal/arm64/DeviceTypeManagerView.o -index-unit-output-path /iosApp.build/Release-iphoneos/iosApp.build/Objects-normal/arm64/SpecialistTeamManagerView.o -index-unit-output-path /iosApp.build/Release-iphoneos/iosApp.build/Objects-normal/arm64/SupportRatingReportView.o -index-unit-output-path /iosApp.build/Release-iphoneos/iosApp.build/Objects-normal/arm64/OnlineKtvMonitorView.o -index-unit-output-path /iosApp.build/Release-iphoneos/iosApp.build/Objects-normal/arm64/StaffSupportView.o -index-unit-output-path /iosApp.build/Release-iphoneos/iosApp.build/Objects-normal/arm64/PendingApprovalView.o -index-unit-output-path /iosApp.build/Release-iphoneos/iosApp.build/Objects-normal/arm64/AttendanceHistoryView.o -index-unit-output-path /iosApp.build/Release-iphoneos/iosApp.build/Objects-normal/arm64/InfoView.o -index-unit-output-path /iosApp.build/Release-iphoneos/iosApp.build/Objects-normal/arm64/AttendanceReportView.o -index-unit-output-path /iosApp.build/Release-iphoneos/iosApp.build/Objects-normal/arm64/AdminTicketListView.o -index-unit-output-path /iosApp.build/Release-iphoneos/iosApp.build/Objects-normal/arm64/HelpView.o -index-unit-output-path /iosApp.build/Release-iphoneos/iosApp.build/Objects-normal/arm64/LichSuView.o -index-unit-output-path /iosApp.build/Release-iphoneos/iosApp.build/Objects-normal/arm64/SuperAdminPortalView.o -index-unit-output-path /iosApp.build/Release-iphoneos/iosApp.build/Objects-normal/arm64/ResetPasswordView.o -index-unit-output-path /iosApp.build/Release-iphoneos/iosApp.build/Objects-normal/arm64/GeneratedAssetSymbols.o
2026-09-26T20:18:30.6453490Z CompileSwift normal arm64 (in target 'iosApp' from project 'iosApp')
2026-09-26T20:18:30.6453870Z     cd /Users/runner/work/iosApp/iosApp
2026-09-26T20:18:30.6538310Z     /Applications/Xcode_15.4.app/Contents/Developer/Toolchains/XcodeDefault.xctoolchain/usr/bin/swift-frontend -c /Users/runner/work/iosApp/iosApp/iosApp/iOSApp.swift /Users/runner/work/iosApp/iosApp/iosApp/App/MainContainerView.swift /Users/runner/work/iosApp/iosApp/iosApp/Theme/AppColors.swift /Users/runner/work/iosApp/iosApp/iosApp/Models/UserModels.swift /Users/runner/work/iosApp/iosApp/iosApp/Models/DeviceModels.swift /Users/runner/work/iosApp/iosApp/iosApp/Models/TicketModels.swift /Users/runner/work/iosApp/iosApp/iosApp/Models/AttendanceModels.swift /Users/runner/work/iosApp/iosApp/iosApp/Models/ShiftModels.swift /Users/runner/work/iosApp/iosApp/iosApp/Models/OrganizationModels.swift /Users/runner/work/iosApp/iosApp/iosApp/Services/FirebaseConfig.swift /Users/runner/work/iosApp/iosApp/iosApp/Services/FirestoreHelper.swift /Users/runner/work/iosApp/iosApp/iosApp/Services/AuthService.swift /Users/runner/work/iosApp/iosApp/iosApp/ViewModels/AuthViewModel.swift /Users/runner/work/iosApp/iosApp/iosApp/ViewModels/HomeViewModel.swift /Users/runner/work/iosApp/iosApp/iosApp/ViewModels/DeviceViewModel.swift /Users/runner/work/iosApp/iosApp/iosApp/ViewModels/SupportViewModel.swift /Users/runner/work/iosApp/iosApp/iosApp/ViewModels/AttendanceViewModel.swift /Users/runner/work/iosApp/iosApp/iosApp/ViewModels/ShiftViewModel.swift /Users/runner/work/iosApp/iosApp/iosApp/Views/Screens/Auth/LoginView.swift /Users/runner/work/iosApp/iosApp/iosApp/Views/Screens/Home/AppSidebarDrawer.swift /Users/runner/work/iosApp/iosApp/iosApp/Views/Screens/Home/HomeScreenView.swift /Users/runner/work/iosApp/iosApp/iosApp/Views/Screens/Devices/DeviceListView.swift /Users/runner/work/iosApp/iosApp/iosApp/Views/Screens/Support/SupportHubView.swift /Users/runner/work/iosApp/iosApp/iosApp/Views/Screens/Support/TicketChatDetailView.swift /Users/runner/work/iosApp/iosApp/iosApp/Views/Screens/Attendance/AttendanceCheckInView.swift /Users/runner/work/iosApp/iosApp/iosApp/Views/Screens/Shift/ShiftScheduleView.swift /Users/runner/work/iosApp/iosApp/iosApp/Views/Screens/Peripherals/PeripheralsView.swift /Users/runner/work/iosApp/iosApp/iosApp/Views/Screens/Statistics/AssetStatisticsView.swift /Users/runner/work/iosApp/iosApp/iosApp/Views/Screens/Scanner/QRScannerView.swift /Users/runner/work/iosApp/iosApp/iosApp/Views/Screens/Devices/AddDeviceView.swift /Users/runner/work/iosApp/iosApp/iosApp/Views/Screens/Devices/PrintQrLabelView.swift /Users/runner/work/iosApp/iosApp/iosApp/Views/Screens/Notifications/SystemNotificationsView.swift /Users/runner/work/iosApp/iosApp/iosApp/Views/Screens/Settings/SystemSettingsView.swift /Users/runner/work/iosApp/iosApp/iosApp/Views/Components/CompanyBannerTickerView.swift /Users/runner/work/iosApp/iosApp/iosApp/ViewModels/AdminViewModel.swift /Users/runner/work/iosApp/iosApp/iosApp/Views/Screens/Admin/UserManagementView.swift /Users/runner/work/iosApp/iosApp/iosApp/Views/Screens/Admin/ApproveStaffView.swift /Users/runner/work/iosApp/iosApp/iosApp/Views/Screens/Admin/DepartmentManagerView.swift /Users/runner/work/iosApp/iosApp/iosApp/Views/Screens/Admin/UnitRegionManagerView.swift /Users/runner/work/iosApp/iosApp/iosApp/Views/Screens/Admin/PaywallLicenseView.swift /Users/runner/work/iosApp/iosApp/iosApp/Views/Screens/Devices/DeviceTypeManagerView.swift /Users/runner/work/iosApp/iosApp/iosApp/Views/Screens/Support/SpecialistTeamManagerView.swift /Users/runner/work/iosApp/iosApp/iosApp/Views/Screens/Support/SupportRatingReportView.swift /Users/runner/work/iosApp/iosApp/iosApp/Views/Screens/Support/OnlineKtvMonitorView.swift /Users/runner/work/iosApp/iosApp/iosApp/Views/Screens/Support/StaffSupportView.swift /Users/runner/work/iosApp/iosApp/iosApp/Views/Screens/Auth/PendingApprovalView.swift /Users/runner/work/iosApp/iosApp/iosApp/Views/Screens/Attendance/AttendanceHistoryView.swift /Users/runner/work/iosApp/iosApp/iosApp/App/InfoView.swift /Users/runner/work/iosApp/iosApp/iosApp/Views/Screens/Attendance/AttendanceReportView.swift /Users/runner/work/iosApp/iosApp/iosApp/Views/Screens/Admin/AdminTicketListView.swift /Users/runner/work/iosApp/iosApp/iosApp/App/HelpView.swift /Users/runner/work/iosApp/iosApp/iosApp/Views/Screens/Devices/LichSuView.swift /Users/runner/work/iosApp/iosApp/iosApp/Views/Screens/Admin/SuperAdminPortalView.swift /Users/runner/work/iosApp/iosApp/iosApp/Views/Screens/Auth/ResetPasswordView.swift /Users/runner/Library/Developer/Xcode/DerivedData/iosApp-futeksqscqzjpibtkonmeslsyvzw/Build/Intermediates.noindex/ArchiveIntermediates/iosApp/IntermediateBuildFilesPath/iosApp.build/Release-iphoneos/iosApp.build/DerivedSources/GeneratedAssetSymbols.swift -supplementary-output-file-map /Users/runner/Library/Developer/Xcode/DerivedData/iosApp-futeksqscqzjpibtkonmeslsyvzw/Build/Intermediates.noindex/ArchiveIntermediates/iosApp/IntermediateBuildFilesPath/iosApp.build/Release-iphoneos/iosApp.build/Objects-normal/arm64/supplementaryOutputs-1 -emit-localized-strings -emit-localized-strings-path /Users/runner/Library/Developer/Xcode/DerivedData/iosApp-futeksqscqzjpibtkonmeslsyvzw/Build/Intermediates.noindex/ArchiveIntermediates/iosApp/IntermediateBuildFilesPath/iosApp.build/Release-iphoneos/iosApp.build/Objects-normal/arm64 -target arm64-apple-ios15.0 -Xllvm -aarch64-use-tbi -enable-objc-interop -stack-check -sdk /Applications/Xcode_15.4.app/Contents/Developer/Platforms/iPhoneOS.platform/Developer/SDKs/iPhoneOS17.5.sdk -I /Users/runner/Library/Developer/Xcode/DerivedData/iosApp-futeksqscqzjpibtkonmeslsyvzw/Build/Intermediates.noindex/ArchiveIntermediates/iosApp/BuildProductsPath/Release-iphoneos -F /Users/runner/Library/Developer/Xcode/DerivedData/iosApp-futeksqscqzjpibtkonmeslsyvzw/Build/Intermediates.noindex/ArchiveIntermediates/iosApp/BuildProductsPath/Release-iphoneos -no-color-diagnostics -g -module-cache-path /Users/runner/Library/Developer/Xcode/DerivedData/ModuleCache.noindex -swift-version 5 -enforce-exclusivity\=checked -O -serialize-debugging-options -const-gather-protocols-file /Users/runner/Library/Developer/Xcode/DerivedData/iosApp-futeksqscqzjpibtkonmeslsyvzw/Build/Intermediates.noindex/ArchiveIntermediates/iosApp/IntermediateBuildFilesPath/iosApp.build/Release-iphoneos/iosApp.build/Objects-normal/arm64/iosApp_const_extract_protocols.json -enable-bare-slash-regex -empty-abi-descriptor -validate-clang-modules-once -clang-build-session-file /Users/runner/Library/Developer/Xcode/DerivedData/ModuleCache.noindex/Session.modulevalidation -Xcc -working-directory -Xcc /Users/runner/work/iosApp/iosApp -resource-dir /Applications/Xcode_15.4.app/Contents/Developer/Toolchains/XcodeDefault.xctoolchain/usr/lib/swift -Xcc -ivfsstatcache -Xcc /Users/runner/Library/Developer/Xcode/DerivedData/SDKStatCaches.noindex/iphoneos17.5-21F77-f0fa7969d082b13145125136a829df3a.sdkstatcache -Xcc -I/Users/runner/Library/Developer/Xcode/DerivedData/iosApp-futeksqscqzjpibtkonmeslsyvzw/Build/Intermediates.noindex/ArchiveIntermediates/iosApp/IntermediateBuildFilesPath/iosApp.build/Release-iphoneos/iosApp.build/swift-overrides.hmap -Xcc -iquote -Xcc /Users/runner/Library/Developer/Xcode/DerivedData/iosApp-futeksqscqzjpibtkonmeslsyvzw/Build/Intermediates.noindex/ArchiveIntermediates/iosApp/IntermediateBuildFilesPath/iosApp.build/Release-iphoneos/iosApp.build/iosApp-generated-files.hmap -Xcc -I/Users/runner/Library/Developer/Xcode/DerivedData/iosApp-futeksqscqzjpibtkonmeslsyvzw/Build/Intermediates.noindex/ArchiveIntermediates/iosApp/IntermediateBuildFilesPath/iosApp.build/Release-iphoneos/iosApp.build/iosApp-own-target-headers.hmap -Xcc -I/Users/runner/Library/Developer/Xcode/DerivedData/iosApp-futeksqscqzjpibtkonmeslsyvzw/Build/Intermediates.noindex/ArchiveIntermediates/iosApp/IntermediateBuildFilesPath/iosApp.build/Release-iphoneos/iosApp.build/iosApp-all-target-headers.hmap -Xcc -iquote -Xcc /Users/runner/Library/Developer/Xcode/DerivedData/iosApp-futeksqscqzjpibtkonmeslsyvzw/Build/Intermediates.noindex/ArchiveIntermediates/iosApp/IntermediateBuildFilesPath/iosApp.build/Release-iphoneos/iosApp.build/iosApp-project-headers.hmap -Xcc -I/Users/runner/Library/Developer/Xcode/DerivedData/iosApp-futeksqscqzjpibtkonmeslsyvzw/Build/Intermediates.noindex/ArchiveIntermediates/iosApp/BuildProductsPath/Release-iphoneos/include -Xcc -I/Users/runner/Library/Developer/Xcode/DerivedData/iosApp-futeksqscqzjpibtkonmeslsyvzw/Build/Intermediates.noindex/ArchiveIntermediates/iosApp/IntermediateBuildFilesPath/iosApp.build/Release-iphoneos/iosApp.build/DerivedSources-normal/arm64 -Xcc -I/Users/runner/Library/Developer/Xcode/DerivedData/iosApp-futeksqscqzjpibtkonmeslsyvzw/Build/Intermediates.noindex/ArchiveIntermediates/iosApp/IntermediateBuildFilesPath/iosApp.build/Release-iphoneos/iosApp.build/DerivedSources/arm64 -Xcc -I/Users/runner/Library/Developer/Xcode/DerivedData/iosApp-futeksqscqzjpibtkonmeslsyvzw/Build/Intermediates.noindex/ArchiveIntermediates/iosApp/IntermediateBuildFilesPath/iosApp.build/Release-iphoneos/iosApp.build/DerivedSources -module-name iosApp -frontend-parseable-output -disable-clang-spi -target-sdk-version 17.5 -target-sdk-name iphoneos17.5 -external-plugin-path /Applications/Xcode_15.4.app/Contents/Developer/Platforms/iPhoneOS.platform/Developer/SDKs/iPhoneOS17.5.sdk/usr/lib/swift/host/plugins\#/Applications/Xcode_15.4.app/Contents/Developer/Platforms/iPhoneOS.platform/Developer/SDKs/iPhoneOS17.5.sdk/usr/bin/swift-plugin-server -external-plugin-path /Applications/Xcode_15.4.app/Contents/Developer/Platforms/iPhoneOS.platform/Developer/SDKs/iPhoneOS17.5.sdk/usr/local/lib/swift/host/plugins\#/Applications/Xcode_15.4.app/Contents/Developer/Platforms/iPhoneOS.platform/Developer/SDKs/iPhoneOS17.5.sdk/usr/bin/swift-plugin-server -external-plugin-path /Applications/Xcode_15.4.app/Contents/Developer/Platforms/iPhoneOS.platform/Developer/usr/lib/swift/host/plugins\#/Applications/Xcode_15.4.app/Contents/Developer/Platforms/iPhoneOS.platform/Developer/usr/bin/swift-plugin-server -external-plugin-path /Applications/Xcode_15.4.app/Contents/Developer/Platforms/iPhoneOS.platform/Developer/usr/local/lib/swift/host/plugins\#/Applications/Xcode_15.4.app/Contents/Developer/Platforms/iPhoneOS.platform/Developer/usr/bin/swift-plugin-server -plugin-path /Applications/Xcode_15.4.app/Contents/Developer/Toolchains/XcodeDefault.xctoolchain/usr/lib/swift/host/plugins -plugin-path /Applications/Xcode_15.4.app/Contents/Developer/Toolchains/XcodeDefault.xctoolchain/usr/local/lib/swift/host/plugins -enable-default-cmo -num-threads 5 -o /Users/runner/Library/Developer/Xcode/DerivedData/iosApp-futeksqscqzjpibtkonmeslsyvzw/Build/Intermediates.noindex/ArchiveIntermediates/iosApp/IntermediateBuildFilesPath/iosApp.build/Release-iphoneos/iosApp.build/Objects-normal/arm64/iOSApp.o -o /Users/runner/Library/Developer/Xcode/DerivedData/iosApp-futeksqscqzjpibtkonmeslsyvzw/Build/Intermediates.noindex/ArchiveIntermediates/iosApp/IntermediateBuildFilesPath/iosApp.build/Release-iphoneos/iosApp.build/Objects-normal/arm64/MainContainerView.o -o /Users/runner/Library/Developer/Xcode/DerivedData/iosApp-futeksqscqzjpibtkonmeslsyvzw/Build/Intermediates.noindex/ArchiveIntermediates/iosApp/IntermediateBuildFilesPath/iosApp.build/Release-iphoneos/iosApp.build/Objects-normal/arm64/AppColors.o -o /Users/runner/Library/Developer/Xcode/DerivedData/iosApp-futeksqscqzjpibtkonmeslsyvzw/Build/Intermediates.noindex/ArchiveIntermediates/iosApp/IntermediateBuildFilesPath/iosApp.build/Release-iphoneos/iosApp.build/Objects-normal/arm64/UserModels.o -o /Users/runner/Library/Developer/Xcode/DerivedData/iosApp-futeksqscqzjpibtkonmeslsyvzw/Build/Intermediates.noindex/ArchiveIntermediates/iosApp/IntermediateBuildFilesPath/iosApp.build/Release-iphoneos/iosApp.build/Objects-normal/arm64/DeviceModels.o -o /Users/runner/Library/Developer/Xcode/DerivedData/iosApp-futeksqscqzjpibtkonmeslsyvzw/Build/Intermediates.noindex/ArchiveIntermediates/iosApp/IntermediateBuildFilesPath/iosApp.build/Release-iphoneos/iosApp.build/Objects-normal/arm64/TicketModels.o -o /Users/runner/Library/Developer/Xcode/DerivedData/iosApp-futeksqscqzjpibtkonmeslsyvzw/Build/Intermediates.noindex/ArchiveIntermediates/iosApp/IntermediateBuildFilesPath/iosApp.build/Release-iphoneos/iosApp.build/Objects-normal/arm64/AttendanceModels.o -o /Users/runner/Library/Developer/Xcode/DerivedData/iosApp-futeksqscqzjpibtkonmeslsyvzw/Build/Intermediates.noindex/ArchiveIntermediates/iosApp/IntermediateBuildFilesPath/iosApp.build/Release-iphoneos/iosApp.build/Objects-normal/arm64/ShiftModels.o -o /Users/runner/Library/Developer/Xcode/DerivedData/iosApp-futeksqscqzjpibtkonmeslsyvzw/Build/Intermediates.noindex/ArchiveIntermediates/iosApp/IntermediateBuildFilesPath/iosApp.build/Release-iphoneos/iosApp.build/Objects-normal/arm64/OrganizationModels.o -o /Users/runner/Library/Developer/Xcode/DerivedData/iosApp-futeksqscqzjpibtkonmeslsyvzw/Build/Intermediates.noindex/ArchiveIntermediates/iosApp/IntermediateBuildFilesPath/iosApp.build/Release-iphoneos/iosApp.build/Objects-normal/arm64/FirebaseConfig.o -o /Users/runner/Library/Developer/Xcode/DerivedData/iosApp-futeksqscqzjpibtkonmeslsyvzw/Build/Intermediates.noindex/ArchiveIntermediates/iosApp/IntermediateBuildFilesPath/iosApp.build/Release-iphoneos/iosApp.build/Objects-normal/arm64/FirestoreHelper.o -o /Users/runner/Library/Developer/Xcode/DerivedData/iosApp-futeksqscqzjpibtkonmeslsyvzw/Build/Intermediates.noindex/ArchiveIntermediates/iosApp/IntermediateBuildFilesPath/iosApp.build/Release-iphoneos/iosApp.build/Objects-normal/arm64/AuthService.o -o /Users/runner/Library/Developer/Xcode/DerivedData/iosApp-futeksqscqzjpibtkonmeslsyvzw/Build/Intermediates.noindex/ArchiveIntermediates/iosApp/IntermediateBuildFilesPath/iosApp.build/Release-iphoneos/iosApp.build/Objects-normal/arm64/AuthViewModel.o -o /Users/runner/Library/Developer/Xcode/DerivedData/iosApp-futeksqscqzjpibtkonmeslsyvzw/Build/Intermediates.noindex/ArchiveIntermediates/iosApp/IntermediateBuildFilesPath/iosApp.build/Release-iphoneos/iosApp.build/Objects-normal/arm64/HomeViewModel.o -o /Users/runner/Library/Developer/Xcode/DerivedData/iosApp-futeksqscqzjpibtkonmeslsyvzw/Build/Intermediates.noindex/ArchiveIntermediates/iosApp/IntermediateBuildFilesPath/iosApp.build/Release-iphoneos/iosApp.build/Objects-normal/arm64/DeviceViewModel.o -o /Users/runner/Library/Developer/Xcode/DerivedData/iosApp-futeksqscqzjpibtkonmeslsyvzw/Build/Intermediates.noindex/ArchiveIntermediates/iosApp/IntermediateBuildFilesPath/iosApp.build/Release-iphoneos/iosApp.build/Objects-normal/arm64/SupportViewModel.o -o /Users/runner/Library/Developer/Xcode/DerivedData/iosApp-futeksqscqzjpibtkonmeslsyvzw/Build/Intermediates.noindex/ArchiveIntermediates/iosApp/IntermediateBuildFilesPath/iosApp.build/Release-iphoneos/iosApp.build/Objects-normal/arm64/AttendanceViewModel.o -o /Users/runner/Library/Developer/Xcode/DerivedData/iosApp-futeksqscqzjpibtkonmeslsyvzw/Build/Intermediates.noindex/ArchiveIntermediates/iosApp/IntermediateBuildFilesPath/iosApp.build/Release-iphoneos/iosApp.build/Objects-normal/arm64/ShiftViewModel.o -o /Users/runner/Library/Developer/Xcode/DerivedData/iosApp-futeksqscqzjpibtkonmeslsyvzw/Build/Intermediates.noindex/ArchiveIntermediates/iosApp/IntermediateBuildFilesPath/iosApp.build/Release-iphoneos/iosApp.build/Objects-normal/arm64/LoginView.o -o /Users/runner/Library/Developer/Xcode/DerivedData/iosApp-futeksqscqzjpibtkonmeslsyvzw/Build/Intermediates.noindex/ArchiveIntermediates/iosApp/IntermediateBuildFilesPath/iosApp.build/Release-iphoneos/iosApp.build/Objects-normal/arm64/AppSidebarDrawer.o -o /Users/runner/Library/Developer/Xcode/DerivedData/iosApp-futeksqscqzjpibtkonmeslsyvzw/Build/Intermediates.noindex/ArchiveIntermediates/iosApp/IntermediateBuildFilesPath/iosApp.build/Release-iphoneos/iosApp.build/Objects-normal/arm64/HomeScreenView.o -o /Users/runner/Library/Developer/Xcode/DerivedData/iosApp-futeksqscqzjpibtkonmeslsyvzw/Build/Intermediates.noindex/ArchiveIntermediates/iosApp/IntermediateBuildFilesPath/iosApp.build/Release-iphoneos/iosApp.build/Objects-normal/arm64/DeviceListView.o -o /Users/runner/Library/Developer/Xcode/DerivedData/iosApp-futeksqscqzjpibtkonmeslsyvzw/Build/Intermediates.noindex/ArchiveIntermediates/iosApp/IntermediateBuildFilesPath/iosApp.build/Release-iphoneos/iosApp.build/Objects-normal/arm64/SupportHubView.o -o /Users/runner/Library/Developer/Xcode/DerivedData/iosApp-futeksqscqzjpibtkonmeslsyvzw/Build/Intermediates.noindex/ArchiveIntermediates/iosApp/IntermediateBuildFilesPath/iosApp.build/Release-iphoneos/iosApp.build/Objects-normal/arm64/TicketChatDetailView.o -o /Users/runner/Library/Developer/Xcode/DerivedData/iosApp-futeksqscqzjpibtkonmeslsyvzw/Build/Intermediates.noindex/ArchiveIntermediates/iosApp/IntermediateBuildFilesPath/iosApp.build/Release-iphoneos/iosApp.build/Objects-normal/arm64/AttendanceCheckInView.o -o /Users/runner/Library/Developer/Xcode/DerivedData/iosApp-futeksqscqzjpibtkonmeslsyvzw/Build/Intermediates.noindex/ArchiveIntermediates/iosApp/IntermediateBuildFilesPath/iosApp.build/Release-iphoneos/iosApp.build/Objects-normal/arm64/ShiftScheduleView.o -o /Users/runner/Library/Developer/Xcode/DerivedData/iosApp-futeksqscqzjpibtkonmeslsyvzw/Build/Intermediates.noindex/ArchiveIntermediates/iosApp/IntermediateBuildFilesPath/iosApp.build/Release-iphoneos/iosApp.build/Objects-normal/arm64/PeripheralsView.o -o /Users/runner/Library/Developer/Xcode/DerivedData/iosApp-futeksqscqzjpibtkonmeslsyvzw/Build/Intermediates.noindex/ArchiveIntermediates/iosApp/IntermediateBuildFilesPath/iosApp.build/Release-iphoneos/iosApp.build/Objects-normal/arm64/AssetStatisticsView.o -o /Users/runner/Library/Developer/Xcode/DerivedData/iosApp-futeksqscqzjpibtkonmeslsyvzw/Build/Intermediates.noindex/ArchiveIntermediates/iosApp/IntermediateBuildFilesPath/iosApp.build/Release-iphoneos/iosApp.build/Objects-normal/arm64/QRScannerView.o -o /Users/runner/Library/Developer/Xcode/DerivedData/iosApp-futeksqscqzjpibtkonmeslsyvzw/Build/Intermediates.noindex/ArchiveIntermediates/iosApp/IntermediateBuildFilesPath/iosApp.build/Release-iphoneos/iosApp.build/Objects-normal/arm64/AddDeviceView.o -o /Users/runner/Library/Developer/Xcode/DerivedData/iosApp-futeksqscqzjpibtkonmeslsyvzw/Build/Intermediates.noindex/ArchiveIntermediates/iosApp/IntermediateBuildFilesPath/iosApp.build/Release-iphoneos/iosApp.build/Objects-normal/arm64/PrintQrLabelView.o -o /Users/runner/Library/Developer/Xcode/DerivedData/iosApp-futeksqscqzjpibtkonmeslsyvzw/Build/Intermediates.noindex/ArchiveIntermediates/iosApp/IntermediateBuildFilesPath/iosApp.build/Release-iphoneos/iosApp.build/Objects-normal/arm64/SystemNotificationsView.o -o /Users/runner/Library/Developer/Xcode/DerivedData/iosApp-futeksqscqzjpibtkonmeslsyvzw/Build/Intermediates.noindex/ArchiveIntermediates/iosApp/IntermediateBuildFilesPath/iosApp.build/Release-iphoneos/iosApp.build/Objects-normal/arm64/SystemSettingsView.o -o /Users/runner/Library/Developer/Xcode/DerivedData/iosApp-futeksqscqzjpibtkonmeslsyvzw/Build/Intermediates.noindex/ArchiveIntermediates/iosApp/IntermediateBuildFilesPath/iosApp.build/Release-iphoneos/iosApp.build/Objects-normal/arm64/CompanyBannerTickerView.o -o /Users/runner/Library/Developer/Xcode/DerivedData/iosApp-futeksqscqzjpibtkonmeslsyvzw/Build/Intermediates.noindex/ArchiveIntermediates/iosApp/IntermediateBuildFilesPath/iosApp.build/Release-iphoneos/iosApp.build/Objects-normal/arm64/AdminViewModel.o -o /Users/runner/Library/Developer/Xcode/DerivedData/iosApp-futeksqscqzjpibtkonmeslsyvzw/Build/Intermediates.noindex/ArchiveIntermediates/iosApp/IntermediateBuildFilesPath/iosApp.build/Release-iphoneos/iosApp.build/Objects-normal/arm64/UserManagementView.o -o /Users/runner/Library/Developer/Xcode/DerivedData/iosApp-futeksqscqzjpibtkonmeslsyvzw/Build/Intermediates.noindex/ArchiveIntermediates/iosApp/IntermediateBuildFilesPath/iosApp.build/Release-iphoneos/iosApp.build/Objects-normal/arm64/ApproveStaffView.o -o /Users/runner/Library/Developer/Xcode/DerivedData/iosApp-futeksqscqzjpibtkonmeslsyvzw/Build/Intermediates.noindex/ArchiveIntermediates/iosApp/IntermediateBuildFilesPath/iosApp.build/Release-iphoneos/iosApp.build/Objects-normal/arm64/DepartmentManagerView.o -o /Users/runner/Library/Developer/Xcode/DerivedData/iosApp-futeksqscqzjpibtkonmeslsyvzw/Build/Intermediates.noindex/ArchiveIntermediates/iosApp/IntermediateBuildFilesPath/iosApp.build/Release-iphoneos/iosApp.build/Objects-normal/arm64/UnitRegionManagerView.o -o /Users/runner/Library/Developer/Xcode/DerivedData/iosApp-futeksqscqzjpibtkonmeslsyvzw/Build/Intermediates.noindex/ArchiveIntermediates/iosApp/IntermediateBuildFilesPath/iosApp.build/Release-iphoneos/iosApp.build/Objects-normal/arm64/PaywallLicenseView.o -o /Users/runner/Library/Developer/Xcode/DerivedData/iosApp-futeksqscqzjpibtkonmeslsyvzw/Build/Intermediates.noindex/ArchiveIntermediates/iosApp/IntermediateBuildFilesPath/iosApp.build/Release-iphoneos/iosApp.build/Objects-normal/arm64/DeviceTypeManagerView.o -o /Users/runner/Library/Developer/Xcode/DerivedData/iosApp-futeksqscqzjpibtkonmeslsyvzw/Build/Intermediates.noindex/ArchiveIntermediates/iosApp/IntermediateBuildFilesPath/iosApp.build/Release-iphoneos/iosApp.build/Objects-normal/arm64/SpecialistTeamManagerView.o -o /Users/runner/Library/Developer/Xcode/DerivedData/iosApp-futeksqscqzjpibtkonmeslsyvzw/Build/Intermediates.noindex/ArchiveIntermediates/iosApp/IntermediateBuildFilesPath/iosApp.build/Release-iphoneos/iosApp.build/Objects-normal/arm64/SupportRatingReportView.o -o /Users/runner/Library/Developer/Xcode/DerivedData/iosApp-futeksqscqzjpibtkonmeslsyvzw/Build/Intermediates.noindex/ArchiveIntermediates/iosApp/IntermediateBuildFilesPath/iosApp.build/Release-iphoneos/iosApp.build/Objects-normal/arm64/OnlineKtvMonitorView.o -o /Users/runner/Library/Developer/Xcode/DerivedData/iosApp-futeksqscqzjpibtkonmeslsyvzw/Build/Intermediates.noindex/ArchiveIntermediates/iosApp/IntermediateBuildFilesPath/iosApp.build/Release-iphoneos/iosApp.build/Objects-normal/arm64/StaffSupportView.o -o /Users/runner/Library/Developer/Xcode/DerivedData/iosApp-futeksqscqzjpibtkonmeslsyvzw/Build/Intermediates.noindex/ArchiveIntermediates/iosApp/IntermediateBuildFilesPath/iosApp.build/Release-iphoneos/iosApp.build/Objects-normal/arm64/PendingApprovalView.o -o /Users/runner/Library/Developer/Xcode/DerivedData/iosApp-futeksqscqzjpibtkonmeslsyvzw/Build/Intermediates.noindex/ArchiveIntermediates/iosApp/IntermediateBuildFilesPath/iosApp.build/Release-iphoneos/iosApp.build/Objects-normal/arm64/AttendanceHistoryView.o -o /Users/runner/Library/Developer/Xcode/DerivedData/iosApp-futeksqscqzjpibtkonmeslsyvzw/Build/Intermediates.noindex/ArchiveIntermediates/iosApp/IntermediateBuildFilesPath/iosApp.build/Release-iphoneos/iosApp.build/Objects-normal/arm64/InfoView.o -o /Users/runner/Library/Developer/Xcode/DerivedData/iosApp-futeksqscqzjpibtkonmeslsyvzw/Build/Intermediates.noindex/ArchiveIntermediates/iosApp/IntermediateBuildFilesPath/iosApp.build/Release-iphoneos/iosApp.build/Objects-normal/arm64/AttendanceReportView.o -o /Users/runner/Library/Developer/Xcode/DerivedData/iosApp-futeksqscqzjpibtkonmeslsyvzw/Build/Intermediates.noindex/ArchiveIntermediates/iosApp/IntermediateBuildFilesPath/iosApp.build/Release-iphoneos/iosApp.build/Objects-normal/arm64/AdminTicketListView.o -o /Users/runner/Library/Developer/Xcode/DerivedData/iosApp-futeksqscqzjpibtkonmeslsyvzw/Build/Intermediates.noindex/ArchiveIntermediates/iosApp/IntermediateBuildFilesPath/iosApp.build/Release-iphoneos/iosApp.build/Objects-normal/arm64/HelpView.o -o /Users/runner/Library/Developer/Xcode/DerivedData/iosApp-futeksqscqzjpibtkonmeslsyvzw/Build/Intermediates.noindex/ArchiveIntermediates/iosApp/IntermediateBuildFilesPath/iosApp.build/Release-iphoneos/iosApp.build/Objects-normal/arm64/LichSuView.o -o /Users/runner/Library/Developer/Xcode/DerivedData/iosApp-futeksqscqzjpibtkonmeslsyvzw/Build/Intermediates.noindex/ArchiveIntermediates/iosApp/IntermediateBuildFilesPath/iosApp.build/Release-iphoneos/iosApp.build/Objects-normal/arm64/SuperAdminPortalView.o -o /Users/runner/Library/Developer/Xcode/DerivedData/iosApp-futeksqscqzjpibtkonmeslsyvzw/Build/Intermediates.noindex/ArchiveIntermediates/iosApp/IntermediateBuildFilesPath/iosApp.build/Release-iphoneos/iosApp.build/Objects-normal/arm64/ResetPasswordView.o -o /Users/runner/Library/Developer/Xcode/DerivedData/iosApp-futeksqscqzjpibtkonmeslsyvzw/Build/Intermediates.noindex/ArchiveIntermediates/iosApp/IntermediateBuildFilesPath/iosApp.build/Release-iphoneos/iosApp.build/Objects-normal/arm64/GeneratedAssetSymbols.o -index-unit-output-path /iosApp.build/Release-iphoneos/iosApp.build/Objects-normal/arm64/iOSApp.o -index-unit-output-path /iosApp.build/Release-iphoneos/iosApp.build/Objects-normal/arm64/MainContainerView.o -index-unit-output-path /iosApp.build/Release-iphoneos/iosApp.build/Objects-normal/arm64/AppColors.o -index-unit-output-path /iosApp.build/Release-iphoneos/iosApp.build/Objects-normal/arm64/UserModels.o -index-unit-output-path /iosApp.build/Release-iphoneos/iosApp.build/Objects-normal/arm64/DeviceModels.o -index-unit-output-path /iosApp.build/Release-iphoneos/iosApp.build/Objects-normal/arm64/TicketModels.o -index-unit-output-path /iosApp.build/Release-iphoneos/iosApp.build/Objects-normal/arm64/AttendanceModels.o -index-unit-output-path /iosApp.build/Release-iphoneos/iosApp.build/Objects-normal/arm64/ShiftModels.o -index-unit-output-path /iosApp.build/Release-iphoneos/iosApp.build/Objects-normal/arm64/OrganizationModels.o -index-unit-output-path /iosApp.build/Release-iphoneos/iosApp.build/Objects-normal/arm64/FirebaseConfig.o -index-unit-output-path /iosApp.build/Release-iphoneos/iosApp.build/Objects-normal/arm64/FirestoreHelper.o -index-unit-output-path /iosApp.build/Release-iphoneos/iosApp.build/Objects-normal/arm64/AuthService.o -index-unit-output-path /iosApp.build/Release-iphoneos/iosApp.build/Objects-normal/arm64/AuthViewModel.o -index-unit-output-path /iosApp.build/Release-iphoneos/iosApp.build/Objects-normal/arm64/HomeViewModel.o -index-unit-output-path /iosApp.build/Release-iphoneos/iosApp.build/Objects-normal/arm64/DeviceViewModel.o -index-unit-output-path /iosApp.build/Release-iphoneos/iosApp.build/Objects-normal/arm64/SupportViewModel.o -index-unit-output-path /iosApp.build/Release-iphoneos/iosApp.build/Objects-normal/arm64/AttendanceViewModel.o -index-unit-output-path /iosApp.build/Release-iphoneos/iosApp.build/Objects-normal/arm64/ShiftViewModel.o -index-unit-output-path /iosApp.build/Release-iphoneos/iosApp.build/Objects-normal/arm64/LoginView.o -index-unit-output-path /iosApp.build/Release-iphoneos/iosApp.build/Objects-normal/arm64/AppSidebarDrawer.o -index-unit-output-path /iosApp.build/Release-iphoneos/iosApp.build/Objects-normal/arm64/HomeScreenView.o -index-unit-output-path /iosApp.build/Release-iphoneos/iosApp.build/Objects-normal/arm64/DeviceListView.o -index-unit-output-path /iosApp.build/Release-iphoneos/iosApp.build/Objects-normal/arm64/SupportHubView.o -index-unit-output-path /iosApp.build/Release-iphoneos/iosApp.build/Objects-normal/arm64/TicketChatDetailView.o -index-unit-output-path /iosApp.build/Release-iphoneos/iosApp.build/Objects-normal/arm64/AttendanceCheckInView.o -index-unit-output-path /iosApp.build/Release-iphoneos/iosApp.build/Objects-normal/arm64/ShiftScheduleView.o -index-unit-output-path /iosApp.build/Release-iphoneos/iosApp.build/Objects-normal/arm64/PeripheralsView.o -index-unit-output-path /iosApp.build/Release-iphoneos/iosApp.build/Objects-normal/arm64/AssetStatisticsView.o -index-unit-output-path /iosApp.build/Release-iphoneos/iosApp.build/Objects-normal/arm64/QRScannerView.o -index-unit-output-path /iosApp.build/Release-iphoneos/iosApp.build/Objects-normal/arm64/AddDeviceView.o -index-unit-output-path /iosApp.build/Release-iphoneos/iosApp.build/Objects-normal/arm64/PrintQrLabelView.o -index-unit-output-path /iosApp.build/Release-iphoneos/iosApp.build/Objects-normal/arm64/SystemNotificationsView.o -index-unit-output-path /iosApp.build/Release-iphoneos/iosApp.build/Objects-normal/arm64/SystemSettingsView.o -index-unit-output-path /iosApp.build/Release-iphoneos/iosApp.build/Objects-normal/arm64/CompanyBannerTickerView.o -index-unit-output-path /iosApp.build/Release-iphoneos/iosApp.build/Objects-normal/arm64/AdminViewModel.o -index-unit-output-path /iosApp.build/Release-iphoneos/iosApp.build/Objects-normal/arm64/UserManagementView.o -index-unit-output-path /iosApp.build/Release-iphoneos/iosApp.build/Objects-normal/arm64/ApproveStaffView.o -index-unit-output-path /iosApp.build/Release-iphoneos/iosApp.build/Objects-normal/arm64/DepartmentManagerView.o -index-unit-output-path /iosApp.build/Release-iphoneos/iosApp.build/Objects-normal/arm64/UnitRegionManagerView.o -index-unit-output-path /iosApp.build/Release-iphoneos/iosApp.build/Objects-normal/arm64/PaywallLicenseView.o -index-unit-output-path /iosApp.build/Release-iphoneos/iosApp.build/Objects-normal/arm64/DeviceTypeManagerView.o -index-unit-output-path /iosApp.build/Release-iphoneos/iosApp.build/Objects-normal/arm64/SpecialistTeamManagerView.o -index-unit-output-path /iosApp.build/Release-iphoneos/iosApp.build/Objects-normal/arm64/SupportRatingReportView.o -index-unit-output-path /iosApp.build/Release-iphoneos/iosApp.build/Objects-normal/arm64/OnlineKtvMonitorView.o -index-unit-output-path /iosApp.build/Release-iphoneos/iosApp.build/Objects-normal/arm64/StaffSupportView.o -index-unit-output-path /iosApp.build/Release-iphoneos/iosApp.build/Objects-normal/arm64/PendingApprovalView.o -index-unit-output-path /iosApp.build/Release-iphoneos/iosApp.build/Objects-normal/arm64/AttendanceHistoryView.o -index-unit-output-path /iosApp.build/Release-iphoneos/iosApp.build/Objects-normal/arm64/InfoView.o -index-unit-output-path /iosApp.build/Release-iphoneos/iosApp.build/Objects-normal/arm64/AttendanceReportView.o -index-unit-output-path /iosApp.build/Release-iphoneos/iosApp.build/Objects-normal/arm64/AdminTicketListView.o -index-unit-output-path /iosApp.build/Release-iphoneos/iosApp.build/Objects-normal/arm64/HelpView.o -index-unit-output-path /iosApp.build/Release-iphoneos/iosApp.build/Objects-normal/arm64/LichSuView.o -index-unit-output-path /iosApp.build/Release-iphoneos/iosApp.build/Objects-normal/arm64/SuperAdminPortalView.o -index-unit-output-path /iosApp.build/Release-iphoneos/iosApp.build/Objects-normal/arm64/ResetPasswordView.o -index-unit-output-path /iosApp.build/Release-iphoneos/iosApp.build/Objects-normal/arm64/GeneratedAssetSymbols.o
2026-09-26T20:19:25.5870400Z Command CompileSwift failed with a nonzero exit code
2026-09-26T20:19:25.5875510Z 
2026-09-26T20:19:25.6331520Z error: Invalid Swift parseable output message (malformed JSON): `[123, 10, 32, 32, 34, 107, 105, 110, 100, 34, 58, 32, 34, 102, 105, 110, 105, 115, 104, 101, 100, 34, 44, 10, 32, 32, 34, 110, 97, 109, 101, 34, 58, 32, 34, 99, 111, 109, 112, 105, 108, 101, 34, 44, 10, 32, 32, 34, 112, 105, 100, 34, 58, 32, 56, 55, 51, 57, 44, 10, 32, 32, 34, 111, 117, 116, 112, 117, 116, 34, 58, 32, 34, 92, 47, 85, 115, 101, 114, 115, 92, 47, 114, 117, 110, 110, 101, 114, 92, 47, 119, 111, 114, 107, 92, 47, 105, 111, 115, 65, 112, 112, 92, 47, 105, 111, 115, 65, 112, 112, 92, 47, 105, 111, 115, 65, 112, 112, 92, 47, 86, 105, 101, 119, 115, 92, 47, 83, 99, 114, 101, 101, 110, 115, 92, 47, 65, 116, 116, 101, 110, 100, 97, 110, 99, 101, 92, 47, 65, 116, 116, 101, 110, 100, 97, 110, 99, 101, 67, 104, 101, 99, 107, 73, 110, 86, 105, 101, 119, 46, 115, 119, 105, 102, 116, 58, 51, 49, 58, 53, 50, 58, 32, 101, 114, 114, 111, 114, 58, 32, 101, 120, 112, 101, 99, 116, 101, 100, 32, 116, 121, 112, 101, 32, 97, 102, 116, 101, 114, 32, 39, 97, 115, 39, 92, 110, 32, 32, 32, 32, 32, 32, 32, 32, 32, 32, 32, 32, 105, 102, 32, 108, 101, 116, 32, 105, 109, 97, 103, 101, 32, 61, 32, 105, 110, 102, 111, 91, 46, 111, 114, 105, 103, 105, 110, 97, 108, 73, 109, 97, 103, 101, 93, 32, 97, 115, 32, 63, 32, 85, 73, 73, 109, 97, 103, 101, 32, 123, 92, 110, 32, 32, 32, 32, 32, 32, 32, 32, 32, 32, 32, 32, 32, 32, 32, 32, 32, 32, 32, 32, 32, 32, 32, 32, 32, 32, 32, 32, 32, 32, 32, 32, 32, 32, 32, 32, 32, 32, 32, 32, 32, 32, 32, 32, 32, 32, 32, 32, 32, 32, 32, 94, 92, 110, 92, 47, 85, 115, 101, 114, 115, 92, 47, 114, 117, 110, 110, 101, 114, 92, 47, 119, 111, 114, 107, 92, 47, 105, 111, 115, 65, 112, 112, 92, 47, 105, 111, 115, 65, 112, 112, 92, 47, 105, 111, 115, 65, 112, 112, 92, 47, 86, 105, 101, 119, 115, 92, 47, 83, 99, 114, 101, 101, 110, 115, 92, 47, 65, 116, 116, 101, 110, 100, 97, 110, 99, 101, 92, 47, 65, 116, 116, 101, 110, 100, 97, 110, 99, 101, 67, 104, 101, 99, 107, 73, 110, 86, 105, 101, 119, 46, 115, 119, 105, 102, 116, 58, 51, 49, 58, 53, 50, 58, 32, 101, 114, 114, 111, 114, 58, 32, 101, 120, 112, 101, 99, 116, 101, 100, 32, 39, 123, 39, 32, 97, 102, 116, 101, 114, 32, 39, 105, 102, 39, 32, 99, 111, 110, 100, 105, 116, 105, 111, 110, 92, 110, 32, 32, 32, 32, 32, 32, 32, 32, 32, 32, 32, 32, 105, 102, 32, 108, 101, 116, 32, 105, 109, 97, 103, 101, 32, 61, 32, 105, 110, 102, 111, 91, 46, 111, 114, 105, 103, 105, 110, 97, 108, 73, 109, 97, 103, 101, 93, 32, 97, 115, 32, 63, 32, 85, 73, 73, 109, 97, 103, 101, 32, 123, 92, 110, 32, 32, 32, 32, 32, 32, 32, 32, 32, 32, 32, 32, 32, 32, 32, 32, 32, 32, 32, 32, 32, 32, 32, 32, 32, 32, 32, 32, 32, 32, 32, 32, 32, 32, 32, 32, 32, 32, 32, 32, 32, 32, 32, 32, 32, 32, 32, 32, 32, 32, 32, 94, 92, 110, 92, 47, 85, 115, 101, 114, 115, 92, 47, 114, 117, 110, 110, 101, 114, 92, 47, 119, 111, 114, 107, 92, 47, 105, 111, 115, 65, 112, 112, 92, 47, 105, 111, 115, 65, 112, 112, 92, 47, 105, 111, 115, 65, 112, 112, 92, 47, 86, 105, 101, 119, 115, 92, 47, 83, 99, 114, 101, 101, 110, 115, 92, 47, 65, 116, 116, 101, 110, 100, 97, 110, 99, 101, 92, 47, 65, 116, 116, 101, 110, 100, 97, 110, 99, 101, 67, 104, 101, 99, 107, 73, 110, 86, 105, 101, 119, 46, 115, 119, 105, 102, 116, 58, 49, 49, 53, 58, 57, 57, 58, 32, 101, 114, 114, 111, 114, 58, 32, 105, 110, 118, 97, 108, 105, 100, 32, 85, 84, 70, 45, 56, 32, 102, 111, 117, 110, 100, 32, 105, 110, 32, 115, 111, 117, 114, 99, 101, 32, 102, 105, 108, 101, 92, 110, 32, 32, 32, 32, 32, 32, 32, 32, 32, 32, 32, 32, 32, 32, 32, 32, 32, 32, 32, 32, 32, 32, 32, 32, 32, 32, 32, 32, 32, 32, 32, 32, 32, 32, 32, 32, 32, 32, 32, 32, 84, 101, 120, 116, 40, 92, 34, 92, 92, 40, 73, 110, 116, 40, 118, 105, 101, 119, 77, 111, 100, 101, 108, 46, 116, 114, 97, 118, 101, 108, 67, 111, 110, 102, 105, 103, 46, 103, 101, 111, 102, 101, 110, 99, 101, 82, 97, 100, 105, 117, 115, 77, 101, 116, 101, 114, 115, 41, 41, 109, 189, 92, 34, 41, 92, 110, 92, 47, 85, 115, 101, 114, 115, 92, 47, 114, 117, 110, 110, 101, 114, 92, 47, 119, 111, 114, 107, 92, 47, 105, 111, 115, 65, 112, 112, 92, 47, 105, 111, 115, 65, 112, 112, 92, 47, 105, 111, 115, 65, 112, 112, 92, 47, 86, 105, 101, 119, 115, 92, 47, 83, 99, 114, 101, 101, 110, 115, 92, 47, 65, 116, 116, 101, 110, 100, 97, 110, 99, 101, 92, 47, 65, 116, 116, 101, 110, 100, 97, 110, 99, 101, 67, 104, 101, 99, 107, 73, 110, 86, 105, 101, 119, 46, 115, 119, 105, 102, 116, 58, 49, 55, 56, 58, 53, 57, 58, 32, 101, 114, 114, 111, 114, 58, 32, 105, 110, 118, 97, 108, 105, 100, 32, 85, 84, 70, 45, 56, 32, 102, 111, 117, 110, 100, 32, 105, 110, 32, 115, 111, 117, 114, 99, 101, 32, 102, 105, 108, 101, 92, 110, 32, 32, 32, 32, 32, 32, 32, 32, 32, 32, 32, 32, 32, 32, 32, 32, 32, 32, 32, 32, 32, 32, 32, 32, 32, 32, 32, 32, 32, 32, 32, 32, 32, 32, 32, 32, 83, 104, 105, 102, 116, 66, 117, 116, 116, 111, 110, 40, 116, 105, 116, 108, 101, 58, 32, 92, 34, 72, 112, 232, 110, 104, 32, 99, 104, 195, 173, 110, 104, 92, 34, 44, 32, 116, 97, 103, 58, 32, 92, 34, 72, 67, 92, 34, 44, 32, 115, 101, 108, 101, 99, 116, 101, 100, 84, 97, 103, 58, 32, 36, 118, 105, 101, 119, 77, 111, 100, 101, 108, 46, 115, 101, 108, 101, 99, 116, 101, 100, 83, 104, 105, 102, 116, 84, 121, 112, 101, 41, 92, 110, 92, 47, 85, 115, 101, 114, 115, 92, 47, 114, 117, 110, 110, 101, 114, 92, 47, 119, 111, 114, 107, 92, 47, 105, 111, 115, 65, 112, 112, 92, 47, 105, 111, 115, 65, 112, 112, 92, 47, 105, 111, 115, 65, 112, 112, 92, 47, 86, 105, 101, 119, 115, 92, 47, 83, 99, 114, 101, 101, 110, 115, 92, 47, 65, 116, 116, 101, 110, 100, 97, 110, 99, 101, 92, 47, 65, 116, 116, 101, 110, 100, 97, 110, 99, 101, 67, 104, 101, 99, 107, 73, 110, 86, 105, 101, 119, 46, 115, 119, 105, 102, 116, 58, 51, 51, 54, 58, 50, 57, 58, 32, 101, 114, 114, 111, 114, 58, 32, 101, 120, 112, 101, 99, 116, 101, 100, 32, 112, 97, 114, 97, 109, 101, 116, 101, 114, 32, 110, 97, 109, 101, 32, 102, 111, 108, 108, 111, 119, 101, 100, 32, 98, 121, 32, 39, 58, 39, 92, 110, 32, 32, 32, 32, 112, 114, 105, 118, 97, 116, 101, 32, 102, 117, 110, 99, 32, 102, 111, 114, 109, 97, 116, 84, 105, 109, 101, 40, 92, 92, 32, 116, 105, 109, 101, 115, 116, 97, 109, 112, 58, 32, 73, 110, 116, 54, 52, 63, 41, 32, 45, 62, 32, 83, 116, 114, 105, 110, 103, 32, 123, 92, 110, 32, 32, 32, 32, 32, 32, 32, 32, 32, 32, 32, 32, 32, 32, 32, 32, 32, 32, 32, 32, 32, 32, 32, 32, 32, 32, 32, 32, 94, 92, 110, 92, 47, 85, 115, 101, 114, 115, 92, 47, 114, 117, 110, 110, 101, 114, 92, 47, 119, 111, 114, 107, 92, 47, 105, 111, 115, 65, 112, 112, 92, 47, 105, 111, 115, 65, 112, 112, 92, 47, 105, 111, 115, 65, 112, 112, 92, 47, 86, 105, 101, 119, 115, 92, 47, 83, 99, 114, 101, 101, 110, 115, 92, 47, 65, 116, 116, 101, 110, 100, 97, 110, 99, 101, 92, 47, 65, 116, 116, 101, 110, 100, 97, 110, 99, 101, 67, 104, 101, 99, 107, 73, 110, 86, 105, 101, 119, 46, 115, 119, 105, 102, 116, 58, 51, 56, 50, 58, 50, 53, 58, 32, 101, 114, 114, 111, 114, 58, 32, 101, 120, 112, 101, 99, 116, 101, 100, 32, 39, 58, 39, 32, 97, 102, 116, 101, 114, 32, 39, 63, 32, 46, 46, 46, 39, 32, 105, 110, 32, 116, 101, 114, 110, 97, 114, 121, 32, 101, 120, 112, 114, 101, 115, 115, 105, 111, 110, 92, 110, 32, 32, 32, 32, 32, 32, 32, 32, 32, 32, 32, 32, 84, 101, 120, 116, 40, 105, 115, 68, 111, 110, 101, 32, 63, 32, 32, 196, 144, 195, 163, 32, 103, 104, 105, 32, 110, 104, 225, 186, 173, 110, 92, 34, 32, 58, 32, 92, 34, 67, 104, 198, 176, 97, 32, 99, 195, 179, 32, 100, 225, 187, 175, 32, 108, 105, 225, 187, 135, 117, 92, 34, 41, 92, 110, 92, 47, 85, 115, 101, 114, 115, 92, 47, 114, 117, 110, 110, 101, 114, 92, 47, 119, 111, 114, 107, 92, 47, 105, 111, 115, 65, 112, 112, 92, 47, 105, 111, 115, 65, 112, 112, 92, 47, 105, 111, 115, 65, 112, 112, 92, 47, 86, 105, 101, 119, 115, 92, 47, 83, 99, 114, 101, 101, 110, 115, 92, 47, 65, 116, 116, 101, 110, 100, 97, 110, 99, 101, 92, 47, 65, 116, 116, 101, 110, 100, 97, 110, 99, 101, 67, 104, 101, 99, 107, 73, 110, 86, 105, 101, 119, 46, 115, 119, 105, 102, 116, 58, 51, 56, 50, 58, 54, 57, 58, 32, 101, 114, 114, 111, 114, 58, 32, 117, 110, 116, 101, 114, 109, 105, 110, 97, 116, 101, 100, 32, 115, 116, 114, 105, 110, 103, 32, 108, 105, 116, 101, 114, 97, 108, 92, 110, 32, 32, 32, 32, 32, 32, 32, 32, 32, 32, 32, 32, 84, 101, 120, 116, 40, 105, 115, 68, 111, 110, 101, 32, 63, 32, 32, 196, 144, 195, 163, 32, 103, 104, 105, 32, 110, 104, 225, 186, 173, 110, 92, 34, 32, 58, 32, 92, 34, 67, 104, 198, 176, 97, 32, 99, 195, 179, 32, 100, 225, 187, 175, 32, 108, 105, 225, 187, 135, 117, 92, 34, 41, 92, 110, 92, 47, 85, 115, 101, 114, 115, 92, 47, 114, 117, 110, 110, 101, 114, 92, 47, 119, 111, 114, 107, 92, 47, 105, 111, 115, 65, 112, 112, 92, 47, 105, 111, 115, 65, 112, 112, 92, 47, 105, 111, 115, 65, 112, 112, 92, 47, 86, 105, 101, 119, 77, 111, 100, 101, 108, 115, 92, 47, 65, 100, 109, 105, 110, 86, 105, 101, 119, 77, 111, 100, 101, 108, 46, 115, 119, 105, 102, 116, 58, 55, 51, 49, 58, 49, 58, 32, 101, 114, 114, 111, 114, 58, 32, 101, 120, 116, 114, 97, 110, 101, 111, 117, 115, 32, 39, 125, 39, 32, 97, 116, 32, 116, 111, 112, 32, 108, 101, 118, 101, 108, 92, 110, 125, 92, 110, 94, 92, 110, 92, 47, 85, 115, 101, 114, 115, 92, 47, 114, 117, 110, 110, 101, 114, 92, 47, 119, 111, 114, 107, 92, 47, 105, 111, 115, 65, 112, 112, 92, 47, 105, 111, 115, 65, 112, 112, 92, 47, 105, 111, 115, 65, 112, 112, 92, 47, 86, 105, 101, 119, 115, 92, 47, 83, 99, 114, 101, 101, 110, 115, 92, 47, 83, 117, 112, 112, 111, 114, 116, 92, 47, 79, 110, 108, 105, 110, 101, 75, 116, 118, 77, 111, 110, 105, 116, 111, 114, 86, 105, 101, 119, 46, 115, 119, 105, 102, 116, 58, 52, 52, 48, 58, 57, 58, 32, 101, 114, 114, 111, 114, 58, 32, 101, 120, 112, 101, 99, 116, 101, 100, 32, 100, 101, 99, 108, 97, 114, 97, 116, 105, 111, 110, 92, 110, 32, 32, 32, 32, 32, 32, 32, 32, 46, 102, 117, 108, 108, 83, 99, 114, 101, 101, 110, 67, 111, 118, 101, 114, 40, 105, 115, 80, 114, 101, 115, 101, 110, 116, 101, 100, 58, 32, 36, 115, 104, 111, 119, 67, 97, 108, 108, 86, 105, 101, 119, 41, 32, 123, 92, 110, 32, 32, 32, 32, 32, 32, 32, 32, 94, 92, 110, 92, 47, 85, 115, 101, 114, 115, 92, 47, 114, 117, 110, 110, 101, 114, 92, 47, 119, 111, 114, 107, 92, 47, 105, 111, 115, 65, 112, 112, 92, 47, 105, 111, 115, 65, 112, 112, 92, 47, 105, 111, 115, 65, 112, 112, 92, 47, 86, 105, 101, 119, 115, 92, 47, 83, 99, 114, 101, 101, 110, 115, 92, 47, 83, 117, 112, 112, 111, 114, 116, 92, 47, 79, 110, 108, 105, 110, 101, 75, 116, 118, 77, 111, 110, 105, 116, 111, 114, 86, 105, 101, 119, 46, 115, 119, 105, 102, 116, 58, 51, 50, 48, 58, 56, 58, 32, 110, 111, 116, 101, 58, 32, 105, 110, 32, 100, 101, 99, 108, 97, 114, 97, 116, 105, 111, 110, 32, 111, 102, 32, 39, 75, 116, 118, 68, 101, 116, 97, 105, 108, 83, 104, 101, 101, 116, 39, 92, 110, 115, 116, 114, 117, 99, 116, 32, 75, 116, 118, 68, 101, 116, 97, 105, 108, 83, 104, 101, 101, 116, 58, 32, 86, 105, 101, 119, 32, 123, 92, 110, 32, 32, 32, 32, 32, 32, 32, 94, 92, 110, 92, 47, 85, 115, 101, 114, 115, 92, 47, 114, 117, 110, 110, 101, 114, 92, 47, 119, 111, 114, 107, 92, 47, 105, 111, 115, 65, 112, 112, 92, 47, 105, 111, 115, 65, 112, 112, 92, 47, 105, 111, 115, 65, 112, 112, 92, 47, 86, 105, 101, 119, 115, 92, 47, 83, 99, 114, 101, 101, 110, 115, 92, 47, 83, 117, 112, 112, 111, 114, 116, 92, 47, 79, 110, 108, 105, 110, 101, 75, 116, 118, 77, 111, 110, 105, 116, 111, 114, 86, 105, 101, 119, 46, 115, 119, 105, 102, 116, 58, 52, 53, 55, 58, 49, 58, 32, 101, 114, 114, 111, 114, 58, 32, 101, 120, 116, 114, 97, 110, 101, 111, 117, 115, 32, 39, 125, 39, 32, 97, 116, 32, 116, 111, 112, 32, 108, 101, 118, 101, 108, 92, 110, 125, 92, 110, 94, 92, 110, 92, 47, 85, 115, 101, 114, 115, 92, 47, 114, 117, 110, 110, 101, 114, 92, 47, 119, 111, 114, 107, 92, 47, 105, 111, 115, 65, 112, 112, 92, 47, 105, 111, 115, 65, 112, 112, 92, 47, 105, 111, 115, 65, 112, 112, 92, 47, 65, 112, 112, 92, 47, 77, 97, 105, 110, 67, 111, 110, 116, 97, 105, 110, 101, 114, 86, 105, 101, 119, 46, 115, 119, 105, 102, 116, 58, 51, 49, 58, 50, 49, 58, 32, 101, 114, 114, 111, 114, 58, 32, 110, 111, 32, 101, 120, 97, 99, 116, 32, 109, 97, 116, 99, 104, 101, 115, 32, 105, 110, 32, 114, 101, 102, 101, 114, 101, 110, 99, 101, 32, 116, 111, 32, 115, 116, 97, 116, 105, 99, 32, 109, 101, 116, 104, 111, 100, 32, 39, 98, 117, 105, 108, 100, 69, 120, 112, 114, 101, 115, 115, 105, 111, 110, 39, 92, 110, 32, 32, 32, 32, 32, 32, 32, 32, 32, 32, 32, 32, 32, 32, 32, 32, 32, 32, 32, 32, 76, 111, 103, 105, 110, 86, 105, 101, 119, 40, 118, 105, 101, 119, 77, 111, 100, 101, 108, 58, 32, 97, 117, 116, 104, 86, 105, 101, 119, 77, 111, 100, 101, 108, 41, 32, 123, 92, 110, 32, 32, 32, 32, 32, 32, 32, 32, 32, 32, 32, 32, 32, 32, 32, 32, 32, 32, 32, 32, 94, 92, 110, 83, 119, 105, 102, 116, 85, 73, 46, 84, 111, 111, 108, 98, 97, 114, 67, 111, 110, 116, 101, 110, 116, 66, 117, 105, 108, 100, 101, 114, 58, 54, 58, 50, 52, 58, 32, 110, 111, 116, 101, 58, 32, 99, 97, 110, 100, 105, 100, 97, 116, 101, 32, 114, 101, 113, 117, 105, 114, 101, 115, 32, 116, 104, 97, 116, 32, 39, 76, 111, 103, 105, 110, 86, 105, 101, 119, 39, 32, 99, 111, 110, 102, 111, 114, 109, 32, 116, 111, 32, 39, 67, 117, 115, 116, 111, 109, 105, 122, 97, 98, 108, 101, 84, 111, 111, 108, 98, 97, 114, 67, 111, 110, 116, 101, 110, 116, 39, 32, 40, 114, 101, 113, 117, 105, 114, 101, 109, 101, 110, 116, 32, 115, 112, 101, 99, 105, 102, 105, 101, 100, 32, 97, 115, 32, 39, 67, 111, 110, 116, 101, 110, 116, 39, 32, 58, 32, 39, 67, 117, 115, 116, 111, 109, 105, 122, 97, 98, 108, 101, 84, 111, 111, 108, 98, 97, 114, 67, 111, 110, 116, 101, 110, 116, 39, 41, 92, 110, 32, 32, 32, 32, 112, 117, 98, 108, 105, 99, 32, 115, 116, 97, 116, 105, 99, 32, 102, 117, 110, 99, 32, 98, 117, 105, 108, 100, 69, 120, 112, 114, 101, 115, 115, 105, 111, 110, 60, 67, 111, 110, 116, 101, 110, 116, 62, 40, 95, 32, 99, 111, 110, 116, 101, 110, 116, 58, 32, 67, 111, 110, 116, 101, 110, 116, 41, 32, 45, 62, 32, 67, 111, 110, 116, 101, 110, 116, 32, 119, 104, 101, 114, 101, 32, 67, 111, 110, 116, 101, 110, 116, 32, 58, 32, 67, 117, 115, 116, 111, 109, 105, 122, 97, 98, 108, 101, 84, 111, 111, 108, 98, 97, 114, 67, 111, 110, 116, 101, 110, 116, 92, 110, 32, 32, 32, 32, 32, 32, 32, 32, 32, 32, 32, 32, 32, 32, 32, 32, 32, 32, 32, 32, 32, 32, 32, 94, 92, 110, 83, 119, 105, 102, 116, 85, 73, 46, 84, 111, 111, 108, 98, 97, 114, 67, 111, 110, 116, 101, 110, 116, 66, 117, 105, 108, 100, 101, 114, 58, 54, 58, 50, 52, 58, 32, 110, 111, 116, 101, 58, 32, 99, 97, 110, 100, 105, 100, 97, 116, 101, 32, 114, 101, 113, 117, 105, 114, 101, 115, 32, 116, 104, 97, 116, 32, 39, 76, 111, 103, 105, 110, 86, 105, 101, 119, 39, 32, 99, 111, 110, 102, 111, 114, 109, 32, 116, 111, 32, 39, 67, 117, 115, 116, 111, 109, 105, 122, 97, 98, 108, 101, 84, 111, 111, 108, 98, 97, 114, 67, 111, 110, 116, 101, 110, 116, 39, 32, 40, 114, 101, 113, 117, 105, 114, 101, 109, 101, 110, 116, 32, 115, 112, 101, 99, 105, 102, 105, 101, 100, 32, 97, 115, 32, 39, 67, 111, 110, 116, 101, 110, 116, 39, 32, 58, 32, 39, 67, 117, 115, 116, 111, 109, 105, 122, 97, 98, 108, 101, 84, 111, 111, 108, 98, 97, 114, 67, 111, 110, 116, 101, 110, 116, 39, 41, 92, 110, 32, 32, 32, 32, 112, 117, 98, 108, 105, 99, 32, 115, 116, 97, 116, 105, 99, 32, 102, 117, 110, 99, 32, 98, 117, 105, 108, 100, 69, 120, 112, 114, 101, 115, 115, 105, 111, 110, 60, 67, 111, 110, 116, 101, 110, 116, 62, 40, 95, 32, 99, 111, 110, 116, 101, 110, 116, 58, 32, 67, 111, 110, 116, 101, 110, 116, 41, 32, 45, 62, 32, 67, 111, 110, 116, 101, 110, 116, 32, 119, 104, 101, 114, 101, 32, 67, 111, 110, 116, 101, 110, 116, 32, 58, 32, 67, 117, 115, 116, 111, 109, 105, 122, 97, 98, 108, 101, 84, 111, 111, 108, 98, 97, 114, 67, 111, 110, 116, 101, 110, 116, 92, 110, 32, 32, 32, 32, 32, 32, 32, 32, 32, 32, 32, 32, 32, 32, 32, 32, 32, 32, 32, 32, 32, 32, 32, 94, 92, 110, 83, 119, 105, 102, 116, 85, 73, 46, 67, 111, 109, 109, 97, 110, 100, 115, 66, 117, 105, 108, 100, 101, 114, 58, 53, 58, 50, 52, 58, 32, 110, 111, 116, 101, 58, 32, 99, 97, 110, 100, 105, 100, 97, 116, 101, 32, 114, 101, 113, 117, 105, 114, 101, 115, 32, 116, 104, 97, 116, 32, 39, 76, 111, 103, 105, 110, 86, 105, 101, 119, 39, 32, 99, 111, 110, 102, 111, 114, 109, 32, 116, 111, 32, 39, 67, 111, 109, 109, 97, 110, 100, 115, 39, 32, 40, 114, 101, 113, 117, 105, 114, 101, 109, 101, 110, 116, 32, 115, 112, 101, 99, 105, 102, 105, 101, 100, 32, 97, 115, 32, 39, 67, 111, 110, 116, 101, 110, 116, 39, 32, 58, 32, 39, 67, 111, 109, 109, 97, 110, 100, 115, 39, 41, 92, 110, 32, 32, 32, 32, 112, 117, 98, 108, 105, 99, 32, 115, 116, 97, 116, 105, 99, 32, 102, 117, 110, 99, 32, 98, 117, 105, 108, 100, 69, 120, 112, 114, 101, 115, 115, 105, 111, 110, 60, 67, 111, 110, 116, 101, 110, 116, 62, 40, 95, 32, 99, 111, 110, 116, 101, 110, 116, 58, 32, 67, 111, 110, 116, 101, 110, 116, 41, 32, 45, 62, 32, 67, 111, 110, 116, 101, 110, 116, 32, 119, 104, 101, 114, 101, 32, 67, 111, 110, 116, 101, 110, 116, 32, 58, 32, 67, 111, 109, 109, 97, 110, 100, 115, 92, 110, 32, 32, 32, 32, 32, 32, 32, 32, 32, 32, 32, 32, 32, 32, 32, 32, 32, 32, 32, 32, 32, 32, 32, 94, 92, 110, 92, 47, 85, 115, 101, 114, 115, 92, 47, 114, 117, 110, 110, 101, 114, 92, 47, 119, 111, 114, 107, 92, 47, 105, 111, 115, 65, 112, 112, 92, 47, 105, 111, 115, 65, 112, 112, 92, 47, 105, 111, 115, 65, 112, 112, 92, 47, 84, 104, 101, 109, 101, 92, 47, 65, 112, 112, 67, 111, 108, 111, 114, 115, 46, 115, 119, 105, 102, 116, 58, 49, 53, 58, 52, 49, 58, 32, 101, 114, 114, 111, 114, 58, 32, 97, 109, 98, 105, 103, 117, 111, 117, 115, 32, 117, 115, 101, 32, 111, 102, 32, 39, 105, 110, 105, 116, 40, 104, 101, 120, 58, 41, 39, 92, 110, 32, 32, 32, 32, 115, 116, 97, 116, 105, 99, 32, 108, 101, 116, 32, 97, 112, 112, 66, 111, 116, 116, 111, 109, 66, 97, 114, 66, 97, 99, 107, 103, 114, 111, 117, 110, 100, 32, 61, 32, 67, 111, 108, 111, 114, 40, 104, 101, 120, 58, 32, 92, 34, 35, 48, 65, 49, 57, 50, 70, 92, 34, 41, 32, 32, 92, 47, 92, 47, 32, 88, 97, 110, 104, 32, 196, 144, 225, 186, 173, 109, 32, 196, 144, 195, 170, 109, 32, 40, 84, 104, 97, 110, 104, 32, 100, 198, 176, 225, 187, 155, 105, 41, 92, 110, 92, 47, 85, 115, 101, 114, 115, 92, 47, 114, 117, 110, 110, 101, 114, 92, 47, 119, 111, 114, 107, 92, 47, 105, 111, 115, 65, 112, 112, 92, 47, 105, 111, 115, 65, 112, 112, 92, 47, 105, 111, 115, 65, 112, 112, 92, 47, 84, 104, 101, 109, 101, 92, 47, 65, 112, 112, 67, 111, 108, 111, 114, 115, 46, 115, 119, 105, 102, 116, 58, 52, 54, 58, 53, 58, 32, 110, 111, 116, 101, 58, 32, 102, 111, 117, 110, 100, 32, 116, 104, 105, 115, 32, 99, 97, 110, 100, 105, 100, 97, 116, 101, 92, 110, 32, 32, 32, 32, 105, 110, 105, 116, 40, 104, 101, 120, 58, 32, 83, 116, 114, 105, 110, 103, 41, 32, 123, 92, 110, 32, 32, 32, 32, 94, 92, 110, 92, 47, 85, 115, 101, 114, 115, 92, 47, 114, 117, 110, 110, 101, 114, 92, 47, 119, 111, 114, 107, 92, 47, 105, 111, 115, 65, 112, 112, 92, 47, 105, 111, 115, 65, 112, 112, 92, 47, 105, 111, 115, 65, 112, 112, 92, 47, 86, 105, 101, 119, 115, 92, 47, 83, 99, 114, 101, 101, 110, 115, 92, 47, 65, 100, 109, 105, 110, 92, 47, 83, 117, 112, 101, 114, 65, 100, 109, 105, 110, 80, 111, 114, 116, 97, 108, 86, 105, 101, 119, 46, 115, 119, 105, 102, 116, 58, 53, 52, 54, 58, 53, 58, 32, 110, 111, 116, 101, 58, 32, 102, 111, 117, 110, 100, 32, 116, 104, 105, 115, 32, 99, 97, 110, 100, 105, 100, 97, 116, 101, 92, 110, 32, 32, 32, 32, 105, 110, 105, 116, 40, 104, 101, 120, 58, 32, 83, 116, 114, 105, 110, 103, 41, 32, 123, 92, 110, 32, 32, 32, 32, 94, 92, 110, 92, 47, 85, 115, 101, 114, 115, 92, 47, 114, 117, 110, 110, 101, 114, 92, 47, 119, 111, 114, 107, 92, 47, 105, 111, 115, 65, 112, 112, 92, 47, 105, 111, 115, 65, 112, 112, 92, 47, 105, 111, 115, 65, 112, 112, 92, 47, 84, 104, 101, 109, 101, 92, 47, 65, 112, 112, 67, 111, 108, 111, 114, 115, 46, 115, 119, 105, 102, 116, 58, 49, 54, 58, 51, 57, 58, 32, 101, 114, 114, 111, 114, 58, 32, 97, 109, 98, 105, 103, 117, 111, 117, 115, 32, 117, 115, 101, 32, 111, 102, 32, 39, 105, 110, 105, 116, 40, 104, 101, 120, 58, 41, 39, 92, 110, 32, 32, 32, 32, 115, 116, 97, 116, 105, 99, 32, 108, 101, 116, 32, 97, 112, 112, 66, 111, 116, 116, 111, 109, 66, 97, 114, 83, 101, 108, 101, 99, 116, 101, 100, 32, 61, 32, 67, 111, 108, 111, 114, 40, 104, 101, 120, 58, 32, 92, 34, 35, 70, 52, 48, 50, 54, 54, 92, 34, 41, 32, 32, 32, 32, 92, 47, 92, 47, 32, 72, 225, 187, 147, 110, 103, 32, 72, 105, 103, 104, 108, 105, 103, 104, 116, 32, 107, 104, 105, 32, 99, 104, 225, 187, 141, 110, 92, 110, 92, 47, 85, 115, 101, 114, 115, 92, 47, 114, 117, 110, 110, 101, 114, 92, 47, 119, 111, 114, 107, 92, 47, 105, 111, 115, 65, 112, 112, 92, 47, 105, 111, 115, 65, 112, 112, 92, 47, 105, 111, 115, 65, 112, 112, 92, 47, 84, 104, 101, 109, 101, 92, 47, 65, 112, 112, 67, 111, 108, 111, 114, 115, 46, 115, 119, 105, 102, 116, 58, 52, 54, 58, 53, 58, 32, 110, 111, 116, 101, 58, 32, 102, 111, 117, 110, 100, 32, 116, 104, 105, 115, 32, 99, 97, 110, 100, 105, 100, 97, 116, 101, 92, 110, 32, 32, 32, 32, 105, 110, 105, 116, 40, 104, 101, 120, 58, 32, 83, 116, 114, 105, 110, 103, 41, 32, 123, 92, 110, 32, 32, 32, 32, 94, 92, 110, 92, 47, 85, 115, 101, 114, 115, 92, 47, 114, 117, 110, 110, 101, 114, 92, 47, 119, 111, 114, 107, 92, 47, 105, 111, 115, 65, 112, 112, 92, 47, 105, 111, 115, 65, 112, 112, 92, 47, 105, 111, 115, 65, 112, 112, 92, 47, 86, 105, 101, 119, 115, 92, 47, 83, 99, 114, 101, 101, 110, 115, 92, 47, 65, 100, 109, 105, 110, 92, 47, 83, 117, 112, 101, 114, 65, 100, 109, 105, 110, 80, 111, 114, 116, 97, 108, 86, 105, 101, 119, 46, 115, 119, 105, 102, 116, 58, 53, 52, 54, 58, 53, 58, 32, 110, 111, 116, 101, 58, 32, 102, 111, 117, 110, 100, 32, 116, 104, 105, 115, 32, 99, 97, 110, 100, 105, 100, 97, 116, 101, 92, 110, 32, 32, 32, 32, 105, 110, 105, 116, 40, 104, 101, 120, 58, 32, 83, 116, 114, 105, 110, 103, 41, 32, 123, 92, 110, 32, 32, 32, 32, 94, 92, 110, 92, 47, 85, 115, 101, 114, 115, 92, 47, 114, 117, 110, 110, 101, 114, 92, 47, 119, 111, 114, 107, 92, 47, 105, 111, 115, 65, 112, 112, 92, 47, 105, 111, 115, 65, 112, 112, 92, 47, 105, 111, 115, 65, 112, 112, 92, 47, 84, 104, 101, 109, 101, 92, 47, 65, 112, 112, 67, 111, 108, 111, 114, 115, 46, 115, 119, 105, 102, 116, 58, 49, 55, 58, 52, 49, 58, 32, 101, 114, 114, 111, 114, 58, 32, 97, 109, 98, 105, 103, 117, 111, 117, 115, 32, 117, 115, 101, 32, 111, 102, 32, 39, 105, 110, 105, 116, 40, 104, 101, 120, 58, 41, 39, 92, 110, 32, 32, 32, 32, 115, 116, 97, 116, 105, 99, 32, 108, 101, 116, 32, 97, 112, 112, 66, 111, 116, 116, 111, 109, 66, 97, 114, 85, 110, 115, 101, 108, 101, 99, 116, 101, 100, 32, 61, 32, 67, 111, 108, 111, 114, 40, 104, 101, 120, 58, 32, 92, 34, 35, 57, 52, 65, 51, 66, 56, 92, 34, 41, 32, 32, 92, 47, 92, 47, 32, 83, 108, 97, 116, 101, 32, 77, 117, 116, 101, 100, 92, 110, 32, 32, 32, 32, 32, 32, 32, 32, 32, 32, 32, 32, 32, 32, 32, 32, 32, 32, 32, 32, 32, 32, 32, 32, 32, 32, 32, 32, 32, 32, 32, 32, 32, 32, 32, 32, 32, 32, 32, 32, 94, 92, 110, 92, 47, 85, 115, 101, 114, 115, 92, 47, 114, 117, 110, 110, 101, 114, 92, 47, 119, 111, 114, 107, 92, 47, 105, 111, 115, 65, 112, 112, 92, 47, 105, 111, 115, 65, 112, 112, 92, 47, 105, 111, 115, 65, 112, 112, 92, 47, 84, 104, 101, 109, 101, 92, 47, 65, 112, 112, 67, 111, 108, 111, 114, 115, 46, 115, 119, 105, 102, 116, 58, 52, 54, 58, 53, 58, 32, 110, 111, 116, 101, 58, 32, 102, 111, 117, 110, 100, 32, 116, 104, 105, 115, 32, 99, 97, 110, 100, 105, 100, 97, 116, 101, 92, 110, 32, 32, 32, 32, 105, 110, 105, 116, 40, 104, 101, 120, 58, 32, 83, 116, 114, 105, 110, 103, 41, 32, 123, 92, 110, 32, 32, 32, 32, 94, 92, 110, 92, 47, 85, 115, 101, 114, 115, 92, 47, 114, 117, 110, 110, 101, 114, 92, 47, 119, 111, 114, 107, 92, 47, 105, 111, 115, 65, 112, 112, 92, 47, 105, 111, 115, 65, 112, 112, 92, 47, 105, 111, 115, 65, 112, 112, 92, 47, 86, 105, 101, 119, 115, 92, 47, 83, 99, 114, 101, 101, 110, 115, 92, 47, 65, 100, 109, 105, 110, 92, 47, 83, 117, 112, 101, 114, 65, 100, 109, 105, 110, 80, 111, 114, 116, 97, 108, 86, 105, 101, 119, 46, 115, 119, 105, 102, 116, 58, 53, 52, 54, 58, 53, 58, 32, 110, 111, 116, 101, 58, 32, 102, 111, 117, 110, 100, 32, 116, 104, 105, 115, 32, 99, 97, 110, 100, 105, 100, 97, 116, 101, 92, 110, 32, 32, 32, 32, 105, 110, 105, 116, 40, 104, 101, 120, 58, 32, 83, 116, 114, 105, 110, 103, 41, 32, 123, 92, 110, 32, 32, 32, 32, 94, 92, 110, 92, 47, 85, 115, 101, 114, 115, 92, 47, 114, 117, 110, 110, 101, 114, 92, 47, 119, 111, 114, 107, 92, 47, 105, 111, 115, 65, 112, 112, 92, 47, 105, 111, 115, 65, 112, 112, 92, 47, 105, 111, 115, 65, 112, 112, 92, 47, 84, 104, 101, 109, 101, 92, 47, 65, 112, 112, 67, 111, 108, 111, 114, 115, 46, 115, 119, 105, 102, 116, 58, 49, 56, 58, 51, 48, 58, 32, 101, 114, 114, 111, 114, 58, 32, 97, 109, 98, 105, 103, 117, 111, 117, 115, 32, 117, 115, 101, 32, 111, 102, 32, 39, 105, 110, 105, 116, 40, 104, 101, 120, 58, 41, 39, 92, 110, 32, 32, 32, 32, 115, 116, 97, 116, 105, 99, 32, 108, 101, 116, 32, 97, 112, 112, 70, 97, 98, 71, 114, 101, 101, 110, 32, 61, 32, 67, 111, 108, 111, 114, 40, 104, 101, 120, 58, 32, 92, 34, 35, 50, 69, 55, 68, 51, 50, 92, 34, 41, 32, 32, 32, 32, 32, 32, 32, 32, 32, 32, 32, 32, 32, 92, 47, 92, 47, 32, 88, 97, 110, 104, 32, 108, 195, 161, 32, 110, 195, 186, 116, 32, 110, 225, 187, 149, 105, 32, 72, 225, 187, 151, 32, 116, 114, 225, 187, 163, 32, 40, 70, 65, 66, 41, 92, 110, 92, 47, 85, 115, 101, 114, 115, 92, 47, 114, 117, 110, 110, 101, 114, 92, 47, 119, 111, 114, 107, 92, 47, 105, 111, 115, 65, 112, 112, 92, 47, 105, 111, 115, 65, 112, 112, 92, 47, 105, 111, 115, 65, 112, 112, 92, 47, 84, 104, 101, 109, 101, 92, 47, 65, 112, 112, 67, 111, 108, 111, 114, 115, 46, 115, 119, 105, 102, 116, 58, 52, 54, 58, 53, 58, 32, 110, 111, 116, 101, 58, 32, 102, 111, 117, 110, 100, 32, 116, 104, 105, 115, 32, 99, 97, 110, 100, 105, 100, 97, 116, 101, 92, 110, 32, 32, 32, 32, 105, 110, 105, 116, 40, 104, 101, 120, 58, 32, 83, 116, 114, 105, 110, 103, 41, 32, 123, 92, 110, 32, 32, 32, 32, 94, 92, 110, 92, 47, 85, 115, 101, 114, 115, 92, 47, 114, 117, 110, 110, 101, 114, 92, 47, 119, 111, 114, 107, 92, 47, 105, 111, 115, 65, 112, 112, 92, 47, 105, 111, 115, 65, 112, 112, 92, 47, 105, 111, 115, 65, 112, 112, 92, 47, 86, 105, 101, 119, 115, 92, 47, 83, 99, 114, 101, 101, 110, 115, 92, 47, 65, 100, 109, 105, 110, 92, 47, 83, 117, 112, 101, 114, 65, 100, 109, 105, 110, 80, 111, 114, 116, 97, 108, 86, 105, 101, 119, 46, 115, 119, 105, 102, 116, 58, 53, 52, 54, 58, 53, 58, 32, 110, 111, 116, 101, 58, 32, 102, 111, 117, 110, 100, 32, 116, 104, 105, 115, 32, 99, 97, 110, 100, 105, 100, 97, 116, 101, 92, 110, 32, 32, 32, 32, 105, 110, 105, 116, 40, 104, 101, 120, 58, 32, 83, 116, 114, 105, 110, 103, 41, 32, 123, 92, 110, 32, 32, 32, 32, 94, 92, 110, 92, 47, 85, 115, 101, 114, 115, 92, 47, 114, 117, 110, 110, 101, 114, 92, 47, 119, 111, 114, 107, 92, 47, 105, 111, 115, 65, 112, 112, 92, 47, 105, 111, 115, 65, 112, 112, 92, 47, 105, 111, 115, 65, 112, 112, 92, 47, 65, 112, 112, 92, 47, 77, 97, 105, 110, 67, 111, 110, 116, 97, 105, 110, 101, 114, 86, 105, 101, 119, 46, 115, 119, 105, 102, 116, 58, 50, 54, 54, 58, 51, 50, 58, 32, 101, 114, 114, 111, 114, 58, 32, 101, 120, 116, 114, 97, 32, 97, 114, 103, 117, 109, 101, 110, 116, 32, 39, 111, 110, 68, 105, 115, 109, 105, 115, 115, 39, 32, 105, 110, 32, 99, 97, 108, 108, 92, 110, 32, 32, 32, 32, 32, 32, 32, 32, 32, 32, 32, 32, 32, 32, 32, 32, 32, 32, 32, 32, 111, 110, 68, 105, 115, 109, 105, 115, 115, 58, 32, 123, 32, 115, 104, 111, 119, 65, 100, 100, 68, 101, 118, 105, 99, 101, 83, 104, 101, 101, 116, 32, 61, 32, 102, 97, 108, 115, 101, 32, 125, 92, 110, 126, 126, 126, 126, 126, 126, 126, 126, 126, 126, 126, 126, 126, 126, 126, 126, 126, 126, 126, 126, 126, 126, 126, 126, 126, 126, 126, 126, 126, 126, 126, 94, 126, 126, 126, 126, 126, 126, 126, 126, 126, 126, 126, 126, 126, 126, 126, 126, 126, 126, 126, 126, 126, 126, 126, 126, 126, 126, 126, 126, 126, 92, 110, 92, 47, 85, 115, 101, 114, 115, 92, 47, 114, 117, 110, 110, 101, 114, 92, 47, 119, 111, 114, 107, 92, 47, 105, 111, 115, 65, 112, 112, 92, 47, 105, 111, 115, 65, 112, 112, 92, 47, 105, 111, 115, 65, 112, 112, 92, 47, 65, 112, 112, 92, 47, 77, 97, 105, 110, 67, 111, 110, 116, 97, 105, 110, 101, 114, 86, 105, 101, 119, 46, 115, 119, 105, 102, 116, 58, 50, 54, 53, 58, 57, 52, 58, 32, 101, 114, 114, 111, 114, 58, 32, 109, 105, 115, 115, 105, 110, 103, 32, 97, 114, 103, 117, 109, 101, 110, 116, 32, 102, 111, 114, 32, 112, 97, 114, 97, 109, 101, 116, 101, 114, 32, 39, 111, 110, 66, 97, 99, 107, 39, 32, 105, 110, 32, 99, 97, 108, 108, 92, 110, 32, 32, 32, 32, 32, 32, 32, 32, 32, 32, 32, 32, 32, 32, 32, 32, 32, 32, 32, 32, 118, 105, 101, 119, 77, 111, 100, 101, 108, 58, 32, 68, 101, 118, 105, 99, 101, 86, 105, 101, 119, 77, 111, 100, 101, 108, 40, 117, 115, 101, 114, 58, 32, 117, 115, 101, 114, 44, 32, 99, 111, 109, 112, 97, 110, 121, 73, 100, 58, 32, 99, 111, 109, 112, 73, 100, 44, 32, 105, 100, 84, 111, 107, 101, 110, 58, 32, 116, 111, 107, 101, 110, 41, 44, 92, 110, 32, 32, 32, 32, 32, 32, 32, 32, 32, 32, 32, 32, 32, 32, 32, 32, 32, 32, 32, 32, 32, 32, 32, 32, 32, 32, 32, 32, 32, 32, 32, 32, 32, 32, 32, 32, 32, 32, 32, 32, 32, 32, 32, 32, 32, 32, 32, 32, 32, 32, 32, 32, 32, 32, 32, 32, 32, 32, 32, 32, 32, 32, 32, 32, 32, 32, 32, 32, 32, 32, 32, 32, 32, 32, 32, 32, 32, 32, 32, 32, 32, 32, 32, 32, 32, 32, 32, 32, 32, 32, 32, 32, 32, 94, 92, 110, 32, 32, 32, 32, 32, 32, 32, 32, 32, 32, 32, 32, 32, 32, 32, 32, 32, 32, 32, 32, 32, 32, 32, 32, 32, 32, 32, 32, 32, 32, 32, 32, 32, 32, 32, 32, 32, 32, 32, 32, 32, 32, 32, 32, 32, 32, 32, 32, 32, 32, 32, 32, 32, 32, 32, 32, 32, 32, 32, 32, 32, 32, 32, 32, 32, 32, 32, 32, 32, 32, 32, 32, 32, 32, 32, 32, 32, 32, 32, 32, 32, 32, 32, 32, 32, 32, 32, 32, 32, 32, 32, 32, 32, 44, 32, 111, 110, 66, 97, 99, 107, 58, 32, 60, 35, 40, 41, 32, 45, 62, 32, 86, 111, 105, 100, 35, 62, 92, 110, 92, 47, 85, 115, 101, 114, 115, 92, 47, 114, 117, 110, 110, 101, 114, 92, 47, 119, 111, 114, 107, 92, 47, 105, 111, 115, 65, 112, 112, 92, 47, 105, 111, 115, 65, 112, 112, 92, 47, 105, 111, 115, 65, 112, 112, 92, 47, 86, 105, 101, 119, 115, 92, 47, 83, 99, 114, 101, 101, 110, 115, 92, 47, 68, 101, 118, 105, 99, 101, 115, 92, 47, 65, 100, 100, 68, 101, 118, 105, 99, 101, 86, 105, 101, 119, 46, 115, 119, 105, 102, 116, 58, 50, 57, 58, 49, 50, 58, 32, 110, 111, 116, 101, 58, 32, 39, 105, 110, 105, 116, 40, 118, 105, 101, 119, 77, 111, 100, 101, 108, 58, 111, 110, 66, 97, 99, 107, 58, 111, 110, 83, 117, 99, 99, 101, 115, 115, 58, 41, 39, 32, 100, 101, 99, 108, 97, 114, 101, 100, 32, 104, 101, 114, 101, 92, 110, 32, 32, 32, 32, 112, 117, 98, 108, 105, 99, 32, 105, 110, 105, 116, 40, 118, 105, 101, 119, 77, 111, 100, 101, 108, 58, 32, 68, 101, 118, 105, 99, 101, 86, 105, 101, 119, 77, 111, 100, 101, 108, 44, 32, 111, 110, 66, 97, 99, 107, 58, 32, 64, 101, 115, 99, 97, 112, 105, 110, 103, 32, 40, 41, 32, 45, 62, 32, 86, 111, 105, 100, 44, 32, 111, 110, 83, 117, 99, 99, 101, 115, 115, 58, 32, 40, 40, 83, 116, 114, 105, 110, 103, 41, 32, 45, 62, 32, 86, 111, 105, 100, 41, 63, 32, 61, 32, 110, 105, 108, 41, 32, 123, 92, 110, 32, 32, 32, 32, 32, 32, 32, 32, 32, 32, 32, 94, 92, 110, 92, 47, 85, 115, 101, 114, 115, 92, 47, 114, 117, 110, 110, 101, 114, 92, 47, 119, 111, 114, 107, 92, 47, 105, 111, 115, 65, 112, 112, 92, 47, 105, 111, 115, 65, 112, 112, 92, 47, 105, 111, 115, 65, 112, 112, 92, 47, 84, 104, 101, 109, 101, 92, 47, 65, 112, 112, 67, 111, 108, 111, 114, 115, 46, 115, 119, 105, 102, 116, 58, 54, 58, 51, 51, 58, 32, 101, 114, 114, 111, 114, 58, 32, 97, 109, 98, 105, 103, 117, 111, 117, 115, 32, 117, 115, 101, 32, 111, 102, 32, 39, 105, 110, 105, 116, 40, 104, 101, 120, 58, 41, 39, 92, 110, 32, 32, 32, 32, 115, 116, 97, 116, 105, 99, 32, 108, 101, 116, 32, 97, 112, 112, 80, 114, 105, 109, 97, 114, 121, 80, 105, 110, 107, 32, 61, 32, 67, 111, 108, 111, 114, 40, 104, 101, 120, 58, 32, 92, 34, 35, 70, 52, 48, 50, 54, 54, 92, 34, 41, 32, 32, 32, 32, 32, 32, 32, 32, 32, 32, 92, 47, 92, 47, 32, 72, 225, 187, 147, 110, 103, 32, 114, 225, 187, 177, 99, 32, 114, 225, 187, 161, 32, 116, 104, 198, 176, 198, 161, 110, 103, 32, 104, 105, 225, 187, 135, 117, 92, 110, 92, 47, 85, 115, 101, 114, 115, 92, 47, 114, 117, 110, 110, 101, 114, 92, 47, 119, 111, 114, 107, 92, 47, 105, 111, 115, 65, 112, 112, 92, 47, 105, 111, 115, 65, 112, 112, 92, 47, 105, 111, 115, 65, 112, 112, 92, 47, 84, 104, 101, 109, 101, 92, 47, 65, 112, 112, 67, 111, 108, 111, 114, 115, 46, 115, 119, 105, 102, 116, 58, 52, 54, 58, 53, 58, 32, 110, 111, 116, 101, 58, 32, 102, 111, 117, 110, 100, 32, 116, 104, 105, 115, 32, 99, 97, 110, 100, 105, 100, 97, 116, 101, 92, 110, 32, 32, 32, 32, 105, 110, 105, 116, 40, 104, 101, 120, 58, 32, 83, 116, 114, 105, 110, 103, 41, 32, 123, 92, 110, 32, 32, 32, 32, 94, 92, 110, 92, 47, 85, 115, 101, 114, 115, 92, 47, 114, 117, 110, 110, 101, 114, 92, 47, 119, 111, 114, 107, 92, 47, 105, 111, 115, 65, 112, 112, 92, 47, 105, 111, 115, 65, 112, 112, 92, 47, 105, 111, 115, 65, 112, 112, 92, 47, 86, 105, 101, 119, 115, 92, 47, 83, 99, 114, 101, 101, 110, 115, 92, 47, 65, 100, 109, 105, 110, 92, 47, 83, 117, 112, 101, 114, 65, 100, 109, 105, 110, 80, 111, 114, 116, 97, 108, 86, 105, 101, 119, 46, 115, 119, 105, 102, 116, 58, 53, 52, 54, 58, 53, 58, 32, 110, 111, 116, 101, 58, 32, 102, 111, 117, 110, 100, 32, 116, 104, 105, 115, 32, 99, 97, 110, 100, 105, 100, 97, 116, 101, 92, 110, 32, 32, 32, 32, 105, 110, 105, 116, 40, 104, 101, 120, 58, 32, 83, 116, 114, 105, 110, 103, 41, 32, 123, 92, 110, 32, 32, 32, 32, 94, 92, 110, 92, 47, 85, 115, 101, 114, 115, 92, 47, 114, 117, 110, 110, 101, 114, 92, 47, 119, 111, 114, 107, 92, 47, 105, 111, 115, 65, 112, 112, 92, 47, 105, 111, 115, 65, 112, 112, 92, 47, 105, 111, 115, 65, 112, 112, 92, 47, 84, 104, 101, 109, 101, 92, 47, 65, 112, 112, 67, 111, 108, 111, 114, 115, 46, 115, 119, 105, 102, 116, 58, 55, 58, 51, 56, 58, 32, 101, 114, 114, 111, 114, 58, 32, 97, 109, 98, 105, 103, 117, 111, 117, 115, 32, 117, 115, 101, 32, 111, 102, 32, 39, 105, 110, 105, 116, 40, 104, 101, 120, 58, 41, 39, 92, 110, 32, 32, 32, 32, 115, 116, 97, 116, 105, 99, 32, 108, 101, 116, 32, 97, 112, 112, 80, 114, 105, 109, 97, 114, 121, 80, 105, 110, 107, 76, 105, 103, 104, 116, 32, 61, 32, 67, 111, 108, 111, 114, 40, 104, 101, 120, 58, 32, 92, 34, 35, 70, 70, 52, 48, 56, 49, 92, 34, 41, 32, 32, 32, 32, 32, 92, 47, 92, 47, 32, 72, 225, 187, 147, 110, 103, 32, 115, 195, 161, 110, 103, 92, 110, 92, 47, 85, 115, 101, 114, 115, 92, 47, 114, 117, 110, 110, 101, 114, 92, 47, 119, 111, 114, 107, 92, 47, 105, 111, 115, 65, 112, 112, 92, 47, 105, 111, 115, 65, 112, 112, 92, 47, 105, 111, 115, 65, 112, 112, 92, 47, 84, 104, 101, 109, 101, 92, 47, 65, 112, 112, 67, 111, 108, 111, 114, 115, 46, 115, 119, 105, 102, 116, 58, 52, 54, 58, 53, 58, 32, 110, 111, 116, 101, 58, 32, 102, 111, 117, 110, 100, 32, 116, 104, 105, 115, 32, 99, 97, 110, 100, 105, 100, 97, 116, 101, 92, 110, 32, 32, 32, 32, 105, 110, 105, 116, 40, 104, 101, 120, 58, 32, 83, 116, 114, 105, 110, 103, 41, 32, 123, 92, 110, 32, 32, 32, 32, 94, 92, 110, 92, 47, 85, 115, 101, 114, 115, 92, 47, 114, 117, 110, 110, 101, 114, 92, 47, 119, 111, 114, 107, 92, 47, 105, 111, 115, 65, 112, 112, 92, 47, 105, 111, 115, 65, 112, 112, 92, 47, 105, 111, 115, 65, 112, 112, 92, 47, 86, 105, 101, 119, 115, 92, 47, 83, 99, 114, 101, 101, 110, 115, 92, 47, 65, 100, 109, 105, 110, 92, 47, 83, 117, 112, 101, 114, 65, 100, 109, 105, 110, 80, 111, 114, 116, 97, 108, 86, 105, 101, 119, 46, 115, 119, 105, 102, 116, 58, 53, 52, 54, 58, 53, 58, 32, 110, 111, 116, 101, 58, 32, 102, 111, 117, 110, 100, 32, 116, 104, 105, 115, 32, 99, 97, 110, 100, 105, 100, 97, 116, 101, 92, 110, 32, 32, 32, 32, 105, 110, 105, 116, 40, 104, 101, 120, 58, 32, 83, 116, 114, 105, 110, 103, 41, 32, 123, 92, 110, 32, 32, 32, 32, 94, 92, 110, 92, 47, 85, 115, 101, 114, 115, 92, 47, 114, 117, 110, 110, 101, 114, 92, 47, 119, 111, 114, 107, 92, 47, 105, 111, 115, 65, 112, 112, 92, 47, 105, 111, 115, 65, 112, 112, 92, 47, 105, 111, 115, 65, 112, 112, 92, 47, 84, 104, 101, 109, 101, 92, 47, 65, 112, 112, 67, 111, 108, 111, 114, 115, 46, 115, 119, 105, 102, 116, 58, 56, 58, 52, 50, 58, 32, 101, 114, 114, 111, 114, 58, 32, 97, 109, 98, 105, 103, 117, 111, 117, 115, 32, 117, 115, 101, 32, 111, 102, 32, 39, 105, 110, 105, 116, 40, 104, 101, 120, 58, 41, 39, 92, 110, 32, 32, 32, 32, 115, 116, 97, 116, 105, 99, 32, 108, 101, 116, 32, 97, 112, 112, 80, 114, 105, 109, 97, 114, 121, 80, 105, 110, 107, 67, 111, 110, 116, 97, 105, 110, 101, 114, 32, 61, 32, 67, 111, 108, 111, 114, 40, 104, 101, 120, 58, 32, 92, 34, 35, 70, 67, 69, 52, 69, 67, 92, 34, 41, 32, 92, 47, 92, 47, 32, 72, 225, 187, 147, 110, 103, 32, 110, 104, 225, 186, 161, 116, 32, 99, 111, 110, 116, 97, 105, 110, 101, 114, 92, 110, 92, 47, 85, 115, 101, 114, 115, 92, 47, 114, 117, 110, 110, 101, 114, 92, 47, 119, 111, 114, 107, 92, 47, 105, 111, 115, 65, 112, 112, 92, 47, 105, 111, 115, 65, 112, 112, 92, 47, 105, 111, 115, 65, 112, 112, 92, 47, 84, 104, 101, 109, 101, 92, 47, 65, 112, 112, 67, 111, 108, 111, 114, 115, 46, 115, 119, 105, 102, 116, 58, 52, 54, 58, 53, 58, 32, 110, 111, 116, 101, 58, 32, 102, 111, 117, 110, 100, 32, 116, 104, 105, 115, 32, 99, 97, 110, 100, 105, 100, 97, 116, 101, 92, 110, 32, 32, 32, 32, 105, 110, 105, 116, 40, 104, 101, 120, 58, 32, 83, 116, 114, 105, 110, 103, 41, 32, 123, 92, 110, 32, 32, 32, 32, 94, 92, 110, 92, 47, 85, 115, 101, 114, 115, 92, 47, 114, 117, 110, 110, 101, 114, 92, 47, 119, 111, 114, 107, 92, 47, 105, 111, 115, 65, 112, 112, 92, 47, 105, 111, 115, 65, 112, 112, 92, 47, 105, 111, 115, 65, 112, 112, 92, 47, 86, 105, 101, 119, 115, 92, 47, 83, 99, 114, 101, 101, 110, 115, 92, 47, 65, 100, 109, 105, 110, 92, 47, 83, 117, 112, 101, 114, 65, 100, 109, 105, 110, 80, 111, 114, 116, 97, 108, 86, 105, 101, 119, 46, 115, 119, 105, 102, 116, 58, 53, 52, 54, 58, 53, 58, 32, 110, 111, 116, 101, 58, 32, 102, 111, 117, 110, 100, 32, 116, 104, 105, 115, 32, 99, 97, 110, 100, 105, 100, 97, 116, 101, 92, 110, 32, 32, 32, 32, 105, 110, 105, 116, 40, 104, 101, 120, 58, 32, 83, 116, 114, 105, 110, 103, 41, 32, 123, 92, 110, 32, 32, 32, 32, 94, 92, 110, 92, 47, 85, 115, 101, 114, 115, 92, 47, 114, 117, 110, 110, 101, 114, 92, 47, 119, 111, 114, 107, 92, 47, 105, 111, 115, 65, 112, 112, 92, 47, 105, 111, 115, 65, 112, 112, 92, 47, 105, 111, 115, 65, 112, 112, 92, 47, 84, 104, 101, 109, 101, 92, 47, 65, 112, 112, 67, 111, 108, 111, 114, 115, 46, 115, 119, 105, 102, 116, 58, 57, 58, 51, 57, 58, 32, 101, 114, 114, 111, 114, 58, 32, 97, 109, 98, 105, 103, 117, 111, 117, 115, 32, 117, 115, 101, 32, 111, 102, 32, 39, 105, 110, 105, 116, 40, 104, 101, 120, 58, 41, 39, 92, 110, 32, 32, 32, 32, 115, 116, 97, 116, 105, 99, 32, 108, 101, 116, 32, 97, 112, 112, 83, 101, 99, 111, 110, 100, 97, 114, 121, 68, 97, 114, 107, 66, 108, 117, 101, 32, 61, 32, 67, 111, 108, 111, 114, 40, 104, 101, 120, 58, 32, 92, 34, 35, 48, 48, 50, 65, 56, 70, 92, 34, 41, 32, 32, 32, 92, 47, 92, 47, 32, 88, 97, 110, 104, 32, 196, 144, 225, 186, 173, 109, 32, 92, 47, 32, 68, 97, 114, 107, 32, 78, 97, 118, 121, 32, 66, 108, 117, 101, 92, 110, 92, 47, 85, 115, 101, 114, 115, 92, 47, 114, 117, 110, 110, 101, 114, 92, 47, 119, 111, 114, 107, 92, 47, 105, 111, 115, 65, 112, 112, 92, 47, 105, 111, 115, 65, 112, 112, 92, 47, 105, 111, 115, 65, 112, 112, 92, 47, 84, 104, 101, 109, 101, 92, 47, 65, 112, 112, 67, 111, 108, 111, 114, 115, 46, 115, 119, 105, 102, 116, 58, 52, 54, 58, 53, 58, 32, 110, 111, 116, 101, 58, 32, 102, 111, 117, 110, 100, 32, 116, 104, 105, 115, 32, 99, 97, 110, 100, 105, 100, 97, 116, 101, 92, 110, 32, 32, 32, 32, 105, 110, 105, 116, 40, 104, 101, 120, 58, 32, 83, 116, 114, 105, 110, 103, 41, 32, 123, 92, 110, 32, 32, 32, 32, 94, 92, 110, 92, 47, 85, 115, 101, 114, 115, 92, 47, 114, 117, 110, 110, 101, 114, 92, 47, 119, 111, 114, 107, 92, 47, 105, 111, 115, 65, 112, 112, 92, 47, 105, 111, 115, 65, 112, 112, 92, 47, 105, 111, 115, 65, 112, 112, 92, 47, 86, 105, 101, 119, 115, 92, 47, 83, 99, 114, 101, 101, 110, 115, 92, 47, 65, 100, 109, 105, 110, 92, 47, 83, 117, 112, 101, 114, 65, 100, 109, 105, 110, 80, 111, 114, 116, 97, 108, 86, 105, 101, 119, 46, 115, 119, 105, 102, 116, 58, 53, 52, 54, 58, 53, 58, 32, 110, 111, 116, 101, 58, 32, 102, 111, 117, 110, 100, 32, 116, 104, 105, 115, 32, 99, 97, 110, 100, 105, 100, 97, 116, 101, 92, 110, 32, 32, 32, 32, 105, 110, 105, 116, 40, 104, 101, 120, 58, 32, 83, 116, 114, 105, 110, 103, 41, 32, 123, 92, 110, 32, 32, 32, 32, 94, 92, 110, 92, 47, 85, 115, 101, 114, 115, 92, 47, 114, 117, 110, 110, 101, 114, 92, 47, 119, 111, 114, 107, 92, 47, 105, 111, 115, 65, 112, 112, 92, 47, 105, 111, 115, 65, 112, 112, 92, 47, 105, 111, 115, 65, 112, 112, 92, 47, 84, 104, 101, 109, 101, 92, 47, 65, 112, 112, 67, 111, 108, 111, 114, 115, 46, 115, 119, 105, 102, 116, 58, 49, 48, 58, 51, 57, 58, 32, 101, 114, 114, 111, 114, 58, 32, 97, 109, 98, 105, 103, 117, 111, 117, 115, 32, 117, 115, 101, 32, 111, 102, 32, 39, 105, 110, 105, 116, 40, 104, 101, 120, 58, 41, 39, 92, 110, 32, 32, 32, 32, 115, 116, 97, 116, 105, 99, 32, 108, 101, 116, 32, 97, 112, 112, 68, 97, 114, 107, 66, 108, 117, 101, 67, 111, 110, 116, 97, 105, 110, 101, 114, 32, 61, 32, 67, 111, 108, 111, 114, 40, 104, 101, 120, 58, 32, 92, 34, 35, 69, 56, 69, 65, 70, 54, 92, 34, 41, 32, 32, 32, 32, 92, 47, 92, 47, 32, 88, 97, 110, 104, 32, 196, 145, 225, 186, 173, 109, 32, 99, 111, 110, 116, 97, 105, 110, 101, 114, 32, 110, 104, 225, 186, 161, 116, 92, 110, 92, 47, 85, 115, 101, 114, 115, 92, 47, 114, 117, 110, 110, 101, 114, 92, 47, 119, 111, 114, 107, 92, 47, 105, 111, 115, 65, 112, 112, 92, 47, 105, 111, 115, 65, 112, 112, 92, 47, 105, 111, 115, 65, 112, 112, 92, 47, 84, 104, 101, 109, 101, 92, 47, 65, 112, 112, 67, 111, 108, 111, 114, 115, 46, 115, 119, 105, 102, 116, 58, 52, 54, 58, 53, 58, 32, 110, 111, 116, 101, 58, 32, 102, 111, 117, 110, 100, 32, 116, 104, 105, 115, 32, 99, 97, 110, 100, 105, 100, 97, 116, 101, 92, 110, 32, 32, 32, 32, 105, 110, 105, 116, 40, 104, 101, 120, 58, 32, 83, 116, 114, 105, 110, 103, 41, 32, 123, 92, 110, 32, 32, 32, 32, 94, 92, 110, 92, 47, 85, 115, 101, 114, 115, 92, 47, 114, 117, 110, 110, 101, 114, 92, 47, 119, 111, 114, 107, 92, 47, 105, 111, 115, 65, 112, 112, 92, 47, 105, 111, 115, 65, 112, 112, 92, 47, 105, 111, 115, 65, 112, 112, 92, 47, 86, 105, 101, 119, 115, 92, 47, 83, 99, 114, 101, 101, 110, 115, 92, 47, 65, 100, 109, 105, 110, 92, 47, 83, 117, 112, 101, 114, 65, 100, 109, 105, 110, 80, 111, 114, 116, 97, 108, 86, 105, 101, 119, 46, 115, 119, 105, 102, 116, 58, 53, 52, 54, 58, 53, 58, 32, 110, 111, 116, 101, 58, 32, 102, 111, 117, 110, 100, 32, 116, 104, 105, 115, 32, 99, 97, 110, 100, 105, 100, 97, 116, 101, 92, 110, 32, 32, 32, 32, 105, 110, 105, 116, 40, 104, 101, 120, 58, 32, 83, 116, 114, 105, 110, 103, 41, 32, 123, 92, 110, 32, 32, 32, 32, 94, 92, 110, 92, 47, 85, 115, 101, 114, 115, 92, 47, 114, 117, 110, 110, 101, 114, 92, 47, 119, 111, 114, 107, 92, 47, 105, 111, 115, 65, 112, 112, 92, 47, 105, 111, 115, 65, 112, 112, 92, 47, 105, 111, 115, 65, 112, 112, 92, 47, 84, 104, 101, 109, 101, 92, 47, 65, 112, 112, 67, 111, 108, 111, 114, 115, 46, 115, 119, 105, 102, 116, 58, 49, 49, 58, 51, 51, 58, 32, 101, 114, 114, 111, 114, 58, 32, 97, 109, 98, 105, 103, 117, 111, 117, 115, 32, 117, 115, 101, 32, 111, 102, 32, 39, 105, 110, 105, 116, 40, 104, 101, 120, 58, 41, 39, 92, 110, 32, 32, 32, 32, 115, 116, 97, 116, 105, 99, 32, 108, 101, 116, 32, 97, 112, 112, 84, 111, 112, 66, 97, 114, 67, 111, 108, 111, 114, 32, 61, 32, 67, 111, 108, 111, 114, 40, 104, 101, 120, 58, 32, 92, 34, 35, 48, 48, 50, 65, 56, 70, 92, 34, 41, 32, 32, 32, 32, 32, 32, 32, 32, 32, 32, 92, 47, 92, 47, 32, 88, 97, 110, 104, 32, 196, 144, 225, 186, 173, 109, 32, 40, 84, 104, 97, 110, 104, 32, 116, 114, 195, 170, 110, 41, 92, 110, 92, 47, 85, 115, 101, 114, 115, 92, 47, 114, 117, 110, 110, 101, 114, 92, 47, 119, 111, 114, 107, 92, 47, 105, 111, 115, 65, 112, 112, 92, 47, 105, 111, 115, 65, 112, 112, 92, 47, 105, 111, 115, 65, 112, 112, 92, 47, 84, 104, 101, 109, 101, 92, 47, 65, 112, 112, 67, 111, 108, 111, 114, 115, 46, 115, 119, 105, 102, 116, 58, 52, 54, 58, 53, 58, 32, 110, 111, 116, 101, 58, 32, 102, 111, 117, 110, 100, 32, 116, 104, 105, 115, 32, 99, 97, 110, 100, 105, 100, 97, 116, 101, 92, 110, 32, 32, 32, 32, 105, 110, 105, 116, 40, 104, 101, 120, 58, 32, 83, 116, 114, 105, 110, 103, 41, 32, 123, 92, 110, 32, 32, 32, 32, 94, 92, 110, 92, 47, 85, 115, 101, 114, 115, 92, 47, 114, 117, 110, 110, 101, 114, 92, 47, 119, 111, 114, 107, 92, 47, 105, 111, 115, 65, 112, 112, 92, 47, 105, 111, 115, 65, 112, 112, 92, 47, 105, 111, 115, 65, 112, 112, 92, 47, 86, 105, 101, 119, 115, 92, 47, 83, 99, 114, 101, 101, 110, 115, 92, 47, 65, 100, 109, 105, 110, 92, 47, 83, 117, 112, 101, 114, 65, 100, 109, 105, 110, 80, 111, 114, 116, 97, 108, 86, 105, 101, 119, 46, 115, 119, 105, 102, 116, 58, 53, 52, 54, 58, 53, 58, 32, 110, 111, 116, 101, 58, 32, 102, 111, 117, 110, 100, 32, 116, 104, 105, 115, 32, 99, 97, 110, 100, 105, 100, 97, 116, 101, 92, 110, 32, 32, 32, 32, 105, 110, 105, 116, 40, 104, 101, 120, 58, 32, 83, 116, 114, 105, 110, 103, 41, 32, 123, 92, 110, 32, 32, 32, 32, 94, 92, 110, 92, 47, 85, 115, 101, 114, 115, 92, 47, 114, 117, 110, 110, 101, 114, 92, 47, 119, 111, 114, 107, 92, 47, 105, 111, 115, 65, 112, 112, 92, 47, 105, 111, 115, 65, 112, 112, 92, 47, 105, 111, 115, 65, 112, 112, 92, 47, 84, 104, 101, 109, 101, 92, 47, 65, 112, 112, 67, 111, 108, 111, 114, 115, 46, 115, 119, 105, 102, 116, 58, 49, 50, 58, 50, 57, 58, 32, 101, 114, 114, 111, 114, 58, 32, 97, 109, 98, 105, 103, 117, 111, 117, 115, 32, 117, 115, 101, 32, 111, 102, 32, 39, 105, 110, 105, 116, 40, 104, 101, 120, 58, 41, 39, 92, 110, 32, 32, 32, 32, 115, 116, 97, 116, 105, 99, 32, 108, 101, 116, 32, 97, 112, 112, 80, 114, 105, 109, 97, 114, 121, 32, 61, 32, 67, 111, 108, 111, 114, 40, 104, 101, 120, 58, 32, 92, 34, 35, 48, 48, 50, 65, 56, 70, 92, 34, 41, 32, 32, 32, 32, 32, 32, 32, 32, 32, 32, 32, 32, 32, 32, 92, 47, 92, 47, 32, 88, 97, 110, 104, 32, 196, 144, 225, 186, 173, 109, 32, 80, 114, 105, 109, 97, 114, 121, 92, 110, 92, 47, 85, 115, 101, 114, 115, 92, 47, 114, 117, 110, 110, 101, 114, 92, 47, 119, 111, 114, 107, 92, 47, 105, 111, 115, 65, 112, 112, 92, 47, 105, 111, 115, 65, 112, 112, 92, 47, 105, 111, 115, 65, 112, 112, 92, 47, 84, 104, 101, 109, 101, 92, 47, 65, 112, 112, 67, 111, 108, 111, 114, 115, 46, 115, 119, 105, 102, 116, 58, 52, 54, 58, 53, 58, 32, 110, 111, 116, 101, 58, 32, 102, 111, 117, 110, 100, 32, 116, 104, 105, 115, 32, 99, 97, 110, 100, 105, 100, 97, 116, 101, 92, 110, 32, 32, 32, 32, 105, 110, 105, 116, 40, 104, 101, 120, 58, 32, 83, 116, 114, 105, 110, 103, 41, 32, 123, 92, 110, 32, 32, 32, 32, 94, 92, 110, 92, 47, 85, 115, 101, 114, 115, 92, 47, 114, 117, 110, 110, 101, 114, 92, 47, 119, 111, 114, 107, 92, 47, 105, 111, 115, 65, 112, 112, 92, 47, 105, 111, 115, 65, 112, 112, 92, 47, 105, 111, 115, 65, 112, 112, 92, 47, 86, 105, 101, 119, 115, 92, 47, 83, 99, 114, 101, 101, 110, 115, 92, 47, 65, 100, 109, 105, 110, 92, 47, 83, 117, 112, 101, 114, 65, 100, 109, 105, 110, 80, 111, 114, 116, 97, 108, 86, 105, 101, 119, 46, 115, 119, 105, 102, 116, 58, 53, 52, 54, 58, 53, 58, 32, 110, 111, 116, 101, 58, 32, 102, 111, 117, 110, 100, 32, 116, 104, 105, 115, 32, 99, 97, 110, 100, 105, 100, 97, 116, 101, 92, 110, 32, 32, 32, 32, 105, 110, 105, 116, 40, 104, 101, 120, 58, 32, 83, 116, 114, 105, 110, 103, 41, 32, 123, 92, 110, 32, 32, 32, 32, 94, 92, 110, 92, 47, 85, 115, 101, 114, 115, 92, 47, 114, 117, 110, 110, 101, 114, 92, 47, 119, 111, 114, 107, 92, 47, 105, 111, 115, 65, 112, 112, 92, 47, 105, 111, 115, 65, 112, 112, 92, 47, 105, 111, 115, 65, 112, 112, 92, 47, 84, 104, 101, 109, 101, 92, 47, 65, 112, 112, 67, 111, 108, 111, 114, 115, 46, 115, 119, 105, 102, 116, 58, 50, 49, 58, 51, 50, 58, 32, 101, 114, 114, 111, 114, 58, 32, 97, 109, 98, 105, 103, 117, 111, 117, 115, 32, 117, 115, 101, 32, 111, 102, 32, 39, 105, 110, 105, 116, 40, 104, 101, 120, 58, 41, 39, 92, 110, 32, 32, 32, 32, 115, 116, 97, 116, 105, 99, 32, 108, 101, 116, 32, 97, 112, 112, 66, 97, 99, 107, 103, 114, 111, 117, 110, 100, 32, 61, 32, 67, 111, 108, 111, 114, 40, 104, 101, 120, 58, 32, 92, 34, 35, 70, 56, 70, 65, 70, 67, 92, 34, 41, 92, 110, 32, 32, 32, 32, 32, 32, 32, 32, 32, 32, 32, 32, 32, 32, 32, 32, 32, 32, 32, 32, 32, 32, 32, 32, 32, 32, 32, 32, 32, 32, 32, 94, 92, 110, 92, 47, 85, 115, 101, 114, 115, 92, 47, 114, 117, 110, 110, 101, 114, 92, 47, 119, 111, 114, 107, 92, 47, 105, 111, 115, 65, 112, 112, 92, 47, 105, 111, 115, 65, 112, 112, 92, 47, 105, 111, 115, 65, 112, 112, 92, 47, 84, 104, 101, 109, 101, 92, 47, 65, 112, 112, 67, 111, 108, 111, 114, 115, 46, 115, 119, 105, 102, 116, 58, 52, 54, 58, 53, 58, 32, 110, 111, 116, 101, 58, 32, 102, 111, 117, 110, 100, 32, 116, 104, 105, 115, 32, 99, 97, 110, 100, 105, 100, 97, 116, 101, 92, 110, 32, 32, 32, 32, 105, 110, 105, 116, 40, 104, 101, 120, 58, 32, 83, 116, 114, 105, 110, 103, 41, 32, 123, 92, 110, 32, 32, 32, 32, 94, 92, 110, 92, 47, 85, 115, 101, 114, 115, 92, 47, 114, 117, 110, 110, 101, 114, 92, 47, 119, 111, 114, 107, 92, 47, 105, 111, 115, 65, 112, 112, 92, 47, 105, 111, 115, 65, 112, 112, 92, 47, 105, 111, 115, 65, 112, 112, 92, 47, 86, 105, 101, 119, 115, 92, 47, 83, 99, 114, 101, 101, 110, 115, 92, 47, 65, 100, 109, 105, 110, 92, 47, 83, 117, 112, 101, 114, 65, 100, 109, 105, 110, 80, 111, 114, 116, 97, 108, 86, 105, 101, 119, 46, 115, 119, 105, 102, 116, 58, 53, 52, 54, 58, 53, 58, 32, 110, 111, 116, 101, 58, 32, 102, 111, 117, 110, 100, 32, 116, 104, 105, 115, 32, 99, 97, 110, 100, 105, 100, 97, 116, 101, 92, 110, 32, 32, 32, 32, 105, 110, 105, 116, 40, 104, 101, 120, 58, 32, 83, 116, 114, 105, 110, 103, 41, 32, 123, 92, 110, 32, 32, 32, 32, 94, 92, 110, 92, 47, 85, 115, 101, 114, 115, 92, 47, 114, 117, 110, 110, 101, 114, 92, 47, 119, 111, 114, 107, 92, 47, 105, 111, 115, 65, 112, 112, 92, 47, 105, 111, 115, 65, 112, 112, 92, 47, 105, 111, 115, 65, 112, 112, 92, 47, 84, 104, 101, 109, 101, 92, 47, 65, 112, 112, 67, 111, 108, 111, 114, 115, 46, 115, 119, 105, 102, 116, 58, 50, 51, 58, 51, 54, 58, 32, 101, 114, 114, 111, 114, 58, 32, 97, 109, 98, 105, 103, 117, 111, 117, 115, 32, 117, 115, 101, 32, 111, 102, 32, 39, 105, 110, 105, 116, 40, 104, 101, 120, 58, 41, 39, 92, 110, 32, 32, 32, 32, 115, 116, 97, 116, 105, 99, 32, 108, 101, 116, 32, 97, 112, 112, 83, 117, 114, 102, 97, 99, 101, 86, 97, 114, 105, 97, 110, 116, 32, 61, 32, 67, 111, 108, 111, 114, 40, 104, 101, 120, 58, 32, 92, 34, 35, 70, 49, 70, 53, 70, 57, 92, 34, 41, 92, 110, 32, 32, 32, 32, 32, 32, 32, 32, 32, 32, 32, 32, 32, 32, 32, 32, 32, 32, 32, 32, 32, 32, 32, 32, 32, 32, 32, 32, 32, 32, 32, 32, 32, 32, 32, 94, 92, 110, 92, 47, 85, 115, 101, 114, 115, 92, 47, 114, 117, 110, 110, 101, 114, 92, 47, 119, 111, 114, 107, 92, 47, 105, 111, 115, 65, 112, 112, 92, 47, 105, 111, 115, 65, 112, 112, 92, 47, 105, 111, 115, 65, 112, 112, 92, 47, 84, 104, 101, 109, 101, 92, 47, 65, 112, 112, 67, 111, 108, 111, 114, 115, 46, 115, 119, 105, 102, 116, 58, 52, 54, 58, 53, 58, 32, 110, 111, 116, 101, 58, 32, 102, 111, 117, 110, 100, 32, 116, 104, 105, 115, 32, 99, 97, 110, 100, 105, 100, 97, 116, 101, 92, 110, 32, 32, 32, 32, 105, 110, 105, 116, 40, 104, 101, 120, 58, 32, 83, 116, 114, 105, 110, 103, 41, 32, 123, 92, 110, 32, 32, 32, 32, 94, 92, 110, 92, 47, 85, 115, 101, 114, 115, 92, 47, 114, 117, 110, 110, 101, 114, 92, 47, 119, 111, 114, 107, 92, 47, 105, 111, 115, 65, 112, 112, 92, 47, 105, 111, 115, 65, 112, 112, 92, 47, 105, 111, 115, 65, 112, 112, 92, 47, 86, 105, 101, 119, 115, 92, 47, 83, 99, 114, 101, 101, 110, 115, 92, 47, 65, 100, 109, 105, 110, 92, 47, 83, 117, 112, 101, 114, 65, 100, 109, 105, 110, 80, 111, 114, 116, 97, 108, 86, 105, 101, 119, 46, 115, 119, 105, 102, 116, 58, 53, 52, 54, 58, 53, 58, 32, 110, 111, 116, 101, 58, 32, 102, 111, 117, 110, 100, 32, 116, 104, 105, 115, 32, 99, 97, 110, 100, 105, 100, 97, 116, 101, 92, 110, 32, 32, 32, 32, 105, 110, 105, 116, 40, 104, 101, 120, 58, 32, 83, 116, 114, 105, 110, 103, 41, 32, 123, 92, 110, 32, 32, 32, 32, 94, 92, 110, 92, 47, 85, 115, 101, 114, 115, 92, 47, 114, 117, 110, 110, 101, 114, 92, 47, 119, 111, 114, 107, 92, 47, 105, 111, 115, 65, 112, 112, 92, 47, 105, 111, 115, 65, 112, 112, 92, 47, 105, 111, 115, 65, 112, 112, 92, 47, 84, 104, 101, 109, 101, 92, 47, 65, 112, 112, 67, 111, 108, 111, 114, 115, 46, 115, 119, 105, 102, 116, 58, 50, 52, 58, 51, 50, 58, 32, 101, 114, 114, 111, 114, 58, 32, 97, 109, 98, 105, 103, 117, 111, 117, 115, 32, 117, 115, 101, 32, 111, 102, 32, 39, 105, 110, 105, 116, 40, 104, 101, 120, 58, 41, 39, 92, 110, 32, 32, 32, 32, 115, 116, 97, 116, 105, 99, 32, 108, 101, 116, 32, 97, 112, 112, 67, 97, 114, 100, 66, 111, 114, 100, 101, 114, 32, 61, 32, 67, 111, 108, 111, 114, 40, 104, 101, 120, 58, 32, 92, 34, 35, 69, 50, 69, 56, 70, 48, 92, 34, 41, 92, 110, 32, 32, 32, 32, 32, 32, 32, 32, 32, 32, 32, 32, 32, 32, 32, 32, 32, 32, 32, 32, 32, 32, 32, 32, 32, 32, 32, 32, 32, 32, 32, 94, 92, 110, 92, 47, 85, 115, 101, 114, 115, 92, 47, 114, 117, 110, 110, 101, 114, 92, 47, 119, 111, 114, 107, 92, 47, 105, 111, 115, 65, 112, 112, 92, 47, 105, 111, 115, 65, 112, 112, 92, 47, 105, 111, 115, 65, 112, 112, 92, 47, 84, 104, 101, 109, 101, 92, 47, 65, 112, 112, 67, 111, 108, 111, 114, 115, 46, 115, 119, 105, 102, 116, 58, 52, 54, 58, 53, 58, 32, 110, 111, 116, 101, 58, 32, 102, 111, 117, 110, 100, 32, 116, 104, 105, 115, 32, 99, 97, 110, 100, 105, 100, 97, 116, 101, 92, 110, 32, 32, 32, 32, 105, 110, 105, 116, 40, 104, 101, 120, 58, 32, 83, 116, 114, 105, 110, 103, 41, 32, 123, 92, 110, 32, 32, 32, 32, 94, 92, 110, 92, 47, 85, 115, 101, 114, 115, 92, 47, 114, 117, 110, 110, 101, 114, 92, 47, 119, 111, 114, 107, 92, 47, 105, 111, 115, 65, 112, 112, 92, 47, 105, 111, 115, 65, 112, 112, 92, 47, 105, 111, 115, 65, 112, 112, 92, 47, 86, 105, 101, 119, 115, 92, 47, 83, 99, 114, 101, 101, 110, 115, 92, 47, 65, 100, 109, 105, 110, 92, 47, 83, 117, 112, 101, 114, 65, 100, 109, 105, 110, 80, 111, 114, 116, 97, 108, 86, 105, 101, 119, 46, 115, 119, 105, 102, 116, 58, 53, 52, 54, 58, 53, 58, 32, 110, 111, 116, 101, 58, 32, 102, 111, 117, 110, 100, 32, 116, 104, 105, 115, 32, 99, 97, 110, 100, 105, 100, 97, 116, 101, 92, 110, 32, 32, 32, 32, 105, 110, 105, 116, 40, 104, 101, 120, 58, 32, 83, 116, 114, 105, 110, 103, 41, 32, 123, 92, 110, 32, 32, 32, 32, 94, 92, 110, 92, 47, 85, 115, 101, 114, 115, 92, 47, 114, 117, 110, 110, 101, 114, 92, 47, 119, 111, 114, 107, 92, 47, 105, 111, 115, 65, 112, 112, 92, 47, 105, 111, 115, 65, 112, 112, 92, 47, 105, 111, 115, 65, 112, 112, 92, 47, 84, 104, 101, 109, 101, 92, 47, 65, 112, 112, 67, 111, 108, 111, 114, 115, 46, 115, 119, 105, 102, 116, 58, 50, 53, 58, 51, 51, 58, 32, 101, 114, 114, 111, 114, 58, 32, 97, 109, 98, 105, 103, 117, 111, 117, 115, 32, 117, 115, 101, 32, 111, 102, 32, 39, 105, 110, 105, 116, 40, 104, 101, 120, 58, 41, 39, 92, 110, 32, 32, 32, 32, 115, 116, 97, 116, 105, 99, 32, 108, 101, 116, 32, 97, 112, 112, 84, 101, 120, 116, 80, 114, 105, 109, 97, 114, 121, 32, 61, 32, 67, 111, 108, 111, 114, 40, 104, 101, 120, 58, 32, 92, 34, 35, 48, 70, 49, 55, 50, 65, 92, 34, 41, 92, 110, 32, 32, 32, 32, 32, 32, 32, 32, 32, 32, 32, 32, 32, 32, 32, 32, 32, 32, 32, 32, 32, 32, 32, 32, 32, 32, 32, 32, 32, 32, 32, 32, 94, 92, 110, 92, 47, 85, 115, 101, 114, 115, 92, 47, 114, 117, 110, 110, 101, 114, 92, 47, 119, 111, 114, 107, 92, 47, 105, 111, 115, 65, 112, 112, 92, 47, 105, 111, 115, 65, 112, 112, 92, 47, 105, 111, 115, 65, 112, 112, 92, 47, 84, 104, 101, 109, 101, 92, 47, 65, 112, 112, 67, 111, 108, 111, 114, 115, 46, 115, 119, 105, 102, 116, 58, 52, 54, 58, 53, 58, 32, 110, 111, 116, 101, 58, 32, 102, 111, 117, 110, 100, 32, 116, 104, 105, 115, 32, 99, 97, 110, 100, 105, 100, 97, 116, 101, 92, 110, 32, 32, 32, 32, 105, 110, 105, 116, 40, 104, 101, 120, 58, 32, 83, 116, 114, 105, 110, 103, 41, 32, 123, 92, 110, 32, 32, 32, 32, 94, 92, 110, 92, 47, 85, 115, 101, 114, 115, 92, 47, 114, 117, 110, 110, 101, 114, 92, 47, 119, 111, 114, 107, 92, 47, 105, 111, 115, 65, 112, 112, 92, 47, 105, 111, 115, 65, 112, 112, 92, 47, 105, 111, 115, 65, 112, 112, 92, 47, 86, 105, 101, 119, 115, 92, 47, 83, 99, 114, 101, 101, 110, 115, 92, 47, 65, 100, 109, 105, 110, 92, 47, 83, 117, 112, 101, 114, 65, 100, 109, 105, 110, 80, 111, 114, 116, 97, 108, 86, 105, 101, 119, 46, 115, 119, 105, 102, 116, 58, 53, 52, 54, 58, 53, 58, 32, 110, 111, 116, 101, 58, 32, 102, 111, 117, 110, 100, 32, 116, 104, 105, 115, 32, 99, 97, 110, 100, 105, 100, 97, 116, 101, 92, 110, 32, 32, 32, 32, 105, 110, 105, 116, 40, 104, 101, 120, 58, 32, 83, 116, 114, 105, 110, 103, 41, 32, 123, 92, 110, 32, 32, 32, 32, 94, 92, 110, 92, 47, 85, 115, 101, 114, 115, 92, 47, 114, 117, 110, 110, 101, 114, 92, 47, 119, 111, 114, 107, 92, 47, 105, 111, 115, 65, 112, 112, 92, 47, 105, 111, 115, 65, 112, 112, 92, 47, 105, 111, 115, 65, 112, 112, 92, 47, 84, 104, 101, 109, 101, 92, 47, 65, 112, 112, 67, 111, 108, 111, 114, 115, 46, 115, 119, 105, 102, 116, 58, 50, 54, 58, 51, 53, 58, 32, 101, 114, 114, 111, 114, 58, 32, 97, 109, 98, 105, 103, 117, 111, 117, 115, 32, 117, 115, 101, 32, 111, 102, 32, 39, 105, 110, 105, 116, 40, 104, 101, 120, 58, 41, 39, 92, 110, 32, 32, 32, 32, 115, 116, 97, 116, 105, 99, 32, 108, 101, 116, 32, 97, 112, 112, 84, 101, 120, 116, 83, 101, 99, 111, 110, 100, 97, 114, 121, 32, 61, 32, 67, 111, 108, 111, 114, 40, 104, 101, 120, 58, 32, 92, 34, 35, 52, 55, 53, 53, 54, 57, 92, 34, 41, 92, 110, 32, 32, 32, 32, 32, 32, 32, 32, 32, 32, 32, 32, 32, 32, 32, 32, 32, 32, 32, 32, 32, 32, 32, 32, 32, 32, 32, 32, 32, 32, 32, 32, 32, 32, 94, 92, 110, 92, 47, 85, 115, 101, 114, 115, 92, 47, 114, 117, 110, 110, 101, 114, 92, 47, 119, 111, 114, 107, 92, 47, 105, 111, 115, 65, 112, 112, 92, 47, 105, 111, 115, 65, 112, 112, 92, 47, 105, 111, 115, 65, 112, 112, 92, 47, 84, 104, 101, 109, 101, 92, 47, 65, 112, 112, 67, 111, 108, 111, 114, 115, 46, 115, 119, 105, 102, 116, 58, 52, 54, 58, 53, 58, 32, 110, 111, 116, 101, 58, 32, 102, 111, 117, 110, 100, 32, 116, 104, 105, 115, 32, 99, 97, 110, 100, 105, 100, 97, 116, 101, 92, 110, 32, 32, 32, 32, 105, 110, 105, 116, 40, 104, 101, 120, 58, 32, 83, 116, 114, 105, 110, 103, 41, 32, 123, 92, 110, 32, 32, 32, 32, 94, 92, 110, 92, 47, 85, 115, 101, 114, 115, 92, 47, 114, 117, 110, 110, 101, 114, 92, 47, 119, 111, 114, 107, 92, 47, 105, 111, 115, 65, 112, 112, 92, 47, 105, 111, 115, 65, 112, 112, 92, 47, 105, 111, 115, 65, 112, 112, 92, 47, 86, 105, 101, 119, 115, 92, 47, 83, 99, 114, 101, 101, 110, 115, 92, 47, 65, 100, 109, 105, 110, 92, 47, 83, 117, 112, 101, 114, 65, 100, 109, 105, 110, 80, 111, 114, 116, 97, 108, 86, 105, 101, 119, 46, 115, 119, 105, 102, 116, 58, 53, 52, 54, 58, 53, 58, 32, 110, 111, 116, 101, 58, 32, 102, 111, 117, 110, 100, 32, 116, 104, 105, 115, 32, 99, 97, 110, 100, 105, 100, 97, 116, 101, 92, 110, 32, 32, 32, 32, 105, 110, 105, 116, 40, 104, 101, 120, 58, 32, 83, 116, 114, 105, 110, 103, 41, 32, 123, 92, 110, 32, 32, 32, 32, 94, 92, 110, 92, 47, 85, 115, 101, 114, 115, 92, 47, 114, 117, 110, 110, 101, 114, 92, 47, 119, 111, 114, 107, 92, 47, 105, 111, 115, 65, 112, 112, 92, 47, 105, 111, 115, 65, 112, 112, 92, 47, 105, 111, 115, 65, 112, 112, 92, 47, 84, 104, 101, 109, 101, 92, 47, 65, 112, 112, 67, 111, 108, 111, 114, 115, 46, 115, 119, 105, 102, 116, 58, 50, 55, 58, 51, 49, 58, 32, 101, 114, 114, 111, 114, 58, 32, 97, 109, 98, 105, 103, 117, 111, 117, 115, 32, 117, 115, 101, 32, 111, 102, 32, 39, 105, 110, 105, 116, 40, 104, 101, 120, 58, 41, 39, 92, 110, 32, 32, 32, 32, 115, 116, 97, 116, 105, 99, 32, 108, 101, 116, 32, 97, 112, 112, 84, 101, 120, 116, 77, 117, 116, 101, 100, 32, 61, 32, 67, 111, 108, 111, 114, 40, 104, 101, 120, 58, 32, 92, 34, 35, 57, 52, 65, 51, 66, 56, 92, 34, 41, 92, 110, 32, 32, 32, 32, 32, 32, 32, 32, 32, 32, 32, 32, 32, 32, 32, 32, 32, 32, 32, 32, 32, 32, 32, 32, 32, 32, 32, 32, 32, 32, 94, 92, 110, 92, 47, 85, 115, 101, 114, 115, 92, 47, 114, 117, 110, 110, 101, 114, 92, 47, 119, 111, 114, 107, 92, 47, 105, 111, 115, 65, 112, 112, 92, 47, 105, 111, 115, 65, 112, 112, 92, 47, 105, 111, 115, 65, 112, 112, 92, 47, 84, 104, 101, 109, 101, 92, 47, 65, 112, 112, 67, 111, 108, 111, 114, 115, 46, 115, 119, 105, 102, 116, 58, 52, 54, 58, 53, 58, 32, 110, 111, 116, 101, 58, 32, 102, 111, 117, 110, 100, 32, 116, 104, 105, 115, 32, 99, 97, 110, 100, 105, 100, 97, 116, 101, 92, 110, 32, 32, 32, 32, 105, 110, 105, 116, 40, 104, 101, 120, 58, 32, 83, 116, 114, 105, 110, 103, 41, 32, 123, 92, 110, 32, 32, 32, 32, 94, 92, 110, 92, 47, 85, 115, 101, 114, 115, 92, 47, 114, 117, 110, 110, 101, 114, 92, 47, 119, 111, 114, 107, 92, 47, 105, 111, 115, 65, 112, 112, 92, 47, 105, 111, 115, 65, 112, 112, 92, 47, 105, 111, 115, 65, 112, 112, 92, 47, 86, 105, 101, 119, 115, 92, 47, 83, 99, 114, 101, 101, 110, 115, 92, 47, 65, 100, 109, 105, 110, 92, 47, 83, 117, 112, 101, 114, 65, 100, 109, 105, 110, 80, 111, 114, 116, 97, 108, 86, 105, 101, 119, 46, 115, 119, 105, 102, 116, 58, 53, 52, 54, 58, 53, 58, 32, 110, 111, 116, 101, 58, 32, 102, 111, 117, 110, 100, 32, 116, 104, 105, 115, 32, 99, 97, 110, 100, 105, 100, 97, 116, 101, 92, 110, 32, 32, 32, 32, 105, 110, 105, 116, 40, 104, 101, 120, 58, 32, 83, 116, 114, 105, 110, 103, 41, 32, 123, 92, 110, 32, 32, 32, 32, 94, 92, 110, 92, 47, 85, 115, 101, 114, 115, 92, 47, 114, 117, 110, 110, 101, 114, 92, 47, 119, 111, 114, 107, 92, 47, 105, 111, 115, 65, 112, 112, 92, 47, 105, 111, 115, 65, 112, 112, 92, 47, 105, 111, 115, 65, 112, 112, 92, 47, 84, 104, 101, 109, 101, 92, 47, 65, 112, 112, 67, 111, 108, 111, 114, 115, 46, 115, 119, 105, 102, 116, 58, 50, 56, 58, 50, 57, 58, 32, 101, 114, 114, 111, 114, 58, 32, 97, 109, 98, 105, 103, 117, 111, 117, 115, 32, 117, 115, 101, 32, 111, 102, 32, 39, 105, 110, 105, 116, 40, 104, 101, 120, 58, 41, 39, 92, 110, 32, 32, 32, 32, 115, 116, 97, 116, 105, 99, 32, 108, 101, 116, 32, 97, 112, 112, 68, 105, 118, 105, 100, 101, 114, 32, 61, 32, 67, 111, 108, 111, 114, 40, 104, 101, 120, 58, 32, 92, 34, 35, 67, 66, 68, 53, 69, 49, 92, 34, 41, 92, 110, 32, 32, 32, 32, 32, 32, 32, 32, 32, 32, 32, 32, 32, 32, 32, 32, 32, 32, 32, 32, 32, 32, 32, 32, 32, 32, 32, 32, 94, 92, 110, 92, 47, 85, 115, 101, 114, 115, 92, 47, 114, 117, 110, 110, 101, 114, 92, 47, 119, 111, 114, 107, 92, 47, 105, 111, 115, 65, 112, 112, 92, 47, 105, 111, 115, 65, 112, 112, 92, 47, 105, 111, 115, 65, 112, 112, 92, 47, 84, 104, 101, 109, 101, 92, 47, 65, 112, 112, 67, 111, 108, 111, 114, 115, 46, 115, 119, 105, 102, 116, 58, 52, 54, 58, 53, 58, 32, 110, 111, 116, 101, 58, 32, 102, 111, 117, 110, 100, 32, 116, 104, 105, 115, 32, 99, 97, 110, 100, 105, 100, 97, 116, 101, 92, 110, 32, 32, 32, 32, 105, 110, 105, 116, 40, 104, 101, 120, 58, 32, 83, 116, 114, 105, 110, 103, 41, 32, 123, 92, 110, 32, 32, 32, 32, 94, 92, 110, 92, 47, 85, 115, 101, 114, 115, 92, 47, 114, 117, 110, 110, 101, 114, 92, 47, 119, 111, 114, 107, 92, 47, 105, 111, 115, 65, 112, 112, 92, 47, 105, 111, 115, 65, 112, 112, 92, 47, 105, 111, 115, 65, 112, 112, 92, 47, 86, 105, 101, 119, 115, 92, 47, 83, 99, 114, 101, 101, 110, 115, 92, 47, 65, 100, 109, 105, 110, 92, 47, 83, 117, 112, 101, 114, 65, 100, 109, 105, 110, 80, 111, 114, 116, 97, 108, 86, 105, 101, 119, 46, 115, 119, 105, 102, 116, 58, 53, 52, 54, 58, 53, 58, 32, 110, 111, 116, 101, 58, 32, 102, 111, 117, 110, 100, 32, 116, 104, 105, 115, 32, 99, 97, 110, 100, 105, 100, 97, 116, 101, 92, 110, 32, 32, 32, 32, 105, 110, 105, 116, 40, 104, 101, 120, 58, 32, 83, 116, 114, 105, 110, 103, 41, 32, 123, 92, 110, 32, 32, 32, 32, 94, 92, 110, 92, 47, 85, 115, 101, 114, 115, 92, 47, 114, 117, 110, 110, 101, 114, 92, 47, 119, 111, 114, 107, 92, 47, 105, 111, 115, 65, 112, 112, 92, 47, 105, 111, 115, 65, 112, 112, 92, 47, 105, 111, 115, 65, 112, 112, 92, 47, 84, 104, 101, 109, 101, 92, 47, 65, 112, 112, 67, 111, 108, 111, 114, 115, 46, 115, 119, 105, 102, 116, 58, 51, 49, 58, 50, 57, 58, 32, 101, 114, 114, 111, 114, 58, 32, 97, 109, 98, 105, 103, 117, 111, 117, 115, 32, 117, 115, 101, 32, 111, 102, 32, 39, 105, 110, 105, 116, 40, 104, 101, 120, 58, 41, 39, 92, 110, 32, 32, 32, 32, 115, 116, 97, 116, 105, 99, 32, 108, 101, 116, 32, 97, 112, 112, 83, 117, 99, 99, 101, 115, 115, 32, 61, 32, 67, 111, 108, 111, 114, 40, 104, 101, 120, 58, 32, 92, 34, 35, 49, 48, 66, 57, 56, 49, 92, 34, 41, 92, 110, 32, 32, 32, 32, 32, 32, 32, 32, 32, 32, 32, 32, 32, 32, 32, 32, 32, 32, 32, 32, 32, 32, 32, 32, 32, 32, 32, 32, 94, 92, 110, 92, 47, 85, 115, 101, 114, 115, 92, 47, 114, 117, 110, 110, 101, 114, 92, 47, 119, 111, 114, 107, 92, 47, 105, 111, 115, 65, 112, 112, 92, 47, 105, 111, 115, 65, 112, 112, 92, 47, 105, 111, 115, 65, 112, 112, 92, 47, 84, 104, 101, 109, 101, 92, 47, 65, 112, 112, 67, 111, 108, 111, 114, 115, 46, 115, 119, 105, 102, 116, 58, 52, 54, 58, 53, 58, 32, 110, 111, 116, 101, 58, 32, 102, 111, 117, 110, 100, 32, 116, 104, 105, 115, 32, 99, 97, 110, 100, 105, 100, 97, 116, 101, 92, 110, 32, 32, 32, 32, 105, 110, 105, 116, 40, 104, 101, 120, 58, 32, 83, 116, 114, 105, 110, 103, 41, 32, 123, 92, 110, 32, 32, 32, 32, 94, 92, 110, 92, 47, 85, 115, 101, 114, 115, 92, 47, 114, 117, 110, 110, 101, 114, 92, 47, 119, 111, 114, 107, 92, 47, 105, 111, 115, 65, 112, 112, 92, 47, 105, 111, 115, 65, 112, 112, 92, 47, 105, 111, 115, 65, 112, 112, 92, 47, 86, 105, 101, 119, 115, 92, 47, 83, 99, 114, 101, 101, 110, 115, 92, 47, 65, 100, 109, 105, 110, 92, 47, 83, 117, 112, 101, 114, 65, 100, 109, 105, 110, 80, 111, 114, 116, 97, 108, 86, 105, 101, 119, 46, 115, 119, 105, 102, 116, 58, 53, 52, 54, 58, 53, 58, 32, 110, 111, 116, 101, 58, 32, 102, 111, 117, 110, 100, 32, 116, 104, 105, 115, 32, 99, 97, 110, 100, 105, 100, 97, 116, 101, 92, 110, 32, 32, 32, 32, 105, 110, 105, 116, 40, 104, 101, 120, 58, 32, 83, 116, 114, 105, 110, 103, 41, 32, 123, 92, 110, 32, 32, 32, 32, 94, 92, 110, 92, 47, 85, 115, 101, 114, 115, 92, 47, 114, 117, 110, 110, 101, 114, 92, 47, 119, 111, 114, 107, 92, 47, 105, 111, 115, 65, 112, 112, 92, 47, 105, 111, 115, 65, 112, 112, 92, 47, 105, 111, 115, 65, 112, 112, 92, 47, 84, 104, 101, 109, 101, 92, 47, 65, 112, 112, 67, 111, 108, 111, 114, 115, 46, 115, 119, 105, 102, 116, 58, 51, 50, 58, 50, 57, 58, 32, 101, 114, 114, 111, 114, 58, 32, 97, 109, 98, 105, 103, 117, 111, 117, 115, 32, 117, 115, 101, 32, 111, 102, 32, 39, 105, 110, 105, 116, 40, 104, 101, 120, 58, 41, 39, 92, 110, 32, 32, 32, 32, 115, 116, 97, 116, 105, 99, 32, 108, 101, 116, 32, 97, 112, 112, 87, 97, 114, 110, 105, 110, 103, 32, 61, 32, 67, 111, 108, 111, 114, 40, 104, 101, 120, 58, 32, 92, 34, 35, 70, 53, 57, 69, 48, 66, 92, 34, 41, 92, 110, 32, 32, 32, 32, 32, 32, 32, 32, 32, 32, 32, 32, 32, 32, 32, 32, 32, 32, 32, 32, 32, 32, 32, 32, 32, 32, 32, 32, 94, 92, 110, 92, 47, 85, 115, 101, 114, 115, 92, 47, 114, 117, 110, 110, 101, 114, 92, 47, 119, 111, 114, 107, 92, 47, 105, 111, 115, 65, 112, 112, 92, 47, 105, 111, 115, 65, 112, 112, 92, 47, 105, 111, 115, 65, 112, 112, 92, 47, 84, 104, 101, 109, 101, 92, 47, 65, 112, 112, 67, 111, 108, 111, 114, 115, 46, 115, 119, 105, 102, 116, 58, 52, 54, 58, 53, 58, 32, 110, 111, 116, 101, 58, 32, 102, 111, 117, 110, 100, 32, 116, 104, 105, 115, 32, 99, 97, 110, 100, 105, 100, 97, 116, 101, 92, 110, 32, 32, 32, 32, 105, 110, 105, 116, 40, 104, 101, 120, 58, 32, 83, 116, 114, 105, 110, 103, 41, 32, 123, 92, 110, 32, 32, 32, 32, 94, 92, 110, 92, 47, 85, 115, 101, 114, 115, 92, 47, 114, 117, 110, 110, 101, 114, 92, 47, 119, 111, 114, 107, 92, 47, 105, 111, 115, 65, 112, 112, 92, 47, 105, 111, 115, 65, 112, 112, 92, 47, 105, 111, 115, 65, 112, 112, 92, 47, 86, 105, 101, 119, 115, 92, 47, 83, 99, 114, 101, 101, 110, 115, 92, 47, 65, 100, 109, 105, 110, 92, 47, 83, 117, 112, 101, 114, 65, 100, 109, 105, 110, 80, 111, 114, 116, 97, 108, 86, 105, 101, 119, 46, 115, 119, 105, 102, 116, 58, 53, 52, 54, 58, 53, 58, 32, 110, 111, 116, 101, 58, 32, 102, 111, 117, 110, 100, 32, 116, 104, 105, 115, 32, 99, 97, 110, 100, 105, 100, 97, 116, 101, 92, 110, 32, 32, 32, 32, 105, 110, 105, 116, 40, 104, 101, 120, 58, 32, 83, 116, 114, 105, 110, 103, 41, 32, 123, 92, 110, 32, 32, 32, 32, 94, 92, 110, 92, 47, 85, 115, 101, 114, 115, 92, 47, 114, 117, 110, 110, 101, 114, 92, 47, 119, 111, 114, 107, 92, 47, 105, 111, 115, 65, 112, 112, 92, 47, 105, 111, 115, 65, 112, 112, 92, 47, 105, 111, 115, 65, 112, 112, 92, 47, 84, 104, 101, 109, 101, 92, 47, 65, 112, 112, 67, 111, 108, 111, 114, 115, 46, 115, 119, 105, 102, 116, 58, 51, 51, 58, 50, 56, 58, 32, 101, 114, 114, 111, 114, 58, 32, 97, 109, 98, 105, 103, 117, 111, 117, 115, 32, 117, 115, 101, 32, 111, 102, 32, 39, 105, 110, 105, 116, 40, 104, 101, 120, 58, 41, 39, 92, 110, 32, 32, 32, 32, 115, 116, 97, 116, 105, 99, 32, 108, 101, 116, 32, 97, 112, 112, 68, 97, 110, 103, 101, 114, 32, 61, 32, 67, 111, 108, 111, 114, 40, 104, 101, 120, 58, 32, 92, 34, 35, 69, 70, 52, 52, 52, 52, 92, 34, 41, 92, 110, 32, 32, 32, 32, 32, 32, 32, 32, 32, 32, 32, 32, 32, 32, 32, 32, 32, 32, 32, 32, 32, 32, 32, 32, 32, 32, 32, 94, 92, 110, 92, 47, 85, 115, 101, 114, 115, 92, 47, 114, 117, 110, 110, 101, 114, 92, 47, 119, 111, 114, 107, 92, 47, 105, 111, 115, 65, 112, 112, 92, 47, 105, 111, 115, 65, 112, 112, 92, 47, 105, 111, 115, 65, 112, 112, 92, 47, 84, 104, 101, 109, 101, 92, 47, 65, 112, 112, 67, 111, 108, 111, 114, 115, 46, 115, 119, 105, 102, 116, 58, 52, 54, 58, 53, 58, 32, 110, 111, 116, 101, 58, 32, 102, 111, 117, 110, 100, 32, 116, 104, 105, 115, 32, 99, 97, 110, 100, 105, 100, 97, 116, 101, 92, 110, 32, 32, 32, 32, 105, 110, 105, 116, 40, 104, 101, 120, 58, 32, 83, 116, 114, 105, 110, 103, 41, 32, 123, 92, 110, 32, 32, 32, 32, 94, 92, 110, 92, 47, 85, 115, 101, 114, 115, 92, 47, 114, 117, 110, 110, 101, 114, 92, 47, 119, 111, 114, 107, 92, 47, 105, 111, 115, 65, 112, 112, 92, 47, 105, 111, 115, 65, 112, 112, 92, 47, 105, 111, 115, 65, 112, 112, 92, 47, 86, 105, 101, 119, 115, 92, 47, 83, 99, 114, 101, 101, 110, 115, 92, 47, 65, 100, 109, 105, 110, 92, 47, 83, 117, 112, 101, 114, 65, 100, 109, 105, 110, 80, 111, 114, 116, 97, 108, 86, 105, 101, 119, 46, 115, 119, 105, 102, 116, 58, 53, 52, 54, 58, 53, 58, 32, 110, 111, 116, 101, 58, 32, 102, 111, 117, 110, 100, 32, 116, 104, 105, 115, 32, 99, 97, 110, 100, 105, 100, 97, 116, 101, 92, 110, 32, 32, 32, 32, 105, 110, 105, 116, 40, 104, 101, 120, 58, 32, 83, 116, 114, 105, 110, 103, 41, 32, 123, 92, 110, 32, 32, 32, 32, 94, 92, 110, 92, 47, 85, 115, 101, 114, 115, 92, 47, 114, 117, 110, 110, 101, 114, 92, 47, 119, 111, 114, 107, 92, 47, 105, 111, 115, 65, 112, 112, 92, 47, 105, 111, 115, 65, 112, 112, 92, 47, 105, 111, 115, 65, 112, 112, 92, 47, 84, 104, 101, 109, 101, 92, 47, 65, 112, 112, 67, 111, 108, 111, 114, 115, 46, 115, 119, 105, 102, 116, 58, 51, 52, 58, 50, 54, 58, 32, 101, 114, 114, 111, 114, 58, 32, 97, 109, 98, 105, 103, 117, 111, 117, 115, 32, 117, 115, 101, 32, 111, 102, 32, 39, 105, 110, 105, 116, 40, 104, 101, 120, 58, 41, 39, 92, 110, 32, 32, 32, 32, 115, 116, 97, 116, 105, 99, 32, 108, 101, 116, 32, 97, 112, 112, 73, 110, 102, 111, 32, 61, 32, 67, 111, 108, 111, 114, 40, 104, 101, 120, 58, 32, 92, 34, 35, 51, 66, 56, 50, 70, 54, 92, 34, 41, 92, 110, 32, 32, 32, 32, 32, 32, 32, 32, 32, 32, 32, 32, 32, 32, 32, 32, 32, 32, 32, 32, 32, 32, 32, 32, 32, 94, 92, 110, 92, 47, 85, 115, 101, 114, 115, 92, 47, 114, 117, 110, 110, 101, 114, 92, 47, 119, 111, 114, 107, 92, 47, 105, 111, 115, 65, 112, 112, 92, 47, 105, 111, 115, 65, 112, 112, 92, 47, 105, 111, 115, 65, 112, 112, 92, 47, 84, 104, 101, 109, 101, 92, 47, 65, 112, 112, 67, 111, 108, 111, 114, 115, 46, 115, 119, 105, 102, 116, 58, 52, 54, 58, 53, 58, 32, 110, 111, 116, 101, 58, 32, 102, 111, 117, 110, 100, 32, 116, 104, 105, 115, 32, 99, 97, 110, 100, 105, 100, 97, 116, 101, 92, 110, 32, 32, 32, 32, 105, 110, 105, 116, 40, 104, 101, 120, 58, 32, 83, 116, 114, 105, 110, 103, 41, 32, 123, 92, 110, 32, 32, 32, 32, 94, 92, 110, 92, 47, 85, 115, 101, 114, 115, 92, 47, 114, 117, 110, 110, 101, 114, 92, 47, 119, 111, 114, 107, 92, 47, 105, 111, 115, 65, 112, 112, 92, 47, 105, 111, 115, 65, 112, 112, 92, 47, 105, 111, 115, 65, 112, 112, 92, 47, 86, 105, 101, 119, 115, 92, 47, 83, 99, 114, 101, 101, 110, 115, 92, 47, 65, 100, 109, 105, 110, 92, 47, 83, 117, 112, 101, 114, 65, 100, 109, 105, 110, 80, 111, 114, 116, 97, 108, 86, 105, 101, 119, 46, 115, 119, 105, 102, 116, 58, 53, 52, 54, 58, 53, 58, 32, 110, 111, 116, 101, 58, 32, 102, 111, 117, 110, 100, 32, 116, 104, 105, 115, 32, 99, 97, 110, 100, 105, 100, 97, 116, 101, 92, 110, 32, 32, 32, 32, 105, 110, 105, 116, 40, 104, 101, 120, 58, 32, 83, 116, 114, 105, 110, 103, 41, 32, 123, 92, 110, 32, 32, 32, 32, 94, 92, 110, 92, 47, 85, 115, 101, 114, 115, 92, 47, 114, 117, 110, 110, 101, 114, 92, 47, 119, 111, 114, 107, 92, 47, 105, 111, 115, 65, 112, 112, 92, 47, 105, 111, 115, 65, 112, 112, 92, 47, 105, 111, 115, 65, 112, 112, 92, 47, 84, 104, 101, 109, 101, 92, 47, 65, 112, 112, 67, 111, 108, 111, 114, 115, 46, 115, 119, 105, 102, 116, 58, 51, 55, 58, 50, 56, 58, 32, 101, 114, 114, 111, 114, 58, 32, 97, 109, 98, 105, 103, 117, 111, 117, 115, 32, 117, 115, 101, 32, 111, 102, 32, 39, 105, 110, 105, 116, 40, 104, 101, 120, 58, 41, 39, 92, 110, 32, 32, 32, 32, 115, 116, 97, 116, 105, 99, 32, 108, 101, 116, 32, 115, 116, 97, 116, 117, 115, 78, 101, 119, 32, 61, 32, 67, 111, 108, 111, 114, 40, 104, 101, 120, 58, 32, 92, 34, 35, 51, 66, 56, 50, 70, 54, 92, 34, 41, 32, 32, 32, 32, 32, 32, 32, 32, 32, 32, 92, 47, 92, 47, 32, 77, 225, 187, 155, 105, 32, 110, 104, 225, 186, 173, 112, 32, 45, 32, 88, 97, 110, 104, 32, 100, 198, 176, 198, 161, 110, 103, 92, 110, 92, 47, 85, 115, 101, 114, 115, 92, 47, 114, 117, 110, 110, 101, 114, 92, 47, 119, 111, 114, 107, 92, 47, 105, 111, 115, 65, 112, 112, 92, 47, 105, 111, 115, 65, 112, 112, 92, 47, 105, 111, 115, 65, 112, 112, 92, 47, 84, 104, 101, 109, 101, 92, 47, 65, 112, 112, 67, 111, 108, 111, 114, 115, 46, 115, 119, 105, 102, 116, 58, 52, 54, 58, 53, 58, 32, 110, 111, 116, 101, 58, 32, 102, 111, 117, 110, 100, 32, 116, 104, 105, 115, 32, 99, 97, 110, 100, 105, 100, 97, 116, 101, 92, 110, 32, 32, 32, 32, 105, 110, 105, 116, 40, 104, 101, 120, 58, 32, 83, 116, 114, 105, 110, 103, 41, 32, 123, 92, 110, 32, 32, 32, 32, 94, 92, 110, 92, 47, 85, 115, 101, 114, 115, 92, 47, 114, 117, 110, 110, 101, 114, 92, 47, 119, 111, 114, 107, 92, 47, 105, 111, 115, 65, 112, 112, 92, 47, 105, 111, 115, 65, 112, 112, 92, 47, 105, 111, 115, 65, 112, 112, 92, 47, 86, 105, 101, 119, 115, 92, 47, 83, 99, 114, 101, 101, 110, 115, 92, 47, 65, 100, 109, 105, 110, 92, 47, 83, 117, 112, 101, 114, 65, 100, 109, 105, 110, 80, 111, 114, 116, 97, 108, 86, 105, 101, 119, 46, 115, 119, 105, 102, 116, 58, 53, 52, 54, 58, 53, 58, 32, 110, 111, 116, 101, 58, 32, 102, 111, 117, 110, 100, 32, 116, 104, 105, 115, 32, 99, 97, 110, 100, 105, 100, 97, 116, 101, 92, 110, 32, 32, 32, 32, 105, 110, 105, 116, 40, 104, 101, 120, 58, 32, 83, 116, 114, 105, 110, 103, 41, 32, 123, 92, 110, 32, 32, 32, 32, 94, 92, 110, 92, 47, 85, 115, 101, 114, 115, 92, 47, 114, 117, 110, 110, 101, 114, 92, 47, 119, 111, 114, 107, 92, 47, 105, 111, 115, 65, 112, 112, 92, 47, 105, 111, 115, 65, 112, 112, 92, 47, 105, 111, 115, 65, 112, 112, 92, 47, 84, 104, 101, 109, 101, 92, 47, 65, 112, 112, 67, 111, 108, 111, 114, 115, 46, 115, 119, 105, 102, 116, 58, 51, 56, 58, 51, 50, 58, 32, 101, 114, 114, 111, 114, 58, 32, 97, 109, 98, 105, 103, 117, 111, 117, 115, 32, 117, 115, 101, 32, 111, 102, 32, 39, 105, 110, 105, 116, 40, 104, 101, 120, 58, 41, 39, 92, 110, 32, 32, 32, 32, 115, 116, 97, 116, 105, 99, 32, 108, 101, 116, 32, 115, 116, 97, 116, 117, 115, 73, 110, 83, 116, 111, 99, 107, 32, 61, 32, 67, 111, 108, 111, 114, 40, 104, 101, 120, 58, 32, 92, 34, 35, 49, 48, 66, 57, 56, 49, 92, 34, 41, 32, 32, 32, 32, 32, 92, 47, 92, 47, 32, 84, 114, 111, 110, 103, 32, 107, 104, 111, 32, 40, 83, 225, 186, 181, 110, 32, 115, 195, 160, 110, 103, 41, 32, 45, 32, 88, 97, 110, 104, 32, 108, 195, 161, 92, 110, 92, 47, 85, 115, 101, 114, 115, 92, 47, 114, 117, 110, 110, 101, 114, 92, 47, 119, 111, 114, 107, 92, 47, 105, 111, 115, 65, 112, 112, 92, 47, 105, 111, 115, 65, 112, 112, 92, 47, 105, 111, 115, 65, 112, 112, 92, 47, 84, 104, 101, 109, 101, 92, 47, 65, 112, 112, 67, 111, 108, 111, 114, 115, 46, 115, 119, 105, 102, 116, 58, 52, 54, 58, 53, 58, 32, 110, 111, 116, 101, 58, 32, 102, 111, 117, 110, 100, 32, 116, 104, 105, 115, 32, 99, 97, 110, 100, 105, 100, 97, 116, 101, 92, 110, 32, 32, 32, 32, 105, 110, 105, 116, 40, 104, 101, 120, 58, 32, 83, 116, 114, 105, 110, 103, 41, 32, 123, 92, 110, 32, 32, 32, 32, 94, 92, 110, 92, 47, 85, 115, 101, 114, 115, 92, 47, 114, 117, 110, 110, 101, 114, 92, 47, 119, 111, 114, 107, 92, 47, 105, 111, 115, 65, 112, 112, 92, 47, 105, 111, 115, 65, 112, 112, 92, 47, 105, 111, 115, 65, 112, 112, 92, 47, 86, 105, 101, 119, 115, 92, 47, 83, 99, 114, 101, 101, 110, 115, 92, 47, 65, 100, 109, 105, 110, 92, 47, 83, 117, 112, 101, 114, 65, 100, 109, 105, 110, 80, 111, 114, 116, 97, 108, 86, 105, 101, 119, 46, 115, 119, 105, 102, 116, 58, 53, 52, 54, 58, 53, 58, 32, 110, 111, 116, 101, 58, 32, 102, 111, 117, 110, 100, 32, 116, 104, 105, 115, 32, 99, 97, 110, 100, 105, 100, 97, 116, 101, 92, 110, 32, 32, 32, 32, 105, 110, 105, 116, 40, 104, 101, 120, 58, 32, 83, 116, 114, 105, 110, 103, 41, 32, 123, 92, 110, 32, 32, 32, 32, 94, 92, 110, 92, 47, 85, 115, 101, 114, 115, 92, 47, 114, 117, 110, 110, 101, 114, 92, 47, 119, 111, 114, 107, 92, 47, 105, 111, 115, 65, 112, 112, 92, 47, 105, 111, 115, 65, 112, 112, 92, 47, 105, 111, 115, 65, 112, 112, 92, 47, 84, 104, 101, 109, 101, 92, 47, 65, 112, 112, 67, 111, 108, 111, 114, 115, 46, 115, 119, 105, 102, 116, 58, 51, 57, 58, 51, 48, 58, 32, 101, 114, 114, 111, 114, 58, 32, 97, 109, 98, 105, 103, 117, 111, 117, 115, 32, 117, 115, 101, 32, 111, 102, 32, 39, 105, 110, 105, 116, 40, 104, 101, 120, 58, 41, 39, 92, 110, 32, 32, 32, 32, 115, 116, 97, 116, 105, 99, 32, 108, 101, 116, 32, 115, 116, 97, 116, 117, 115, 73, 110, 85, 115, 101, 32, 61, 32, 67, 111, 108, 111, 114, 40, 104, 101, 120, 58, 32, 92, 34, 35, 56, 66, 53, 67, 70, 54, 92, 34, 41, 32, 32, 32, 32, 32, 32, 32, 92, 47, 92, 47, 32, 196, 144, 97, 110, 103, 32, 115, 225, 187, 173, 32, 100, 225, 187, 165, 110, 103, 32, 45, 32, 84, 195, 173, 109, 92, 110, 92, 47, 85, 115, 101, 114, 115, 92, 47, 114, 117, 110, 110, 101, 114, 92, 47, 119, 111, 114, 107, 92, 47, 105, 111, 115, 65, 112, 112, 92, 47, 105, 111, 115, 65, 112, 112, 92, 47, 105, 111, 115, 65, 112, 112, 92, 47, 84, 104, 101, 109, 101, 92, 47, 65, 112, 112, 67, 111, 108, 111, 114, 115, 46, 115, 119, 105, 102, 116, 58, 52, 54, 58, 53, 58, 32, 110, 111, 116, 101, 58, 32, 102, 111, 117, 110, 100, 32, 116, 104, 105, 115, 32, 99, 97, 110, 100, 105, 100, 97, 116, 101, 92, 110, 32, 32, 32, 32, 105, 110, 105, 116, 40, 104, 101, 120, 58, 32, 83, 116, 114, 105, 110, 103, 41, 32, 123, 92, 110, 32, 32, 32, 32, 94, 92, 110, 92, 47, 85, 115, 101, 114, 115, 92, 47, 114, 117, 110, 110, 101, 114, 92, 47, 119, 111, 114, 107, 92, 47, 105, 111, 115, 65, 112, 112, 92, 47, 105, 111, 115, 65, 112, 112, 92, 47, 105, 111, 115, 65, 112, 112, 92, 47, 86, 105, 101, 119, 115, 92, 47, 83, 99, 114, 101, 101, 110, 115, 92, 47, 65, 100, 109, 105, 110, 92, 47, 83, 117, 112, 101, 114, 65, 100, 109, 105, 110, 80, 111, 114, 116, 97, 108, 86, 105, 101, 119, 46, 115, 119, 105, 102, 116, 58, 53, 52, 54, 58, 53, 58, 32, 110, 111, 116, 101, 58, 32, 102, 111, 117, 110, 100, 32, 116, 104, 105, 115, 32, 99, 97, 110, 100, 105, 100, 97, 116, 101, 92, 110, 32, 32, 32, 32, 105, 110, 105, 116, 40, 104, 101, 120, 58, 32, 83, 116, 114, 105, 110, 103, 41, 32, 123, 92, 110, 32, 32, 32, 32, 94, 92, 110, 92, 47, 85, 115, 101, 114, 115, 92, 47, 114, 117, 110, 110, 101, 114, 92, 47, 119, 111, 114, 107, 92, 47, 105, 111, 115, 65, 112, 112, 92, 47, 105, 111, 115, 65, 112, 112, 92, 47, 105, 111, 115, 65, 112, 112, 92, 47, 84, 104, 101, 109, 101, 92, 47, 65, 112, 112, 67, 111, 108, 111, 114, 115, 46, 115, 119, 105, 102, 116, 58, 52, 48, 58, 51, 49, 58, 32, 101, 114, 114, 111, 114, 58, 32, 97, 109, 98, 105, 103, 117, 111, 117, 115, 32, 117, 115, 101, 32, 111, 102, 32, 39, 105, 110, 105, 116, 40, 104, 101, 120, 58, 41, 39, 92, 110, 32, 32, 32, 32, 115, 116, 97, 116, 105, 99, 32, 108, 101, 116, 32, 115, 116, 97, 116, 117, 115, 79, 110, 76, 111, 97, 110, 32, 61, 32, 67, 111, 108, 111, 114, 40, 104, 101, 120, 58, 32, 92, 34, 35, 69, 67, 52, 56, 57, 57, 92, 34, 41, 32, 32, 32, 32, 32, 32, 92, 47, 92, 47, 32, 196, 144, 97, 110, 103, 32, 99, 104, 111, 32, 109, 198, 176, 225, 187, 163, 110, 32, 45, 32, 72, 225, 187, 147, 110, 103, 32, 196, 145, 225, 186, 173, 109, 92, 110, 92, 47, 85, 115, 101, 114, 115, 92, 47, 114, 117, 110, 110, 101, 114, 92, 47, 119, 111, 114, 107, 92, 47, 105, 111, 115, 65, 112, 112, 92, 47, 105, 111, 115, 65, 112, 112, 92, 47, 105, 111, 115, 65, 112, 112, 92, 47, 84, 104, 101, 109, 101, 92, 47, 65, 112, 112, 67, 111, 108, 111, 114, 115, 46, 115, 119, 105, 102, 116, 58, 52, 54, 58, 53, 58, 32, 110, 111, 116, 101, 58, 32, 102, 111, 117, 110, 100, 32, 116, 104, 105, 115, 32, 99, 97, 110, 100, 105, 100, 97, 116, 101, 92, 110, 32, 32, 32, 32, 105, 110, 105, 116, 40, 104, 101, 120, 58, 32, 83, 116, 114, 105, 110, 103, 41, 32, 123, 92, 110, 32, 32, 32, 32, 94, 92, 110, 92, 47, 85, 115, 101, 114, 115, 92, 47, 114, 117, 110, 110, 101, 114, 92, 47, 119, 111, 114, 107, 92, 47, 105, 111, 115, 65, 112, 112, 92, 47, 105, 111, 115, 65, 112, 112, 92, 47, 105, 111, 115, 65, 112, 112, 92, 47, 86, 105, 101, 119, 115, 92, 47, 83, 99, 114, 101, 101, 110, 115, 92, 47, 65, 100, 109, 105, 110, 92, 47, 83, 117, 112, 101, 114, 65, 100, 109, 105, 110, 80, 111, 114, 116, 97, 108, 86, 105, 101, 119, 46, 115, 119, 105, 102, 116, 58, 53, 52, 54, 58, 53, 58, 32, 110, 111, 116, 101, 58, 32, 102, 111, 117, 110, 100, 32, 116, 104, 105, 115, 32, 99, 97, 110, 100, 105, 100, 97, 116, 101, 92, 110, 32, 32, 32, 32, 105, 110, 105, 116, 40, 104, 101, 120, 58, 32, 83, 116, 114, 105, 110, 103, 41, 32, 123, 92, 110, 32, 32, 32, 32, 94, 92, 110, 92, 47, 85, 115, 101, 114, 115, 92, 47, 114, 117, 110, 110, 101, 114, 92, 47, 119, 111, 114, 107, 92, 47, 105, 111, 115, 65, 112, 112, 92, 47, 105, 111, 115, 65, 112, 112, 92, 47, 105, 111, 115, 65, 112, 112, 92, 47, 84, 104, 101, 109, 101, 92, 47, 65, 112, 112, 67, 111, 108, 111, 114, 115, 46, 115, 119, 105, 102, 116, 58, 52, 49, 58, 51, 49, 58, 32, 101, 114, 114, 111, 114, 58, 32, 97, 109, 98, 105, 103, 117, 111, 117, 115, 32, 117, 115, 101, 32, 111, 102, 32, 39, 105, 110, 105, 116, 40, 104, 101, 120, 58, 41, 39, 92, 110, 32, 32, 32, 32, 115, 116, 97, 116, 105, 99, 32, 108, 101, 116, 32, 115, 116, 97, 116, 117, 115, 82, 101, 112, 97, 105, 114, 32, 61, 32, 67, 111, 108, 111, 114, 40, 104, 101, 120, 58, 32, 92, 34, 35, 70, 53, 57, 69, 48, 66, 92, 34, 41, 32, 32, 32, 32, 32, 32, 92, 47, 92, 47, 32, 196, 144, 97, 110, 103, 32, 115, 225, 187, 173, 97, 32, 99, 104, 225, 187, 175, 97, 32, 45, 32, 86, 195, 160, 110, 103, 32, 99, 97, 109, 92, 110, 92, 47, 85, 115, 101, 114, 115, 92, 47, 114, 117, 110, 110, 101, 114, 92, 47, 119, 111, 114, 107, 92, 47, 105, 111, 115, 65, 112, 112, 92, 47, 105, 111, 115, 65, 112, 112, 92, 47, 105, 111, 115, 65, 112, 112, 92, 47, 84, 104, 101, 109, 101, 92, 47, 65, 112, 112, 67, 111, 108, 111, 114, 115, 46, 115, 119, 105, 102, 116, 58, 52, 54, 58, 53, 58, 32, 110, 111, 116, 101, 58, 32, 102, 111, 117, 110, 100, 32, 116, 104, 105, 115, 32, 99, 97, 110, 100, 105, 100, 97, 116, 101, 92, 110, 32, 32, 32, 32, 105, 110, 105, 116, 40, 104, 101, 120, 58, 32, 83, 116, 114, 105, 110, 103, 41, 32, 123, 92, 110, 32, 32, 32, 32, 94, 92, 110, 92, 47, 85, 115, 101, 114, 115, 92, 47, 114, 117, 110, 110, 101, 114, 92, 47, 119, 111, 114, 107, 92, 47, 105, 111, 115, 65, 112, 112, 92, 47, 105, 111, 115, 65, 112, 112, 92, 47, 105, 111, 115, 65, 112, 112, 92, 47, 86, 105, 101, 119, 115, 92, 47, 83, 99, 114, 101, 101, 110, 115, 92, 47, 65, 100, 109, 105, 110, 92, 47, 83, 117, 112, 101, 114, 65, 100, 109, 105, 110, 80, 111, 114, 116, 97, 108, 86, 105, 101, 119, 46, 115, 119, 105, 102, 116, 58, 53, 52, 54, 58, 53, 58, 32, 110, 111, 116, 101, 58, 32, 102, 111, 117, 110, 100, 32, 116, 104, 105, 115, 32, 99, 97, 110, 100, 105, 100, 97, 116, 101, 92, 110, 32, 32, 32, 32, 105, 110, 105, 116, 40, 104, 101, 120, 58, 32, 83, 116, 114, 105, 110, 103, 41, 32, 123, 92, 110, 32, 32, 32, 32, 94, 92, 110, 92, 47, 85, 115, 101, 114, 115, 92, 47, 114, 117, 110, 110, 101, 114, 92, 47, 119, 111, 114, 107, 92, 47, 105, 111, 115, 65, 112, 112, 92, 47, 105, 111, 115, 65, 112, 112, 92, 47, 105, 111, 115, 65, 112, 112, 92, 47, 84, 104, 101, 109, 101, 92, 47, 65, 112, 112, 67, 111, 108, 111, 114, 115, 46, 115, 119, 105, 102, 116, 58, 52, 50, 58, 51, 49, 58, 32, 101, 114, 114, 111, 114, 58, 32, 97, 109, 98, 105, 103, 117, 111, 117, 115, 32, 117, 115, 101, 32, 111, 102, 32, 39, 105, 110, 105, 116, 40, 104, 101, 120, 58, 41, 39, 92, 110, 32, 32, 32, 32, 115, 116, 97, 116, 105, 99, 32, 108, 101, 116, 32, 115, 116, 97, 116, 117, 115, 66, 114, 111, 107, 101, 110, 32, 61, 32, 67, 111, 108, 111, 114, 40, 104, 101, 120, 58, 32, 92, 34, 35, 69, 70, 52, 52, 52, 52, 92, 34, 41, 32, 32, 32, 32, 32, 32, 92, 47, 92, 47, 32, 72, 225, 187, 143, 110, 103, 32, 92, 47, 32, 67, 104, 225, 187, 157, 32, 120, 225, 187, 173, 32, 108, 195, 189, 32, 45, 32, 196, 144, 225, 187, 143, 92, 110, 92, 47, 85, 115, 101, 114, 115, 92, 47, 114, 117, 110, 110, 101, 114, 92, 47, 119, 111, 114, 107, 92, 47, 105, 111, 115, 65, 112, 112, 92, 47, 105, 111, 115, 65, 112, 112, 92, 47, 105, 111, 115, 65, 112, 112, 92, 47, 84, 104, 101, 109, 101, 92, 47, 65, 112, 112, 67, 111, 108, 111, 114, 115, 46, 115, 119, 105, 102, 116, 58, 52, 54, 58, 53, 58, 32, 110, 111, 116, 101, 58, 32, 102, 111, 117, 110, 100, 32, 116, 104, 105, 115, 32, 99, 97, 110, 100, 105, 100, 97, 116, 101, 92, 110, 32, 32, 32, 32, 105, 110, 105, 116, 40, 104, 101, 120, 58, 32, 83, 116, 114, 105, 110, 103, 41, 32, 123, 92, 110, 32, 32, 32, 32, 94, 92, 110, 92, 47, 85, 115, 101, 114, 115, 92, 47, 114, 117, 110, 110, 101, 114, 92, 47, 119, 111, 114, 107, 92, 47, 105, 111, 115, 65, 112, 112, 92, 47, 105, 111, 115, 65, 112, 112, 92, 47, 105, 111, 115, 65, 112, 112, 92, 47, 86, 105, 101, 119, 115, 92, 47, 83, 99, 114, 101, 101, 110, 115, 92, 47, 65, 100, 109, 105, 110, 92, 47, 83, 117, 112, 101, 114, 65, 100, 109, 105, 110, 80, 111, 114, 116, 97, 108, 86, 105, 101, 119, 46, 115, 119, 105, 102, 116, 58, 53, 52, 54, 58, 53, 58, 32, 110, 111, 116, 101, 58, 32, 102, 111, 117, 110, 100, 32, 116, 104, 105, 115, 32, 99, 97, 110, 100, 105, 100, 97, 116, 101, 92, 110, 32, 32, 32, 32, 105, 110, 105, 116, 40, 104, 101, 120, 58, 32, 83, 116, 114, 105, 110, 103, 41, 32, 123, 92, 110, 32, 32, 32, 32, 94, 92, 110, 92, 47, 85, 115, 101, 114, 115, 92, 47, 114, 117, 110, 110, 101, 114, 92, 47, 119, 111, 114, 107, 92, 47, 105, 111, 115, 65, 112, 112, 92, 47, 105, 111, 115, 65, 112, 112, 92, 47, 105, 111, 115, 65, 112, 112, 92, 47, 84, 104, 101, 109, 101, 92, 47, 65, 112, 112, 67, 111, 108, 111, 114, 115, 46, 115, 119, 105, 102, 116, 58, 52, 51, 58, 51, 53, 58, 32, 101, 114, 114, 111, 114, 58, 32, 97, 109, 98, 105, 103, 117, 111, 117, 115, 32, 117, 115, 101, 32, 111, 102, 32, 39, 105, 110, 105, 116, 40, 104, 101, 120, 58, 41, 39, 92, 110, 32, 32, 32, 32, 115, 116, 97, 116, 105, 99, 32, 108, 101, 116, 32, 115, 116, 97, 116, 117, 115, 76, 105, 113, 117, 105, 100, 97, 116, 101, 100, 32, 61, 32, 67, 111, 108, 111, 114, 40, 104, 101, 120, 58, 32, 92, 34, 35, 54, 66, 55, 50, 56, 48, 92, 34, 41, 32, 32, 92, 47, 92, 47, 32, 196, 144, 195, 163, 32, 116, 104, 97, 110, 104, 32, 108, 195, 189, 32, 45, 32, 88, 195, 161, 109, 92, 110, 92, 47, 85, 115, 101, 114, 115, 92, 47, 114, 117, 110, 110, 101, 114, 92, 47, 119, 111, 114, 107, 92, 47, 105, 111, 115, 65, 112, 112, 92, 47, 105, 111, 115, 65, 112, 112, 92, 47, 105, 111, 115, 65, 112, 112, 92, 47, 84, 104, 101, 109, 101, 92, 47, 65, 112, 112, 67, 111, 108, 111, 114, 115, 46, 115, 119, 105, 102, 116, 58, 52, 54, 58, 53, 58, 32, 110, 111, 116, 101, 58, 32, 102, 111, 117, 110, 100, 32, 116, 104, 105, 115, 32, 99, 97, 110, 100, 105, 100, 97, 116, 101, 92, 110, 32, 32, 32, 32, 105, 110, 105, 116, 40, 104, 101, 120, 58, 32, 83, 116, 114, 105, 110, 103, 41, 32, 123, 92, 110, 32, 32, 32, 32, 94, 92, 110, 92, 47, 85, 115, 101, 114, 115, 92, 47, 114, 117, 110, 110, 101, 114, 92, 47, 119, 111, 114, 107, 92, 47, 105, 111, 115, 65, 112, 112, 92, 47, 105, 111, 115, 65, 112, 112, 92, 47, 105, 111, 115, 65, 112, 112, 92, 47, 86, 105, 101, 119, 115, 92, 47, 83, 99, 114, 101, 101, 110, 115, 92, 47, 65, 100, 109, 105, 110, 92, 47, 83, 117, 112, 101, 114, 65, 100, 109, 105, 110, 80, 111, 114, 116, 97, 108, 86, 105, 101, 119, 46, 115, 119, 105, 102, 116, 58, 53, 52, 54, 58, 53, 58, 32, 110, 111, 116, 101, 58, 32, 102, 111, 117, 110, 100, 32, 116, 104, 105, 115, 32, 99, 97, 110, 100, 105, 100, 97, 116, 101, 92, 110, 32, 32, 32, 32, 105, 110, 105, 116, 40, 104, 101, 120, 58, 32, 83, 116, 114, 105, 110, 103, 41, 32, 123, 92, 110, 32, 32, 32, 32, 94, 92, 110, 92, 47, 85, 115, 101, 114, 115, 92, 47, 114, 117, 110, 110, 101, 114, 92, 47, 119, 111, 114, 107, 92, 47, 105, 111, 115, 65, 112, 112, 92, 47, 105, 111, 115, 65, 112, 112, 92, 47, 105, 111, 115, 65, 112, 112, 92, 47, 84, 104, 101, 109, 101, 92, 47, 65, 112, 112, 67, 111, 108, 111, 114, 115, 46, 115, 119, 105, 102, 116, 58, 52, 54, 58, 53, 58, 32, 101, 114, 114, 111, 114, 58, 32, 105, 110, 118, 97, 108, 105, 100, 32, 114, 101, 100, 101, 99, 108, 97, 114, 97, 116, 105, 111, 110, 32, 111, 102, 32, 39, 105, 110, 105, 116, 40, 104, 101, 120, 58, 41, 39, 92, 110, 32, 32, 32, 32, 105, 110, 105, 116, 40, 104, 101, 120, 58, 32, 83, 116, 114, 105, 110, 103, 41, 32, 123, 92, 110, 32, 32, 32, 32, 94, 92, 110, 92, 47, 85, 115, 101, 114, 115, 92, 47, 114, 117, 110, 110, 101, 114, 92, 47, 119, 111, 114, 107, 92, 47, 105, 111, 115, 65, 112, 112, 92, 47, 105, 111, 115, 65, 112, 112, 92, 47, 105, 111, 115, 65, 112, 112, 92, 47, 86, 105, 101, 119, 115, 92, 47, 83, 99, 114, 101, 101, 110, 115, 92, 47, 65, 100, 109, 105, 110, 92, 47, 83, 117, 112, 101, 114, 65, 100, 109, 105, 110, 80, 111, 114, 116, 97, 108, 86, 105, 101, 119, 46, 115, 119, 105, 102, 116, 58, 53, 52, 54, 58, 53, 58, 32, 110, 111, 116, 101, 58, 32, 39, 105, 110, 105, 116, 40, 104, 101, 120, 58, 41, 39, 32, 112, 114, 101, 118, 105, 111, 117, 115, 108, 121, 32, 100, 101, 99, 108, 97, 114, 101, 100, 32, 104, 101, 114, 101, 92, 110, 32, 32, 32, 32, 105, 110, 105, 116, 40, 104, 101, 120, 58, 32, 83, 116, 114, 105, 110, 103, 41, 32, 123, 92, 110, 32, 32, 32, 32, 94, 92, 110, 92, 47, 85, 115, 101, 114, 115, 92, 47, 114, 117, 110, 110, 101, 114, 92, 47, 119, 111, 114, 107, 92, 47, 105, 111, 115, 65, 112, 112, 92, 47, 105, 111, 115, 65, 112, 112, 92, 47, 105, 111, 115, 65, 112, 112, 92, 47, 86, 105, 101, 119, 115, 92, 47, 83, 99, 114, 101, 101, 110, 115, 92, 47, 65, 100, 109, 105, 110, 92, 47, 83, 117, 112, 101, 114, 65, 100, 109, 105, 110, 80, 111, 114, 116, 97, 108, 86, 105, 101, 119, 46, 115, 119, 105, 102, 116, 58, 53, 52, 54, 58, 53, 58, 32, 110, 111, 116, 101, 58, 32, 39, 105, 110, 105, 116, 40, 104, 101, 120, 58, 41, 39, 32, 112, 114, 101, 118, 105, 111, 117, 115, 108, 121, 32, 100, 101, 99, 108, 97, 114, 101, 100, 32, 104, 101, 114, 101, 92, 110, 32, 32, 32, 32, 105, 110, 105, 116, 40, 104, 101, 120, 58, 32, 83, 116, 114, 105, 110, 103, 41, 32, 123, 92, 110, 32, 32, 32, 32, 94, 92, 110, 92, 47, 85, 115, 101, 114, 115, 92, 47, 114, 117, 110, 110, 101, 114, 92, 47, 119, 111, 114, 107, 92, 47, 105, 111, 115, 65, 112, 112, 92, 47, 105, 111, 115, 65, 112, 112, 92, 47, 105, 111, 115, 65, 112, 112, 92, 47, 86, 105, 101, 119, 77, 111, 100, 101, 108, 115, 92, 47, 68, 101, 118, 105, 99, 101, 86, 105, 101, 119, 77, 111, 100, 101, 108, 46, 115, 119, 105, 102, 116, 58, 49, 56, 57, 58, 56, 54, 58, 32, 101, 114, 114, 111, 114, 58, 32, 39, 110, 105, 108, 39, 32, 105, 115, 32, 110, 111, 116, 32, 99, 111, 109, 112, 97, 116, 105, 98, 108, 101, 32, 119, 105, 116, 104, 32, 99, 108, 111, 115, 117, 114, 101, 32, 114, 101, 115, 117, 108, 116, 32, 116, 121, 112, 101, 32, 39, 84, 104, 105, 101, 116, 66, 105, 39, 92, 110, 32, 32, 32, 32, 32, 32, 32, 32, 32, 32, 32, 32, 32, 32, 32, 32, 32, 32, 32, 32, 32, 32, 32, 32, 32, 32, 108, 101, 116, 32, 102, 105, 101, 108, 100, 115, 32, 61, 32, 100, 111, 99, 91, 92, 34, 102, 105, 101, 108, 100, 115, 92, 34, 93, 32, 97, 115, 63, 32, 91, 83, 116, 114, 105, 110, 103, 58, 32, 65, 110, 121, 93, 32, 101, 108, 115, 101, 32, 123, 32, 114, 101, 116, 117, 114, 110, 32, 110, 105, 108, 32, 125, 92, 110, 32, 32, 32, 32, 32, 32, 32, 32, 32, 32, 32, 32, 32, 32, 32, 32, 32, 32, 32, 32, 32, 32, 32, 32, 32, 32, 32, 32, 32, 32, 32, 32, 32, 32, 32, 32, 32, 32, 32, 32, 32, 32, 32, 32, 32, 32, 32, 32, 32, 32, 32, 32, 32, 32, 32, 32, 32, 32, 32, 32, 32, 32, 32, 32, 32, 32, 32, 32, 32, 32, 32, 32, 32, 32, 32, 32, 32, 32, 32, 32, 32, 32, 32, 32, 32, 94, 92, 110, 92, 47, 85, 115, 101, 114, 115, 92, 47, 114, 117, 110, 110, 101, 114, 92, 47, 119, 111, 114, 107, 92, 47, 105, 111, 115, 65, 112, 112, 92, 47, 105, 111, 115, 65, 112, 112, 92, 47, 105, 111, 115, 65, 112, 112, 92, 47, 86, 105, 101, 119, 77, 111, 100, 101, 108, 115, 92, 47, 83, 117, 112, 112, 111, 114, 116, 86, 105, 101, 119, 77, 111, 100, 101, 108, 46, 115, 119, 105, 102, 116, 58, 56, 54, 58, 49, 55, 58, 32, 101, 114, 114, 111, 114, 58, 32, 97, 114, 103, 117, 109, 101, 110, 116, 32, 39, 112, 114, 105, 111, 114, 105, 116, 121, 39, 32, 109, 117, 115, 116, 32, 112, 114, 101, 99, 101, 100, 101, 32, 97, 114, 103, 117, 109, 101, 110, 116, 32, 39, 99, 114, 101, 97, 116, 101, 100, 65, 116, 39, 92, 110, 32, 32, 32, 32, 32, 32, 32, 32, 32, 32, 32, 32, 32, 32, 32, 32, 112, 114, 105, 111, 114, 105, 116, 121, 58, 32, 70, 105, 114, 101, 115, 116, 111, 114, 101, 72, 101, 108, 112, 101, 114, 46, 103, 101, 116, 83, 116, 114, 105, 110, 103, 40, 102, 105, 101, 108, 100, 115, 91, 92, 34, 112, 114, 105, 111, 114, 105, 116, 121, 92, 34, 93, 32, 97, 115, 63, 32, 91, 83, 116, 114, 105, 110, 103, 58, 32, 65, 110, 121, 93, 41, 44, 92, 110, 126, 126, 126, 126, 126, 126, 126, 126, 126, 126, 126, 126, 126, 126, 126, 126, 94, 126, 126, 126, 126, 126, 126, 126, 126, 126, 126, 126, 126, 126, 126, 126, 126, 126, 126, 126, 126, 126, 126, 126, 126, 126, 126, 126, 126, 126, 126, 126, 126, 126, 126, 126, 126, 126, 126, 126, 126, 126, 126, 126, 126, 126, 126, 126, 126, 126, 126, 126, 126, 126, 126, 126, 126, 126, 126, 126, 126, 126, 126, 126, 126, 126, 126, 126, 126, 126, 126, 126, 126, 92, 110, 92, 47, 85, 115, 101, 114, 115, 92, 47, 114, 117, 110, 110, 101, 114, 92, 47, 119, 111, 114, 107, 92, 47, 105, 111, 115, 65, 112, 112, 92, 47, 105, 111, 115, 65, 112, 112, 92, 47, 105, 111, 115, 65, 112, 112, 92, 47, 86, 105, 101, 119, 77, 111, 100, 101, 108, 115, 92, 47, 65, 116, 116, 101, 110, 100, 97, 110, 99, 101, 86, 105, 101, 119, 77, 111, 100, 101, 108, 46, 115, 119, 105, 102, 116, 58, 49, 50, 52, 58, 50, 54, 58, 32, 119, 97, 114, 110, 105, 110, 103, 58, 32, 99, 111, 110, 115, 105, 100, 101, 114, 32, 117, 115, 105, 110, 103, 32, 97, 115, 121, 110, 99, 104, 114, 111, 110, 111, 117, 115, 32, 97, 108, 116, 101, 114, 110, 97, 116, 105, 118, 101, 32, 102, 117, 110, 99, 116, 105, 111, 110, 92, 110, 32, 32, 32, 32, 32, 32, 32, 32, 32, 32, 32, 32, 67, 76, 71, 101, 111, 99, 111, 100, 101, 114, 40, 41, 46, 114, 101, 118, 101, 114, 115, 101, 71, 101, 111, 99, 111, 100, 101, 76, 111, 99, 97, 116, 105, 111, 110, 40, 108, 111, 99, 41, 32, 123, 32, 112, 108, 97, 99, 101, 109, 97, 114, 107, 115, 44, 32, 95, 32, 105, 110, 92, 110, 32, 32, 32, 32, 32, 32, 32, 32, 32, 32, 32, 32, 32, 32, 32, 32, 32, 32, 32, 32, 32, 32, 32, 32, 32, 94, 92, 110, 67, 111, 114, 101, 76, 111, 99, 97, 116, 105, 111, 110, 46, 67, 76, 71, 101, 111, 99, 111, 100, 101, 114, 58, 55, 58, 49, 53, 58, 32, 110, 111, 116, 101, 58, 32, 39, 114, 101, 118, 101, 114, 115, 101, 71, 101, 111, 99, 111, 100, 101, 76, 111, 99, 97, 116, 105, 111, 110, 39, 32, 100, 101, 99, 108, 97, 114, 101, 100, 32, 104, 101, 114, 101, 92, 110, 32, 32, 32, 32, 111, 112, 101, 110, 32, 102, 117, 110, 99, 32, 114, 101, 118, 101, 114, 115, 101, 71, 101, 111, 99, 111, 100, 101, 76, 111, 99, 97, 116, 105, 111, 110, 40, 95, 32, 108, 111, 99, 97, 116, 105, 111, 110, 58, 32, 67, 76, 76, 111, 99, 97, 116, 105, 111, 110, 41, 32, 97, 115, 121, 110, 99, 32, 116, 104, 114, 111, 119, 115, 32, 45, 62, 32, 91, 67, 76, 80, 108, 97, 99, 101, 109, 97, 114, 107, 93, 92, 110, 32, 32, 32, 32, 32, 32, 32, 32, 32, 32, 32, 32, 32, 32, 94, 92, 110, 92, 47, 85, 115, 101, 114, 115, 92, 47, 114, 117, 110, 110, 101, 114, 92, 47, 119, 111, 114, 107, 92, 47, 105, 111, 115, 65, 112, 112, 92, 47, 105, 111, 115, 65, 112, 112, 92, 47, 105, 111, 115, 65, 112, 112, 92, 47, 86, 105, 101, 119, 115, 92, 47, 83, 99, 114, 101, 101, 110, 115, 92, 47, 72, 111, 109, 101, 92, 47, 72, 111, 109, 101, 83, 99, 114, 101, 101, 110, 86, 105, 101, 119, 46, 115, 119, 105, 102, 116, 58, 50, 48, 55, 58, 51, 55, 58, 32, 101, 114, 114, 111, 114, 58, 32, 109, 105, 115, 115, 105, 110, 103, 32, 97, 114, 103, 117, 109, 101, 110, 116, 32, 102, 111, 114, 32, 112, 97, 114, 97, 109, 101, 116, 101, 114, 32, 39, 118, 105, 101, 119, 77, 111, 100, 101, 108, 39, 32, 105, 110, 32, 99, 97, 108, 108, 92, 110, 32, 32, 32, 32, 32, 32, 32, 32, 32, 32, 32, 32, 83, 121, 115, 116, 101, 109, 78, 111, 116, 105, 102, 105, 99, 97, 116, 105, 111, 110, 115, 86, 105, 101, 119, 40, 111, 110, 66, 97, 99, 107, 58, 32, 123, 32, 115, 104, 111, 119, 78, 111, 116, 105, 102, 105, 99, 97, 116, 105, 111, 110, 115, 83, 104, 101, 101, 116, 32, 61, 32, 102, 97, 108, 115, 101, 32, 125, 41, 92, 110, 32, 32, 32, 32, 32, 32, 32, 32, 32, 32, 32, 32, 32, 32, 32, 32, 32, 32, 32, 32, 32, 32, 32, 32, 32, 32, 32, 32, 32, 32, 32, 32, 32, 32, 32, 32, 94, 92, 110, 32, 32, 32, 32, 32, 32, 32, 32, 32, 32, 32, 32, 32, 32, 32, 32, 32, 32, 32, 32, 32, 32, 32, 32, 32, 32, 32, 32, 32, 32, 32, 32, 32, 32, 32, 32, 118, 105, 101, 119, 77, 111, 100, 101, 108, 58, 32, 60, 35, 65, 100, 109, 105, 110, 86, 105, 101, 119, 77, 111, 100, 101, 108, 35, 62, 44, 32, 92, 110, 92, 47, 85, 115, 101, 114, 115, 92, 47, 114, 117, 110, 110, 101, 114, 92, 47, 119, 111, 114, 107, 92, 47, 105, 111, 115, 65, 112, 112, 92, 47, 105, 111, 115, 65, 112, 112, 92, 47, 105, 111, 115, 65, 112, 112, 92, 47, 86, 105, 101, 119, 115, 92, 47, 83, 99, 114, 101, 101, 110, 115, 92, 47, 78, 111, 116, 105, 102, 105, 99, 97, 116, 105, 111, 110, 115, 92, 47, 83, 121, 115, 116, 101, 109, 78, 111, 116, 105, 102, 105, 99, 97, 116, 105, 111, 110, 115, 86, 105, 101, 119, 46, 115, 119, 105, 102, 116, 58, 51, 57, 58, 49, 50, 58, 32, 110, 111, 116, 101, 58, 32, 39, 105, 110, 105, 116, 40, 118, 105, 101, 119, 77, 111, 100, 101, 108, 58, 111, 110, 66, 97, 99, 107, 58, 41, 39, 32, 100, 101, 99, 108, 97, 114, 101, 100, 32, 104, 101, 114, 101, 92, 110, 32, 32, 32, 32, 112, 117, 98, 108, 105, 99, 32, 105, 110, 105, 116, 40, 118, 105, 101, 119, 77, 111, 100, 101, 108, 58, 32, 65, 100, 109, 105, 110, 86, 105, 101, 119, 77, 111, 100, 101, 108, 44, 32, 111, 110, 66, 97, 99, 107, 58, 32, 64, 101, 115, 99, 97, 112, 105, 110, 103, 32, 40, 41, 32, 45, 62, 32, 86, 111, 105, 100, 41, 32, 123, 92, 110, 32, 32, 32, 32, 32, 32, 32, 32, 32, 32, 32, 94, 92, 110, 92, 47, 85, 115, 101, 114, 115, 92, 47, 114, 117, 110, 110, 101, 114, 92, 47, 119, 111, 114, 107, 92, 47, 105, 111, 115, 65, 112, 112, 92, 47, 105, 111, 115, 65, 112, 112, 92, 47, 105, 111, 115, 65, 112, 112, 92, 47, 86, 105, 101, 119, 115, 92, 47, 83, 99, 114, 101, 101, 110, 115, 92, 47, 72, 111, 109, 101, 92, 47, 72, 111, 109, 101, 83, 99, 114, 101, 101, 110, 86, 105, 101, 119, 46, 115, 119, 105, 102, 116, 58, 50, 50, 56, 58, 50, 54, 58, 32, 101, 114, 114, 111, 114, 58, 32, 105, 110, 99, 111, 114, 114, 101, 99, 116, 32, 97, 114, 103, 117, 109, 101, 110, 116, 32, 108, 97, 98, 101, 108, 32, 105, 110, 32, 99, 97, 108, 108, 32, 40, 104, 97, 118, 101, 32, 39, 118, 105, 101, 119, 77, 111, 100, 101, 108, 58, 111, 110, 68, 105, 115, 109, 105, 115, 115, 58, 111, 110, 83, 117, 99, 99, 101, 115, 115, 58, 39, 44, 32, 101, 120, 112, 101, 99, 116, 101, 100, 32, 39, 118, 105, 101, 119, 77, 111, 100, 101, 108, 58, 111, 110, 66, 97, 99, 107, 58, 111, 110, 83, 117, 99, 99, 101, 115, 115, 58, 39, 41, 92, 110, 32, 32, 32, 32, 32, 32, 32, 32, 32, 32, 32, 32, 65, 100, 100, 68, 101, 118, 105, 99, 101, 86, 105, 101, 119, 40, 92, 110, 32, 32, 32, 32, 32, 32, 32, 32, 32, 32, 32, 32, 32, 32, 32, 32, 32, 32, 32, 32, 32, 32, 32, 32, 32, 94, 92, 110, 92, 47, 85, 115, 101, 114, 115, 92, 47, 114, 117, 110, 110, 101, 114, 92, 47, 119, 111, 114, 107, 92, 47, 105, 111, 115, 65, 112, 112, 92, 47, 105, 111, 115, 65, 112, 112, 92, 47, 105, 111, 115, 65, 112, 112, 92, 47, 86, 105, 101, 119, 115, 92, 47, 83, 99, 114, 101, 101, 110, 115, 92, 47, 72, 111, 109, 101, 92, 47, 72, 111, 109, 101, 83, 99, 114, 101, 101, 110, 86, 105, 101, 119, 46, 115, 119, 105, 102, 116, 58, 50, 51, 53, 58, 50, 56, 58, 32, 101, 114, 114, 111, 114, 58, 32, 99, 111, 110, 116, 101, 120, 116, 117, 97, 108, 32, 116, 121, 112, 101, 32, 102, 111, 114, 32, 99, 108, 111, 115, 117, 114, 101, 32, 97, 114, 103, 117, 109, 101, 110, 116, 32, 108, 105, 115, 116, 32, 101, 120, 112, 101, 99, 116, 115, 32, 49, 32, 97, 114, 103, 117, 109, 101, 110, 116, 44, 32, 119, 104, 105, 99, 104, 32, 99, 97, 110, 110, 111, 116, 32, 98, 101, 32, 105, 109, 112, 108, 105, 99, 105, 116, 108, 121, 32, 105, 103, 110, 111, 114, 101, 100, 92, 110, 32, 32, 32, 32, 32, 32, 32, 32, 32, 32, 32, 32, 32, 32, 32, 32, 111, 110, 83, 117, 99, 99, 101, 115, 115, 58, 32, 123, 32, 118, 105, 101, 119, 77, 111, 100, 101, 108, 46, 108, 111, 97, 100, 68, 97, 115, 104, 98, 111, 97, 114, 100, 68, 97, 116, 97, 40, 41, 32, 125, 92, 110, 32, 32, 32, 32, 32, 32, 32, 32, 32, 32, 32, 32, 32, 32, 32, 32, 32, 32, 32, 32, 32, 32, 32, 32, 32, 32, 32, 94, 92, 110, 32, 32, 32, 32, 32, 32, 32, 32, 32, 32, 32, 32, 32, 32, 32, 32, 32, 32, 32, 32, 32, 32, 32, 32, 32, 32, 32, 32, 32, 95, 32, 105, 110, 92, 110, 92, 47, 85, 115, 101, 114, 115, 92, 47, 114, 117, 110, 110, 101, 114, 92, 47, 119, 111, 114, 107, 92, 47, 105, 111, 115, 65, 112, 112, 92, 47, 105, 111, 115, 65, 112, 112, 92, 47, 105, 111, 115, 65, 112, 112, 92, 47, 86, 105, 101, 119, 115, 92, 47, 83, 99, 114, 101, 101, 110, 115, 92, 47, 68, 101, 118, 105, 99, 101, 115, 92, 47, 68, 101, 118, 105, 99, 101, 76, 105, 115, 116, 86, 105, 101, 119, 46, 115, 119, 105, 102, 116, 58, 50, 54, 55, 58, 49, 55, 58, 32, 101, 114, 114, 111, 114, 58, 32, 99, 97, 110, 110, 111, 116, 32, 102, 105, 110, 100, 32, 39, 68, 101, 118, 105, 99, 101, 68, 101, 116, 97, 105, 108, 86, 105, 101, 119, 39, 32, 105, 110, 32, 115, 99, 111, 112, 101, 92, 110, 32, 32, 32, 32, 32, 32, 32, 32, 32, 32, 32, 32, 32, 32, 32, 32, 68, 101, 118, 105, 99, 101, 68, 101, 116, 97, 105, 108, 86, 105, 101, 119, 40, 118, 105, 101, 119, 77, 111, 100, 101, 108, 58, 32, 118, 105, 101, 119, 77, 111, 100, 101, 108, 44, 32, 100, 101, 118, 105, 99, 101, 73, 100, 58, 32, 100, 101, 118, 105, 99, 101, 73, 100, 44, 32, 111, 110, 66, 97, 99, 107, 58, 32, 123, 32, 115, 101, 108, 101, 99, 116, 101, 100, 68, 101, 118, 105, 99, 101, 70, 111, 114, 68, 101, 116, 97, 105, 108, 32, 61, 32, 110, 105, 108, 32, 125, 41, 92, 110, 32, 32, 32, 32, 32, 32, 32, 32, 32, 32, 32, 32, 32, 32, 32, 32, 94, 126, 126, 126, 126, 126, 126, 126, 126, 126, 126, 126, 126, 126, 126, 126, 92, 110, 92, 47, 85, 115, 101, 114, 115, 92, 47, 114, 117, 110, 110, 101, 114, 92, 47, 119, 111, 114, 107, 92, 47, 105, 111, 115, 65, 112, 112, 92, 47, 105, 111, 115, 65, 112, 112, 92, 47, 105, 111, 115, 65, 112, 112, 92, 47, 86, 105, 101, 119, 115, 92, 47, 83, 99, 114, 101, 101, 110, 115, 92, 47, 83, 117, 112, 112, 111, 114, 116, 92, 47, 84, 105, 99, 107, 101, 116, 67, 104, 97, 116, 68, 101, 116, 97, 105, 108, 86, 105, 101, 119, 46, 115, 119, 105, 102, 116, 58, 55, 57, 58, 51, 55, 58, 32, 101, 114, 114, 111, 114, 58, 32, 99, 97, 110, 110, 111, 116, 32, 102, 105, 110, 100, 32, 39, 87, 101, 98, 82, 116, 99, 67, 97, 108, 108, 77, 97, 110, 97, 103, 101, 114, 39, 32, 105, 110, 32, 115, 99, 111, 112, 101, 92, 110, 32, 32, 32, 32, 32, 32, 32, 32, 32, 32, 32, 32, 32, 32, 32, 32, 32, 32, 32, 32, 32, 32, 32, 32, 32, 32, 32, 32, 32, 32, 32, 32, 32, 32, 32, 32, 87, 101, 98, 82, 116, 99, 67, 97, 108, 108, 77, 97, 110, 97, 103, 101, 114, 46, 115, 104, 97, 114, 101, 100, 46, 115, 116, 97, 114, 116, 67, 97, 108, 108, 40, 116, 97, 114, 103, 101, 116, 69, 109, 97, 105, 108, 58, 32, 116, 105, 99, 107, 101, 116, 46, 99, 114, 101, 97, 116, 111, 114, 69, 109, 97, 105, 108, 44, 32, 116, 97, 114, 103, 101, 116, 78, 97, 109, 101, 58, 32, 116, 105, 99, 107, 101, 116, 46, 99, 114, 101, 97, 116, 111, 114, 78, 97, 109, 101, 44, 32, 99, 97, 108, 108, 101, 114, 78, 97, 109, 101, 58, 32, 118, 105, 101, 119, 77, 111, 100, 101, 108, 46, 117, 115, 101, 114, 46, 102, 117, 108, 108, 78, 97, 109, 101, 44, 32, 99, 97, 108, 108, 101, 114, 69, 109, 97, 105, 108, 58, 32, 118, 105, 101, 119, 77, 111, 100, 101, 108, 46, 117, 115, 101, 114, 46, 101, 109, 97, 105, 108, 41, 92, 110, 32, 32, 32, 32, 32, 32, 32, 32, 32, 32, 32, 32, 32, 32, 32, 32, 32, 32, 32, 32, 32, 32, 32, 32, 32, 32, 32, 32, 32, 32, 32, 32, 32, 32, 32, 32, 94, 126, 126, 126, 126, 126, 126, 126, 126, 126, 126, 126, 126, 126, 126, 126, 126, 92, 110, 92, 47, 85, 115, 101, 114, 115, 92, 47, 114, 117, 110, 110, 101, 114, 92, 47, 119, 111, 114, 107, 92, 47, 105, 111, 115, 65, 112, 112, 92, 47, 105, 111, 115, 65, 112, 112, 92, 47, 105, 111, 115, 65, 112, 112, 92, 47, 86, 105, 101, 119, 115, 92, 47, 83, 99, 114, 101, 101, 110, 115, 92, 47, 83, 117, 112, 112, 111, 114, 116, 92, 47, 84, 105, 99, 107, 101, 116, 67, 104, 97, 116, 68, 101, 116, 97, 105, 108, 86, 105, 101, 119, 46, 115, 119, 105, 102, 116, 58, 51, 50, 57, 58, 49, 51, 58, 32, 101, 114, 114, 111, 114, 58, 32, 99, 97, 110, 110, 111, 116, 32, 102, 105, 110, 100, 32, 39, 67, 97, 108, 108, 86, 105, 101, 119, 39, 32, 105, 110, 32, 115, 99, 111, 112, 101, 92, 110, 32, 32, 32, 32, 32, 32, 32, 32, 32, 32, 32, 32, 67, 97, 108, 108, 86, 105, 101, 119, 40, 41, 92, 110, 32, 32, 32, 32, 32, 32, 32, 32, 32, 32, 32, 32, 94, 126, 126, 126, 126, 126, 126, 126, 92, 110, 92, 47, 85, 115, 101, 114, 115, 92, 47, 114, 117, 110, 110, 101, 114, 92, 47, 119, 111, 114, 107, 92, 47, 105, 111, 115, 65, 112, 112, 92, 47, 105, 111, 115, 65, 112, 112, 92, 47, 105, 111, 115, 65, 112, 112, 92, 47, 86, 105, 101, 119, 115, 92, 47, 83, 99, 114, 101, 101, 110, 115, 92, 47, 65, 116, 116, 101, 110, 100, 97, 110, 99, 101, 92, 47, 65, 116, 116, 101, 110, 100, 97, 110, 99, 101, 67, 104, 101, 99, 107, 73, 110, 86, 105, 101, 119, 46, 115, 119, 105, 102, 116, 58, 53, 58, 56, 58, 32, 101, 114, 114, 111, 114, 58, 32, 116, 121, 112, 101, 32, 39, 73, 109, 97, 103, 101, 80, 105, 99, 107, 101, 114, 39, 32, 100, 111, 101, 115, 32, 110, 111, 116, 32, 99, 111, 110, 102, 111, 114, 109, 32, 116, 111, 32, 112, 114, 111, 116, 111, 99, 111, 108, 32, 39, 85, 73, 86, 105, 101, 119, 67, 111, 110, 116, 114, 111, 108, 108, 101, 114, 82, 101, 112, 114, 101, 115, 101, 110, 116, 97, 98, 108, 101, 39, 92, 110, 115, 116, 114, 117, 99, 116, 32, 73, 109, 97, 103, 101, 80, 105, 99, 107, 101, 114, 58, 32, 85, 73, 86, 105, 101, 119, 67, 111, 110, 116, 114, 111, 108, 108, 101, 114, 82, 101, 112, 114, 101, 115, 101, 110, 116, 97, 98, 108, 101, 32, 123, 92, 110, 32, 32, 32, 32, 32, 32, 32, 94, 92, 110, 83, 119, 105, 102, 116, 85, 73, 46, 85, 73, 86, 105, 101, 119, 67, 111, 110, 116, 114, 111, 108, 108, 101, 114, 82, 101, 112, 114, 101, 115, 101, 110, 116, 97, 98, 108, 101, 58, 55, 58, 50, 49, 58, 32, 110, 111, 116, 101, 58, 32, 112, 114, 111, 116, 111, 99, 111, 108, 32, 114, 101, 113, 117, 105, 114, 101, 115, 32, 102, 117, 110, 99, 116, 105, 111, 110, 32, 39, 117, 112, 100, 97, 116, 101, 85, 73, 86, 105, 101, 119, 67, 111, 110, 116, 114, 111, 108, 108, 101, 114, 40, 95, 58, 99, 111, 110, 116, 101, 120, 116, 58, 41, 39, 32, 119, 105, 116, 104, 32, 116, 121, 112, 101, 32, 39, 40, 85, 73, 73, 109, 97, 103, 101, 80, 105, 99, 107, 101, 114, 67, 111, 110, 116, 114, 111, 108, 108, 101, 114, 44, 32, 73, 109, 97, 103, 101, 80, 105, 99, 107, 101, 114, 46, 67, 111, 110, 116, 101, 120, 116, 41, 32, 45, 62, 32, 40, 41, 39, 32, 40, 97, 107, 97, 32, 39, 40, 85, 73, 73, 109, 97, 103, 101, 80, 105, 99, 107, 101, 114, 67, 111, 110, 116, 114, 111, 108, 108, 101, 114, 44, 32, 85, 73, 86, 105, 101, 119, 67, 111, 110, 116, 114, 111, 108, 108, 101, 114, 82, 101, 112, 114, 101, 115, 101, 110, 116, 97, 98, 108, 101, 67, 111, 110, 116, 101, 120, 116, 60, 73, 109, 97, 103, 101, 80, 105, 99, 107, 101, 114, 62, 41, 32, 45, 62, 32, 40, 41, 39, 41, 92, 110, 32, 32, 32, 32, 64, 77, 97, 105, 110, 65, 99, 116, 111, 114, 32, 102, 117, 110, 99, 32, 117, 112, 100, 97, 116, 101, 85, 73, 86, 105, 101, 119, 67, 111, 110, 116, 114, 111, 108, 108, 101, 114, 40, 95, 32, 117, 105, 86, 105, 101, 119, 67, 111, 110, 116, 114, 111, 108, 108, 101, 114, 58, 32, 83, 101, 108, 102, 46, 85, 73, 86, 105, 101, 119, 67, 111, 110, 116, 114, 111, 108, 108, 101, 114, 84, 121, 112, 101, 44, 32, 99, 111, 110, 116, 101, 120, 116, 58, 32, 83, 101, 108, 102, 46, 67, 111, 110, 116, 101, 120, 116, 41, 92, 110, 32, 32, 32, 32, 32, 32, 32, 32, 32, 32, 32, 32, 32, 32, 32, 32, 32, 32, 32, 32, 94, 92, 110, 92, 47, 85, 115, 101, 114, 115, 92, 47, 114, 117, 110, 110, 101, 114, 92, 47, 119, 111, 114, 107, 92, 47, 105, 111, 115, 65, 112, 112, 92, 47, 105, 111, 115, 65, 112, 112, 92, 47, 105, 111, 115, 65, 112, 112, 92, 47, 86, 105, 101, 119, 115, 92, 47, 83, 99, 114, 101, 101, 110, 115, 92, 47, 65, 116, 116, 101, 110, 100, 97, 110, 99, 101, 92, 47, 65, 116, 116, 101, 110, 100, 97, 110, 99, 101, 67, 104, 101, 99, 107, 73, 110, 86, 105, 101, 119, 46, 115, 119, 105, 102, 116, 58, 51, 48, 54, 58, 50, 51, 58, 32, 101, 114, 114, 111, 114, 58, 32, 118, 97, 108, 117, 101, 32, 111, 102, 32, 116, 121, 112, 101, 32, 39, 65, 116, 116, 101, 110, 100, 97, 110, 99, 101, 86, 105, 101, 119, 77, 111, 100, 101, 108, 39, 32, 104, 97, 115, 32, 110, 111, 32, 100, 121, 110, 97, 109, 105, 99, 32, 109, 101, 109, 98, 101, 114, 32, 39, 114, 101, 113, 117, 101, 115, 116, 76, 111, 99, 97, 116, 105, 111, 110, 39, 32, 117, 115, 105, 110, 103, 32, 107, 101, 121, 32, 112, 97, 116, 104, 32, 102, 114, 111, 109, 32, 114, 111, 111, 116, 32, 116, 121, 112, 101, 32, 39, 65, 116, 116, 101, 110, 100, 97, 110, 99, 101, 86, 105, 101, 119, 77, 111, 100, 101, 108, 39, 92, 110, 32, 32, 32, 32, 32, 32, 32, 32, 32, 32, 32, 32, 118, 105, 101, 119, 77, 111, 100, 101, 108, 46, 114, 101, 113, 117, 101, 115, 116, 76, 111, 99, 97, 116, 105, 111, 110, 40, 41, 92, 110, 32, 32, 32, 32, 32, 32, 32, 32, 32, 32, 32, 32, 126, 126, 126, 126, 126, 126, 126, 126, 126, 32, 94, 126, 126, 126, 126, 126, 126, 126, 126, 126, 126, 126, 126, 126, 126, 92, 110, 92, 47, 85, 115, 101, 114, 115, 92, 47, 114, 117, 110, 110, 101, 114, 92, 47, 119, 111, 114, 107, 92, 47, 105, 111, 115, 65, 112, 112, 92, 47, 105, 111, 115, 65, 112, 112, 92, 47, 105, 111, 115, 65, 112, 112, 92, 47, 86, 105, 101, 119, 115, 92, 47, 83, 99, 114, 101, 101, 110, 115, 92, 47, 65, 116, 116, 101, 110, 100, 97, 110, 99, 101, 92, 47, 65, 116, 116, 101, 110, 100, 97, 110, 99, 101, 67, 104, 101, 99, 107, 73, 110, 86, 105, 101, 119, 46, 115, 119, 105, 102, 116, 58, 51, 48, 54, 58, 49, 51, 58, 32, 101, 114, 114, 111, 114, 58, 32, 114, 101, 102, 101, 114, 101, 110, 99, 105, 110, 103, 32, 115, 117, 98, 115, 99, 114, 105, 112, 116, 32, 39, 115, 117, 98, 115, 99, 114, 105, 112, 116, 40, 100, 121, 110, 97, 109, 105, 99, 77, 101, 109, 98, 101, 114, 58, 41, 39, 32, 114, 101, 113, 117, 105, 114, 101, 115, 32, 119, 114, 97, 112, 112, 101, 114, 32, 39, 79, 98, 115, 101, 114, 118, 101, 100, 79, 98, 106, 101, 99, 116, 60, 65, 116, 116, 101, 110, 100, 97, 110, 99, 101, 86, 105, 101, 119, 77, 111, 100, 101, 108, 62, 46, 87, 114, 97, 112, 112, 101, 114, 39, 92, 110, 32, 32, 32, 32, 32, 32, 32, 32, 32, 32, 32, 32, 118, 105, 101, 119, 77, 111, 100, 101, 108, 46, 114, 101, 113, 117, 101, 115, 116, 76, 111, 99, 97, 116, 105, 111, 110, 40, 41, 92, 110, 32, 32, 32, 32, 32, 32, 32, 32, 32, 32, 32, 32, 94, 92, 110, 32, 32, 32, 32, 32, 32, 32, 32, 32, 32, 32, 32, 36, 92, 110, 92, 47, 85, 115, 101, 114, 115, 92, 47, 114, 117, 110, 110, 101, 114, 92, 47, 119, 111, 114, 107, 92, 47, 105, 111, 115, 65, 112, 112, 92, 47, 105, 111, 115, 65, 112, 112, 92, 47, 105, 111, 115, 65, 112, 112, 92, 47, 86, 105, 101, 119, 115, 92, 47, 83, 99, 114, 101, 101, 110, 115, 92, 47, 65, 116, 116, 101, 110, 100, 97, 110, 99, 101, 92, 47, 65, 116, 116, 101, 110, 100, 97, 110, 99, 101, 67, 104, 101, 99, 107, 73, 110, 86, 105, 101, 119, 46, 115, 119, 105, 102, 116, 58, 51, 48, 54, 58, 50, 51, 58, 32, 101, 114, 114, 111, 114, 58, 32, 99, 97, 110, 110, 111, 116, 32, 99, 97, 108, 108, 32, 118, 97, 108, 117, 101, 32, 111, 102, 32, 110, 111, 110, 45, 102, 117, 110, 99, 116, 105, 111, 110, 32, 116, 121, 112, 101, 32, 39, 66, 105, 110, 100, 105, 110, 103, 60, 83, 117, 98, 106, 101, 99, 116, 62, 39, 92, 110, 32, 32, 32, 32, 32, 32, 32, 32, 32, 32, 32, 32, 118, 105, 101, 119, 77, 111, 100, 101, 108, 46, 114, 101, 113, 117, 101, 115, 116, 76, 111, 99, 97, 116, 105, 111, 110, 40, 41, 92, 110, 32, 32, 32, 32, 32, 32, 32, 32, 32, 32, 32, 32, 32, 32, 32, 32, 32, 32, 32, 32, 32, 32, 94, 32, 32, 32, 32, 32, 32, 32, 32, 32, 32, 32, 32, 32, 32, 126, 126, 92, 110, 32, 32, 32, 32, 32, 32, 32, 32, 32, 32, 32, 32, 32, 32, 32, 32, 32, 32, 32, 32, 32, 32, 32, 32, 32, 32, 32, 32, 32, 32, 32, 32, 32, 32, 32, 32, 32, 92, 110, 92, 47, 85, 115, 101, 114, 115, 92, 47, 114, 117, 110, 110, 101, 114, 92, 47, 119, 111, 114, 107, 92, 47, 105, 111, 115, 65, 112, 112, 92, 47, 105, 111, 115, 65, 112, 112, 92, 47, 105, 111, 115, 65, 112, 112, 92, 47, 86, 105, 101, 119, 115, 92, 47, 83, 99, 114, 101, 101, 110, 115, 92, 47, 65, 116, 116, 101, 110, 100, 97, 110, 99, 101, 92, 47, 65, 116, 116, 101, 110, 100, 97, 110, 99, 101, 67, 104, 101, 99, 107, 73, 110, 86, 105, 101, 119, 46, 115, 119, 105, 102, 116, 58, 51, 50, 57, 58, 49, 57, 58, 32, 101, 114, 114, 111, 114, 58, 32, 99, 97, 110, 110, 111, 116, 32, 99, 97, 108, 108, 32, 118, 97, 108, 117, 101, 32, 111, 102, 32, 110, 111, 110, 45, 102, 117, 110, 99, 116, 105, 111, 110, 32, 116, 121, 112, 101, 32, 39, 66, 105, 110, 100, 105, 110, 103, 60, 83, 117, 98, 106, 101, 99, 116, 62, 39, 92, 110, 32, 32, 32, 32, 32, 32, 32, 32, 118, 105, 101, 119, 77, 111, 100, 101, 108, 46, 112, 101, 114, 102, 111, 114, 109, 67, 104, 101, 99, 107, 73, 110, 86, 50, 40, 41, 92, 110, 32, 32, 32, 32, 32, 32, 32, 32, 32, 32, 32, 32, 32, 32, 32, 32, 32, 32, 94, 32, 32, 32, 32, 32, 32, 32, 32, 32, 32, 32, 32, 32, 32, 32, 126, 126, 92, 110, 32, 32, 32, 32, 32, 32, 32, 32, 32, 32, 32, 32, 32, 32, 32, 32, 32, 32, 32, 32, 32, 32, 32, 32, 32, 32, 32, 32, 32, 32, 32, 32, 32, 32, 92, 110, 92, 47, 85, 115, 101, 114, 115, 92, 47, 114, 117, 110, 110, 101, 114, 92, 47, 119, 111, 114, 107, 92, 47, 105, 111, 115, 65, 112, 112, 92, 47, 105, 111, 115, 65, 112, 112, 92, 47, 105, 111, 115, 65, 112, 112, 92, 47, 86, 105, 101, 119, 115, 92, 47, 83, 99, 114, 101, 101, 110, 115, 92, 47, 65, 116, 116, 101, 110, 100, 97, 110, 99, 101, 92, 47, 65, 116, 116, 101, 110, 100, 97, 110, 99, 101, 67, 104, 101, 99, 107, 73, 110, 86, 105, 101, 119, 46, 115, 119, 105, 102, 116, 58, 51, 50, 57, 58, 49, 57, 58, 32, 101, 114, 114, 111, 114, 58, 32, 118, 97, 108, 117, 101, 32, 111, 102, 32, 116, 121, 112, 101, 32, 39, 65, 116, 116, 101, 110, 100, 97, 110, 99, 101, 86, 105, 101, 119, 77, 111, 100, 101, 108, 39, 32, 104, 97, 115, 32, 110, 111, 32, 100, 121, 110, 97, 109, 105, 99, 32, 109, 101, 109, 98, 101, 114, 32, 39, 112, 101, 114, 102, 111, 114, 109, 67, 104, 101, 99, 107, 73, 110, 86, 50, 39, 32, 117, 115, 105, 110, 103, 32, 107, 101, 121, 32, 112, 97, 116, 104, 32, 102, 114, 111, 109, 32, 114, 111, 111, 116, 32, 116, 121, 112, 101, 32, 39, 65, 116, 116, 101, 110, 100, 97, 110, 99, 101, 86, 105, 101, 119, 77, 111, 100, 101, 108, 39, 92, 110, 32, 32, 32, 32, 32, 32, 32, 32, 118, 105, 101, 119, 77, 111, 100, 101, 108, 46, 112, 101, 114, 102, 111, 114, 109, 67, 104, 101, 99, 107, 73, 110, 86, 50, 40, 41, 92, 110, 32, 32, 32, 32, 32, 32, 32, 32, 126, 126, 126, 126, 126, 126, 126, 126, 126, 32, 94, 126, 126, 126, 126, 126, 126, 126, 126, 126, 126, 126, 126, 126, 126, 126, 92, 110, 92, 47, 85, 115, 101, 114, 115, 92, 47, 114, 117, 110, 110, 101, 114, 92, 47, 119, 111, 114, 107, 92, 47, 105, 111, 115, 65, 112, 112, 92, 47, 105, 111, 115, 65, 112, 112, 92, 47, 105, 111, 115, 65, 112, 112, 92, 47, 86, 105, 101, 119, 115, 92, 47, 83, 99, 114, 101, 101, 110, 115, 92, 47, 65, 116, 116, 101, 110, 100, 97, 110, 99, 101, 92, 47, 65, 116, 116, 101, 110, 100, 97, 110, 99, 101, 67, 104, 101, 99, 107, 73, 110, 86, 105, 101, 119, 46, 115, 119, 105, 102, 116, 58, 51, 50, 57, 58, 57, 58, 32, 101, 114, 114, 111, 114, 58, 32, 114, 101, 102, 101, 114, 101, 110, 99, 105, 110, 103, 32, 115, 117, 98, 115, 99, 114, 105, 112, 116, 32, 39, 115, 117, 98, 115, 99, 114, 105, 112, 116, 40, 100, 121, 110, 97, 109, 105, 99, 77, 101, 109, 98, 101, 114, 58, 41, 39, 32, 114, 101, 113, 117, 105, 114, 101, 115, 32, 119, 114, 97, 112, 112, 101, 114, 32, 39, 79, 98, 115, 101, 114, 118, 101, 100, 79, 98, 106, 101, 99, 116, 60, 65, 116, 116, 101, 110, 100, 97, 110, 99, 101, 86, 105, 101, 119, 77, 111, 100, 101, 108, 62, 46, 87, 114, 97, 112, 112, 101, 114, 39, 92, 110, 32, 32, 32, 32, 32, 32, 32, 32, 118, 105, 101, 119, 77, 111, 100, 101, 108, 46, 112, 101, 114, 102, 111, 114, 109, 67, 104, 101, 99, 107, 73, 110, 86, 50, 40, 41, 92, 110, 32, 32, 32, 32, 32, 32, 32, 32, 94, 92, 110, 32, 32, 32, 32, 32, 32, 32, 32, 36, 92, 110, 92, 47, 85, 115, 101, 114, 115, 92, 47, 114, 117, 110, 110, 101, 114, 92, 47, 119, 111, 114, 107, 92, 47, 105, 111, 115, 65, 112, 112, 92, 47, 105, 111, 115, 65, 112, 112, 92, 47, 105, 111, 115, 65, 112, 112, 92, 47, 86, 105, 101, 119, 115, 92, 47, 83, 99, 114, 101, 101, 110, 115, 92, 47, 65, 116, 116, 101, 110, 100, 97, 110, 99, 101, 92, 47, 65, 116, 116, 101, 110, 100, 97, 110, 99, 101, 67, 104, 101, 99, 107, 73, 110, 86, 105, 101, 119, 46, 115, 119, 105, 102, 116, 58, 51, 51, 51, 58, 49, 57, 58, 32, 101, 114, 114, 111, 114, 58, 32, 118, 97, 108, 117, 101, 32, 111, 102, 32, 116, 121, 112, 101, 32, 39, 65, 116, 116, 101, 110, 100, 97, 110, 99, 101, 86, 105, 101, 119, 77, 111, 100, 101, 108, 39, 32, 104, 97, 115, 32, 110, 111, 32, 100, 121, 110, 97, 109, 105, 99, 32, 109, 101, 109, 98, 101, 114, 32, 39, 112, 101, 114, 102, 111, 114, 109, 67, 104, 101, 99, 107, 79, 117, 116, 86, 50, 39, 32, 117, 115, 105, 110, 103, 32, 107, 101, 121, 32, 112, 97, 116, 104, 32, 102, 114, 111, 109, 32, 114, 111, 111, 116, 32, 116, 121, 112, 101, 32, 39, 65, 116, 116, 101, 110, 100, 97, 110, 99, 101, 86, 105, 101, 119, 77, 111, 100, 101, 108, 39, 92, 110, 32, 32, 32, 32, 32, 32, 32, 32, 118, 105, 101, 119, 77, 111, 100, 101, 108, 46, 112, 101, 114, 102, 111, 114, 109, 67, 104, 101, 99, 107, 79, 117, 116, 86, 50, 40, 41, 92, 110, 32, 32, 32, 32, 32, 32, 32, 32, 126, 126, 126, 126, 126, 126, 126, 126, 126, 32, 94, 126, 126, 126, 126, 126, 126, 126, 126, 126, 126, 126, 126, 126, 126, 126, 126, 92, 110, 92, 47, 85, 115, 101, 114, 115, 92, 47, 114, 117, 110, 110, 101, 114, 92, 47, 119, 111, 114, 107, 92, 47, 105, 111, 115, 65, 112, 112, 92, 47, 105, 111, 115, 65, 112, 112, 92, 47, 105, 111, 115, 65, 112, 112, 92, 47, 86, 105, 101, 119, 115, 92, 47, 83, 99, 114, 101, 101, 110, 115, 92, 47, 65, 116, 116, 101, 110, 100, 97, 110, 99, 101, 92, 47, 65, 116, 116, 101, 110, 100, 97, 110, 99, 101, 67, 104, 101, 99, 107, 73, 110, 86, 105, 101, 119, 46, 115, 119, 105, 102, 116, 58, 51, 51, 51, 58, 57, 58, 32, 101, 114, 114, 111, 114, 58, 32, 114, 101, 102, 101, 114, 101, 110, 99, 105, 110, 103, 32, 115, 117, 98, 115, 99, 114, 105, 112, 116, 32, 39, 115, 117, 98, 115, 99, 114, 105, 112, 116, 40, 100, 121, 110, 97, 109, 105, 99, 77, 101, 109, 98, 101, 114, 58, 41, 39, 32, 114, 101, 113, 117, 105, 114, 101, 115, 32, 119, 114, 97, 112, 112, 101, 114, 32, 39, 79, 98, 115, 101, 114, 118, 101, 100, 79, 98, 106, 101, 99, 116, 60, 65, 116, 116, 101, 110, 100, 97, 110, 99, 101, 86, 105, 101, 119, 77, 111, 100, 101, 108, 62, 46, 87, 114, 97, 112, 112, 101, 114, 39, 92, 110, 32, 32, 32, 32, 32, 32, 32, 32, 118, 105, 101, 119, 77, 111, 100, 101, 108, 46, 112, 101, 114, 102, 111, 114, 109, 67, 104, 101, 99, 107, 79, 117, 116, 86, 50, 40, 41, 92, 110, 32, 32, 32, 32, 32, 32, 32, 32, 94, 92, 110, 32, 32, 32, 32, 32, 32, 32, 32, 36, 92, 110, 92, 47, 85, 115, 101, 114, 115, 92, 47, 114, 117, 110, 110, 101, 114, 92, 47, 119, 111, 114, 107, 92, 47, 105, 111, 115, 65, 112, 112, 92, 47, 105, 111, 115, 65, 112, 112, 92, 47, 105, 111, 115, 65, 112, 112, 92, 47, 86, 105, 101, 119, 115, 92, 47, 83, 99, 114, 101, 101, 110, 115, 92, 47, 65, 116, 116, 101, 110, 100, 97, 110, 99, 101, 92, 47, 65, 116, 116, 101, 110, 100, 97, 110, 99, 101, 67, 104, 101, 99, 107, 73, 110, 86, 105, 101, 119, 46, 115, 119, 105, 102, 116, 58, 51, 51, 51, 58, 49, 57, 58, 32, 101, 114, 114, 111, 114, 58, 32, 99, 97, 110, 110, 111, 116, 32, 99, 97, 108, 108, 32, 118, 97, 108, 117, 101, 32, 111, 102, 32, 110, 111, 110, 45, 102, 117, 110, 99, 116, 105, 111, 110, 32, 116, 121, 112, 101, 32, 39, 66, 105, 110, 100, 105, 110, 103, 60, 83, 117, 98, 106, 101, 99, 116, 62, 39, 92, 110, 32, 32, 32, 32, 32, 32, 32, 32, 118, 105, 101, 119, 77, 111, 100, 101, 108, 46, 112, 101, 114, 102, 111, 114, 109, 67, 104, 101, 99, 107, 79, 117, 116, 86, 50, 40, 41, 92, 110, 32, 32, 32, 32, 32, 32, 32, 32, 32, 32, 32, 32, 32, 32, 32, 32, 32, 32, 94, 32, 32, 32, 32, 32, 32, 32, 32, 32, 32, 32, 32, 32, 32, 32, 32, 126, 126, 92, 110, 32, 32, 32, 32, 32, 32, 32, 32, 32, 32, 32, 32, 32, 32, 32, 32, 32, 32, 32, 32, 32, 32, 32, 32, 32, 32, 32, 32, 32, 32, 32, 32, 32, 32, 32, 92, 110, 92, 47, 85, 115, 101, 114, 115, 92, 47, 114, 117, 110, 110, 101, 114, 92, 47, 119, 111, 114, 107, 92, 47, 105, 111, 115, 65, 112, 112, 92, 47, 105, 111, 115, 65, 112, 112, 92, 47, 105, 111, 115, 65, 112, 112, 92, 47, 86, 105, 101, 119, 115, 92, 47, 83, 99, 114, 101, 101, 110, 115, 92, 47, 65, 116, 116, 101, 110, 100, 97, 110, 99, 101, 92, 47, 65, 116, 116, 101, 110, 100, 97, 110, 99, 101, 67, 104, 101, 99, 107, 73, 110, 86, 105, 101, 119, 46, 115, 119, 105, 102, 116, 58, 51, 51, 55, 58, 50, 51, 58, 32, 101, 114, 114, 111, 114, 58, 32, 99, 97, 110, 110, 111, 116, 32, 102, 105, 110, 100, 32, 39, 116, 105, 109, 101, 115, 116, 97, 109, 112, 39, 32, 105, 110, 32, 115, 99, 111, 112, 101, 92, 110, 32, 32, 32, 32, 32, 32, 32, 32, 103, 117, 97, 114, 100, 32, 108, 101, 116, 32, 116, 32, 61, 32, 116, 105, 109, 101, 115, 116, 97, 109, 112, 44, 32, 116, 32, 62, 32, 48, 32, 101, 108, 115, 101, 32, 123, 32, 114, 101, 116, 117, 114, 110, 32, 92, 34, 45, 45, 58, 45, 45, 92, 34, 32, 125, 92, 110, 32, 32, 32, 32, 32, 32, 32, 32, 32, 32, 32, 32, 32, 32, 32, 32, 32, 32, 32, 32, 32, 32, 94, 126, 126, 126, 126, 126, 126, 126, 126, 92, 110, 92, 47, 85, 115, 101, 114, 115, 92, 47, 114, 117, 110, 110, 101, 114, 92, 47, 119, 111, 114, 107, 92, 47, 105, 111, 115, 65, 112, 112, 92, 47, 105, 111, 115, 65, 112, 112, 92, 47, 105, 111, 115, 65, 112, 112, 92, 47, 86, 105, 101, 119, 115, 92, 47, 83, 99, 114, 101, 101, 110, 115, 92, 47, 65, 116, 116, 101, 110, 100, 97, 110, 99, 101, 92, 47, 65, 116, 116, 101, 110, 100, 97, 110, 99, 101, 67, 104, 101, 99, 107, 73, 110, 86, 105, 101, 119, 46, 115, 119, 105, 102, 116, 58, 51, 53, 55, 58, 53, 55, 58, 32, 101, 114, 114, 111, 114, 58, 32, 116, 121, 112, 101, 32, 39, 67, 111, 108, 111, 114, 39, 32, 104, 97, 115, 32, 110, 111, 32, 109, 101, 109, 98, 101, 114, 32, 39, 97, 112, 112, 84, 101, 120, 116, 39, 92, 110, 32, 32, 32, 32, 32, 32, 32, 32, 32, 32, 32, 32, 32, 32, 32, 32, 46, 102, 111, 114, 101, 103, 114, 111, 117, 110, 100, 67, 111, 108, 111, 114, 40, 105, 115, 83, 101, 108, 101, 99, 116, 101, 100, 32, 63, 32, 46, 119, 104, 105, 116, 101, 32, 58, 32, 46, 97, 112, 112, 84, 101, 120, 116, 41, 92, 110, 32, 32, 32, 32, 32, 32, 32, 32, 32, 32, 32, 32, 32, 32, 32, 32, 32, 32, 32, 32, 32, 32, 32, 32, 32, 32, 32, 32, 32, 32, 32, 32, 32, 32, 32, 32, 32, 32, 32, 32, 32, 32, 32, 32, 32, 32, 32, 32, 32, 32, 32, 32, 32, 32, 32, 126, 94, 126, 126, 126, 126, 126, 126, 92, 110, 92, 47, 85, 115, 101, 114, 115, 92, 47, 114, 117, 110, 110, 101, 114, 92, 47, 119, 111, 114, 107, 92, 47, 105, 111, 115, 65, 112, 112, 92, 47, 105, 111, 115, 65, 112, 112, 92, 47, 105, 111, 115, 65, 112, 112, 92, 47, 86, 105, 101, 119, 115, 92, 47, 83, 99, 114, 101, 101, 110, 115, 92, 47, 80, 101, 114, 105, 112, 104, 101, 114, 97, 108, 115, 92, 47, 80, 101, 114, 105, 112, 104, 101, 114, 97, 108, 115, 86, 105, 101, 119, 46, 115, 119, 105, 102, 116, 58, 52, 54, 53, 58, 49, 48, 58, 32, 101, 114, 114, 111, 114, 58, 32, 105, 110, 118, 97, 108, 105, 100, 32, 114, 101, 100, 101, 99, 108, 97, 114, 97, 116, 105, 111, 110, 32, 111, 102, 32, 39, 99, 111, 114, 110, 101, 114, 82, 97, 100, 105, 117, 115, 40, 95, 58, 99, 111, 114, 110, 101, 114, 115, 58, 41, 39, 92, 110, 32, 32, 32, 32, 102, 117, 110, 99, 32, 99, 111, 114, 110, 101, 114, 82, 97, 100, 105, 117, 115, 40, 95, 32, 114, 97, 100, 105, 117, 115, 58, 32, 67, 71, 70, 108, 111, 97, 116, 44, 32, 99, 111, 114, 110, 101, 114, 115, 58, 32, 85, 73, 82, 101, 99, 116, 67, 111, 114, 110, 101, 114, 41, 32, 45, 62, 32, 115, 111, 109, 101, 32, 86, 105, 101, 119, 32, 123, 92, 110, 32, 32, 32, 32, 32, 32, 32, 32, 32, 94, 92, 110, 92, 47, 85, 115, 101, 114, 115, 92, 47, 114, 117, 110, 110, 101, 114, 92, 47, 119, 111, 114, 107, 92, 47, 105, 111, 115, 65, 112, 112, 92, 47, 105, 111, 115, 65, 112, 112, 92, 47, 105, 111, 115, 65, 112, 112, 92, 47, 86, 105, 101, 119, 115, 92, 47, 83, 99, 114, 101, 101, 110, 115, 92, 47, 65, 100, 109, 105, 110, 92, 47, 80, 97, 121, 119, 97, 108, 108, 76, 105, 99, 101, 110, 115, 101, 86, 105, 101, 119, 46, 115, 119, 105, 102, 116, 58, 53, 50, 55, 58, 49, 48, 58, 32, 110, 111, 116, 101, 58, 32, 39, 99, 111, 114, 110, 101, 114, 82, 97, 100, 105, 117, 115, 40, 95, 58, 99, 111, 114, 110, 101, 114, 115, 58, 41, 39, 32, 112, 114, 101, 118, 105, 111, 117, 115, 108, 121, 32, 100, 101, 99, 108, 97, 114, 101, 100, 32, 104, 101, 114, 101, 92, 110, 32, 32, 32, 32, 102, 117, 110, 99, 32, 99, 111, 114, 110, 101, 114, 82, 97, 100, 105, 117, 115, 40, 95, 32, 114, 97, 100, 105, 117, 115, 58, 32, 67, 71, 70, 108, 111, 97, 116, 44, 32, 99, 111, 114, 110, 101, 114, 115, 58, 32, 85, 73, 82, 101, 99, 116, 67, 111, 114, 110, 101, 114, 41, 32, 45, 62, 32, 115, 111, 109, 101, 32, 86, 105, 101, 119, 32, 123, 92, 110, 32, 32, 32, 32, 32, 32, 32, 32, 32, 94, 92, 110, 92, 47, 85, 115, 101, 114, 115, 92, 47, 114, 117, 110, 110, 101, 114, 92, 47, 119, 111, 114, 107, 92, 47, 105, 111, 115, 65, 112, 112, 92, 47, 105, 111, 115, 65, 112, 112, 92, 47, 105, 111, 115, 65, 112, 112, 92, 47, 86, 105, 101, 119, 115, 92, 47, 83, 99, 114, 101, 101, 110, 115, 92, 47, 65, 100, 109, 105, 110, 92, 47, 80, 97, 121, 119, 97, 108, 108, 76, 105, 99, 101, 110, 115, 101, 86, 105, 101, 119, 46, 115, 119, 105, 102, 116, 58, 53, 50, 55, 58, 49, 48, 58, 32, 110, 111, 116, 101, 58, 32, 39, 99, 111, 114, 110, 101, 114, 82, 97, 100, 105, 117, 115, 40, 95, 58, 99, 111, 114, 110, 101, 114, 115, 58, 41, 39, 32, 112, 114, 101, 118, 105, 111, 117, 115, 108, 121, 32, 100, 101, 99, 108, 97, 114, 101, 100, 32, 104, 101, 114, 101, 92, 110, 32, 32, 32, 32, 102, 117, 110, 99, 32, 99, 111, 114, 110, 101, 114, 82, 97, 100, 105, 117, 115, 40, 95, 32, 114, 97, 100, 105, 117, 115, 58, 32, 67, 71, 70, 108, 111, 97, 116, 44, 32, 99, 111, 114, 110, 101, 114, 115, 58, 32, 85, 73, 82, 101, 99, 116, 67, 111, 114, 110, 101, 114, 41, 32, 45, 62, 32, 115, 111, 109, 101, 32, 86, 105, 101, 119, 32, 123, 92, 110, 32, 32, 32, 32, 32, 32, 32, 32, 32, 94, 92, 110, 92, 47, 85, 115, 101, 114, 115, 92, 47, 114, 117, 110, 110, 101, 114, 92, 47, 119, 111, 114, 107, 92, 47, 105, 111, 115, 65, 112, 112, 92, 47, 105, 111, 115, 65, 112, 112, 92, 47, 105, 111, 115, 65, 112, 112, 92, 47, 86, 105, 101, 119, 115, 92, 47, 83, 99, 114, 101, 101, 110, 115, 92, 47, 80, 101, 114, 105, 112, 104, 101, 114, 97, 108, 115, 92, 47, 80, 101, 114, 105, 112, 104, 101, 114, 97, 108, 115, 86, 105, 101, 119, 46, 115, 119, 105, 102, 116, 58, 52, 55, 48, 58, 56, 58, 32, 101, 114, 114, 111, 114, 58, 32, 105, 110, 118, 97, 108, 105, 100, 32, 114, 101, 100, 101, 99, 108, 97, 114, 97, 116, 105, 111, 110, 32, 111, 102, 32, 39, 82, 111, 117, 110, 100, 101, 100, 67, 111, 114, 110, 101, 114, 39, 92, 110, 115, 116, 114, 117, 99, 116, 32, 82, 111, 117, 110, 100, 101, 100, 67, 111, 114, 110, 101, 114, 58, 32, 83, 104, 97, 112, 101, 32, 123, 92, 110, 32, 32, 32, 32, 32, 32, 32, 94, 92, 110, 92, 47, 85, 115, 101, 114, 115, 92, 47, 114, 117, 110, 110, 101, 114, 92, 47, 119, 111, 114, 107, 92, 47, 105, 111, 115, 65, 112, 112, 92, 47, 105, 111, 115, 65, 112, 112, 92, 47, 105, 111, 115, 65, 112, 112, 92, 47, 86, 105, 101, 119, 115, 92, 47, 83, 99, 114, 101, 101, 110, 115, 92, 47, 65, 100, 109, 105, 110, 92, 47, 80, 97, 121, 119, 97, 108, 108, 76, 105, 99, 101, 110, 115, 101, 86, 105, 101, 119, 46, 115, 119, 105, 102, 116, 58, 53, 51, 50, 58, 56, 58, 32, 110, 111, 116, 101, 58, 32, 39, 82, 111, 117, 110, 100, 101, 100, 67, 111, 114, 110, 101, 114, 39, 32, 112, 114, 101, 118, 105, 111, 117, 115, 108, 121, 32, 100, 101, 99, 108, 97, 114, 101, 100, 32, 104, 101, 114, 101, 92, 110, 115, 116, 114, 117, 99, 116, 32, 82, 111, 117, 110, 100, 101, 100, 67, 111, 114, 110, 101, 114, 58, 32, 83, 104, 97, 112, 101, 32, 123, 92, 110, 32, 32, 32, 32, 32, 32, 32, 94, 92, 110, 92, 47, 85, 115, 101, 114, 115, 92, 47, 114, 117, 110, 110, 101, 114, 92, 47, 119, 111, 114, 107, 92, 47, 105, 111, 115, 65, 112, 112, 92, 47, 105, 111, 115, 65, 112, 112, 92, 47, 105, 111, 115, 65, 112, 112, 92, 47, 86, 105, 101, 119, 115, 92, 47, 83, 99, 114, 101, 101, 110, 115, 92, 47, 65, 100, 109, 105, 110, 92, 47, 80, 97, 121, 119, 97, 108, 108, 76, 105, 99, 101, 110, 115, 101, 86, 105, 101, 119, 46, 115, 119, 105, 102, 116, 58, 53, 51, 50, 58, 56, 58, 32, 110, 111, 116, 101, 58, 32, 39, 82, 111, 117, 110, 100, 101, 100, 67, 111, 114, 110, 101, 114, 39, 32, 112, 114, 101, 118, 105, 111, 117, 115, 108, 121, 32, 100, 101, 99, 108, 97, 114, 101, 100, 32, 104, 101, 114, 101, 92, 110, 115, 116, 114, 117, 99, 116, 32, 82, 111, 117, 110, 100, 101, 100, 67, 111, 114, 110, 101, 114, 58, 32, 83, 104, 97, 112, 101, 32, 123, 92, 110, 32, 32, 32, 32, 32, 32, 32, 94, 92, 110, 92, 47, 85, 115, 101, 114, 115, 92, 47, 114, 117, 110, 110, 101, 114, 92, 47, 119, 111, 114, 107, 92, 47, 105, 111, 115, 65, 112, 112, 92, 47, 105, 111, 115, 65, 112, 112, 92, 47, 105, 111, 115, 65, 112, 112, 92, 47, 86, 105, 101, 119, 115, 92, 47, 83, 99, 114, 101, 101, 110, 115, 92, 47, 83, 116, 97, 116, 105, 115, 116, 105, 99, 115, 92, 47, 65, 115, 115, 101, 116, 83, 116, 97, 116, 105, 115, 116, 105, 99, 115, 86, 105, 101, 119, 46, 115, 119, 105, 102, 116, 58, 52, 52, 58, 52, 50, 58, 32, 119, 97, 114, 110, 105, 110, 103, 58, 32, 108, 101, 102, 116, 32, 115, 105, 100, 101, 32, 111, 102, 32, 110, 105, 108, 32, 99, 111, 97, 108, 101, 115, 99, 105, 110, 103, 32, 111, 112, 101, 114, 97, 116, 111, 114, 32, 39, 63, 63, 39, 32, 104, 97, 115, 32, 110, 111, 110, 45, 111, 112, 116, 105, 111, 110, 97, 108, 32, 116, 121, 112, 101, 32, 39, 83, 116, 114, 105, 110, 103, 39, 44, 32, 115, 111, 32, 116, 104, 101, 32, 114, 105, 103, 104, 116, 32, 115, 105, 100, 101, 32, 105, 115, 32, 110, 101, 118, 101, 114, 32, 117, 115, 101, 100, 92, 110, 32, 32, 32, 32, 32, 32, 32, 32, 32, 32, 32, 32, 32, 32, 32, 32, 108, 101, 116, 32, 110, 97, 109, 101, 77, 97, 116, 99, 104, 32, 61, 32, 40, 100, 101, 118, 46, 116, 101, 110, 32, 63, 63, 32, 92, 34, 92, 34, 41, 46, 108, 111, 119, 101, 114, 99, 97, 115, 101, 100, 40, 41, 46, 99, 111, 110, 116, 97, 105, 110, 115, 40, 113, 41, 92, 110, 32, 32, 32, 32, 32, 32, 32, 32, 32, 32, 32, 32, 32, 32, 32, 32, 32, 32, 32, 32, 32, 32, 32, 32, 32, 32, 32, 32, 32, 32, 32, 32, 32, 126, 126, 126, 126, 126, 126, 126, 126, 94, 126, 126, 126, 126, 92, 110, 32, 32, 32, 32, 32, 32, 32, 32, 32, 32, 32, 32, 32, 32, 32, 32, 32, 32, 32, 32, 32, 32, 32, 32, 32, 32, 32, 32, 32, 32, 32, 32, 32, 32, 32, 32, 32, 32, 32, 32, 92, 110, 92, 47, 85, 115, 101, 114, 115, 92, 47, 114, 117, 110, 110, 101, 114, 92, 47, 119, 111, 114, 107, 92, 47, 105, 111, 115, 65, 112, 112, 92, 47, 105, 111, 115, 65, 112, 112, 92, 47, 105, 111, 115, 65, 112, 112, 92, 47, 86, 105, 101, 119, 115, 92, 47, 83, 99, 114, 101, 101, 110, 115, 92, 47, 83, 116, 97, 116, 105, 115, 116, 105, 99, 115, 92, 47, 65, 115, 115, 101, 116, 83, 116, 97, 116, 105, 115, 116, 105, 99, 115, 86, 105, 101, 119, 46, 115, 119, 105, 102, 116, 58, 52, 53, 58, 52, 55, 58, 32, 119, 97, 114, 110, 105, 110, 103, 58, 32, 108, 101, 102, 116, 32, 115, 105, 100, 101, 32, 111, 102, 32, 110, 105, 108, 32, 99, 111, 97, 108, 101, 115, 99, 105, 110, 103, 32, 111, 112, 101, 114, 97, 116, 111, 114, 32, 39, 63, 63, 39, 32, 104, 97, 115, 32, 110, 111, 110, 45, 111, 112, 116, 105, 111, 110, 97, 108, 32, 116, 121, 112, 101, 32, 39, 83, 116, 114, 105, 110, 103, 39, 44, 32, 115, 111, 32, 116, 104, 101, 32, 114, 105, 103, 104, 116, 32, 115, 105, 100, 101, 32, 105, 115, 32, 110, 101, 118, 101, 114, 32, 117, 115, 101, 100, 92, 110, 32, 32, 32, 32, 32, 32, 32, 32, 32, 32, 32, 32, 32, 32, 32, 32, 108, 101, 116, 32, 117, 110, 105, 116, 77, 97, 116, 99, 104, 32, 61, 32, 40, 100, 101, 118, 46, 116, 101, 110, 68, 111, 110, 86, 105, 32, 63, 63, 32, 92, 34, 92, 34, 41, 46, 108, 111, 119, 101, 114, 99, 97, 115, 101, 100, 40, 41, 46, 99, 111, 110, 116, 97, 105, 110, 115, 40, 113, 41, 92, 110, 32, 32, 32, 32, 32, 32, 32, 32, 32, 32, 32, 32, 32, 32, 32, 32, 32, 32, 32, 32, 32, 32, 32, 32, 32, 32, 32, 32, 32, 32, 32, 32, 32, 126, 126, 126, 126, 126, 126, 126, 126, 126, 126, 126, 126, 126, 94, 126, 126, 126, 126, 92, 110, 32, 32, 32, 32, 32, 32, 32, 32, 32, 32, 32, 32, 32, 32, 32, 32, 32, 32, 32, 32, 32, 32, 32, 32, 32, 32, 32, 32, 32, 32, 32, 32, 32, 32, 32, 32, 32, 32, 32, 32, 32, 32, 32, 32, 32, 92, 110, 92, 47, 85, 115, 101, 114, 115, 92, 47, 114, 117, 110, 110, 101, 114, 92, 47, 119, 111, 114, 107, 92, 47, 105, 111, 115, 65, 112, 112, 92, 47, 105, 111, 115, 65, 112, 112, 92, 47, 105, 111, 115, 65, 112, 112, 92, 47, 86, 105, 101, 119, 115, 92, 47, 83, 99, 114, 101, 101, 110, 115, 92, 47, 83, 116, 97, 116, 105, 115, 116, 105, 99, 115, 92, 47, 65, 115, 115, 101, 116, 83, 116, 97, 116, 105, 115, 116, 105, 99, 115, 86, 105, 101, 119, 46, 115, 119, 105, 102, 116, 58, 55, 51, 58, 51, 52, 58, 32, 119, 97, 114, 110, 105, 110, 103, 58, 32, 108, 101, 102, 116, 32, 115, 105, 100, 101, 32, 111, 102, 32, 110, 105, 108, 32, 99, 111, 97, 108, 101, 115, 99, 105, 110, 103, 32, 111, 112, 101, 114, 97, 116, 111, 114, 32, 39, 63, 63, 39, 32, 104, 97, 115, 32, 110, 111, 110, 45, 111, 112, 116, 105, 111, 110, 97, 108, 32, 116, 121, 112, 101, 32, 39, 83, 116, 114, 105, 110, 103, 39, 44, 32, 115, 111, 32, 116, 104, 101, 32, 114, 105, 103, 104, 116, 32, 115, 105, 100, 101, 32, 105, 115, 32, 110, 101, 118, 101, 114, 32, 117, 115, 101, 100, 92, 110, 32, 32, 32, 32, 32, 32, 32, 32, 32, 32, 32, 32, 108, 101, 116, 32, 117, 32, 61, 32, 100, 101, 118, 46, 116, 101, 110, 68, 111, 110, 86, 105, 32, 63, 63, 32, 92, 34, 92, 34, 92, 110, 32, 32, 32, 32, 32, 32, 32, 32, 32, 32, 32, 32, 32, 32, 32, 32, 32, 32, 32, 32, 126, 126, 126, 126, 126, 126, 126, 126, 126, 126, 126, 126, 126, 94, 126, 126, 126, 126, 92, 110, 32, 32, 32, 32, 32, 32, 32, 32, 32, 32, 32, 32, 32, 32, 32, 32, 32, 32, 32, 32, 32, 32, 32, 32, 32, 32, 32, 32, 32, 32, 32, 32, 92, 110, 92, 47, 85, 115, 101, 114, 115, 92, 47, 114, 117, 110, 110, 101, 114, 92, 47, 119, 111, 114, 107, 92, 47, 105, 111, 115, 65, 112, 112, 92, 47, 105, 111, 115, 65, 112, 112, 92, 47, 105, 111, 115, 65, 112, 112, 92, 47, 86, 105, 101, 119, 115, 92, 47, 83, 99, 114, 101, 101, 110, 115, 92, 47, 68, 101, 118, 105, 99, 101, 115, 92, 47, 65, 100, 100, 68, 101, 118, 105, 99, 101, 86, 105, 101, 119, 46, 115, 119, 105, 102, 116, 58, 49, 49, 56, 58, 49, 48, 54, 58, 32, 101, 114, 114, 111, 114, 58, 32, 116, 121, 112, 101, 32, 39, 67, 111, 108, 111, 114, 39, 32, 104, 97, 115, 32, 110, 111, 32, 109, 101, 109, 98, 101, 114, 32, 39, 97, 112, 112, 84, 101, 120, 116, 39, 92, 110, 32, 32, 32, 32, 32, 32, 32, 32, 32, 32, 32, 32, 32, 32, 32, 32, 84, 101, 120, 116, 40, 92, 34, 76, 111, 225, 186, 161, 105, 32, 116, 104, 105, 225, 186, 191, 116, 32, 98, 225, 187, 139, 92, 34, 41, 46, 102, 111, 110, 116, 40, 46, 115, 121, 115, 116, 101, 109, 40, 115, 105, 122, 101, 58, 32, 49, 51, 44, 32, 119, 101, 105, 103, 104, 116, 58, 32, 46, 98, 111, 108, 100, 41, 41, 46, 102, 111, 114, 101, 103, 114, 111, 117, 110, 100, 67, 111, 108, 111, 114, 40, 67, 111, 108, 111, 114, 46, 97, 112, 112, 84, 101, 120, 116, 41, 92, 110, 92, 47, 85, 115, 101, 114, 115, 92, 47, 114, 117, 110, 110, 101, 114, 92, 47, 119, 111, 114, 107, 92, 47, 105, 111, 115, 65, 112, 112, 92, 47, 105, 111, 115, 65, 112, 112, 92, 47, 105, 111, 115, 65, 112, 112, 92, 47, 86, 105, 101, 119, 115, 92, 47, 83, 99, 114, 101, 101, 110, 115, 92, 47, 68, 101, 118, 105, 99, 101, 115, 92, 47, 65, 100, 100, 68, 101, 118, 105, 99, 101, 86, 105, 101, 119, 46, 115, 119, 105, 102, 116, 58, 49, 54, 49, 58, 56, 54, 58, 32, 101, 114, 114, 111, 114, 58, 32, 116, 121, 112, 101, 32, 39, 67, 111, 108, 111, 114, 39, 32, 104, 97, 115, 32, 110, 111, 32, 109, 101, 109, 98, 101, 114, 32, 39, 97, 112, 112, 84, 101, 120, 116, 39, 92, 110, 32, 32, 32, 32, 32, 32, 32, 32, 32, 32, 32, 32, 84, 101, 120, 116, 40, 116, 105, 116, 108, 101, 41, 46, 102, 111, 110, 116, 40, 46, 115, 121, 115, 116, 101, 109, 40, 115, 105, 122, 101, 58, 32, 49, 51, 44, 32, 119, 101, 105, 103, 104, 116, 58, 32, 46, 98, 111, 108, 100, 41, 41, 46, 102, 111, 114, 101, 103, 114, 111, 117, 110, 100, 67, 111, 108, 111, 114, 40, 67, 111, 108, 111, 114, 46, 97, 112, 112, 84, 101, 120, 116, 41, 92, 110, 32, 32, 32, 32, 32, 32, 32, 32, 32, 32, 32, 32, 32, 32, 32, 32, 32, 32, 32, 32, 32, 32, 32, 32, 32, 32, 32, 32, 32, 32, 32, 32, 32, 32, 32, 32, 32, 32, 32, 32, 32, 32, 32, 32, 32, 32, 32, 32, 32, 32, 32, 32, 32, 32, 32, 32, 32, 32, 32, 32, 32, 32, 32, 32, 32, 32, 32, 32, 32, 32, 32, 32, 32, 32, 32, 32, 32, 32, 32, 126, 126, 126, 126, 126, 32, 94, 126, 126, 126, 126, 126, 126, 92, 110, 92, 47, 85, 115, 101, 114, 115, 92, 47, 114, 117, 110, 110, 101, 114, 92, 47, 119, 111, 114, 107, 92, 47, 105, 111, 115, 65, 112, 112, 92, 47, 105, 111, 115, 65, 112, 112, 92, 47, 105, 111, 115, 65, 112, 112, 92, 47, 86, 105, 101, 119, 115, 92, 47, 83, 99, 114, 101, 101, 110, 115, 92, 47, 68, 101, 118, 105, 99, 101, 115, 92, 47, 80, 114, 105, 110, 116, 81, 114, 76, 97, 98, 101, 108, 86, 105, 101, 119, 46, 115, 119, 105, 102, 116, 58, 50, 48, 55, 58, 57, 58, 32, 101, 114, 114, 111, 114, 58, 32, 116, 104, 101, 32, 99, 111, 109, 112, 105, 108, 101, 114, 32, 105, 115, 32, 117, 110, 97, 98, 108, 101, 32, 116, 111, 32, 116, 121, 112, 101, 45, 99, 104, 101, 99, 107, 32, 116, 104, 105, 115, 32, 101, 120, 112, 114, 101, 115, 115, 105, 111, 110, 32, 105, 110, 32, 114, 101, 97, 115, 111, 110, 97, 98, 108, 101, 32, 116, 105, 109, 101, 59, 32, 116, 114, 121, 32, 98, 114, 101, 97, 107, 105, 110, 103, 32, 117, 112, 32, 116, 104, 101, 32, 101, 120, 112, 114, 101, 115, 115, 105, 111, 110, 32, 105, 110, 116, 111, 32, 100, 105, 115, 116, 105, 110, 99, 116, 32, 115, 117, 98, 45, 101, 120, 112, 114, 101, 115, 115, 105, 111, 110, 115, 92, 110, 32, 32, 32, 32, 32, 32, 32, 32, 86, 83, 116, 97, 99, 107, 40, 115, 112, 97, 99, 105, 110, 103, 58, 32, 49, 50, 41, 32, 123, 92, 110, 32, 32, 32, 32, 32, 32, 32, 32, 94, 126, 126, 126, 126, 126, 126, 126, 126, 126, 126, 126, 126, 126, 126, 126, 126, 126, 126, 126, 126, 92, 110, 92, 47, 85, 115, 101, 114, 115, 92, 47, 114, 117, 110, 110, 101, 114, 92, 47, 119, 111, 114, 107, 92, 47, 105, 111, 115, 65, 112, 112, 92, 47, 105, 111, 115, 65, 112, 112, 92, 47, 105, 111, 115, 65, 112, 112, 92, 47, 86, 105, 101, 119, 115, 92, 47, 83, 99, 114, 101, 101, 110, 115, 92, 47, 78, 111, 116, 105, 102, 105, 99, 97, 116, 105, 111, 110, 115, 92, 47, 83, 121, 115, 116, 101, 109, 78, 111, 116, 105, 102, 105, 99, 97, 116, 105, 111, 110, 115, 86, 105, 101, 119, 46, 115, 119, 105, 102, 116, 58, 50, 56, 49, 58, 56, 48, 58, 32, 101, 114, 114, 111, 114, 58, 32, 118, 97, 108, 117, 101, 32, 111, 102, 32, 116, 121, 112, 101, 32, 39, 65, 100, 109, 105, 110, 86, 105, 101, 119, 77, 111, 100, 101, 108, 39, 32, 104, 97, 115, 32, 110, 111, 32, 100, 121, 110, 97, 109, 105, 99, 32, 109, 101, 109, 98, 101, 114, 32, 39, 117, 115, 101, 114, 39, 32, 117, 115, 105, 110, 103, 32, 107, 101, 121, 32, 112, 97, 116, 104, 32, 102, 114, 111, 109, 32, 114, 111, 111, 116, 32, 116, 121, 112, 101, 32, 39, 65, 100, 109, 105, 110, 86, 105, 101, 119, 77, 111, 100, 101, 108, 39, 92, 110, 32, 32, 32, 32, 32, 32, 32, 32, 108, 101, 116, 32, 117, 114, 108, 83, 116, 114, 32, 61, 32, 92, 34, 92, 92, 40, 70, 105, 114, 101, 98, 97, 115, 101, 67, 111, 110, 102, 105, 103, 46, 102, 105, 114, 101, 115, 116, 111, 114, 101, 66, 97, 115, 101, 85, 114, 108, 41, 92, 47, 99, 111, 109, 112, 97, 110, 105, 101, 115, 92, 47, 92, 92, 40, 118, 105, 101, 119, 77, 111, 100, 101, 108, 46, 117, 115, 101, 114, 46, 99, 111, 109, 112, 97, 110, 121, 73, 100, 41, 92, 47, 110, 111, 116, 105, 102, 105, 99, 97, 116, 105, 111, 110, 115, 92, 34, 92, 110, 32, 32, 32, 32, 32, 32, 32, 32, 32, 32, 32, 32, 32, 32, 32, 32, 32, 32, 32, 32, 32, 32, 32, 32, 32, 32, 32, 32, 32, 32, 32, 32, 32, 32, 32, 32, 32, 32, 32, 32, 32, 32, 32, 32, 32, 32, 32, 32, 32, 32, 32, 32, 32, 32, 32, 32, 32, 32, 32, 32, 32, 32, 32, 32, 32, 32, 32, 32, 32, 126, 126, 126, 126, 126, 126, 126, 126, 126, 32, 94, 126, 126, 126, 92, 110, 92, 47, 85, 115, 101, 114, 115, 92, 47, 114, 117, 110, 110, 101, 114, 92, 47, 119, 111, 114, 107, 92, 47, 105, 111, 115, 65, 112, 112, 92, 47, 105, 111, 115, 65, 112, 112, 92, 47, 105, 111, 115, 65, 112, 112, 92, 47, 86, 105, 101, 119, 115, 92, 47, 83, 99, 114, 101, 101, 110, 115, 92, 47, 78, 111, 116, 105, 102, 105, 99, 97, 116, 105, 111, 110, 115, 92, 47, 83, 121, 115, 116, 101, 109, 78, 111, 116, 105, 102, 105, 99, 97, 116, 105, 111, 110, 115, 86, 105, 101, 119, 46, 115, 119, 105, 102, 116, 58, 50, 56, 49, 58, 55, 48, 58, 32, 101, 114, 114, 111, 114, 58, 32, 114, 101, 102, 101, 114, 101, 110, 99, 105, 110, 103, 32, 115, 117, 98, 115, 99, 114, 105, 112, 116, 32, 39, 115, 117, 98, 115, 99, 114, 105, 112, 116, 40, 100, 121, 110, 97, 109, 105, 99, 77, 101, 109, 98, 101, 114, 58, 41, 39, 32, 114, 101, 113, 117, 105, 114, 101, 115, 32, 119, 114, 97, 112, 112, 101, 114, 32, 39, 79, 98, 115, 101, 114, 118, 101, 100, 79, 98, 106, 101, 99, 116, 60, 65, 100, 109, 105, 110, 86, 105, 101, 119, 77, 111, 100, 101, 108, 62, 46, 87, 114, 97, 112, 112, 101, 114, 39, 92, 110, 32, 32, 32, 32, 32, 32, 32, 32, 108, 101, 116, 32, 117, 114, 108, 83, 116, 114, 32, 61, 32, 92, 34, 92, 92, 40, 70, 105, 114, 101, 98, 97, 115, 101, 67, 111, 110, 102, 105, 103, 46, 102, 105, 114, 101, 115, 116, 111, 114, 101, 66, 97, 115, 101, 85, 114, 108, 41, 92, 47, 99, 111, 109, 112, 97, 110, 105, 101, 115, 92, 47, 92, 92, 40, 118, 105, 101, 119, 77, 111, 100, 101, 108, 46, 117, 115, 101, 114, 46, 99, 111, 109, 112, 97, 110, 121, 73, 100, 41, 92, 47, 110, 111, 116, 105, 102, 105, 99, 97, 116, 105, 111, 110, 115, 92, 34, 92, 110, 32, 32, 32, 32, 32, 32, 32, 32, 32, 32, 32, 32, 32, 32, 32, 32, 32, 32, 32, 32, 32, 32, 32, 32, 32, 32, 32, 32, 32, 32, 32, 32, 32, 32, 32, 32, 32, 32, 32, 32, 32, 32, 32, 32, 32, 32, 32, 32, 32, 32, 32, 32, 32, 32, 32, 32, 32, 32, 32, 32, 32, 32, 32, 32, 32, 32, 32, 32, 32, 94, 92, 110, 32, 32, 32, 32, 32, 32, 32, 32, 32, 32, 32, 32, 32, 32, 32, 32, 32, 32, 32, 32, 32, 32, 32, 32, 32, 32, 32, 32, 32, 32, 32, 32, 32, 32, 32, 32, 32, 32, 32, 32, 32, 32, 32, 32, 32, 32, 32, 32, 32, 32, 32, 32, 32, 32, 32, 32, 32, 32, 32, 32, 32, 32, 32, 32, 32, 32, 32, 32, 32, 36, 92, 110, 92, 47, 85, 115, 101, 114, 115, 92, 47, 114, 117, 110, 110, 101, 114, 92, 47, 119, 111, 114, 107, 92, 47, 105, 111, 115, 65, 112, 112, 92, 47, 105, 111, 115, 65, 112, 112, 92, 47, 105, 111, 115, 65, 112, 112, 92, 47, 86, 105, 101, 119, 115, 92, 47, 83, 99, 114, 101, 101, 110, 115, 92, 47, 78, 111, 116, 105, 102, 105, 99, 97, 116, 105, 111, 110, 115, 92, 47, 83, 121, 115, 116, 101, 109, 78, 111, 116, 105, 102, 105, 99, 97, 116, 105, 111, 110, 115, 86, 105, 101, 119, 46, 115, 119, 105, 102, 116, 58, 50, 56, 54, 58, 52, 54, 58, 32, 101, 114, 114, 111, 114, 58, 32, 118, 97, 108, 117, 101, 32, 111, 102, 32, 116, 121, 112, 101, 32, 39, 65, 100, 109, 105, 110, 86, 105, 101, 119, 77, 111, 100, 101, 108, 39, 32, 104, 97, 115, 32, 110, 111, 32, 100, 121, 110, 97, 109, 105, 99, 32, 109, 101, 109, 98, 101, 114, 32, 39, 97, 117, 116, 104, 84, 111, 107, 101, 110, 39, 32, 117, 115, 105, 110, 103, 32, 107, 101, 121, 32, 112, 97, 116, 104, 32, 102, 114, 111, 109, 32, 114, 111, 111, 116, 32, 116, 121, 112, 101, 32, 39, 65, 100, 109, 105, 110, 86, 105, 101, 119, 77, 111, 100, 101, 108, 39, 92, 110, 32, 32, 32, 32, 32, 32, 32, 32, 114, 101, 113, 117, 101, 115, 116, 46, 115, 101, 116, 86, 97, 108, 117, 101, 40, 92, 34, 66, 101, 97, 114, 101, 114, 32, 92, 92, 40, 118, 105, 101, 119, 77, 111, 100, 101, 108, 46, 97, 117, 116, 104, 84, 111, 107, 101, 110, 41, 92, 34, 44, 32, 102, 111, 114, 72, 84, 84, 80, 72, 101, 97, 100, 101, 114, 70, 105, 101, 108, 100, 58, 32, 92, 34, 65, 117, 116, 104, 111, 114, 105, 122, 97, 116, 105, 111, 110, 92, 34, 41, 92, 110, 32, 32, 32, 32, 32, 32, 32, 32, 32, 32, 32, 32, 32, 32, 32, 32, 32, 32, 32, 32, 32, 32, 32, 32, 32, 32, 32, 32, 32, 32, 32, 32, 32, 32, 32, 126, 126, 126, 126, 126, 126, 126, 126, 126, 32, 94, 126, 126, 126, 126, 126, 126, 126, 126, 92, 110, 92, 47, 85, 115, 101, 114, 115, 92, 47, 114, 117, 110, 110, 101, 114, 92, 47, 119, 111, 114, 107, 92, 47, 105, 111, 115, 65, 112, 112, 92, 47, 105, 111, 115, 65, 112, 112, 92, 47, 105, 111, 115, 65, 112, 112, 92, 47, 86, 105, 101, 119, 115, 92, 47, 83, 99, 114, 101, 101, 110, 115, 92, 47, 78, 111, 116, 105, 102, 105, 99, 97, 116, 105, 111, 110, 115, 92, 47, 83, 121, 115, 116, 101, 109, 78, 111, 116, 105, 102, 105, 99, 97, 116, 105, 111, 110, 115, 86, 105, 101, 119, 46, 115, 119, 105, 102, 116, 58, 50, 56, 54, 58, 51, 54, 58, 32, 101, 114, 114, 111, 114, 58, 32, 114, 101, 102, 101, 114, 101, 110, 99, 105, 110, 103, 32, 115, 117, 98, 115, 99, 114, 105, 112, 116, 32, 39, 115, 117, 98, 115, 99, 114, 105, 112, 116, 40, 100, 121, 110, 97, 109, 105, 99, 77, 101, 109, 98, 101, 114, 58, 41, 39, 32, 114, 101, 113, 117, 105, 114, 101, 115, 32, 119, 114, 97, 112, 112, 101, 114, 32, 39, 79, 98, 115, 101, 114, 118, 101, 100, 79, 98, 106, 101, 99, 116, 60, 65, 100, 109, 105, 110, 86, 105, 101, 119, 77, 111, 100, 101, 108, 62, 46, 87, 114, 97, 112, 112, 101, 114, 39, 92, 110, 32, 32, 32, 32, 32, 32, 32, 32, 114, 101, 113, 117, 101, 115, 116, 46, 115, 101, 116, 86, 97, 108, 117, 101, 40, 92, 34, 66, 101, 97, 114, 101, 114, 32, 92, 92, 40, 118, 105, 101, 119, 77, 111, 100, 101, 108, 46, 97, 117, 116, 104, 84, 111, 107, 101, 110, 41, 92, 34, 44, 32, 102, 111, 114, 72, 84, 84, 80, 72, 101, 97, 100, 101, 114, 70, 105, 101, 108, 100, 58, 32, 92, 34, 65, 117, 116, 104, 111, 114, 105, 122, 97, 116, 105, 111, 110, 92, 34, 41, 92, 110, 32, 32, 32, 32, 32, 32, 32, 32, 32, 32, 32, 32, 32, 32, 32, 32, 32, 32, 32, 32, 32, 32, 32, 32, 32, 32, 32, 32, 32, 32, 32, 32, 32, 32, 32, 94, 92, 110, 32, 32, 32, 32, 32, 32, 32, 32, 32, 32, 32, 32, 32, 32, 32, 32, 32, 32, 32, 32, 32, 32, 32, 32, 32, 32, 32, 32, 32, 32, 32, 32, 32, 32, 32, 36, 92, 110, 92, 47, 85, 115, 101, 114, 115, 92, 47, 114, 117, 110, 110, 101, 114, 92, 47, 119, 111, 114, 107, 92, 47, 105, 111, 115, 65, 112, 112, 92, 47, 105, 111, 115, 65, 112, 112, 92, 47, 105, 111, 115, 65, 112, 112, 92, 47, 86, 105, 101, 119, 115, 92, 47, 83, 99, 114, 101, 101, 110, 115, 92, 47, 78, 111, 116, 105, 102, 105, 99, 97, 116, 105, 111, 110, 115, 92, 47, 83, 121, 115, 116, 101, 109, 78, 111, 116, 105, 102, 105, 99, 97, 116, 105, 111, 110, 115, 86, 105, 101, 119, 46, 115, 119, 105, 102, 116, 58, 50, 57, 53, 58, 52, 54, 58, 32, 101, 114, 114, 111, 114, 58, 32, 118, 97, 108, 117, 101, 32, 111, 102, 32, 116, 121, 112, 101, 32, 39, 65, 100, 109, 105, 110, 86, 105, 101, 119, 77, 111, 100, 101, 108, 39, 32, 104, 97, 115, 32, 110, 111, 32, 100, 121, 110, 97, 109, 105, 99, 32, 109, 101, 109, 98, 101, 114, 32, 39, 117, 115, 101, 114, 39, 32, 117, 115, 105, 110, 103, 32, 107, 101, 121, 32, 112, 97, 116, 104, 32, 102, 114, 111, 109, 32, 114, 111, 111, 116, 32, 116, 121, 112, 101, 32, 39, 65, 100, 109, 105, 110, 86, 105, 101, 119, 77, 111, 100, 101, 108, 39, 92, 110, 32, 32, 32, 32, 32, 32, 32, 32, 32, 32, 32, 32, 32, 32, 32, 32, 32, 32, 32, 32, 108, 101, 116, 32, 109, 121, 85, 115, 101, 114, 73, 100, 32, 61, 32, 118, 105, 101, 119, 77, 111, 100, 101, 108, 46, 117, 115, 101, 114, 46, 101, 109, 97, 105, 108, 32, 92, 47, 92, 47, 32, 65, 115, 115, 117, 109, 105, 110, 103, 32, 117, 115, 101, 114, 73, 100, 32, 109, 97, 112, 112, 105, 110, 103, 92, 110, 32, 32, 32, 32, 32, 32, 32, 32, 32, 32, 32, 32, 32, 32, 32, 32, 32, 32, 32, 32, 32, 32, 32, 32, 32, 32, 32, 32, 32, 32, 32, 32, 32, 32, 32, 126, 126, 126, 126, 126, 126, 126, 126, 126, 32, 94, 126, 126, 126, 92, 110, 92, 47, 85, 115, 101, 114, 115, 92, 47, 114, 117, 110, 110, 101, 114, 92, 47, 119, 111, 114, 107, 92, 47, 105, 111, 115, 65, 112, 112, 92, 47, 105, 111, 115, 65, 112, 112, 92, 47, 105, 111, 115, 65, 112, 112, 92, 47, 86, 105, 101, 119, 115, 92, 47, 83, 99, 114, 101, 101, 110, 115, 92, 47, 78, 111, 116, 105, 102, 105, 99, 97, 116, 105, 111, 110, 115, 92, 47, 83, 121, 115, 116, 101, 109, 78, 111, 116, 105, 102, 105, 99, 97, 116, 105, 111, 110, 115, 86, 105, 101, 119, 46, 115, 119, 105, 102, 116, 58, 50, 57, 53, 58, 51, 54, 58, 32, 101, 114, 114, 111, 114, 58, 32, 114, 101, 102, 101, 114, 101, 110, 99, 105, 110, 103, 32, 115, 117, 98, 115, 99, 114, 105, 112, 116, 32, 39, 115, 117, 98, 115, 99, 114, 105, 112, 116, 40, 100, 121, 110, 97, 109, 105, 99, 77, 101, 109, 98, 101, 114, 58, 41, 39, 32, 114, 101, 113, 117, 105, 114, 101, 115, 32, 119, 114, 97, 112, 112, 101, 114, 32, 39, 79, 98, 115, 101, 114, 118, 101, 100, 79, 98, 106, 101, 99, 116, 60, 65, 100, 109, 105, 110, 86, 105, 101, 119, 77, 111, 100, 101, 108, 62, 46, 87, 114, 97, 112, 112, 101, 114, 39, 92, 110, 32, 32, 32, 32, 32, 32, 32, 32, 32, 32, 32, 32, 32, 32, 32, 32, 32, 32, 32, 32, 108, 101, 116, 32, 109, 121, 85, 115, 101, 114, 73, 100, 32, 61, 32, 118, 105, 101, 119, 77, 111, 100, 101, 108, 46, 117, 115, 101, 114, 46, 101, 109, 97, 105, 108, 32, 92, 47, 92, 47, 32, 65, 115, 115, 117, 109, 105, 110, 103, 32, 117, 115, 101, 114, 73, 100, 32, 109, 97, 112, 112, 105, 110, 103, 92, 110, 32, 32, 32, 32, 32, 32, 32, 32, 32, 32, 32, 32, 32, 32, 32, 32, 32, 32, 32, 32, 32, 32, 32, 32, 32, 32, 32, 32, 32, 32, 32, 32, 32, 32, 32, 94, 92, 110, 32, 32, 32, 32, 32, 32, 32, 32, 32, 32, 32, 32, 32, 32, 32, 32, 32, 32, 32, 32, 32, 32, 32, 32, 32, 32, 32, 32, 32, 32, 32, 32, 32, 32, 32, 36, 92, 110, 92, 47, 85, 115, 101, 114, 115, 92, 47, 114, 117, 110, 110, 101, 114, 92, 47, 119, 111, 114, 107, 92, 47, 105, 111, 115, 65, 112, 112, 92, 47, 105, 111, 115, 65, 112, 112, 92, 47, 105, 111, 115, 65, 112, 112, 92, 47, 86, 105, 101, 119, 115, 92, 47, 83, 99, 114, 101, 101, 110, 115, 92, 47, 78, 111, 116, 105, 102, 105, 99, 97, 116, 105, 111, 110, 115, 92, 47, 83, 121, 115, 116, 101, 109, 78, 111, 116, 105, 102, 105, 99, 97, 116, 105, 111, 110, 115, 86, 105, 101, 119, 46, 115, 119, 105, 102, 116, 58, 51, 51, 54, 58, 56, 48, 58, 32, 101, 114, 114, 111, 114, 58, 32, 118, 97, 108, 117, 101, 32, 111, 102, 32, 116, 121, 112, 101, 32, 39, 65, 100, 109, 105, 110, 86, 105, 101, 119, 77, 111, 100, 101, 108, 39, 32, 104, 97, 115, 32, 110, 111, 32, 100, 121, 110, 97, 109, 105, 99, 32, 109, 101, 109, 98, 101, 114, 32, 39, 117, 115, 101, 114, 39, 32, 117, 115, 105, 110, 103, 32, 107, 101, 121, 32, 112, 97, 116, 104, 32, 102, 114, 111, 109, 32, 114, 111, 111, 116, 32, 116, 121, 112, 101, 32, 39, 65, 100, 109, 105, 110, 86, 105, 101, 119, 77, 111, 100, 101, 108, 39, 92, 110, 32, 32, 32, 32, 32, 32, 32, 32, 108, 101, 116, 32, 117, 114, 108, 83, 116, 114, 32, 61, 32, 92, 34, 92, 92, 40, 70, 105, 114, 101, 98, 97, 115, 101, 67, 111, 110, 102, 105, 103, 46, 102, 105, 114, 101, 115, 116, 111, 114, 101, 66, 97, 115, 101, 85, 114, 108, 41, 92, 47, 99, 111, 109, 112, 97, 110, 105, 101, 115, 92, 47, 92, 92, 40, 118, 105, 101, 119, 77, 111, 100, 101, 108, 46, 117, 115, 101, 114, 46, 99, 111, 109, 112, 97, 110, 121, 73, 100, 41, 92, 47, 110, 111, 116, 105, 102, 105, 99, 97, 116, 105, 111, 110, 115, 92, 47, 92, 92, 40, 105, 100, 41, 63, 117, 112, 100, 97, 116, 101, 77, 97, 115, 107, 46, 102, 105, 101, 108, 100, 80, 97, 116, 104, 115, 61, 105, 115, 82, 101, 97, 100, 92, 34, 92, 110, 32, 32, 32, 32, 32, 32, 32, 32, 32, 32, 32, 32, 32, 32, 32, 32, 32, 32, 32, 32, 32, 32, 32, 32, 32, 32, 32, 32, 32, 32, 32, 32, 32, 32, 32, 32, 32, 32, 32, 32, 32, 32, 32, 32, 32, 32, 32, 32, 32, 32, 32, 32, 32, 32, 32, 32, 32, 32, 32, 32, 32, 32, 32, 32, 32, 32, 32, 32, 32, 126, 126, 126, 126, 126, 126, 126, 126, 126, 32, 94, 126, 126, 126, 92, 110, 92, 47, 85, 115, 101, 114, 115, 92, 47, 114, 117, 110, 110, 101, 114, 92, 47, 119, 111, 114, 107, 92, 47, 105, 111, 115, 65, 112, 112, 92, 47, 105, 111, 115, 65, 112, 112, 92, 47, 105, 111, 115, 65, 112, 112, 92, 47, 86, 105, 101, 119, 115, 92, 47, 83, 99, 114, 101, 101, 110, 115, 92, 47, 78, 111, 116, 105, 102, 105, 99, 97, 116, 105, 111, 110, 115, 92, 47, 83, 121, 115, 116, 101, 109, 78, 111, 116, 105, 102, 105, 99, 97, 116, 105, 111, 110, 115, 86, 105, 101, 119, 46, 115, 119, 105, 102, 116, 58, 51, 51, 54, 58, 55, 48, 58, 32, 101, 114, 114, 111, 114, 58, 32, 114, 101, 102, 101, 114, 101, 110, 99, 105, 110, 103, 32, 115, 117, 98, 115, 99, 114, 105, 112, 116, 32, 39, 115, 117, 98, 115, 99, 114, 105, 112, 116, 40, 100, 121, 110, 97, 109, 105, 99, 77, 101, 109, 98, 101, 114, 58, 41, 39, 32, 114, 101, 113, 117, 105, 114, 101, 115, 32, 119, 114, 97, 112, 112, 101, 114, 32, 39, 79, 98, 115, 101, 114, 118, 101, 100, 79, 98, 106, 101, 99, 116, 60, 65, 100, 109, 105, 110, 86, 105, 101, 119, 77, 111, 100, 101, 108, 62, 46, 87, 114, 97, 112, 112, 101, 114, 39, 92, 110, 32, 32, 32, 32, 32, 32, 32, 32, 108, 101, 116, 32, 117, 114, 108, 83, 116, 114, 32, 61, 32, 92, 34, 92, 92, 40, 70, 105, 114, 101, 98, 97, 115, 101, 67, 111, 110, 102, 105, 103, 46, 102, 105, 114, 101, 115, 116, 111, 114, 101, 66, 97, 115, 101, 85, 114, 108, 41, 92, 47, 99, 111, 109, 112, 97, 110, 105, 101, 115, 92, 47, 92, 92, 40, 118, 105, 101, 119, 77, 111, 100, 101, 108, 46, 117, 115, 101, 114, 46, 99, 111, 109, 112, 97, 110, 121, 73, 100, 41, 92, 47, 110, 111, 116, 105, 102, 105, 99, 97, 116, 105, 111, 110, 115, 92, 47, 92, 92, 40, 105, 100, 41, 63, 117, 112, 100, 97, 116, 101, 77, 97, 115, 107, 46, 102, 105, 101, 108, 100, 80, 97, 116, 104, 115, 61, 105, 115, 82, 101, 97, 100, 92, 34, 92, 110, 32, 32, 32, 32, 32, 32, 32, 32, 32, 32, 32, 32, 32, 32, 32, 32, 32, 32, 32, 32, 32, 32, 32, 32, 32, 32, 32, 32, 32, 32, 32, 32, 32, 32, 32, 32, 32, 32, 32, 32, 32, 32, 32, 32, 32, 32, 32, 32, 32, 32, 32, 32, 32, 32, 32, 32, 32, 32, 32, 32, 32, 32, 32, 32, 32, 32, 32, 32, 32, 94, 92, 110, 32, 32, 32, 32, 32, 32, 32, 32, 32, 32, 32, 32, 32, 32, 32, 32, 32, 32, 32, 32, 32, 32, 32, 32, 32, 32, 32, 32, 32, 32, 32, 32, 32, 32, 32, 32, 32, 32, 32, 32, 32, 32, 32, 32, 32, 32, 32, 32, 32, 32, 32, 32, 32, 32, 32, 32, 32, 32, 32, 32, 32, 32, 32, 32, 32, 32, 32, 32, 32, 36, 92, 110, 92, 47, 85, 115, 101, 114, 115, 92, 47, 114, 117, 110, 110, 101, 114, 92, 47, 119, 111, 114, 107, 92, 47, 105, 111, 115, 65, 112, 112, 92, 47, 105, 111, 115, 65, 112, 112, 92, 47, 105, 111, 115, 65, 112, 112, 92, 47, 86, 105, 101, 119, 115, 92, 47, 83, 99, 114, 101, 101, 110, 115, 92, 47, 78, 111, 116, 105, 102, 105, 99, 97, 116, 105, 111, 110, 115, 92, 47, 83, 121, 115, 116, 101, 109, 78, 111, 116, 105, 102, 105, 99, 97, 116, 105, 111, 110, 115, 86, 105, 101, 119, 46, 115, 119, 105, 102, 116, 58, 51, 52, 49, 58, 52, 54, 58, 32, 101, 114, 114, 111, 114, 58, 32, 118, 97, 108, 117, 101, 32, 111, 102, 32, 116, 121, 112, 101, 32, 39, 65, 100, 109, 105, 110, 86, 105, 101, 119, 77, 111, 100, 101, 108, 39, 32, 104, 97, 115, 32, 110, 111, 32, 100, 121, 110, 97, 109, 105, 99, 32, 109, 101, 109, 98, 101, 114, 32, 39, 97, 117, 116, 104, 84, 111, 107, 101, 110, 39, 32, 117, 115, 105, 110, 103, 32, 107, 101, 121, 32, 112, 97, 116, 104, 32, 102, 114, 111, 109, 32, 114, 111, 111, 116, 32, 116, 121, 112, 101, 32, 39, 65, 100, 109, 105, 110, 86, 105, 101, 119, 77, 111, 100, 101, 108, 39, 92, 110, 32, 32, 32, 32, 32, 32, 32, 32, 114, 101, 113, 117, 101, 115, 116, 46, 115, 101, 116, 86, 97, 108, 117, 101, 40, 92, 34, 66, 101, 97, 114, 101, 114, 32, 92, 92, 40, 118, 105, 101, 119, 77, 111, 100, 101, 108, 46, 97, 117, 116, 104, 84, 111, 107, 101, 110, 41, 92, 34, 44, 32, 102, 111, 114, 72, 84, 84, 80, 72, 101, 97, 100, 101, 114, 70, 105, 101, 108, 100, 58, 32, 92, 34, 65, 117, 116, 104, 111, 114, 105, 122, 97, 116, 105, 111, 110, 92, 34, 41, 92, 110, 32, 32, 32, 32, 32, 32, 32, 32, 32, 32, 32, 32, 32, 32, 32, 32, 32, 32, 32, 32, 32, 32, 32, 32, 32, 32, 32, 32, 32, 32, 32, 32, 32, 32, 32, 126, 126, 126, 126, 126, 126, 126, 126, 126, 32, 94, 126, 126, 126, 126, 126, 126, 126, 126, 92, 110, 92, 47, 85, 115, 101, 114, 115, 92, 47, 114, 117, 110, 110, 101, 114, 92, 47, 119, 111, 114, 107, 92, 47, 105, 111, 115, 65, 112, 112, 92, 47, 105, 111, 115, 65, 112, 112, 92, 47, 105, 111, 115, 65, 112, 112, 92, 47, 86, 105, 101, 119, 115, 92, 47, 83, 99, 114, 101, 101, 110, 115, 92, 47, 78, 111, 116, 105, 102, 105, 99, 97, 116, 105, 111, 110, 115, 92, 47, 83, 121, 115, 116, 101, 109, 78, 111, 116, 105, 102, 105, 99, 97, 116, 105, 111, 110, 115, 86, 105, 101, 119, 46, 115, 119, 105, 102, 116, 58, 51, 52, 49, 58, 51, 54, 58, 32, 101, 114, 114, 111, 114, 58, 32, 114, 101, 102, 101, 114, 101, 110, 99, 105, 110, 103, 32, 115, 117, 98, 115, 99, 114, 105, 112, 116, 32, 39, 115, 117, 98, 115, 99, 114, 105, 112, 116, 40, 100, 121, 110, 97, 109, 105, 99, 77, 101, 109, 98, 101, 114, 58, 41, 39, 32, 114, 101, 113, 117, 105, 114, 101, 115, 32, 119, 114, 97, 112, 112, 101, 114, 32, 39, 79, 98, 115, 101, 114, 118, 101, 100, 79, 98, 106, 101, 99, 116, 60, 65, 100, 109, 105, 110, 86, 105, 101, 119, 77, 111, 100, 101, 108, 62, 46, 87, 114, 97, 112, 112, 101, 114, 39, 92, 110, 32, 32, 32, 32, 32, 32, 32, 32, 114, 101, 113, 117, 101, 115, 116, 46, 115, 101, 116, 86, 97, 108, 117, 101, 40, 92, 34, 66, 101, 97, 114, 101, 114, 32, 92, 92, 40, 118, 105, 101, 119, 77, 111, 100, 101, 108, 46, 97, 117, 116, 104, 84, 111, 107, 101, 110, 41, 92, 34, 44, 32, 102, 111, 114, 72, 84, 84, 80, 72, 101, 97, 100, 101, 114, 70, 105, 101, 108, 100, 58, 32, 92, 34, 65, 117, 116, 104, 111, 114, 105, 122, 97, 116, 105, 111, 110, 92, 34, 41, 92, 110, 32, 32, 32, 32, 32, 32, 32, 32, 32, 32, 32, 32, 32, 32, 32, 32, 32, 32, 32, 32, 32, 32, 32, 32, 32, 32, 32, 32, 32, 32, 32, 32, 32, 32, 32, 94, 92, 110, 32, 32, 32, 32, 32, 32, 32, 32, 32, 32, 32, 32, 32, 32, 32, 32, 32, 32, 32, 32, 32, 32, 32, 32, 32, 32, 32, 32, 32, 32, 32, 32, 32, 32, 32, 36, 92, 110, 92, 47, 85, 115, 101, 114, 115, 92, 47, 114, 117, 110, 110, 101, 114, 92, 47, 119, 111, 114, 107, 92, 47, 105, 111, 115, 65, 112, 112, 92, 47, 105, 111, 115, 65, 112, 112, 92, 47, 105, 111, 115, 65, 112, 112, 92, 47, 86, 105, 101, 119, 115, 92, 47, 83, 99, 114, 101, 101, 110, 115, 92, 47, 78, 111, 116, 105, 102, 105, 99, 97, 116, 105, 111, 110, 115, 92, 47, 83, 121, 115, 116, 101, 109, 78, 111, 116, 105, 102, 105, 99, 97, 116, 105, 111, 110, 115, 86, 105, 101, 119, 46, 115, 119, 105, 102, 116, 58, 51, 54, 53, 58, 56, 48, 58, 32, 101, 114, 114, 111, 114, 58, 32, 118, 97, 108, 117, 101, 32, 111, 102, 32, 116, 121, 112, 101, 32, 39, 65, 100, 109, 105, 110, 86, 105, 101, 119, 77, 111, 100, 101, 108, 39, 32, 104, 97, 115, 32, 110, 111, 32, 100, 121, 110, 97, 109, 105, 99, 32, 109, 101, 109, 98, 101, 114, 32, 39, 117, 115, 101, 114, 39, 32, 117, 115, 105, 110, 103, 32, 107, 101, 121, 32, 112, 97, 116, 104, 32, 102, 114, 111, 109, 32, 114, 111, 111, 116, 32, 116, 121, 112, 101, 32, 39, 65, 100, 109, 105, 110, 86, 105, 101, 119, 77, 111, 100, 101, 108, 39, 92, 110, 32, 32, 32, 32, 32, 32, 32, 32, 108, 101, 116, 32, 117, 114, 108, 83, 116, 114, 32, 61, 32, 92, 34, 92, 92, 40, 70, 105, 114, 101, 98, 97, 115, 101, 67, 111, 110, 102, 105, 103, 46, 102, 105, 114, 101, 115, 116, 111, 114, 101, 66, 97, 115, 101, 85, 114, 108, 41, 92, 47, 99, 111, 109, 112, 97, 110, 105, 101, 115, 92, 47, 92, 92, 40, 118, 105, 101, 119, 77, 111, 100, 101, 108, 46, 117, 115, 101, 114, 46, 99, 111, 109, 112, 97, 110, 121, 73, 100, 41, 92, 47, 110, 111, 116, 105, 102, 105, 99, 97, 116, 105, 111, 110, 115, 92, 47, 92, 92, 40, 105, 100, 41, 92, 34, 92, 110, 32, 32, 32, 32, 32, 32, 32, 32, 32, 32, 32, 32, 32, 32, 32, 32, 32, 32, 32, 32, 32, 32, 32, 32, 32, 32, 32, 32, 32, 32, 32, 32, 32, 32, 32, 32, 32, 32, 32, 32, 32, 32, 32, 32, 32, 32, 32, 32, 32, 32, 32, 32, 32, 32, 32, 32, 32, 32, 32, 32, 32, 32, 32, 32, 32, 32, 32, 32, 32, 126, 126, 126, 126, 126, 126, 126, 126, 126, 32, 94, 126, 126, 126, 92, 110, 92, 47, 85, 115, 101, 114, 115, 92, 47, 114, 117, 110, 110, 101, 114, 92, 47, 119, 111, 114, 107, 92, 47, 105, 111, 115, 65, 112, 112, 92, 47, 105, 111, 115, 65, 112, 112, 92, 47, 105, 111, 115, 65, 112, 112, 92, 47, 86, 105, 101, 119, 115, 92, 47, 83, 99, 114, 101, 101, 110, 115, 92, 47, 78, 111, 116, 105, 102, 105, 99, 97, 116, 105, 111, 110, 115, 92, 47, 83, 121, 115, 116, 101, 109, 78, 111, 116, 105, 102, 105, 99, 97, 116, 105, 111, 110, 115, 86, 105, 101, 119, 46, 115, 119, 105, 102, 116, 58, 51, 54, 53, 58, 55, 48, 58, 32, 101, 114, 114, 111, 114, 58, 32, 114, 101, 102, 101, 114, 101, 110, 99, 105, 110, 103, 32, 115, 117, 98, 115, 99, 114, 105, 112, 116, 32, 39, 115, 117, 98, 115, 99, 114, 105, 112, 116, 40, 100, 121, 110, 97, 109, 105, 99, 77, 101, 109, 98, 101, 114, 58, 41, 39, 32, 114, 101, 113, 117, 105, 114, 101, 115, 32, 119, 114, 97, 112, 112, 101, 114, 32, 39, 79, 98, 115, 101, 114, 118, 101, 100, 79, 98, 106, 101, 99, 116, 60, 65, 100, 109, 105, 110, 86, 105, 101, 119, 77, 111, 100, 101, 108, 62, 46, 87, 114, 97, 112, 112, 101, 114, 39, 92, 110, 32, 32, 32, 32, 32, 32, 32, 32, 108, 101, 116, 32, 117, 114, 108, 83, 116, 114, 32, 61, 32, 92, 34, 92, 92, 40, 70, 105, 114, 101, 98, 97, 115, 101, 67, 111, 110, 102, 105, 103, 46, 102, 105, 114, 101, 115, 116, 111, 114, 101, 66, 97, 115, 101, 85, 114, 108, 41, 92, 47, 99, 111, 109, 112, 97, 110, 105, 101, 115, 92, 47, 92, 92, 40, 118, 105, 101, 119, 77, 111, 100, 101, 108, 46, 117, 115, 101, 114, 46, 99, 111, 109, 112, 97, 110, 121, 73, 100, 41, 92, 47, 110, 111, 116, 105, 102, 105, 99, 97, 116, 105, 111, 110, 115, 92, 47, 92, 92, 40, 105, 100, 41, 92, 34, 92, 110, 32, 32, 32, 32, 32, 32, 32, 32, 32, 32, 32, 32, 32, 32, 32, 32, 32, 32, 32, 32, 32, 32, 32, 32, 32, 32, 32, 32, 32, 32, 32, 32, 32, 32, 32, 32, 32, 32, 32, 32, 32, 32, 32, 32, 32, 32, 32, 32, 32, 32, 32, 32, 32, 32, 32, 32, 32, 32, 32, 32, 32, 32, 32, 32, 32, 32, 32, 32, 32, 94, 92, 110, 32, 32, 32, 32, 32, 32, 32, 32, 32, 32, 32, 32, 32, 32, 32, 32, 32, 32, 32, 32, 32, 32, 32, 32, 32, 32, 32, 32, 32, 32, 32, 32, 32, 32, 32, 32, 32, 32, 32, 32, 32, 32, 32, 32, 32, 32, 32, 32, 32, 32, 32, 32, 32, 32, 32, 32, 32, 32, 32, 32, 32, 32, 32, 32, 32, 32, 32, 32, 32, 36, 92, 110, 92, 47, 85, 115, 101, 114, 115, 92, 47, 114, 117, 110, 110, 101, 114, 92, 47, 119, 111, 114, 107, 92, 47, 105, 111, 115, 65, 112, 112, 92, 47, 105, 111, 115, 65, 112, 112, 92, 47, 105, 111, 115, 65, 112, 112, 92, 47, 86, 105, 101, 119, 115, 92, 47, 83, 99, 114, 101, 101, 110, 115, 92, 47, 78, 111, 116, 105, 102, 105, 99, 97, 116, 105, 111, 110, 115, 92, 47, 83, 121, 115, 116, 101, 109, 78, 111, 116, 105, 102, 105, 99, 97, 116, 105, 111, 110, 115, 86, 105, 101, 119, 46, 115, 119, 105, 102, 116, 58, 51, 55, 48, 58, 52, 54, 58, 32, 101, 114, 114, 111, 114, 58, 32, 118, 97, 108, 117, 101, 32, 111, 102, 32, 116, 121, 112, 101, 32, 39, 65, 100, 109, 105, 110, 86, 105, 101, 119, 77, 111, 100, 101, 108, 39, 32, 104, 97, 115, 32, 110, 111, 32, 100, 121, 110, 97, 109, 105, 99, 32, 109, 101, 109, 98, 101, 114, 32, 39, 97, 117, 116, 104, 84, 111, 107, 101, 110, 39, 32, 117, 115, 105, 110, 103, 32, 107, 101, 121, 32, 112, 97, 116, 104, 32, 102, 114, 111, 109, 32, 114, 111, 111, 116, 32, 116, 121, 112, 101, 32, 39, 65, 100, 109, 105, 110, 86, 105, 101, 119, 77, 111, 100, 101, 108, 39, 92, 110, 32, 32, 32, 32, 32, 32, 32, 32, 114, 101, 113, 117, 101, 115, 116, 46, 115, 101, 116, 86, 97, 108, 117, 101, 40, 92, 34, 66, 101, 97, 114, 101, 114, 32, 92, 92, 40, 118, 105, 101, 119, 77, 111, 100, 101, 108, 46, 97, 117, 116, 104, 84, 111, 107, 101, 110, 41, 92, 34, 44, 32, 102, 111, 114, 72, 84, 84, 80, 72, 101, 97, 100, 101, 114, 70, 105, 101, 108, 100, 58, 32, 92, 34, 65, 117, 116, 104, 111, 114, 105, 122, 97, 116, 105, 111, 110, 92, 34, 41, 92, 110, 32, 32, 32, 32, 32, 32, 32, 32, 32, 32, 32, 32, 32, 32, 32, 32, 32, 32, 32, 32, 32, 32, 32, 32, 32, 32, 32, 32, 32, 32, 32, 32, 32, 32, 32, 126, 126, 126, 126, 126, 126, 126, 126, 126, 32, 94, 126, 126, 126, 126, 126, 126, 126, 126, 92, 110, 92, 47, 85, 115, 101, 114, 115, 92, 47, 114, 117, 110, 110, 101, 114, 92, 47, 119, 111, 114, 107, 92, 47, 105, 111, 115, 65, 112, 112, 92, 47, 105, 111, 115, 65, 112, 112, 92, 47, 105, 111, 115, 65, 112, 112, 92, 47, 86, 105, 101, 119, 115, 92, 47, 83, 99, 114, 101, 101, 110, 115, 92, 47, 78, 111, 116, 105, 102, 105, 99, 97, 116, 105, 111, 110, 115, 92, 47, 83, 121, 115, 116, 101, 109, 78, 111, 116, 105, 102, 105, 99, 97, 116, 105, 111, 110, 115, 86, 105, 101, 119, 46, 115, 119, 105, 102, 116, 58, 51, 55, 48, 58, 51, 54, 58, 32, 101, 114, 114, 111, 114, 58, 32, 114, 101, 102, 101, 114, 101, 110, 99, 105, 110, 103, 32, 115, 117, 98, 115, 99, 114, 105, 112, 116, 32, 39, 115, 117, 98, 115, 99, 114, 105, 112, 116, 40, 100, 121, 110, 97, 109, 105, 99, 77, 101, 109, 98, 101, 114, 58, 41, 39, 32, 114, 101, 113, 117, 105, 114, 101, 115, 32, 119, 114, 97, 112, 112, 101, 114, 32, 39, 79, 98, 115, 101, 114, 118, 101, 100, 79, 98, 106, 101, 99, 116, 60, 65, 100, 109, 105, 110, 86, 105, 101, 119, 77, 111, 100, 101, 108, 62, 46, 87, 114, 97, 112, 112, 101, 114, 39, 92, 110, 32, 32, 32, 32, 32, 32, 32, 32, 114, 101, 113, 117, 101, 115, 116, 46, 115, 101, 116, 86, 97, 108, 117, 101, 40, 92, 34, 66, 101, 97, 114, 101, 114, 32, 92, 92, 40, 118, 105, 101, 119, 77, 111, 100, 101, 108, 46, 97, 117, 116, 104, 84, 111, 107, 101, 110, 41, 92, 34, 44, 32, 102, 111, 114, 72, 84, 84, 80, 72, 101, 97, 100, 101, 114, 70, 105, 101, 108, 100, 58, 32, 92, 34, 65, 117, 116, 104, 111, 114, 105, 122, 97, 116, 105, 111, 110, 92, 34, 41, 92, 110, 32, 32, 32, 32, 32, 32, 32, 32, 32, 32, 32, 32, 32, 32, 32, 32, 32, 32, 32, 32, 32, 32, 32, 32, 32, 32, 32, 32, 32, 32, 32, 32, 32, 32, 32, 94, 92, 110, 32, 32, 32, 32, 32, 32, 32, 32, 32, 32, 32, 32, 32, 32, 32, 32, 32, 32, 32, 32, 32, 32, 32, 32, 32, 32, 32, 32, 32, 32, 32, 32, 32, 32, 32, 36, 92, 110, 92, 47, 85, 115, 101, 114, 115, 92, 47, 114, 117, 110, 110, 101, 114, 92, 47, 119, 111, 114, 107, 92, 47, 105, 111, 115, 65, 112, 112, 92, 47, 105, 111, 115, 65, 112, 112, 92, 47, 105, 111, 115, 65, 112, 112, 92, 47, 86, 105, 101, 119, 115, 92, 47, 83, 99, 114, 101, 101, 110, 115, 92, 47, 83, 101, 116, 116, 105, 110, 103, 115, 92, 47, 83, 121, 115, 116, 101, 109, 83, 101, 116, 116, 105, 110, 103, 115, 86, 105, 101, 119, 46, 115, 119, 105, 102, 116, 58, 50, 52, 56, 58, 55, 52, 58, 32, 101, 114, 114, 111, 114, 58, 32, 101, 120, 116, 114, 97, 32, 97, 114, 103, 117, 109, 101, 110, 116, 32, 105, 110, 32, 99, 97, 108, 108, 92, 110, 32, 32, 32, 32, 32, 32, 32, 32, 32, 32, 32, 32, 32, 32, 32, 32, 32, 32, 32, 32, 115, 101, 108, 102, 46, 99, 111, 109, 112, 97, 110, 121, 78, 97, 109, 101, 32, 61, 32, 70, 105, 114, 101, 115, 116, 111, 114, 101, 72, 101, 108, 112, 101, 114, 46, 103, 101, 116, 83, 116, 114, 105, 110, 103, 40, 102, 105, 101, 108, 100, 115, 44, 32, 92, 34, 99, 111, 109, 112, 97, 110, 121, 78, 97, 109, 101, 92, 34, 41, 92, 110, 32, 32, 32, 32, 32, 32, 32, 32, 32, 32, 32, 32, 32, 32, 32, 32, 32, 32, 32, 32, 32, 32, 32, 32, 32, 32, 32, 32, 32, 32, 32, 32, 32, 32, 32, 32, 32, 32, 32, 32, 32, 32, 32, 32, 32, 32, 32, 32, 32, 32, 32, 32, 32, 32, 32, 32, 32, 32, 32, 32, 32, 32, 32, 32, 126, 126, 126, 126, 126, 126, 126, 126, 126, 94, 126, 126, 126, 126, 126, 126, 126, 126, 126, 126, 126, 126, 126, 92, 110, 92, 47, 85, 115, 101, 114, 115, 92, 47, 114, 117, 110, 110, 101, 114, 92, 47, 119, 111, 114, 107, 92, 47, 105, 111, 115, 65, 112, 112, 92, 47, 105, 111, 115, 65, 112, 112, 92, 47, 105, 111, 115, 65, 112, 112, 92, 47, 86, 105, 101, 119, 77, 111, 100, 101, 108, 115, 92, 47, 65, 100, 109, 105, 110, 86, 105, 101, 119, 77, 111, 100, 101, 108, 46, 115, 119, 105, 102, 116, 58, 51, 56, 50, 58, 50, 57, 58, 32, 119, 97, 114, 110, 105, 110, 103, 58, 32, 105, 110, 105, 116, 105, 97, 108, 105, 122, 97, 116, 105, 111, 110, 32, 111, 102, 32, 105, 109, 109, 117, 116, 97, 98, 108, 101, 32, 118, 97, 108, 117, 101, 32, 39, 105, 100, 39, 32, 119, 97, 115, 32, 110, 101, 118, 101, 114, 32, 117, 115, 101, 100, 59, 32, 99, 111, 110, 115, 105, 100, 101, 114, 32, 114, 101, 112, 108, 97, 99, 105, 110, 103, 32, 119, 105, 116, 104, 32, 97, 115, 115, 105, 103, 110, 109, 101, 110, 116, 32, 116, 111, 32, 39, 95, 39, 32, 111, 114, 32, 114, 101, 109, 111, 118, 105, 110, 103, 32, 105, 116, 92, 110, 32, 32, 32, 32, 32, 32, 32, 32, 32, 32, 32, 32, 32, 32, 32, 32, 32, 32, 32, 32, 32, 32, 32, 32, 108, 101, 116, 32, 105, 100, 32, 61, 32, 110, 97, 109, 101, 46, 99, 111, 109, 112, 111, 110, 101, 110, 116, 115, 40, 115, 101, 112, 97, 114, 97, 116, 101, 100, 66, 121, 58, 32, 92, 34, 92, 47, 92, 34, 41, 46, 108, 97, 115, 116, 32, 63, 63, 32, 92, 34, 92, 34, 92, 110, 32, 32, 32, 32, 32, 32, 32, 32, 32, 32, 32, 32, 32, 32, 32, 32, 32, 32, 32, 32, 32, 32, 32, 32, 126, 126, 126, 126, 94, 126, 92, 110, 32, 32, 32, 32, 32, 32, 32, 32, 32, 32, 32, 32, 32, 32, 32, 32, 32, 32, 32, 32, 32, 32, 32, 32, 95, 92, 110, 92, 47, 85, 115, 101, 114, 115, 92, 47, 114, 117, 110, 110, 101, 114, 92, 47, 119, 111, 114, 107, 92, 47, 105, 111, 115, 65, 112, 112, 92, 47, 105, 111, 115, 65, 112, 112, 92, 47, 105, 111, 115, 65, 112, 112, 92, 47, 86, 105, 101, 119, 77, 111, 100, 101, 108, 115, 92, 47, 65, 100, 109, 105, 110, 86, 105, 101, 119, 77, 111, 100, 101, 108, 46, 115, 119, 105, 102, 116, 58, 53, 54, 51, 58, 57, 58, 32, 101, 114, 114, 111, 114, 58, 32, 99, 97, 110, 110, 111, 116, 32, 102, 105, 110, 100, 32, 39, 105, 115, 76, 111, 97, 100, 105, 110, 103, 67, 111, 110, 102, 105, 103, 39, 32, 105, 110, 32, 115, 99, 111, 112, 101, 92, 110, 32, 32, 32, 32, 32, 32, 32, 32, 105, 115, 76, 111, 97, 100, 105, 110, 103, 67, 111, 110, 102, 105, 103, 32, 61, 32, 116, 114, 117, 101, 92, 110, 32, 32, 32, 32, 32, 32, 32, 32, 94, 126, 126, 126, 126, 126, 126, 126, 126, 126, 126, 126, 126, 126, 126, 92, 110, 92, 47, 85, 115, 101, 114, 115, 92, 47, 114, 117, 110, 110, 101, 114, 92, 47, 119, 111, 114, 107, 92, 47, 105, 111, 115, 65, 112, 112, 92, 47, 105, 111, 115, 65, 112, 112, 92, 47, 105, 111, 115, 65, 112, 112, 92, 47, 86, 105, 101, 119, 77, 111, 100, 101, 108, 115, 92, 47, 65, 100, 109, 105, 110, 86, 105, 101, 119, 77, 111, 100, 101, 108, 46, 115, 119, 105, 102, 116, 58, 53, 54, 52, 58, 50, 48, 58, 32, 101, 114, 114, 111, 114, 58, 32, 99, 97, 110, 110, 111, 116, 32, 102, 105, 110, 100, 32, 39, 115, 101, 108, 102, 39, 32, 105, 110, 32, 115, 99, 111, 112, 101, 59, 32, 100, 105, 100, 32, 121, 111, 117, 32, 109, 101, 97, 110, 32, 116, 111, 32, 117, 115, 101, 32, 105, 116, 32, 105, 110, 32, 97, 32, 116, 121, 112, 101, 32, 111, 114, 32, 101, 120, 116, 101, 110, 115, 105, 111, 110, 32, 99, 111, 110, 116, 101, 120, 116, 63, 92, 110, 32, 32, 32, 32, 32, 32, 32, 32, 108, 101, 116, 32, 99, 111, 109, 112, 32, 61, 32, 115, 101, 108, 102, 46, 99, 111, 109, 112, 97, 110, 121, 73, 100, 46, 105, 115, 69, 109, 112, 116, 121, 32, 63, 32, 92, 34, 83, 71, 67, 79, 79, 80, 92, 34, 32, 58, 32, 115, 101, 108, 102, 46, 99, 111, 109, 112, 97, 110, 121, 73, 100, 92, 110, 32, 32, 32, 32, 32, 32, 32, 32, 32, 32, 32, 32, 32, 32, 32, 32, 32, 32, 32, 94, 126, 126, 126, 92, 110, 92, 47, 85, 115, 101, 114, 115, 92, 47, 114, 117, 110, 110, 101, 114, 92, 47, 119, 111, 114, 107, 92, 47, 105, 111, 115, 65, 112, 112, 92, 47, 105, 111, 115, 65, 112, 112, 92, 47, 105, 111, 115, 65, 112, 112, 92, 47, 86, 105, 101, 119, 77, 111, 100, 101, 108, 115, 92, 47, 65, 100, 109, 105, 110, 86, 105, 101, 119, 77, 111, 100, 101, 108, 46, 115, 119, 105, 102, 116, 58, 53, 54, 52, 58, 53, 54, 58, 32, 101, 114, 114, 111, 114, 58, 32, 99, 97, 110, 110, 111, 116, 32, 102, 105, 110, 100, 32, 39, 115, 101, 108, 102, 39, 32, 105, 110, 32, 115, 99, 111, 112, 101, 59, 32, 100, 105, 100, 32, 121, 111, 117, 32, 109, 101, 97, 110, 32, 116, 111, 32, 117, 115, 101, 32, 105, 116, 32, 105, 110, 32, 97, 32, 116, 121, 112, 101, 32, 111, 114, 32, 101, 120, 116, 101, 110, 115, 105, 111, 110, 32, 99, 111, 110, 116, 101, 120, 116, 63, 92, 110, 32, 32, 32, 32, 32, 32, 32, 32, 108, 101, 116, 32, 99, 111, 109, 112, 32, 61, 32, 115, 101, 108, 102, 46, 99, 111, 109, 112, 97, 110, 121, 73, 100, 46, 105, 115, 69, 109, 112, 116, 121, 32, 63, 32, 92, 34, 83, 71, 67, 79, 79, 80, 92, 34, 32, 58, 32, 115, 101, 108, 102, 46, 99, 111, 109, 112, 97, 110, 121, 73, 100, 92, 110, 32, 32, 32, 32, 32, 32, 32, 32, 32, 32, 32, 32, 32, 32, 32, 32, 32, 32, 32, 32, 32, 32, 32, 32, 32, 32, 32, 32, 32, 32, 32, 32, 32, 32, 32, 32, 32, 32, 32, 32, 32, 32, 32, 32, 32, 32, 32, 32, 32, 32, 32, 32, 32, 32, 32, 94, 126, 126, 126, 92, 110, 92, 47, 85, 115, 101, 114, 115, 92, 47, 114, 117, 110, 110, 101, 114, 92, 47, 119, 111, 114, 107, 92, 47, 105, 111, 115, 65, 112, 112, 92, 47, 105, 111, 115, 65, 112, 112, 92, 47, 105, 111, 115, 65, 112, 112, 92, 47, 86, 105, 101, 119, 77, 111, 100, 101, 108, 115, 92, 47, 65, 100, 109, 105, 110, 86, 105, 101, 119, 77, 111, 100, 101, 108, 46, 115, 119, 105, 102, 116, 58, 53, 54, 55, 58, 49, 51, 58, 32, 101, 114, 114, 111, 114, 58, 32, 99, 97, 110, 110, 111, 116, 32, 102, 105, 110, 100, 32, 39, 115, 101, 108, 102, 39, 32, 105, 110, 32, 115, 99, 111, 112, 101, 59, 32, 100, 105, 100, 32, 121, 111, 117, 32, 109, 101, 97, 110, 32, 116, 111, 32, 117, 115, 101, 32, 105, 116, 32, 105, 110, 32, 97, 32, 116, 121, 112, 101, 32, 111, 114, 32, 101, 120, 116, 101, 110, 115, 105, 111, 110, 32, 99, 111, 110, 116, 101, 120, 116, 63, 92, 110, 32, 32, 32, 32, 32, 32, 32, 32, 32, 32, 32, 32, 115, 101, 108, 102, 46, 105, 115, 76, 111, 97, 100, 105, 110, 103, 67, 111, 110, 102, 105, 103, 32, 61, 32, 102, 97, 108, 115, 101, 92, 110, 32, 32, 32, 32, 32, 32, 32, 32, 32, 32, 32, 32, 94, 126, 126, 126, 92, 110, 92, 47, 85, 115, 101, 114, 115, 92, 47, 114, 117, 110, 110, 101, 114, 92, 47, 119, 111, 114, 107, 92, 47, 105, 111, 115, 65, 112, 112, 92, 47, 105, 111, 115, 65, 112, 112, 92, 47, 105, 111, 115, 65, 112, 112, 92, 47, 86, 105, 101, 119, 77, 111, 100, 101, 108, 115, 92, 47, 65, 100, 109, 105, 110, 86, 105, 101, 119, 77, 111, 100, 101, 108, 46, 115, 119, 105, 102, 116, 58, 53, 55, 51, 58, 49, 51, 58, 32, 101, 114, 114, 111, 114, 58, 32, 99, 97, 110, 110, 111, 116, 32, 102, 105, 110, 100, 32, 39, 105, 100, 84, 111, 107, 101, 110, 39, 32, 105, 110, 32, 115, 99, 111, 112, 101, 92, 110, 32, 32, 32, 32, 32, 32, 32, 32, 105, 102, 32, 33, 105, 100, 84, 111, 107, 101, 110, 46, 105, 115, 69, 109, 112, 116, 121, 32, 123, 32, 114, 101, 113, 117, 101, 115, 116, 46, 115, 101, 116, 86, 97, 108, 117, 101, 40, 92, 34, 66, 101, 97, 114, 101, 114, 32, 92, 92, 40, 105, 100, 84, 111, 107, 101, 110, 41, 92, 34, 44, 32, 102, 111, 114, 72, 84, 84, 80, 72, 101, 97, 100, 101, 114, 70, 105, 101, 108, 100, 58, 32, 92, 34, 65, 117, 116, 104, 111, 114, 105, 122, 97, 116, 105, 111, 110, 92, 34, 41, 32, 125, 92, 110, 32, 32, 32, 32, 32, 32, 32, 32, 32, 32, 32, 32, 94, 126, 126, 126, 126, 126, 126, 92, 110, 92, 47, 85, 115, 101, 114, 115, 92, 47, 114, 117, 110, 110, 101, 114, 92, 47, 119, 111, 114, 107, 92, 47, 105, 111, 115, 65, 112, 112, 92, 47, 105, 111, 115, 65, 112, 112, 92, 47, 105, 111, 115, 65, 112, 112, 92, 47, 86, 105, 101, 119, 77, 111, 100, 101, 108, 115, 92, 47, 65, 100, 109, 105, 110, 86, 105, 101, 119, 77, 111, 100, 101, 108, 46, 115, 119, 105, 102, 116, 58, 53, 55, 51, 58, 53, 56, 58, 32, 101, 114, 114, 111, 114, 58, 32, 99, 97, 110, 110, 111, 116, 32, 102, 105, 110, 100, 32, 39, 105, 100, 84, 111, 107, 101, 110, 39, 32, 105, 110, 32, 115, 99, 111, 112, 101, 92, 110, 32, 32, 32, 32, 32, 32, 32, 32, 105, 102, 32, 33, 105, 100, 84, 111, 107, 101, 110, 46, 105, 115, 69, 109, 112, 116, 121, 32, 123, 32, 114, 101, 113, 117, 101, 115, 116, 46, 115, 101, 116, 86, 97, 108, 117, 101, 40, 92, 34, 66, 101, 97, 114, 101, 114, 32, 92, 92, 40, 105, 100, 84, 111, 107, 101, 110, 41, 92, 34, 44, 32, 102, 111, 114, 72, 84, 84, 80, 72, 101, 97, 100, 101, 114, 70, 105, 101, 108, 100, 58, 32, 92, 34, 65, 117, 116, 104, 111, 114, 105, 122, 97, 116, 105, 111, 110, 92, 34, 41, 32, 125, 92, 110, 32, 32, 32, 32, 32, 32, 32, 32, 32, 32, 32, 32, 32, 32, 32, 32, 32, 32, 32, 32, 32, 32, 32, 32, 32, 32, 32, 32, 32, 32, 32, 32, 32, 32, 32, 32, 32, 32, 32, 32, 32, 32, 32, 32, 32, 32, 32, 32, 32, 32, 32, 32, 32, 32, 32, 32, 32, 94, 126, 126, 126, 126, 126, 126, 92, 110, 92, 47, 85, 115, 101, 114, 115, 92, 47, 114, 117, 110, 110, 101, 114, 92, 47, 119, 111, 114, 107, 92, 47, 105, 111, 115, 65, 112, 112, 92, 47, 105, 111, 115, 65, 112, 112, 92, 47, 105, 111, 115, 65, 112, 112, 92, 47, 86, 105, 101, 119, 77, 111, 100, 101, 108, 115, 92, 47, 65, 100, 109, 105, 110, 86, 105, 101, 119, 77, 111, 100, 101, 108, 46, 115, 119, 105, 102, 116, 58, 53, 56, 48, 58, 49, 55, 58, 32, 101, 114, 114, 111, 114, 58, 32, 99, 97, 110, 110, 111, 116, 32, 102, 105, 110, 100, 32, 39, 115, 101, 108, 102, 39, 32, 105, 110, 32, 115, 99, 111, 112, 101, 59, 32, 100, 105, 100, 32, 121, 111, 117, 32, 109, 101, 97, 110, 32, 116, 111, 32, 117, 115, 101, 32, 105, 116, 32, 105, 110, 32, 97, 32, 116, 121, 112, 101, 32, 111, 114, 32, 101, 120, 116, 101, 110, 115, 105, 111, 110, 32, 99, 111, 110, 116, 101, 120, 116, 63, 92, 110, 32, 32, 32, 32, 32, 32, 32, 32, 32, 32, 32, 32, 32, 32, 32, 32, 115, 101, 108, 102, 46, 115, 121, 115, 116, 101, 109, 67, 111, 110, 102, 105, 103, 32, 61, 32, 83, 121, 115, 116, 101, 109, 67, 111, 110, 102, 105, 103, 40, 92, 110, 32, 32, 32, 32, 32, 32, 32, 32, 32, 32, 32, 32, 32, 32, 32, 32, 94, 126, 126, 126, 92, 110, 92, 47, 85, 115, 101, 114, 115, 92, 47, 114, 117, 110, 110, 101, 114, 92, 47, 119, 111, 114, 107, 92, 47, 105, 111, 115, 65, 112, 112, 92, 47, 105, 111, 115, 65, 112, 112, 92, 47, 105, 111, 115, 65, 112, 112, 92, 47, 86, 105, 101, 119, 77, 111, 100, 101, 108, 115, 92, 47, 65, 100, 109, 105, 110, 86, 105, 101, 119, 77, 111, 100, 101, 108, 46, 115, 119, 105, 102, 116, 58, 53, 57, 48, 58, 49, 55, 58, 32, 101, 114, 114, 111, 114, 58, 32, 99, 97, 110, 110, 111, 116, 32, 102, 105, 110, 100, 32, 39, 115, 101, 108, 102, 39, 32, 105, 110, 32, 115, 99, 111, 112, 101, 59, 32, 100, 105, 100, 32, 121, 111, 117, 32, 109, 101, 97, 110, 32, 116, 111, 32, 117, 115, 101, 32, 105, 116, 32, 105, 110, 32, 97, 32, 116, 121, 112, 101, 32, 111, 114, 32, 101, 120, 116, 101, 110, 115, 105, 111, 110, 32, 99, 111, 110, 116, 101, 120, 116, 63, 92, 110, 32, 32, 32, 32, 32, 32, 32, 32, 32, 32, 32, 32, 32, 32, 32, 32, 115, 101, 108, 102, 46, 115, 121, 115, 116, 101, 109, 67, 111, 110, 102, 105, 103, 32, 61, 32, 83, 121, 115, 116, 101, 109, 67, 111, 110, 102, 105, 103, 40, 99, 111, 109, 112, 97, 110, 121, 78, 97, 109, 101, 58, 32, 92, 34, 67, 195, 180, 110, 103, 32, 116, 121, 32, 109, 225, 186, 183, 99, 32, 196, 145, 225, 187, 139, 110, 104, 92, 34, 44, 32, 103, 112, 115, 82, 97, 100, 105, 117, 115, 77, 101, 116, 101, 114, 115, 58, 32, 49, 53, 48, 44, 32, 115, 108, 97, 85, 114, 103, 101, 110, 116, 72, 111, 117, 114, 115, 58, 32, 50, 44, 32, 115, 108, 97, 72, 105, 103, 104, 72, 111, 117, 114, 115, 58, 32, 52, 44, 32, 115, 108, 97, 78, 111, 114, 109, 97, 108, 72, 111, 117, 114, 115, 58, 32, 56, 44, 32, 97, 108, 108, 111, 119, 82, 101, 109, 111, 116, 101, 67, 104, 101, 99, 107, 105, 110, 58, 32, 102, 97, 108, 115, 101, 41, 92, 110, 92, 47, 85, 115, 101, 114, 115, 92, 47, 114, 117, 110, 110, 101, 114, 92, 47, 119, 111, 114, 107, 92, 47, 105, 111, 115, 65, 112, 112, 92, 47, 105, 111, 115, 65, 112, 112, 92, 47, 105, 111, 115, 65, 112, 112, 92, 47, 86, 105, 101, 119, 77, 111, 100, 101, 108, 115, 92, 47, 65, 100, 109, 105, 110, 86, 105, 101, 119, 77, 111, 100, 101, 108, 46, 115, 119, 105, 102, 116, 58, 53, 57, 53, 58, 57, 58, 32, 101, 114, 114, 111, 114, 58, 32, 99, 97, 110, 110, 111, 116, 32, 102, 105, 110, 100, 32, 39, 115, 101, 108, 102, 39, 32, 105, 110, 32, 115, 99, 111, 112, 101, 59, 32, 100, 105, 100, 32, 121, 111, 117, 32, 109, 101, 97, 110, 32, 116, 111, 32, 117, 115, 101, 32, 105, 116, 32, 105, 110, 32, 97, 32, 116, 121, 112, 101, 32, 111, 114, 32, 101, 120, 116, 101, 110, 115, 105, 111, 110, 32, 99, 111, 110, 116, 101, 120, 116, 63, 92, 110, 32, 32, 32, 32, 32, 32, 32, 32, 115, 101, 108, 102, 46, 105, 115, 76, 111, 97, 100, 105, 110, 103, 67, 111, 110, 102, 105, 103, 32, 61, 32, 102, 97, 108, 115, 101, 92, 110, 32, 32, 32, 32, 32, 32, 32, 32, 94, 126, 126, 126, 92, 110, 92, 47, 85, 115, 101, 114, 115, 92, 47, 114, 117, 110, 110, 101, 114, 92, 47, 119, 111, 114, 107, 92, 47, 105, 111, 115, 65, 112, 112, 92, 47, 105, 111, 115, 65, 112, 112, 92, 47, 105, 111, 115, 65, 112, 112, 92, 47, 86, 105, 101, 119, 77, 111, 100, 101, 108, 115, 92, 47, 65, 100, 109, 105, 110, 86, 105, 101, 119, 77, 111, 100, 101, 108, 46, 115, 119, 105, 102, 116, 58, 53, 57, 57, 58, 57, 58, 32, 101, 114, 114, 111, 114, 58, 32, 99, 97, 110, 110, 111, 116, 32, 102, 105, 110, 100, 32, 39, 105, 115, 76, 111, 97, 100, 105, 110, 103, 67, 111, 110, 102, 105, 103, 39, 32, 105, 110, 32, 115, 99, 111, 112, 101, 92, 110, 32, 32, 32, 32, 32, 32, 32, 32, 105, 115, 76, 111, 97, 100, 105, 110, 103, 67, 111, 110, 102, 105, 103, 32, 61, 32, 116, 114, 117, 101, 92, 110, 32, 32, 32, 32, 32, 32, 32, 32, 94, 126, 126, 126, 126, 126, 126, 126, 126, 126, 126, 126, 126, 126, 126, 92, 110, 92, 47, 85, 115, 101, 114, 115, 92, 47, 114, 117, 110, 110, 101, 114, 92, 47, 119, 111, 114, 107, 92, 47, 105, 111, 115, 65, 112, 112, 92, 47, 105, 111, 115, 65, 112, 112, 92, 47, 105, 111, 115, 65, 112, 112, 92, 47, 86, 105, 101, 119, 77, 111, 100, 101, 108, 115, 92, 47, 65, 100, 109, 105, 110, 86, 105, 101, 119, 77, 111, 100, 101, 108, 46, 115, 119, 105, 102, 116, 58, 54, 48, 48, 58, 50, 48, 58, 32, 101, 114, 114, 111, 114, 58, 32, 99, 97, 110, 110, 111, 116, 32, 102, 105, 110, 100, 32, 39, 115, 101, 108, 102, 39, 32, 105, 110, 32, 115, 99, 111, 112, 101, 59, 32, 100, 105, 100, 32, 121, 111, 117, 32, 109, 101, 97, 110, 32, 116, 111, 32, 117, 115, 101, 32, 105, 116, 32, 105, 110, 32, 97, 32, 116, 121, 112, 101, 32, 111, 114, 32, 101, 120, 116, 101, 110, 115, 105, 111, 110, 32, 99, 111, 110, 116, 101, 120, 116, 63, 92, 110, 32, 32, 32, 32, 32, 32, 32, 32, 108, 101, 116, 32, 99, 111, 109, 112, 32, 61, 32, 115, 101, 108, 102, 46, 99, 111, 109, 112, 97, 110, 121, 73, 100, 46, 105, 115, 69, 109, 112, 116, 121, 32, 63, 32, 92, 34, 83, 71, 67, 79, 79, 80, 92, 34, 32, 58, 32, 115, 101, 108, 102, 46, 99, 111, 109, 112, 97, 110, 121, 73, 100, 92, 110, 32, 32, 32, 32, 32, 32, 32, 32, 32, 32, 32, 32, 32, 32, 32, 32, 32, 32, 32, 94, 126, 126, 126, 92, 110, 92, 47, 85, 115, 101, 114, 115, 92, 47, 114, 117, 110, 110, 101, 114, 92, 47, 119, 111, 114, 107, 92, 47, 105, 111, 115, 65, 112, 112, 92, 47, 105, 111, 115, 65, 112, 112, 92, 47, 105, 111, 115, 65, 112, 112, 92, 47, 86, 105, 101, 119, 77, 111, 100, 101, 108, 115, 92, 47, 65, 100, 109, 105, 110, 86, 105, 101, 119, 77, 111, 100, 101, 108, 46, 115, 119, 105, 102, 116, 58, 54, 48, 48, 58, 53, 54, 58, 32, 101, 114, 114, 111, 114, 58, 32, 99, 97, 110, 110, 111, 116, 32, 102, 105, 110, 100, 32, 39, 115, 101, 108, 102, 39, 32, 105, 110, 32, 115, 99, 111, 112, 101, 59, 32, 100, 105, 100, 32, 121, 111, 117, 32, 109, 101, 97, 110, 32, 116, 111, 32, 117, 115, 101, 32, 105, 116, 32, 105, 110, 32, 97, 32, 116, 121, 112, 101, 32, 111, 114, 32, 101, 120, 116, 101, 110, 115, 105, 111, 110, 32, 99, 111, 110, 116, 101, 120, 116, 63, 92, 110, 32, 32, 32, 32, 32, 32, 32, 32, 108, 101, 116, 32, 99, 111, 109, 112, 32, 61, 32, 115, 101, 108, 102, 46, 99, 111, 109, 112, 97, 110, 121, 73, 100, 46, 105, 115, 69, 109, 112, 116, 121, 32, 63, 32, 92, 34, 83, 71, 67, 79, 79, 80, 92, 34, 32, 58, 32, 115, 101, 108, 102, 46, 99, 111, 109, 112, 97, 110, 121, 73, 100, 92, 110, 32, 32, 32, 32, 32, 32, 32, 32, 32, 32, 32, 32, 32, 32, 32, 32, 32, 32, 32, 32, 32, 32, 32, 32, 32, 32, 32, 32, 32, 32, 32, 32, 32, 32, 32, 32, 32, 32, 32, 32, 32, 32, 32, 32, 32, 32, 32, 32, 32, 32, 32, 32, 32, 32, 32, 94, 126, 126, 126, 92, 110, 92, 47, 85, 115, 101, 114, 115, 92, 47, 114, 117, 110, 110, 101, 114, 92, 47, 119, 111, 114, 107, 92, 47, 105, 111, 115, 65, 112, 112, 92, 47, 105, 111, 115, 65, 112, 112, 92, 47, 105, 111, 115, 65, 112, 112, 92, 47, 86, 105, 101, 119, 77, 111, 100, 101, 108, 115, 92, 47, 65, 100, 109, 105, 110, 86, 105, 101, 119, 77, 111, 100, 101, 108, 46, 115, 119, 105, 102, 116, 58, 54, 48, 55, 58, 49, 51, 58, 32, 101, 114, 114, 111, 114, 58, 32, 99, 97, 110, 110, 111, 116, 32, 102, 105, 110, 100, 32, 39, 105, 100, 84, 111, 107, 101, 110, 39, 32, 105, 110, 32, 115, 99, 111, 112, 101, 92, 110, 32, 32, 32, 32, 32, 32, 32, 32, 105, 102, 32, 33, 105, 100, 84, 111, 107, 101, 110, 46, 105, 115, 69, 109, 112, 116, 121, 32, 123, 32, 114, 101, 113, 117, 101, 115, 116, 46, 115, 101, 116, 86, 97, 108, 117, 101, 40, 92, 34, 66, 101, 97, 114, 101, 114, 32, 92, 92, 40, 105, 100, 84, 111, 107, 101, 110, 41, 92, 34, 44, 32, 102, 111, 114, 72, 84, 84, 80, 72, 101, 97, 100, 101, 114, 70, 105, 101, 108, 100, 58, 32, 92, 34, 65, 117, 116, 104, 111, 114, 105, 122, 97, 116, 105, 111, 110, 92, 34, 41, 32, 125, 92, 110, 32, 32, 32, 32, 32, 32, 32, 32, 32, 32, 32, 32, 94, 126, 126, 126, 126, 126, 126, 92, 110, 92, 47, 85, 115, 101, 114, 115, 92, 47, 114, 117, 110, 110, 101, 114, 92, 47, 119, 111, 114, 107, 92, 47, 105, 111, 115, 65, 112, 112, 92, 47, 105, 111, 115, 65, 112, 112, 92, 47, 105, 111, 115, 65, 112, 112, 92, 47, 86, 105, 101, 119, 77, 111, 100, 101, 108, 115, 92, 47, 65, 100, 109, 105, 110, 86, 105, 101, 119, 77, 111, 100, 101, 108, 46, 115, 119, 105, 102, 116, 58, 54, 48, 55, 58, 53, 56, 58, 32, 101, 114, 114, 111, 114, 58, 32, 99, 97, 110, 110, 111, 116, 32, 102, 105, 110, 100, 32, 39, 105, 100, 84, 111, 107, 101, 110, 39, 32, 105, 110, 32, 115, 99, 111, 112, 101, 92, 110, 32, 32, 32, 32, 32, 32, 32, 32, 105, 102, 32, 33, 105, 100, 84, 111, 107, 101, 110, 46, 105, 115, 69, 109, 112, 116, 121, 32, 123, 32, 114, 101, 113, 117, 101, 115, 116, 46, 115, 101, 116, 86, 97, 108, 117, 101, 40, 92, 34, 66, 101, 97, 114, 101, 114, 32, 92, 92, 40, 105, 100, 84, 111, 107, 101, 110, 41, 92, 34, 44, 32, 102, 111, 114, 72, 84, 84, 80, 72, 101, 97, 100, 101, 114, 70, 105, 101, 108, 100, 58, 32, 92, 34, 65, 117, 116, 104, 111, 114, 105, 122, 97, 116, 105, 111, 110, 92, 34, 41, 32, 125, 92, 110, 32, 32, 32, 32, 32, 32, 32, 32, 32, 32, 32, 32, 32, 32, 32, 32, 32, 32, 32, 32, 32, 32, 32, 32, 32, 32, 32, 32, 32, 32, 32, 32, 32, 32, 32, 32, 32, 32, 32, 32, 32, 32, 32, 32, 32, 32, 32, 32, 32, 32, 32, 32, 32, 32, 32, 32, 32, 94, 126, 126, 126, 126, 126, 126, 92, 110, 92, 47, 85, 115, 101, 114, 115, 92, 47, 114, 117, 110, 110, 101, 114, 92, 47, 119, 111, 114, 107, 92, 47, 105, 111, 115, 65, 112, 112, 92, 47, 105, 111, 115, 65, 112, 112, 92, 47, 105, 111, 115, 65, 112, 112, 92, 47, 86, 105, 101, 119, 77, 111, 100, 101, 108, 115, 92, 47, 65, 100, 109, 105, 110, 86, 105, 101, 119, 77, 111, 100, 101, 108, 46, 115, 119, 105, 102, 116, 58, 54, 50, 50, 58, 49, 54, 58, 32, 101, 114, 114, 111, 114, 58, 32, 99, 97, 110, 110, 111, 116, 32, 102, 105, 110, 100, 32, 39, 115, 101, 108, 102, 39, 32, 105, 110, 32, 115, 99, 111, 112, 101, 59, 32, 100, 105, 100, 32, 121, 111, 117, 32, 109, 101, 97, 110, 32, 116, 111, 32, 117, 115, 101, 32, 105, 116, 32, 105, 110, 32, 97, 32, 116, 121, 112, 101, 32, 111, 114, 32, 101, 120, 116, 101, 110, 115, 105, 111, 110, 32, 99, 111, 110, 116, 101, 120, 116, 63, 92, 110, 32, 32, 32, 32, 32, 32, 32, 32, 32, 32, 32, 32, 105, 102, 32, 115, 101, 108, 102, 46, 115, 121, 115, 116, 101, 109, 67, 111, 110, 102, 105, 103, 32, 33, 61, 32, 110, 105, 108, 32, 123, 92, 110, 32, 32, 32, 32, 32, 32, 32, 32, 32, 32, 32, 32, 32, 32, 32, 94, 126, 126, 126, 92, 110, 92, 47, 85, 115, 101, 114, 115, 92, 47, 114, 117, 110, 110, 101, 114, 92, 47, 119, 111, 114, 107, 92, 47, 105, 111, 115, 65, 112, 112, 92, 47, 105, 111, 115, 65, 112, 112, 92, 47, 105, 111, 115, 65, 112, 112, 92, 47, 86, 105, 101, 119, 77, 111, 100, 101, 108, 115, 92, 47, 65, 100, 109, 105, 110, 86, 105, 101, 119, 77, 111, 100, 101, 108, 46, 115, 119, 105, 102, 116, 58, 54, 50, 51, 58, 49, 55, 58, 32, 101, 114, 114, 111, 114, 58, 32, 99, 97, 110, 110, 111, 116, 32, 102, 105, 110, 100, 32, 39, 115, 101, 108, 102, 39, 32, 105, 110, 32, 115, 99, 111, 112, 101, 59, 32, 100, 105, 100, 32, 121, 111, 117, 32, 109, 101, 97, 110, 32, 116, 111, 32, 117, 115, 101, 32, 105, 116, 32, 105, 110, 32, 97, 32, 116, 121, 112, 101, 32, 111, 114, 32, 101, 120, 116, 101, 110, 115, 105, 111, 110, 32, 99, 111, 110, 116, 101, 120, 116, 63, 92, 110, 32, 32, 32, 32, 32, 32, 32, 32, 32, 32, 32, 32, 32, 32, 32, 32, 115, 101, 108, 102, 46, 115, 121, 115, 116, 101, 109, 67, 111, 110, 102, 105, 103, 63, 46, 99, 111, 109, 112, 97, 110, 121, 78, 97, 109, 101, 32, 61, 32, 99, 111, 109, 112, 97, 110, 121, 78, 97, 109, 101, 92, 110, 32, 32, 32, 32, 32, 32, 32, 32, 32, 32, 32, 32, 32, 32, 32, 32, 94, 126, 126, 126, 92, 110, 92, 47, 85, 115, 101, 114, 115, 92, 47, 114, 117, 110, 110, 101, 114, 92, 47, 119, 111, 114, 107, 92, 47, 105, 111, 115, 65, 112, 112, 92, 47, 105, 111, 115, 65, 112, 112, 92, 47, 105, 111, 115, 65, 112, 112, 92, 47, 86, 105, 101, 119, 77, 111, 100, 101, 108, 115, 92, 47, 65, 100, 109, 105, 110, 86, 105, 101, 119, 77, 111, 100, 101, 108, 46, 115, 119, 105, 102, 116, 58, 54, 50, 52, 58, 49, 55, 58, 32, 101, 114, 114, 111, 114, 58, 32, 99, 97, 110, 110, 111, 116, 32, 102, 105, 110, 100, 32, 39, 115, 101, 108, 102, 39, 32, 105, 110, 32, 115, 99, 111, 112, 101, 59, 32, 100, 105, 100, 32, 121, 111, 117, 32, 109, 101, 97, 110, 32, 116, 111, 32, 117, 115, 101, 32, 105, 116, 32, 105, 110, 32, 97, 32, 116, 121, 112, 101, 32, 111, 114, 32, 101, 120, 116, 101, 110, 115, 105, 111, 110, 32, 99, 111, 110, 116, 101, 120, 116, 63, 92, 110, 32, 32, 32, 32, 32, 32, 32, 32, 32, 32, 32, 32, 32, 32, 32, 32, 115, 101, 108, 102, 46, 115, 121, 115, 116, 101, 109, 67, 111, 110, 102, 105, 103, 63, 46, 103, 112, 115, 82, 97, 100, 105, 117, 115, 77, 101, 116, 101, 114, 115, 32, 61, 32, 103, 112, 115, 82, 97, 100, 105, 117, 115, 92, 110, 32, 32, 32, 32, 32, 32, 32, 32, 32, 32, 32, 32, 32, 32, 32, 32, 94, 126, 126, 126, 92, 110, 92, 47, 85, 115, 101, 114, 115, 92, 47, 114, 117, 110, 110, 101, 114, 92, 47, 119, 111, 114, 107, 92, 47, 105, 111, 115, 65, 112, 112, 92, 47, 105, 111, 115, 65, 112, 112, 92, 47, 105, 111, 115, 65, 112, 112, 92, 47, 86, 105, 101, 119, 77, 111, 100, 101, 108, 115, 92, 47, 65, 100, 109, 105, 110, 86, 105, 101, 119, 77, 111, 100, 101, 108, 46, 115, 119, 105, 102, 116, 58, 54, 50, 53, 58, 49, 55, 58, 32, 101, 114, 114, 111, 114, 58, 32, 99, 97, 110, 110, 111, 116, 32, 102, 105, 110, 100, 32, 39, 115, 101, 108, 102, 39, 32, 105, 110, 32, 115, 99, 111, 112, 101, 59, 32, 100, 105, 100, 32, 121, 111, 117, 32, 109, 101, 97, 110, 32, 116, 111, 32, 117, 115, 101, 32, 105, 116, 32, 105, 110, 32, 97, 32, 116, 121, 112, 101, 32, 111, 114, 32, 101, 120, 116, 101, 110, 115, 105, 111, 110, 32, 99, 111, 110, 116, 101, 120, 116, 63, 92, 110, 32, 32, 32, 32, 32, 32, 32, 32, 32, 32, 32, 32, 32, 32, 32, 32, 115, 101, 108, 102, 46, 115, 121, 115, 116, 101, 109, 67, 111, 110, 102, 105, 103, 63, 46, 115, 108, 97, 85, 114, 103, 101, 110, 116, 72, 111, 117, 114, 115, 32, 61, 32, 115, 108, 97, 85, 114, 103, 101, 110, 116, 72, 111, 117, 114, 115, 92, 110, 32, 32, 32, 32, 32, 32, 32, 32, 32, 32, 32, 32, 32, 32, 32, 32, 94, 126, 126, 126, 92, 110, 92, 47, 85, 115, 101, 114, 115, 92, 47, 114, 117, 110, 110, 101, 114, 92, 47, 119, 111, 114, 107, 92, 47, 105, 111, 115, 65, 112, 112, 92, 47, 105, 111, 115, 65, 112, 112, 92, 47, 105, 111, 115, 65, 112, 112, 92, 47, 86, 105, 101, 119, 77, 111, 100, 101, 108, 115, 92, 47, 65, 100, 109, 105, 110, 86, 105, 101, 119, 77, 111, 100, 101, 108, 46, 115, 119, 105, 102, 116, 58, 54, 50, 54, 58, 49, 55, 58, 32, 101, 114, 114, 111, 114, 58, 32, 99, 97, 110, 110, 111, 116, 32, 102, 105, 110, 100, 32, 39, 115, 101, 108, 102, 39, 32, 105, 110, 32, 115, 99, 111, 112, 101, 59, 32, 100, 105, 100, 32, 121, 111, 117, 32, 109, 101, 97, 110, 32, 116, 111, 32, 117, 115, 101, 32, 105, 116, 32, 105, 110, 32, 97, 32, 116, 121, 112, 101, 32, 111, 114, 32, 101, 120, 116, 101, 110, 115, 105, 111, 110, 32, 99, 111, 110, 116, 101, 120, 116, 63, 92, 110, 32, 32, 32, 32, 32, 32, 32, 32, 32, 32, 32, 32, 32, 32, 32, 32, 115, 101, 108, 102, 46, 115, 121, 115, 116, 101, 109, 67, 111, 110, 102, 105, 103, 63, 46, 115, 108, 97, 78, 111, 114, 109, 97, 108, 72, 111, 117, 114, 115, 32, 61, 32, 115, 108, 97, 78, 111, 114, 109, 97, 108, 72, 111, 117, 114, 115, 92, 110, 32, 32, 32, 32, 32, 32, 32, 32, 32, 32, 32, 32, 32, 32, 32, 32, 94, 126, 126, 126, 92, 110, 92, 47, 85, 115, 101, 114, 115, 92, 47, 114, 117, 110, 110, 101, 114, 92, 47, 119, 111, 114, 107, 92, 47, 105, 111, 115, 65, 112, 112, 92, 47, 105, 111, 115, 65, 112, 112, 92, 47, 105, 111, 115, 65, 112, 112, 92, 47, 86, 105, 101, 119, 77, 111, 100, 101, 108, 115, 92, 47, 65, 100, 109, 105, 110, 86, 105, 101, 119, 77, 111, 100, 101, 108, 46, 115, 119, 105, 102, 116, 58, 54, 50, 56, 58, 49, 51, 58, 32, 101, 114, 114, 111, 114, 58, 32, 99, 97, 110, 110, 111, 116, 32, 102, 105, 110, 100, 32, 39, 115, 101, 108, 102, 39, 32, 105, 110, 32, 115, 99, 111, 112, 101, 59, 32, 100, 105, 100, 32, 121, 111, 117, 32, 109, 101, 97, 110, 32, 116, 111, 32, 117, 115, 101, 32, 105, 116, 32, 105, 110, 32, 97, 32, 116, 121, 112, 101, 32, 111, 114, 32, 101, 120, 116, 101, 110, 115, 105, 111, 110, 32, 99, 111, 110, 116, 101, 120, 116, 63, 92, 110, 32, 32, 32, 32, 32, 32, 32, 32, 32, 32, 32, 32, 115, 101, 108, 102, 46, 115, 117, 99, 99, 101, 115, 115, 77, 101, 115, 115, 97, 103, 101, 32, 61, 32, 92, 34, 76, 198, 176, 117, 32, 99, 225, 186, 165, 117, 32, 104, 195, 172, 110, 104, 32, 116, 104, 195, 160, 110, 104, 32, 99, 195, 180, 110, 103, 92, 34, 92, 110, 92, 47, 85, 115, 101, 114, 115, 92, 47, 114, 117, 110, 110, 101, 114, 92, 47, 119, 111, 114, 107, 92, 47, 105, 111, 115, 65, 112, 112, 92, 47, 105, 111, 115, 65, 112, 112, 92, 47, 105, 111, 115, 65, 112, 112, 92, 47, 86, 105, 101, 119, 77, 111, 100, 101, 108, 115, 92, 47, 65, 100, 109, 105, 110, 86, 105, 101, 119, 77, 111, 100, 101, 108, 46, 115, 119, 105, 102, 116, 58, 54, 51, 50, 58, 57, 58, 32, 101, 114, 114, 111, 114, 58, 32, 99, 97, 110, 110, 111, 116, 32, 102, 105, 110, 100, 32, 39, 115, 101, 108, 102, 39, 32, 105, 110, 32, 115, 99, 111, 112, 101, 59, 32, 100, 105, 100, 32, 121, 111, 117, 32, 109, 101, 97, 110, 32, 116, 111, 32, 117, 115, 101, 32, 105, 116, 32, 105, 110, 32, 97, 32, 116, 121, 112, 101, 32, 111, 114, 32, 101, 120, 116, 101, 110, 115, 105, 111, 110, 32, 99, 111, 110, 116, 101, 120, 116, 63, 92, 110, 32, 32, 32, 32, 32, 32, 32, 32, 115, 101, 108, 102, 46, 105, 115, 76, 111, 97, 100, 105, 110, 103, 67, 111, 110, 102, 105, 103, 32, 61, 32, 102, 97, 108, 115, 101, 92, 110, 32, 32, 32, 32, 32, 32, 32, 32, 94, 126, 126, 126, 92, 110, 92, 47, 85, 115, 101, 114, 115, 92, 47, 114, 117, 110, 110, 101, 114, 92, 47, 119, 111, 114, 107, 92, 47, 105, 111, 115, 65, 112, 112, 92, 47, 105, 111, 115, 65, 112, 112, 92, 47, 105, 111, 115, 65, 112, 112, 92, 47, 86, 105, 101, 119, 77, 111, 100, 101, 108, 115, 92, 47, 65, 100, 109, 105, 110, 86, 105, 101, 119, 77, 111, 100, 101, 108, 46, 115, 119, 105, 102, 116, 58, 54, 51, 55, 58, 57, 58, 32, 101, 114, 114, 111, 114, 58, 32, 99, 97, 110, 110, 111, 116, 32, 102, 105, 110, 100, 32, 39, 105, 115, 76, 111, 97, 100, 105, 110, 103, 78, 111, 116, 105, 102, 105, 99, 97, 116, 105, 111, 110, 115, 39, 32, 105, 110, 32, 115, 99, 111, 112, 101, 92, 110, 32, 32, 32, 32, 32, 32, 32, 32, 105, 115, 76, 111, 97, 100, 105, 110, 103, 78, 111, 116, 105, 102, 105, 99, 97, 116, 105, 111, 110, 115, 32, 61, 32, 116, 114, 117, 101, 92, 110, 32, 32, 32, 32, 32, 32, 32, 32, 94, 126, 126, 126, 126, 126, 126, 126, 126, 126, 126, 126, 126, 126, 126, 126, 126, 126, 126, 126, 126, 126, 92, 110, 92, 47, 85, 115, 101, 114, 115, 92, 47, 114, 117, 110, 110, 101, 114, 92, 47, 119, 111, 114, 107, 92, 47, 105, 111, 115, 65, 112, 112, 92, 47, 105, 111, 115, 65, 112, 112, 92, 47, 105, 111, 115, 65, 112, 112, 92, 47, 86, 105, 101, 119, 77, 111, 100, 101, 108, 115, 92, 47, 65, 100, 109, 105, 110, 86, 105, 101, 119, 77, 111, 100, 101, 108, 46, 115, 119, 105, 102, 116, 58, 54, 51, 56, 58, 50, 48, 58, 32, 101, 114, 114, 111, 114, 58, 32, 99, 97, 110, 110, 111, 116, 32, 102, 105, 110, 100, 32, 39, 115, 101, 108, 102, 39, 32, 105, 110, 32, 115, 99, 111, 112, 101, 59, 32, 100, 105, 100, 32, 121, 111, 117, 32, 109, 101, 97, 110, 32, 116, 111, 32, 117, 115, 101, 32, 105, 116, 32, 105, 110, 32, 97, 32, 116, 121, 112, 101, 32, 111, 114, 32, 101, 120, 116, 101, 110, 115, 105, 111, 110, 32, 99, 111, 110, 116, 101, 120, 116, 63, 92, 110, 32, 32, 32, 32, 32, 32, 32, 32, 108, 101, 116, 32, 99, 111, 109, 112, 32, 61, 32, 115, 101, 108, 102, 46, 99, 111, 109, 112, 97, 110, 121, 73, 100, 46, 105, 115, 69, 109, 112, 116, 121, 32, 63, 32, 92, 34, 83, 71, 67, 79, 79, 80, 92, 34, 32, 58, 32, 115, 101, 108, 102, 46, 99, 111, 109, 112, 97, 110, 121, 73, 100, 92, 110, 32, 32, 32, 32, 32, 32, 32, 32, 32, 32, 32, 32, 32, 32, 32, 32, 32, 32, 32, 94, 126, 126, 126, 92, 110, 92, 47, 85, 115, 101, 114, 115, 92, 47, 114, 117, 110, 110, 101, 114, 92, 47, 119, 111, 114, 107, 92, 47, 105, 111, 115, 65, 112, 112, 92, 47, 105, 111, 115, 65, 112, 112, 92, 47, 105, 111, 115, 65, 112, 112, 92, 47, 86, 105, 101, 119, 77, 111, 100, 101, 108, 115, 92, 47, 65, 100, 109, 105, 110, 86, 105, 101, 119, 77, 111, 100, 101, 108, 46, 115, 119, 105, 102, 116, 58, 54, 51, 56, 58, 53, 54, 58, 32, 101, 114, 114, 111, 114, 58, 32, 99, 97, 110, 110, 111, 116, 32, 102, 105, 110, 100, 32, 39, 115, 101, 108, 102, 39, 32, 105, 110, 32, 115, 99, 111, 112, 101, 59, 32, 100, 105, 100, 32, 121, 111, 117, 32, 109, 101, 97, 110, 32, 116, 111, 32, 117, 115, 101, 32, 105, 116, 32, 105, 110, 32, 97, 32, 116, 121, 112, 101, 32, 111, 114, 32, 101, 120, 116, 101, 110, 115, 105, 111, 110, 32, 99, 111, 110, 116, 101, 120, 116, 63, 92, 110, 32, 32, 32, 32, 32, 32, 32, 32, 108, 101, 116, 32, 99, 111, 109, 112, 32, 61, 32, 115, 101, 108, 102, 46, 99, 111, 109, 112, 97, 110, 121, 73, 100, 46, 105, 115, 69, 109, 112, 116, 121, 32, 63, 32, 92, 34, 83, 71, 67, 79, 79, 80, 92, 34, 32, 58, 32, 115, 101, 108, 102, 46, 99, 111, 109, 112, 97, 110, 121, 73, 100, 92, 110, 32, 32, 32, 32, 32, 32, 32, 32, 32, 32, 32, 32, 32, 32, 32, 32, 32, 32, 32, 32, 32, 32, 32, 32, 32, 32, 32, 32, 32, 32, 32, 32, 32, 32, 32, 32, 32, 32, 32, 32, 32, 32, 32, 32, 32, 32, 32, 32, 32, 32, 32, 32, 32, 32, 32, 94, 126, 126, 126, 92, 110, 92, 47, 85, 115, 101, 114, 115, 92, 47, 114, 117, 110, 110, 101, 114, 92, 47, 119, 111, 114, 107, 92, 47, 105, 111, 115, 65, 112, 112, 92, 47, 105, 111, 115, 65, 112, 112, 92, 47, 105, 111, 115, 65, 112, 112, 92, 47, 86, 105, 101, 119, 77, 111, 100, 101, 108, 115, 92, 47, 65, 100, 109, 105, 110, 86, 105, 101, 119, 77, 111, 100, 101, 108, 46, 115, 119, 105, 102, 116, 58, 54, 52, 49, 58, 49, 51, 58, 32, 101, 114, 114, 111, 114, 58, 32, 99, 97, 110, 110, 111, 116, 32, 102, 105, 110, 100, 32, 39, 115, 101, 108, 102, 39, 32, 105, 110, 32, 115, 99, 111, 112, 101, 59, 32, 100, 105, 100, 32, 121, 111, 117, 32, 109, 101, 97, 110, 32, 116, 111, 32, 117, 115, 101, 32, 105, 116, 32, 105, 110, 32, 97, 32, 116, 121, 112, 101, 32, 111, 114, 32, 101, 120, 116, 101, 110, 115, 105, 111, 110, 32, 99, 111, 110, 116, 101, 120, 116, 63, 92, 110, 32, 32, 32, 32, 32, 32, 32, 32, 32, 32, 32, 32, 115, 101, 108, 102, 46, 105, 115, 76, 111, 97, 100, 105, 110, 103, 78, 111, 116, 105, 102, 105, 99, 97, 116, 105, 111, 110, 115, 32, 61, 32, 102, 97, 108, 115, 101, 92, 110, 32, 32, 32, 32, 32, 32, 32, 32, 32, 32, 32, 32, 94, 126, 126, 126, 92, 110, 92, 47, 85, 115, 101, 114, 115, 92, 47, 114, 117, 110, 110, 101, 114, 92, 47, 119, 111, 114, 107, 92, 47, 105, 111, 115, 65, 112, 112, 92, 47, 105, 111, 115, 65, 112, 112, 92, 47, 105, 111, 115, 65, 112, 112, 92, 47, 86, 105, 101, 119, 77, 111, 100, 101, 108, 115, 92, 47, 65, 100, 109, 105, 110, 86, 105, 101, 119, 77, 111, 100, 101, 108, 46, 115, 119, 105, 102, 116, 58, 54, 52, 55, 58, 49, 51, 58, 32, 101, 114, 114, 111, 114, 58, 32, 99, 97, 110, 110, 111, 116, 32, 102, 105, 110, 100, 32, 39, 105, 100, 84, 111, 107, 101, 110, 39, 32, 105, 110, 32, 115, 99, 111, 112, 101, 92, 110, 32, 32, 32, 32, 32, 32, 32, 32, 105, 102, 32, 33, 105, 100, 84, 111, 107, 101, 110, 46, 105, 115, 69, 109, 112, 116, 121, 32, 123, 32, 114, 101, 113, 117, 101, 115, 116, 46, 115, 101, 116, 86, 97, 108, 117, 101, 40, 92, 34, 66, 101, 97, 114, 101, 114, 32, 92, 92, 40, 105, 100, 84, 111, 107, 101, 110, 41, 92, 34, 44, 32, 102, 111, 114, 72, 84, 84, 80, 72, 101, 97, 100, 101, 114, 70, 105, 101, 108, 100, 58, 32, 92, 34, 65, 117, 116, 104, 111, 114, 105, 122, 97, 116, 105, 111, 110, 92, 34, 41, 32, 125, 92, 110, 32, 32, 32, 32, 32, 32, 32, 32, 32, 32, 32, 32, 94, 126, 126, 126, 126, 126, 126, 92, 110, 92, 47, 85, 115, 101, 114, 115, 92, 47, 114, 117, 110, 110, 101, 114, 92, 47, 119, 111, 114, 107, 92, 47, 105, 111, 115, 65, 112, 112, 92, 47, 105, 111, 115, 65, 112, 112, 92, 47, 105, 111, 115, 65, 112, 112, 92, 47, 86, 105, 101, 119, 77, 111, 100, 101, 108, 115, 92, 47, 65, 100, 109, 105, 110, 86, 105, 101, 119, 77, 111, 100, 101, 108, 46, 115, 119, 105, 102, 116, 58, 54, 52, 55, 58, 53, 56, 58, 32, 101, 114, 114, 111, 114, 58, 32, 99, 97, 110, 110, 111, 116, 32, 102, 105, 110, 100, 32, 39, 105, 100, 84, 111, 107, 101, 110, 39, 32, 105, 110, 32, 115, 99, 111, 112, 101, 92, 110, 32, 32, 32, 32, 32, 32, 32, 32, 105, 102, 32, 33, 105, 100, 84, 111, 107, 101, 110, 46, 105, 115, 69, 109, 112, 116, 121, 32, 123, 32, 114, 101, 113, 117, 101, 115, 116, 46, 115, 101, 116, 86, 97, 108, 117, 101, 40, 92, 34, 66, 101, 97, 114, 101, 114, 32, 92, 92, 40, 105, 100, 84, 111, 107, 101, 110, 41, 92, 34, 44, 32, 102, 111, 114, 72, 84, 84, 80, 72, 101, 97, 100, 101, 114, 70, 105, 101, 108, 100, 58, 32, 92, 34, 65, 117, 116, 104, 111, 114, 105, 122, 97, 116, 105, 111, 110, 92, 34, 41, 32, 125, 92, 110, 32, 32, 32, 32, 32, 32, 32, 32, 32, 32, 32, 32, 32, 32, 32, 32, 32, 32, 32, 32, 32, 32, 32, 32, 32, 32, 32, 32, 32, 32, 32, 32, 32, 32, 32, 32, 32, 32, 32, 32, 32, 32, 32, 32, 32, 32, 32, 32, 32, 32, 32, 32, 32, 32, 32, 32, 32, 94, 126, 126, 126, 126, 126, 126, 92, 110, 92, 47, 85, 115, 101, 114, 115, 92, 47, 114, 117, 110, 110, 101, 114, 92, 47, 119, 111, 114, 107, 92, 47, 105, 111, 115, 65, 112, 112, 92, 47, 105, 111, 115, 65, 112, 112, 92, 47, 105, 111, 115, 65, 112, 112, 92, 47, 86, 105, 101, 119, 77, 111, 100, 101, 108, 115, 92, 47, 65, 100, 109, 105, 110, 86, 105, 101, 119, 77, 111, 100, 101, 108, 46, 115, 119, 105, 102, 116, 58, 54, 53, 52, 58, 49, 55, 58, 32, 101, 114, 114, 111, 114, 58, 32, 99, 97, 110, 110, 111, 116, 32, 102, 105, 110, 100, 32, 39, 115, 101, 108, 102, 39, 32, 105, 110, 32, 115, 99, 111, 112, 101, 59, 32, 100, 105, 100, 32, 121, 111, 117, 32, 109, 101, 97, 110, 32, 116, 111, 32, 117, 115, 101, 32, 105, 116, 32, 105, 110, 32, 97, 32, 116, 121, 112, 101, 32, 111, 114, 32, 101, 120, 116, 101, 110, 115, 105, 111, 110, 32, 99, 111, 110, 116, 101, 120, 116, 63, 92, 110, 32, 32, 32, 32, 32, 32, 32, 32, 32, 32, 32, 32, 32, 32, 32, 32, 115, 101, 108, 102, 46, 110, 111, 116, 105, 102, 105, 99, 97, 116, 105, 111, 110, 115, 32, 61, 32, 100, 111, 99, 117, 109, 101, 110, 116, 115, 46, 99, 111, 109, 112, 97, 99, 116, 77, 97, 112, 32, 123, 32, 100, 111, 99, 32, 105, 110, 92, 110, 32, 32, 32, 32, 32, 32, 32, 32, 32, 32, 32, 32, 32, 32, 32, 32, 94, 126, 126, 126, 92, 110, 92, 47, 85, 115, 101, 114, 115, 92, 47, 114, 117, 110, 110, 101, 114, 92, 47, 119, 111, 114, 107, 92, 47, 105, 111, 115, 65, 112, 112, 92, 47, 105, 111, 115, 65, 112, 112, 92, 47, 105, 111, 115, 65, 112, 112, 92, 47, 86, 105, 101, 119, 77, 111, 100, 101, 108, 115, 92, 47, 65, 100, 109, 105, 110, 86, 105, 101, 119, 77, 111, 100, 101, 108, 46, 115, 119, 105, 102, 116, 58, 54, 53, 54, 58, 56, 54, 58, 32, 101, 114, 114, 111, 114, 58, 32, 39, 110, 105, 108, 39, 32, 114, 101, 113, 117, 105, 114, 101, 115, 32, 97, 32, 99, 111, 110, 116, 101, 120, 116, 117, 97, 108, 32, 116, 121, 112, 101, 92, 110, 32, 32, 32, 32, 32, 32, 32, 32, 32, 32, 32, 32, 32, 32, 32, 32, 32, 32, 32, 32, 32, 32, 32, 32, 32, 32, 108, 101, 116, 32, 102, 105, 101, 108, 100, 115, 32, 61, 32, 100, 111, 99, 91, 92, 34, 102, 105, 101, 108, 100, 115, 92, 34, 93, 32, 97, 115, 63, 32, 91, 83, 116, 114, 105, 110, 103, 58, 32, 65, 110, 121, 93, 32, 101, 108, 115, 101, 32, 123, 32, 114, 101, 116, 117, 114, 110, 32, 110, 105, 108, 32, 125, 92, 110, 32, 32, 32, 32, 32, 32, 32, 32, 32, 32, 32, 32, 32, 32, 32, 32, 32, 32, 32, 32, 32, 32, 32, 32, 32, 32, 32, 32, 32, 32, 32, 32, 32, 32, 32, 32, 32, 32, 32, 32, 32, 32, 32, 32, 32, 32, 32, 32, 32, 32, 32, 32, 32, 32, 32, 32, 32, 32, 32, 32, 32, 32, 32, 32, 32, 32, 32, 32, 32, 32, 32, 32, 32, 32, 32, 32, 32, 32, 32, 32, 32, 32, 32, 32, 32, 94, 92, 110, 92, 47, 85, 115, 101, 114, 115, 92, 47, 114, 117, 110, 110, 101, 114, 92, 47, 119, 111, 114, 107, 92, 47, 105, 111, 115, 65, 112, 112, 92, 47, 105, 111, 115, 65, 112, 112, 92, 47, 105, 111, 115, 65, 112, 112, 92, 47, 86, 105, 101, 119, 77, 111, 100, 101, 108, 115, 92, 47, 65, 100, 109, 105, 110, 86, 105, 101, 119, 77, 111, 100, 101, 108, 46, 115, 119, 105, 102, 116, 58, 54, 54, 54, 58, 49, 55, 58, 32, 101, 114, 114, 111, 114, 58, 32, 99, 97, 110, 110, 111, 116, 32, 102, 105, 110, 100, 32, 39, 115, 101, 108, 102, 39, 32, 105, 110, 32, 115, 99, 111, 112, 101, 59, 32, 100, 105, 100, 32, 121, 111, 117, 32, 109, 101, 97, 110, 32, 116, 111, 32, 117, 115, 101, 32, 105, 116, 32, 105, 110, 32, 97, 32, 116, 121, 112, 101, 32, 111, 114, 32, 101, 120, 116, 101, 110, 115, 105, 111, 110, 32, 99, 111, 110, 116, 101, 120, 116, 63, 92, 110, 32, 32, 32, 32, 32, 32, 32, 32, 32, 32, 32, 32, 32, 32, 32, 32, 115, 101, 108, 102, 46, 110, 111, 116, 105, 102, 105, 99, 97, 116, 105, 111, 110, 115, 46, 115, 111, 114, 116, 32, 123, 32, 36, 48, 46, 99, 114, 101, 97, 116, 101, 100, 65, 116, 32, 62, 32, 36, 49, 46, 99, 114, 101, 97, 116, 101, 100, 65, 116, 32, 125, 92, 110, 32, 32, 32, 32, 32, 32, 32, 32, 32, 32, 32, 32, 32, 32, 32, 32, 94, 126, 126, 126, 92, 110, 92, 47, 85, 115, 101, 114, 115, 92, 47, 114, 117, 110, 110, 101, 114, 92, 47, 119, 111, 114, 107, 92, 47, 105, 111, 115, 65, 112, 112, 92, 47, 105, 111, 115, 65, 112, 112, 92, 47, 105, 111, 115, 65, 112, 112, 92, 47, 86, 105, 101, 119, 77, 111, 100, 101, 108, 115, 92, 47, 65, 100, 109, 105, 110, 86, 105, 101, 119, 77, 111, 100, 101, 108, 46, 115, 119, 105, 102, 116, 58, 54, 55, 49, 58, 57, 58, 32, 101, 114, 114, 111, 114, 58, 32, 99, 97, 110, 110, 111, 116, 32, 102, 105, 110, 100, 32, 39, 115, 101, 108, 102, 39, 32, 105, 110, 32, 115, 99, 111, 112, 101, 59, 32, 100, 105, 100, 32, 121, 111, 117, 32, 109, 101, 97, 110, 32, 116, 111, 32, 117, 115, 101, 32, 105, 116, 32, 105, 110, 32, 97, 32, 116, 121, 112, 101, 32, 111, 114, 32, 101, 120, 116, 101, 110, 115, 105, 111, 110, 32, 99, 111, 110, 116, 101, 120, 116, 63, 92, 110, 32, 32, 32, 32, 32, 32, 32, 32, 115, 101, 108, 102, 46, 105, 115, 76, 111, 97, 100, 105, 110, 103, 78, 111, 116, 105, 102, 105, 99, 97, 116, 105, 111, 110, 115, 32, 61, 32, 102, 97, 108, 115, 101, 92, 110, 32, 32, 32, 32, 32, 32, 32, 32, 94, 126, 126, 126, 92, 110, 92, 47, 85, 115, 101, 114, 115, 92, 47, 114, 117, 110, 110, 101, 114, 92, 47, 119, 111, 114, 107, 92, 47, 105, 111, 115, 65, 112, 112, 92, 47, 105, 111, 115, 65, 112, 112, 92, 47, 105, 111, 115, 65, 112, 112, 92, 47, 86, 105, 101, 119, 77, 111, 100, 101, 108, 115, 92, 47, 65, 100, 109, 105, 110, 86, 105, 101, 119, 77, 111, 100, 101, 108, 46, 115, 119, 105, 102, 116, 58, 54, 55, 53, 58, 57, 58, 32, 101, 114, 114, 111, 114, 58, 32, 99, 97, 110, 110, 111, 116, 32, 102, 105, 110, 100, 32, 39, 105, 115, 76, 111, 97, 100, 105, 110, 103, 78, 111, 116, 105, 102, 105, 99, 97, 116, 105, 111, 110, 115, 39, 32, 105, 110, 32, 115, 99, 111, 112, 101, 92, 110, 32, 32, 32, 32, 32, 32, 32, 32, 105, 115, 76, 111, 97, 100, 105, 110, 103, 78, 111, 116, 105, 102, 105, 99, 97, 116, 105, 111, 110, 115, 32, 61, 32, 116, 114, 117, 101, 92, 110, 32, 32, 32, 32, 32, 32, 32, 32, 94, 126, 126, 126, 126, 126, 126, 126, 126, 126, 126, 126, 126, 126, 126, 126, 126, 126, 126, 126, 126, 126, 92, 110, 92, 47, 85, 115, 101, 114, 115, 92, 47, 114, 117, 110, 110, 101, 114, 92, 47, 119, 111, 114, 107, 92, 47, 105, 111, 115, 65, 112, 112, 92, 47, 105, 111, 115, 65, 112, 112, 92, 47, 105, 111, 115, 65, 112, 112, 92, 47, 86, 105, 101, 119, 77, 111, 100, 101, 108, 115, 92, 47, 65, 100, 109, 105, 110, 86, 105, 101, 119, 77, 111, 100, 101, 108, 46, 115, 119, 105, 102, 116, 58, 54, 55, 54, 58, 50, 48, 58, 32, 101, 114, 114, 111, 114, 58, 32, 99, 97, 110, 110, 111, 116, 32, 102, 105, 110, 100, 32, 39, 115, 101, 108, 102, 39, 32, 105, 110, 32, 115, 99, 111, 112, 101, 59, 32, 100, 105, 100, 32, 121, 111, 117, 32, 109, 101, 97, 110, 32, 116, 111, 32, 117, 115, 101, 32, 105, 116, 32, 105, 110, 32, 97, 32, 116, 121, 112, 101, 32, 111, 114, 32, 101, 120, 116, 101, 110, 115, 105, 111, 110, 32, 99, 111, 110, 116, 101, 120, 116, 63, 92, 110, 32, 32, 32, 32, 32, 32, 32, 32, 108, 101, 116, 32, 99, 111, 109, 112, 32, 61, 32, 115, 101, 108, 102, 46, 99, 111, 109, 112, 97, 110, 121, 73, 100, 46, 105, 115, 69, 109, 112, 116, 121, 32, 63, 32, 92, 34, 83, 71, 67, 79, 79, 80, 92, 34, 32, 58, 32, 115, 101, 108, 102, 46, 99, 111, 109, 112, 97, 110, 121, 73, 100, 92, 110, 32, 32, 32, 32, 32, 32, 32, 32, 32, 32, 32, 32, 32, 32, 32, 32, 32, 32, 32, 94, 126, 126, 126, 92, 110, 92, 47, 85, 115, 101, 114, 115, 92, 47, 114, 117, 110, 110, 101, 114, 92, 47, 119, 111, 114, 107, 92, 47, 105, 111, 115, 65, 112, 112, 92, 47, 105, 111, 115, 65, 112, 112, 92, 47, 105, 111, 115, 65, 112, 112, 92, 47, 86, 105, 101, 119, 77, 111, 100, 101, 108, 115, 92, 47, 65, 100, 109, 105, 110, 86, 105, 101, 119, 77, 111, 100, 101, 108, 46, 115, 119, 105, 102, 116, 58, 54, 55, 54, 58, 53, 54, 58, 32, 101, 114, 114, 111, 114, 58, 32, 99, 97, 110, 110, 111, 116, 32, 102, 105, 110, 100, 32, 39, 115, 101, 108, 102, 39, 32, 105, 110, 32, 115, 99, 111, 112, 101, 59, 32, 100, 105, 100, 32, 121, 111, 117, 32, 109, 101, 97, 110, 32, 116, 111, 32, 117, 115, 101, 32, 105, 116, 32, 105, 110, 32, 97, 32, 116, 121, 112, 101, 32, 111, 114, 32, 101, 120, 116, 101, 110, 115, 105, 111, 110, 32, 99, 111, 110, 116, 101, 120, 116, 63, 92, 110, 32, 32, 32, 32, 32, 32, 32, 32, 108, 101, 116, 32, 99, 111, 109, 112, 32, 61, 32, 115, 101, 108, 102, 46, 99, 111, 109, 112, 97, 110, 121, 73, 100, 46, 105, 115, 69, 109, 112, 116, 121, 32, 63, 32, 92, 34, 83, 71, 67, 79, 79, 80, 92, 34, 32, 58, 32, 115, 101, 108, 102, 46, 99, 111, 109, 112, 97, 110, 121, 73, 100, 92, 110, 32, 32, 32, 32, 32, 32, 32, 32, 32, 32, 32, 32, 32, 32, 32, 32, 32, 32, 32, 32, 32, 32, 32, 32, 32, 32, 32, 32, 32, 32, 32, 32, 32, 32, 32, 32, 32, 32, 32, 32, 32, 32, 32, 32, 32, 32, 32, 32, 32, 32, 32, 32, 32, 32, 32, 94, 126, 126, 126, 92, 110, 92, 47, 85, 115, 101, 114, 115, 92, 47, 114, 117, 110, 110, 101, 114, 92, 47, 119, 111, 114, 107, 92, 47, 105, 111, 115, 65, 112, 112, 92, 47, 105, 111, 115, 65, 112, 112, 92, 47, 105, 111, 115, 65, 112, 112, 92, 47, 86, 105, 101, 119, 77, 111, 100, 101, 108, 115, 92, 47, 65, 100, 109, 105, 110, 86, 105, 101, 119, 77, 111, 100, 101, 108, 46, 115, 119, 105, 102, 116, 58, 54, 56, 51, 58, 49, 51, 58, 32, 101, 114, 114, 111, 114, 58, 32, 99, 97, 110, 110, 111, 116, 32, 102, 105, 110, 100, 32, 39, 105, 100, 84, 111, 107, 101, 110, 39, 32, 105, 110, 32, 115, 99, 111, 112, 101, 92, 110, 32, 32, 32, 32, 32, 32, 32, 32, 105, 102, 32, 33, 105, 100, 84, 111, 107, 101, 110, 46, 105, 115, 69, 109, 112, 116, 121, 32, 123, 32, 114, 101, 113, 117, 101, 115, 116, 46, 115, 101, 116, 86, 97, 108, 117, 101, 40, 92, 34, 66, 101, 97, 114, 101, 114, 32, 92, 92, 40, 105, 100, 84, 111, 107, 101, 110, 41, 92, 34, 44, 32, 102, 111, 114, 72, 84, 84, 80, 72, 101, 97, 100, 101, 114, 70, 105, 101, 108, 100, 58, 32, 92, 34, 65, 117, 116, 104, 111, 114, 105, 122, 97, 116, 105, 111, 110, 92, 34, 41, 32, 125, 92, 110, 32, 32, 32, 32, 32, 32, 32, 32, 32, 32, 32, 32, 94, 126, 126, 126, 126, 126, 126, 92, 110, 92, 47, 85, 115, 101, 114, 115, 92, 47, 114, 117, 110, 110, 101, 114, 92, 47, 119, 111, 114, 107, 92, 47, 105, 111, 115, 65, 112, 112, 92, 47, 105, 111, 115, 65, 112, 112, 92, 47, 105, 111, 115, 65, 112, 112, 92, 47, 86, 105, 101, 119, 77, 111, 100, 101, 108, 115, 92, 47, 65, 100, 109, 105, 110, 86, 105, 101, 119, 77, 111, 100, 101, 108, 46, 115, 119, 105, 102, 116, 58, 54, 56, 51, 58, 53, 56, 58, 32, 101, 114, 114, 111, 114, 58, 32, 99, 97, 110, 110, 111, 116, 32, 102, 105, 110, 100, 32, 39, 105, 100, 84, 111, 107, 101, 110, 39, 32, 105, 110, 32, 115, 99, 111, 112, 101, 92, 110, 32, 32, 32, 32, 32, 32, 32, 32, 105, 102, 32, 33, 105, 100, 84, 111, 107, 101, 110, 46, 105, 115, 69, 109, 112, 116, 121, 32, 123, 32, 114, 101, 113, 117, 101, 115, 116, 46, 115, 101, 116, 86, 97, 108, 117, 101, 40, 92, 34, 66, 101, 97, 114, 101, 114, 32, 92, 92, 40, 105, 100, 84, 111, 107, 101, 110, 41, 92, 34, 44, 32, 102, 111, 114, 72, 84, 84, 80, 72, 101, 97, 100, 101, 114, 70, 105, 101, 108, 100, 58, 32, 92, 34, 65, 117, 116, 104, 111, 114, 105, 122, 97, 116, 105, 111, 110, 92, 34, 41, 32, 125, 92, 110, 32, 32, 32, 32, 32, 32, 32, 32, 32, 32, 32, 32, 32, 32, 32, 32, 32, 32, 32, 32, 32, 32, 32, 32, 32, 32, 32, 32, 32, 32, 32, 32, 32, 32, 32, 32, 32, 32, 32, 32, 32, 32, 32, 32, 32, 32, 32, 32, 32, 32, 32, 32, 32, 32, 32, 32, 32, 94, 126, 126, 126, 126, 126, 126, 92, 110, 92, 47, 85, 115, 101, 114, 115, 92, 47, 114, 117, 110, 110, 101, 114, 92, 47, 119, 111, 114, 107, 92, 47, 105, 111, 115, 65, 112, 112, 92, 47, 105, 111, 115, 65, 112, 112, 92, 47, 105, 111, 115, 65, 112, 112, 92, 47, 86, 105, 101, 119, 77, 111, 100, 101, 108, 115, 92, 47, 65, 100, 109, 105, 110, 86, 105, 101, 119, 77, 111, 100, 101, 108, 46, 115, 119, 105, 102, 116, 58, 54, 57, 50, 58, 53, 49, 58, 32, 101, 114, 114, 111, 114, 58, 32, 99, 97, 110, 110, 111, 116, 32, 102, 105, 110, 100, 32, 39, 115, 101, 108, 102, 39, 32, 105, 110, 32, 115, 99, 111, 112, 101, 59, 32, 100, 105, 100, 32, 121, 111, 117, 32, 109, 101, 97, 110, 32, 116, 111, 32, 117, 115, 101, 32, 105, 116, 32, 105, 110, 32, 97, 32, 116, 121, 112, 101, 32, 111, 114, 32, 101, 120, 116, 101, 110, 115, 105, 111, 110, 32, 99, 111, 110, 116, 101, 120, 116, 63, 92, 110, 32, 32, 32, 32, 32, 32, 32, 32, 32, 32, 32, 32, 32, 32, 32, 32, 92, 34, 99, 114, 101, 97, 116, 101, 100, 66, 121, 69, 109, 97, 105, 108, 92, 34, 58, 32, 91, 92, 34, 115, 116, 114, 105, 110, 103, 86, 97, 108, 117, 101, 92, 34, 58, 32, 115, 101, 108, 102, 46, 99, 117, 114, 114, 101, 110, 116, 85, 115, 101, 114, 46, 101, 109, 97, 105, 108, 93, 92, 110, 32, 32, 32, 32, 32, 32, 32, 32, 32, 32, 32, 32, 32, 32, 32, 32, 32, 32, 32, 32, 32, 32, 32, 32, 32, 32, 32, 32, 32, 32, 32, 32, 32, 32, 32, 32, 32, 32, 32, 32, 32, 32, 32, 32, 32, 32, 32, 32, 32, 32, 94, 126, 126, 126, 92, 110, 92, 47, 85, 115, 101, 114, 115, 92, 47, 114, 117, 110, 110, 101, 114, 92, 47, 119, 111, 114, 107, 92, 47, 105, 111, 115, 65, 112, 112, 92, 47, 105, 111, 115, 65, 112, 112, 92, 47, 105, 111, 115, 65, 112, 112, 92, 47, 86, 105, 101, 119, 77, 111, 100, 101, 108, 115, 92, 47, 65, 100, 109, 105, 110, 86, 105, 101, 119, 77, 111, 100, 101, 108, 46, 115, 119, 105, 102, 116, 58, 55, 48, 52, 58, 49, 53, 48, 58, 32, 101, 114, 114, 111, 114, 58, 32, 99, 97, 110, 110, 111, 116, 32, 102, 105, 110, 100, 32, 39, 115, 101, 108, 102, 39, 32, 105, 110, 32, 115, 99, 111, 112, 101, 59, 32, 100, 105, 100, 32, 121, 111, 117, 32, 109, 101, 97, 110, 32, 116, 111, 32, 117, 115, 101, 32, 105, 116, 32, 105, 110, 32, 97, 32, 116, 121, 112, 101, 32, 111, 114, 32, 101, 120, 116, 101, 110, 115, 105, 111, 110, 32, 99, 111, 110, 116, 101, 120, 116, 63, 92, 110, 32, 32, 32, 32, 32, 32, 32, 32, 32, 32, 32, 32, 32, 32, 32, 32, 108, 101, 116, 32, 110, 101, 119, 78, 111, 116, 105, 102, 32, 61, 32, 65, 112, 112, 78, 111, 116, 105, 102, 105, 99, 97, 116, 105, 111, 110, 40, 105, 100, 58, 32, 105, 100, 44, 32, 116, 105, 116, 108, 101, 58, 32, 116, 105, 116, 108, 101, 44, 32, 98, 111, 100, 121, 58, 32, 98, 111, 100, 121, 44, 32, 116, 97, 114, 103, 101, 116, 82, 111, 108, 101, 58, 32, 116, 97, 114, 103, 101, 116, 82, 111, 108, 101, 32, 63, 63, 32, 92, 34, 65, 76, 76, 92, 34, 44, 32, 99, 114, 101, 97, 116, 101, 100, 65, 116, 58, 32, 68, 97, 116, 101, 40, 41, 44, 32, 99, 114, 101, 97, 116, 101, 100, 66, 121, 69, 109, 97, 105, 108, 58, 32, 115, 101, 108, 102, 46, 99, 117, 114, 114, 101, 110, 116, 85, 115, 101, 114, 46, 101, 109, 97, 105, 108, 41, 92, 110, 32, 32, 32, 32, 32, 32, 32, 32, 32, 32, 32, 32, 32, 32, 32, 32, 32, 32, 32, 32, 32, 32, 32, 32, 32, 32, 32, 32, 32, 32, 32, 32, 32, 32, 32, 32, 32, 32, 32, 32, 32, 32, 32, 32, 32, 32, 32, 32, 32, 32, 32, 32, 32, 32, 32, 32, 32, 32, 32, 32, 32, 32, 32, 32, 32, 32, 32, 32, 32, 32, 32, 32, 32, 32, 32, 32, 32, 32, 32, 32, 32, 32, 32, 32, 32, 32, 32, 32, 32, 32, 32, 32, 32, 32, 32, 32, 32, 32, 32, 32, 32, 32, 32, 32, 32, 32, 32, 32, 32, 32, 32, 32, 32, 32, 32, 32, 32, 32, 32, 32, 32, 32, 32, 32, 32, 32, 32, 32, 32, 32, 32, 32, 32, 32, 32, 32, 32, 32, 32, 32, 32, 32, 32, 32, 32, 32, 32, 32, 32, 94, 126, 126, 126, 92, 110, 92, 47, 85, 115, 101, 114, 115, 92, 47, 114, 117, 110, 110, 101, 114, 92, 47, 119, 111, 114, 107, 92, 47, 105, 111, 115, 65, 112, 112, 92, 47, 105, 111, 115, 65, 112, 112, 92, 47, 105, 111, 115, 65, 112, 112, 92, 47, 86, 105, 101, 119, 77, 111, 100, 101, 108, 115, 92, 47, 65, 100, 109, 105, 110, 86, 105, 101, 119, 77, 111, 100, 101, 108, 46, 115, 119, 105, 102, 116, 58, 55, 48, 53, 58, 49, 55, 58, 32, 101, 114, 114, 111, 114, 58, 32, 99, 97, 110, 110, 111, 116, 32, 102, 105, 110, 100, 32, 39, 115, 101, 108, 102, 39, 32, 105, 110, 32, 115, 99, 111, 112, 101, 59, 32, 100, 105, 100, 32, 121, 111, 117, 32, 109, 101, 97, 110, 32, 116, 111, 32, 117, 115, 101, 32, 105, 116, 32, 105, 110, 32, 97, 32, 116, 121, 112, 101, 32, 111, 114, 32, 101, 120, 116, 101, 110, 115, 105, 111, 110, 32, 99, 111, 110, 116, 101, 120, 116, 63, 92, 110, 32, 32, 32, 32, 32, 32, 32, 32, 32, 32, 32, 32, 32, 32, 32, 32, 115, 101, 108, 102, 46, 110, 111, 116, 105, 102, 105, 99, 97, 116, 105, 111, 110, 115, 46, 105, 110, 115, 101, 114, 116, 40, 110, 101, 119, 78, 111, 116, 105, 102, 44, 32, 97, 116, 58, 32, 48, 41, 92, 110, 32, 32, 32, 32, 32, 32, 32, 32, 32, 32, 32, 32, 32, 32, 32, 32, 94, 126, 126, 126, 92, 110, 92, 47, 85, 115, 101, 114, 115, 92, 47, 114, 117, 110, 110, 101, 114, 92, 47, 119, 111, 114, 107, 92, 47, 105, 111, 115, 65, 112, 112, 92, 47, 105, 111, 115, 65, 112, 112, 92, 47, 105, 111, 115, 65, 112, 112, 92, 47, 86, 105, 101, 119, 77, 111, 100, 101, 108, 115, 92, 47, 65, 100, 109, 105, 110, 86, 105, 101, 119, 77, 111, 100, 101, 108, 46, 115, 119, 105, 102, 116, 58, 55, 48, 54, 58, 49, 55, 58, 32, 101, 114, 114, 111, 114, 58, 32, 99, 97, 110, 110, 111, 116, 32, 102, 105, 110, 100, 32, 39, 115, 101, 108, 102, 39, 32, 105, 110, 32, 115, 99, 111, 112, 101, 59, 32, 100, 105, 100, 32, 121, 111, 117, 32, 109, 101, 97, 110, 32, 116, 111, 32, 117, 115, 101, 32, 105, 116, 32, 105, 110, 32, 97, 32, 116, 121, 112, 101, 32, 111, 114, 32, 101, 120, 116, 101, 110, 115, 105, 111, 110, 32, 99, 111, 110, 116, 101, 120, 116, 63, 92, 110, 32, 32, 32, 32, 32, 32, 32, 32, 32, 32, 32, 32, 32, 32, 32, 32, 115, 101, 108, 102, 46, 115, 117, 99, 99, 101, 115, 115, 77, 101, 115, 115, 97, 103, 101, 32, 61, 32, 92, 34, 196, 144, 195, 163, 32, 103, 225, 187, 173, 105, 32, 116, 104, 195, 180, 110, 103, 32, 98, 195, 161, 111, 92, 34, 92, 110, 92, 47, 85, 115, 101, 114, 115, 92, 47, 114, 117, 110, 110, 101, 114, 92, 47, 119, 111, 114, 107, 92, 47, 105, 111, 115, 65, 112, 112, 92, 47, 105, 111, 115, 65, 112, 112, 92, 47, 105, 111, 115, 65, 112, 112, 92, 47, 86, 105, 101, 119, 77, 111, 100, 101, 108, 115, 92, 47, 65, 100, 109, 105, 110, 86, 105, 101, 119, 77, 111, 100, 101, 108, 46, 115, 119, 105, 102, 116, 58, 55, 49, 49, 58, 57, 58, 32, 101, 114, 114, 111, 114, 58, 32, 99, 97, 110, 110, 111, 116, 32, 102, 105, 110, 100, 32, 39, 115, 101, 108, 102, 39, 32, 105, 110, 32, 115, 99, 111, 112, 101, 59, 32, 100, 105, 100, 32, 121, 111, 117, 32, 109, 101, 97, 110, 32, 116, 111, 32, 117, 115, 101, 32, 105, 116, 32, 105, 110, 32, 97, 32, 116, 121, 112, 101, 32, 111, 114, 32, 101, 120, 116, 101, 110, 115, 105, 111, 110, 32, 99, 111, 110, 116, 101, 120, 116, 63, 92, 110, 32, 32, 32, 32, 32, 32, 32, 32, 115, 101, 108, 102, 46, 105, 115, 76, 111, 97, 100, 105, 110, 103, 78, 111, 116, 105, 102, 105, 99, 97, 116, 105, 111, 110, 115, 32, 61, 32, 102, 97, 108, 115, 101, 92, 110, 32, 32, 32, 32, 32, 32, 32, 32, 94, 126, 126, 126, 92, 110, 92, 47, 85, 115, 101, 114, 115, 92, 47, 114, 117, 110, 110, 101, 114, 92, 47, 119, 111, 114, 107, 92, 47, 105, 111, 115, 65, 112, 112, 92, 47, 105, 111, 115, 65, 112, 112, 92, 47, 105, 111, 115, 65, 112, 112, 92, 47, 86, 105, 101, 119, 77, 111, 100, 101, 108, 115, 92, 47, 65, 100, 109, 105, 110, 86, 105, 101, 119, 77, 111, 100, 101, 108, 46, 115, 119, 105, 102, 116, 58, 55, 49, 53, 58, 50, 48, 58, 32, 101, 114, 114, 111, 114, 58, 32, 99, 97, 110, 110, 111, 116, 32, 102, 105, 110, 100, 32, 39, 115, 101, 108, 102, 39, 32, 105, 110, 32, 115, 99, 111, 112, 101, 59, 32, 100, 105, 100, 32, 121, 111, 117, 32, 109, 101, 97, 110, 32, 116, 111, 32, 117, 115, 101, 32, 105, 116, 32, 105, 110, 32, 97, 32, 116, 121, 112, 101, 32, 111, 114, 32, 101, 120, 116, 101, 110, 115, 105, 111, 110, 32, 99, 111, 110, 116, 101, 120, 116, 63, 92, 110, 32, 32, 32, 32, 32, 32, 32, 32, 108, 101, 116, 32, 99, 111, 109, 112, 32, 61, 32, 115, 101, 108, 102, 46, 99, 111, 109, 112, 97, 110, 121, 73, 100, 46, 105, 115, 69, 109, 112, 116, 121, 32, 63, 32, 92, 34, 83, 71, 67, 79, 79, 80, 92, 34, 32, 58, 32, 115, 101, 108, 102, 46, 99, 111, 109, 112, 97, 110, 121, 73, 100, 92, 110, 32, 32, 32, 32, 32, 32, 32, 32, 32, 32, 32, 32, 32, 32, 32, 32, 32, 32, 32, 94, 126, 126, 126, 92, 110, 92, 47, 85, 115, 101, 114, 115, 92, 47, 114, 117, 110, 110, 101, 114, 92, 47, 119, 111, 114, 107, 92, 47, 105, 111, 115, 65, 112, 112, 92, 47, 105, 111, 115, 65, 112, 112, 92, 47, 105, 111, 115, 65, 112, 112, 92, 47, 86, 105, 101, 119, 77, 111, 100, 101, 108, 115, 92, 47, 65, 100, 109, 105, 110, 86, 105, 101, 119, 77, 111, 100, 101, 108, 46, 115, 119, 105, 102, 116, 58, 55, 49, 53, 58, 53, 54, 58, 32, 101, 114, 114, 111, 114, 58, 32, 99, 97, 110, 110, 111, 116, 32, 102, 105, 110, 100, 32, 39, 115, 101, 108, 102, 39, 32, 105, 110, 32, 115, 99, 111, 112, 101, 59, 32, 100, 105, 100, 32, 121, 111, 117, 32, 109, 101, 97, 110, 32, 116, 111, 32, 117, 115, 101, 32, 105, 116, 32, 105, 110, 32, 97, 32, 116, 121, 112, 101, 32, 111, 114, 32, 101, 120, 116, 101, 110, 115, 105, 111, 110, 32, 99, 111, 110, 116, 101, 120, 116, 63, 92, 110, 32, 32, 32, 32, 32, 32, 32, 32, 108, 101, 116, 32, 99, 111, 109, 112, 32, 61, 32, 115, 101, 108, 102, 46, 99, 111, 109, 112, 97, 110, 121, 73, 100, 46, 105, 115, 69, 109, 112, 116, 121, 32, 63, 32, 92, 34, 83, 71, 67, 79, 79, 80, 92, 34, 32, 58, 32, 115, 101, 108, 102, 46, 99, 111, 109, 112, 97, 110, 121, 73, 100, 92, 110, 32, 32, 32, 32, 32, 32, 32, 32, 32, 32, 32, 32, 32, 32, 32, 32, 32, 32, 32, 32, 32, 32, 32, 32, 32, 32, 32, 32, 32, 32, 32, 32, 32, 32, 32, 32, 32, 32, 32, 32, 32, 32, 32, 32, 32, 32, 32, 32, 32, 32, 32, 32, 32, 32, 32, 94, 126, 126, 126, 92, 110, 92, 47, 85, 115, 101, 114, 115, 92, 47, 114, 117, 110, 110, 101, 114, 92, 47, 119, 111, 114, 107, 92, 47, 105, 111, 115, 65, 112, 112, 92, 47, 105, 111, 115, 65, 112, 112, 92, 47, 105, 111, 115, 65, 112, 112, 92, 47, 86, 105, 101, 119, 77, 111, 100, 101, 108, 115, 92, 47, 65, 100, 109, 105, 110, 86, 105, 101, 119, 77, 111, 100, 101, 108, 46, 115, 119, 105, 102, 116, 58, 55, 50, 49, 58, 49, 51, 58, 32, 101, 114, 114, 111, 114, 58, 32, 99, 97, 110, 110, 111, 116, 32, 102, 105, 110, 100, 32, 39, 105, 100, 84, 111, 107, 101, 110, 39, 32, 105, 110, 32, 115, 99, 111, 112, 101, 92, 110, 32, 32, 32, 32, 32, 32, 32, 32, 105, 102, 32, 33, 105, 100, 84, 111, 107, 101, 110, 46, 105, 115, 69, 109, 112, 116, 121, 32, 123, 32, 114, 101, 113, 117, 101, 115, 116, 46, 115, 101, 116, 86, 97, 108, 117, 101, 40, 92, 34, 66, 101, 97, 114, 101, 114, 32, 92, 92, 40, 105, 100, 84, 111, 107, 101, 110, 41, 92, 34, 44, 32, 102, 111, 114, 72, 84, 84, 80, 72, 101, 97, 100, 101, 114, 70, 105, 101, 108, 100, 58, 32, 92, 34, 65, 117, 116, 104, 111, 114, 105, 122, 97, 116, 105, 111, 110, 92, 34, 41, 32, 125, 92, 110, 32, 32, 32, 32, 32, 32, 32, 32, 32, 32, 32, 32, 94, 126, 126, 126, 126, 126, 126, 92, 110, 92, 47, 85, 115, 101, 114, 115, 92, 47, 114, 117, 110, 110, 101, 114, 92, 47, 119, 111, 114, 107, 92, 47, 105, 111, 115, 65, 112, 112, 92, 47, 105, 111, 115, 65, 112, 112, 92, 47, 105, 111, 115, 65, 112, 112, 92, 47, 86, 105, 101, 119, 77, 111, 100, 101, 108, 115, 92, 47, 65, 100, 109, 105, 110, 86, 105, 101, 119, 77, 111, 100, 101, 108, 46, 115, 119, 105, 102, 116, 58, 55, 50, 49, 58, 53, 56, 58, 32, 101, 114, 114, 111, 114, 58, 32, 99, 97, 110, 110, 111, 116, 32, 102, 105, 110, 100, 32, 39, 105, 100, 84, 111, 107, 101, 110, 39, 32, 105, 110, 32, 115, 99, 111, 112, 101, 92, 110, 32, 32, 32, 32, 32, 32, 32, 32, 105, 102, 32, 33, 105, 100, 84, 111, 107, 101, 110, 46, 105, 115, 69, 109, 112, 116, 121, 32, 123, 32, 114, 101, 113, 117, 101, 115, 116, 46, 115, 101, 116, 86, 97, 108, 117, 101, 40, 92, 34, 66, 101, 97, 114, 101, 114, 32, 92, 92, 40, 105, 100, 84, 111, 107, 101, 110, 41, 92, 34, 44, 32, 102, 111, 114, 72, 84, 84, 80, 72, 101, 97, 100, 101, 114, 70, 105, 101, 108, 100, 58, 32, 92, 34, 65, 117, 116, 104, 111, 114, 105, 122, 97, 116, 105, 111, 110, 92, 34, 41, 32, 125, 92, 110, 32, 32, 32, 32, 32, 32, 32, 32, 32, 32, 32, 32, 32, 32, 32, 32, 32, 32, 32, 32, 32, 32, 32, 32, 32, 32, 32, 32, 32, 32, 32, 32, 32, 32, 32, 32, 32, 32, 32, 32, 32, 32, 32, 32, 32, 32, 32, 32, 32, 32, 32, 32, 32, 32, 32, 32, 32, 94, 126, 126, 126, 126, 126, 126, 92, 110, 92, 47, 85, 115, 101, 114, 115, 92, 47, 114, 117, 110, 110, 101, 114, 92, 47, 119, 111, 114, 107, 92, 47, 105, 111, 115, 65, 112, 112, 92, 47, 105, 111, 115, 65, 112, 112, 92, 47, 105, 111, 115, 65, 112, 112, 92, 47, 86, 105, 101, 119, 77, 111, 100, 101, 108, 115, 92, 47, 65, 100, 109, 105, 110, 86, 105, 101, 119, 77, 111, 100, 101, 108, 46, 115, 119, 105, 102, 116, 58, 55, 50, 53, 58, 49, 51, 58, 32, 101, 114, 114, 111, 114, 58, 32, 99, 97, 110, 110, 111, 116, 32, 102, 105, 110, 100, 32, 39, 115, 101, 108, 102, 39, 32, 105, 110, 32, 115, 99, 111, 112, 101, 59, 32, 100, 105, 100, 32, 121, 111, 117, 32, 109, 101, 97, 110, 32, 116, 111, 32, 117, 115, 101, 32, 105, 116, 32, 105, 110, 32, 97, 32, 116, 121, 112, 101, 32, 111, 114, 32, 101, 120, 116, 101, 110, 115, 105, 111, 110, 32, 99, 111, 110, 116, 101, 120, 116, 63, 92, 110, 32, 32, 32, 32, 32, 32, 32, 32, 32, 32, 32, 32, 115, 101, 108, 102, 46, 110, 111, 116, 105, 102, 105, 99, 97, 116, 105, 111, 110, 115, 46, 114, 101, 109, 111, 118, 101, 65, 108, 108, 32, 123, 32, 36, 48, 46, 105, 100, 32, 61, 61, 32, 110, 111, 116, 105, 102, 73, 100, 32, 125, 92, 110, 32, 32, 32, 32, 32, 32, 32, 32, 32, 32, 32, 32, 94, 126, 126, 126, 92, 110, 92, 47, 85, 115, 101, 114, 115, 92, 47, 114, 117, 110, 110, 101, 114, 92, 47, 119, 111, 114, 107, 92, 47, 105, 111, 115, 65, 112, 112, 92, 47, 105, 111, 115, 65, 112, 112, 92, 47, 105, 111, 115, 65, 112, 112, 92, 47, 86, 105, 101, 119, 77, 111, 100, 101, 108, 115, 92, 47, 65, 100, 109, 105, 110, 86, 105, 101, 119, 77, 111, 100, 101, 108, 46, 115, 119, 105, 102, 116, 58, 55, 50, 54, 58, 49, 51, 58, 32, 101, 114, 114, 111, 114, 58, 32, 99, 97, 110, 110, 111, 116, 32, 102, 105, 110, 100, 32, 39, 115, 101, 108, 102, 39, 32, 105, 110, 32, 115, 99, 111, 112, 101, 59, 32, 100, 105, 100, 32, 121, 111, 117, 32, 109, 101, 97, 110, 32, 116, 111, 32, 117, 115, 101, 32, 105, 116, 32, 105, 110, 32, 97, 32, 116, 121, 112, 101, 32, 111, 114, 32, 101, 120, 116, 101, 110, 115, 105, 111, 110, 32, 99, 111, 110, 116, 101, 120, 116, 63, 92, 110, 32, 32, 32, 32, 32, 32, 32, 32, 32, 32, 32, 32, 115, 101, 108, 102, 46, 115, 117, 99, 99, 101, 115, 115, 77, 101, 115, 115, 97, 103, 101, 32, 61, 32, 92, 34, 196, 144, 195, 163, 32, 120, 195, 179, 97, 32, 116, 104, 195, 180, 110, 103, 32, 98, 195, 161, 111, 92, 34, 92, 110, 92, 47, 85, 115, 101, 114, 115, 92, 47, 114, 117, 110, 110, 101, 114, 92, 47, 119, 111, 114, 107, 92, 47, 105, 111, 115, 65, 112, 112, 92, 47, 105, 111, 115, 65, 112, 112, 92, 47, 105, 111, 115, 65, 112, 112, 92, 47, 86, 105, 101, 119, 115, 92, 47, 83, 99, 114, 101, 101, 110, 115, 92, 47, 65, 100, 109, 105, 110, 92, 47, 65, 112, 112, 114, 111, 118, 101, 83, 116, 97, 102, 102, 86, 105, 101, 119, 46, 115, 119, 105, 102, 116, 58, 50, 52, 48, 58, 49, 55, 58, 32, 101, 114, 114, 111, 114, 58, 32, 115, 116, 97, 116, 105, 99, 32, 109, 101, 116, 104, 111, 100, 32, 39, 98, 117, 105, 108, 100, 69, 120, 112, 114, 101, 115, 115, 105, 111, 110, 39, 32, 114, 101, 113, 117, 105, 114, 101, 115, 32, 116, 104, 97, 116, 32, 39, 84, 111, 111, 108, 98, 97, 114, 73, 116, 101, 109, 60, 40, 41, 44, 32, 66, 117, 116, 116, 111, 110, 60, 84, 101, 120, 116, 62, 62, 39, 32, 99, 111, 110, 102, 111, 114, 109, 32, 116, 111, 32, 39, 86, 105, 101, 119, 39, 92, 110, 32, 32, 32, 32, 32, 32, 32, 32, 32, 32, 32, 32, 32, 32, 32, 32, 84, 111, 111, 108, 98, 97, 114, 73, 116, 101, 109, 40, 112, 108, 97, 99, 101, 109, 101, 110, 116, 58, 32, 46, 110, 97, 118, 105, 103, 97, 116, 105, 111, 110, 66, 97, 114, 76, 101, 97, 100, 105, 110, 103, 41, 32, 123, 92, 110, 32, 32, 32, 32, 32, 32, 32, 32, 32, 32, 32, 32, 32, 32, 32, 32, 94, 92, 110, 83, 119, 105, 102, 116, 85, 73, 46, 86, 105, 101, 119, 66, 117, 105, 108, 100, 101, 114, 58, 51, 58, 50, 52, 58, 32, 110, 111, 116, 101, 58, 32, 119, 104, 101, 114, 101, 32, 39, 67, 111, 110, 116, 101, 110, 116, 39, 32, 61, 32, 39, 84, 111, 111, 108, 98, 97, 114, 73, 116, 101, 109, 60, 40, 41, 44, 32, 66, 117, 116, 116, 111, 110, 60, 84, 101, 120, 116, 62, 62, 39, 92, 110, 32, 32, 32, 32, 112, 117, 98, 108, 105, 99, 32, 115, 116, 97, 116, 105, 99, 32, 102, 117, 110, 99, 32, 98, 117, 105, 108, 100, 69, 120, 112, 114, 101, 115, 115, 105, 111, 110, 60, 67, 111, 110, 116, 101, 110, 116, 62, 40, 95, 32, 99, 111, 110, 116, 101, 110, 116, 58, 32, 67, 111, 110, 116, 101, 110, 116, 41, 32, 45, 62, 32, 67, 111, 110, 116, 101, 110, 116, 32, 119, 104, 101, 114, 101, 32, 67, 111, 110, 116, 101, 110, 116, 32, 58, 32, 86, 105, 101, 119, 92, 110, 32, 32, 32, 32, 32, 32, 32, 32, 32, 32, 32, 32, 32, 32, 32, 32, 32, 32, 32, 32, 32, 32, 32, 94, 92, 110, 92, 47, 85, 115, 101, 114, 115, 92, 47, 114, 117, 110, 110, 101, 114, 92, 47, 119, 111, 114, 107, 92, 47, 105, 111, 115, 65, 112, 112, 92, 47, 105, 111, 115, 65, 112, 112, 92, 47, 105, 111, 115, 65, 112, 112, 92, 47, 86, 105, 101, 119, 115, 92, 47, 83, 99, 114, 101, 101, 110, 115, 92, 47, 65, 100, 109, 105, 110, 92, 47, 68, 101, 112, 97, 114, 116, 109, 101, 110, 116, 77, 97, 110, 97, 103, 101, 114, 86, 105, 101, 119, 46, 115, 119, 105, 102, 116, 58, 50, 52, 49, 58, 49, 55, 58, 32, 101, 114, 114, 111, 114, 58, 32, 115, 116, 97, 116, 105, 99, 32, 109, 101, 116, 104, 111, 100, 32, 39, 98, 117, 105, 108, 100, 69, 120, 112, 114, 101, 115, 115, 105, 111, 110, 39, 32, 114, 101, 113, 117, 105, 114, 101, 115, 32, 116, 104, 97, 116, 32, 39, 84, 111, 111, 108, 98, 97, 114, 73, 116, 101, 109, 60, 40, 41, 44, 32, 66, 117, 116, 116, 111, 110, 60, 84, 101, 120, 116, 62, 62, 39, 32, 99, 111, 110, 102, 111, 114, 109, 32, 116, 111, 32, 39, 86, 105, 101, 119, 39, 92, 110, 32, 32, 32, 32, 32, 32, 32, 32, 32, 32, 32, 32, 32, 32, 32, 32, 84, 111, 111, 108, 98, 97, 114, 73, 116, 101, 109, 40, 112, 108, 97, 99, 101, 109, 101, 110, 116, 58, 32, 46, 110, 97, 118, 105, 103, 97, 116, 105, 111, 110, 66, 97, 114, 76, 101, 97, 100, 105, 110, 103, 41, 32, 123, 92, 110, 32, 32, 32, 32, 32, 32, 32, 32, 32, 32, 32, 32, 32, 32, 32, 32, 94, 92, 110, 83, 119, 105, 102, 116, 85, 73, 46, 86, 105, 101, 119, 66, 117, 105, 108, 100, 101, 114, 58, 51, 58, 50, 52, 58, 32, 110, 111, 116, 101, 58, 32, 119, 104, 101, 114, 101, 32, 39, 67, 111, 110, 116, 101, 110, 116, 39, 32, 61, 32, 39, 84, 111, 111, 108, 98, 97, 114, 73, 116, 101, 109, 60, 40, 41, 44, 32, 66, 117, 116, 116, 111, 110, 60, 84, 101, 120, 116, 62, 62, 39, 92, 110, 32, 32, 32, 32, 112, 117, 98, 108, 105, 99, 32, 115, 116, 97, 116, 105, 99, 32, 102, 117, 110, 99, 32, 98, 117, 105, 108, 100, 69, 120, 112, 114, 101, 115, 115, 105, 111, 110, 60, 67, 111, 110, 116, 101, 110, 116, 62, 40, 95, 32, 99, 111, 110, 116, 101, 110, 116, 58, 32, 67, 111, 110, 116, 101, 110, 116, 41, 32, 45, 62, 32, 67, 111, 110, 116, 101, 110, 116, 32, 119, 104, 101, 114, 101, 32, 67, 111, 110, 116, 101, 110, 116, 32, 58, 32, 86, 105, 101, 119, 92, 110, 32, 32, 32, 32, 32, 32, 32, 32, 32, 32, 32, 32, 32, 32, 32, 32, 32, 32, 32, 32, 32, 32, 32, 94, 92, 110, 92, 47, 85, 115, 101, 114, 115, 92, 47, 114, 117, 110, 110, 101, 114, 92, 47, 119, 111, 114, 107, 92, 47, 105, 111, 115, 65, 112, 112, 92, 47, 105, 111, 115, 65, 112, 112, 92, 47, 105, 111, 115, 65, 112, 112, 92, 47, 86, 105, 101, 119, 115, 92, 47, 83, 99, 114, 101, 101, 110, 115, 92, 47, 65, 100, 109, 105, 110, 92, 47, 85, 110, 105, 116, 82, 101, 103, 105, 111, 110, 77, 97, 110, 97, 103, 101, 114, 86, 105, 101, 119, 46, 115, 119, 105, 102, 116, 58, 50, 51, 49, 58, 49, 55, 58, 32, 101, 114, 114, 111, 114, 58, 32, 115, 116, 97, 116, 105, 99, 32, 109, 101, 116, 104, 111, 100, 32, 39, 98, 117, 105, 108, 100, 69, 120, 112, 114, 101, 115, 115, 105, 111, 110, 39, 32, 114, 101, 113, 117, 105, 114, 101, 115, 32, 116, 104, 97, 116, 32, 39, 84, 111, 111, 108, 98, 97, 114, 73, 116, 101, 109, 60, 40, 41, 44, 32, 66, 117, 116, 116, 111, 110, 60, 84, 101, 120, 116, 62, 62, 39, 32, 99, 111, 110, 102, 111, 114, 109, 32, 116, 111, 32, 39, 86, 105, 101, 119, 39, 92, 110, 32, 32, 32, 32, 32, 32, 32, 32, 32, 32, 32, 32, 32, 32, 32, 32, 84, 111, 111, 108, 98, 97, 114, 73, 116, 101, 109, 40, 112, 108, 97, 99, 101, 109, 101, 110, 116, 58, 32, 46, 110, 97, 118, 105, 103, 97, 116, 105, 111, 110, 66, 97, 114, 76, 101, 97, 100, 105, 110, 103, 41, 32, 123, 92, 110, 32, 32, 32, 32, 32, 32, 32, 32, 32, 32, 32, 32, 32, 32, 32, 32, 94, 92, 110, 83, 119, 105, 102, 116, 85, 73, 46, 86, 105, 101, 119, 66, 117, 105, 108, 100, 101, 114, 58, 51, 58, 50, 52, 58, 32, 110, 111, 116, 101, 58, 32, 119, 104, 101, 114, 101, 32, 39, 67, 111, 110, 116, 101, 110, 116, 39, 32, 61, 32, 39, 84, 111, 111, 108, 98, 97, 114, 73, 116, 101, 109, 60, 40, 41, 44, 32, 66, 117, 116, 116, 111, 110, 60, 84, 101, 120, 116, 62, 62, 39, 92, 110, 32, 32, 32, 32, 112, 117, 98, 108, 105, 99, 32, 115, 116, 97, 116, 105, 99, 32, 102, 117, 110, 99, 32, 98, 117, 105, 108, 100, 69, 120, 112, 114, 101, 115, 115, 105, 111, 110, 60, 67, 111, 110, 116, 101, 110, 116, 62, 40, 95, 32, 99, 111, 110, 116, 101, 110, 116, 58, 32, 67, 111, 110, 116, 101, 110, 116, 41, 32, 45, 62, 32, 67, 111, 110, 116, 101, 110, 116, 32, 119, 104, 101, 114, 101, 32, 67, 111, 110, 116, 101, 110, 116, 32, 58, 32, 86, 105, 101, 119, 92, 110, 32, 32, 32, 32, 32, 32, 32, 32, 32, 32, 32, 32, 32, 32, 32, 32, 32, 32, 32, 32, 32, 32, 32, 94, 92, 110, 92, 47, 85, 115, 101, 114, 115, 92, 47, 114, 117, 110, 110, 101, 114, 92, 47, 119, 111, 114, 107, 92, 47, 105, 111, 115, 65, 112, 112, 92, 47, 105, 111, 115, 65, 112, 112, 92, 47, 105, 111, 115, 65, 112, 112, 92, 47, 86, 105, 101, 119, 115, 92, 47, 83, 99, 114, 101, 101, 110, 115, 92, 47, 68, 101, 118, 105, 99, 101, 115, 92, 47, 68, 101, 118, 105, 99, 101, 84, 121, 112, 101, 77, 97, 110, 97, 103, 101, 114, 86, 105, 101, 119, 46, 115, 119, 105, 102, 116, 58, 51, 48, 53, 58, 55, 56, 58, 32, 101, 114, 114, 111, 114, 58, 32, 101, 120, 116, 114, 97, 32, 97, 114, 103, 117, 109, 101, 110, 116, 32, 105, 110, 32, 99, 97, 108, 108, 92, 110, 32, 32, 32, 32, 32, 32, 32, 32, 32, 32, 32, 32, 32, 32, 32, 32, 32, 32, 32, 32, 32, 32, 32, 32, 32, 32, 32, 32, 32, 32, 32, 32, 108, 101, 116, 32, 110, 97, 109, 101, 32, 61, 32, 70, 105, 114, 101, 115, 116, 111, 114, 101, 72, 101, 108, 112, 101, 114, 46, 103, 101, 116, 83, 116, 114, 105, 110, 103, 40, 102, 105, 101, 108, 100, 115, 44, 32, 92, 34, 100, 105, 115, 112, 108, 97, 121, 78, 97, 109, 101, 92, 34, 41, 92, 110, 32, 32, 32, 32, 32, 32, 32, 32, 32, 32, 32, 32, 32, 32, 32, 32, 32, 32, 32, 32, 32, 32, 32, 32, 32, 32, 32, 32, 32, 32, 32, 32, 32, 32, 32, 32, 32, 32, 32, 32, 32, 32, 32, 32, 32, 32, 32, 32, 32, 32, 32, 32, 32, 32, 32, 32, 32, 32, 32, 32, 32, 32, 32, 32, 32, 32, 32, 32, 126, 126, 126, 126, 126, 126, 126, 126, 126, 94, 126, 126, 126, 126, 126, 126, 126, 126, 126, 126, 126, 126, 126, 92, 110, 92, 47, 85, 115, 101, 114, 115, 92, 47, 114, 117, 110, 110, 101, 114, 92, 47, 119, 111, 114, 107, 92, 47, 105, 111, 115, 65, 112, 112, 92, 47, 105, 111, 115, 65, 112, 112, 92, 47, 105, 111, 115, 65, 112, 112, 92, 47, 86, 105, 101, 119, 115, 92, 47, 83, 99, 114, 101, 101, 110, 115, 92, 47, 83, 117, 112, 112, 111, 114, 116, 92, 47, 83, 112, 101, 99, 105, 97, 108, 105, 115, 116, 84, 101, 97, 109, 77, 97, 110, 97, 103, 101, 114, 86, 105, 101, 119, 46, 115, 119, 105, 102, 116, 58, 50, 50, 54, 58, 49, 55, 58, 32, 101, 114, 114, 111, 114, 58, 32, 115, 116, 97, 116, 105, 99, 32, 109, 101, 116, 104, 111, 100, 32, 39, 98, 117, 105, 108, 100, 69, 120, 112, 114, 101, 115, 115, 105, 111, 110, 39, 32, 114, 101, 113, 117, 105, 114, 101, 115, 32, 116, 104, 97, 116, 32, 39, 84, 111, 111, 108, 98, 97, 114, 73, 116, 101, 109, 60, 40, 41, 44, 32, 66, 117, 116, 116, 111, 110, 60, 84, 101, 120, 116, 62, 62, 39, 32, 99, 111, 110, 102, 111, 114, 109, 32, 116, 111, 32, 39, 86, 105, 101, 119, 39, 92, 110, 32, 32, 32, 32, 32, 32, 32, 32, 32, 32, 32, 32, 32, 32, 32, 32, 84, 111, 111, 108, 98, 97, 114, 73, 116, 101, 109, 40, 112, 108, 97, 99, 101, 109, 101, 110, 116, 58, 32, 46, 110, 97, 118, 105, 103, 97, 116, 105, 111, 110, 66, 97, 114, 76, 101, 97, 100, 105, 110, 103, 41, 32, 123, 92, 110, 32, 32, 32, 32, 32, 32, 32, 32, 32, 32, 32, 32, 32, 32, 32, 32, 94, 92, 110, 83, 119, 105, 102, 116, 85, 73, 46, 86, 105, 101, 119, 66, 117, 105, 108, 100, 101, 114, 58, 51, 58, 50, 52, 58, 32, 110, 111, 116, 101, 58, 32, 119, 104, 101, 114, 101, 32, 39, 67, 111, 110, 116, 101, 110, 116, 39, 32, 61, 32, 39, 84, 111, 111, 108, 98, 97, 114, 73, 116, 101, 109, 60, 40, 41, 44, 32, 66, 117, 116, 116, 111, 110, 60, 84, 101, 120, 116, 62, 62, 39, 92, 110, 32, 32, 32, 32, 112, 117, 98, 108, 105, 99, 32, 115, 116, 97, 116, 105, 99, 32, 102, 117, 110, 99, 32, 98, 117, 105, 108, 100, 69, 120, 112, 114, 101, 115, 115, 105, 111, 110, 60, 67, 111, 110, 116, 101, 110, 116, 62, 40, 95, 32, 99, 111, 110, 116, 101, 110, 116, 58, 32, 67, 111, 110, 116, 101, 110, 116, 41, 32, 45, 62, 32, 67, 111, 110, 116, 101, 110, 116, 32, 119, 104, 101, 114, 101, 32, 67, 111, 110, 116, 101, 110, 116, 32, 58, 32, 86, 105, 101, 119, 92, 110, 32, 32, 32, 32, 32, 32, 32, 32, 32, 32, 32, 32, 32, 32, 32, 32, 32, 32, 32, 32, 32, 32, 32, 94, 92, 110, 92, 47, 85, 115, 101, 114, 115, 92, 47, 114, 117, 110, 110, 101, 114, 92, 47, 119, 111, 114, 107, 92, 47, 105, 111, 115, 65, 112, 112, 92, 47, 105, 111, 115, 65, 112, 112, 92, 47, 105, 111, 115, 65, 112, 112, 92, 47, 86, 105, 101, 119, 115, 92, 47, 83, 99, 114, 101, 101, 110, 115, 92, 47, 83, 117, 112, 112, 111, 114, 116, 92, 47, 83, 117, 112, 112, 111, 114, 116, 82, 97, 116, 105, 110, 103, 82, 101, 112, 111, 114, 116, 86, 105, 101, 119, 46, 115, 119, 105, 102, 116, 58, 50, 57, 57, 58, 50, 57, 58, 32, 101, 114, 114, 111, 114, 58, 32, 97, 114, 103, 117, 109, 101, 110, 116, 32, 39, 112, 114, 105, 111, 114, 105, 116, 121, 39, 32, 109, 117, 115, 116, 32, 112, 114, 101, 99, 101, 100, 101, 32, 97, 114, 103, 117, 109, 101, 110, 116, 32, 39, 99, 114, 101, 97, 116, 101, 100, 65, 116, 39, 92, 110, 32, 32, 32, 32, 32, 32, 32, 32, 32, 32, 32, 32, 32, 32, 32, 32, 32, 32, 32, 32, 32, 32, 32, 32, 32, 32, 32, 32, 112, 114, 105, 111, 114, 105, 116, 121, 58, 32, 70, 105, 114, 101, 115, 116, 111, 114, 101, 72, 101, 108, 112, 101, 114, 46, 103, 101, 116, 83, 116, 114, 105, 110, 103, 40, 102, 105, 101, 108, 100, 115, 91, 92, 34, 112, 114, 105, 111, 114, 105, 116, 121, 92, 34, 93, 32, 97, 115, 63, 32, 91, 83, 116, 114, 105, 110, 103, 58, 32, 65, 110, 121, 93, 41, 44, 92, 110, 126, 126, 126, 126, 126, 126, 126, 126, 126, 126, 126, 126, 126, 126, 126, 126, 126, 126, 126, 126, 126, 126, 126, 126, 126, 126, 126, 126, 94, 126, 126, 126, 126, 126, 126, 126, 126, 126, 126, 126, 126, 126, 126, 126, 126, 126, 126, 126, 126, 126, 126, 126, 126, 126, 126, 126, 126, 126, 126, 126, 126, 126, 126, 126, 126, 126, 126, 126, 126, 126, 126, 126, 126, 126, 126, 126, 126, 126, 126, 126, 126, 126, 126, 126, 126, 126, 126, 126, 126, 126, 126, 126, 126, 126, 126, 126, 126, 126, 126, 126, 126, 92, 110, 92, 47, 85, 115, 101, 114, 115, 92, 47, 114, 117, 110, 110, 101, 114, 92, 47, 119, 111, 114, 107, 92, 47, 105, 111, 115, 65, 112, 112, 92, 47, 105, 111, 115, 65, 112, 112, 92, 47, 105, 111, 115, 65, 112, 112, 92, 47, 86, 105, 101, 119, 115, 92, 47, 83, 99, 114, 101, 101, 110, 115, 92, 47, 83, 117, 112, 112, 111, 114, 116, 92, 47, 79, 110, 108, 105, 110, 101, 75, 116, 118, 77, 111, 110, 105, 116, 111, 114, 86, 105, 101, 119, 46, 115, 119, 105, 102, 116, 58, 51, 55, 52, 58, 50, 51, 58, 32, 101, 114, 114, 111, 114, 58, 32, 99, 97, 110, 110, 111, 116, 32, 102, 105, 110, 100, 32, 39, 87, 101, 98, 82, 116, 99, 67, 97, 108, 108, 77, 97, 110, 97, 103, 101, 114, 39, 32, 105, 110, 32, 115, 99, 111, 112, 101, 92, 110, 32, 32, 32, 32, 32, 32, 32, 32, 32, 32, 32, 32, 32, 32, 32, 32, 32, 32, 32, 32, 32, 32, 87, 101, 98, 82, 116, 99, 67, 97, 108, 108, 77, 97, 110, 97, 103, 101, 114, 46, 115, 104, 97, 114, 101, 100, 46, 115, 116, 97, 114, 116, 67, 97, 108, 108, 40, 116, 97, 114, 103, 101, 116, 69, 109, 97, 105, 108, 58, 32, 107, 116, 118, 46, 101, 109, 97, 105, 108, 44, 32, 116, 97, 114, 103, 101, 116, 78, 97, 109, 101, 58, 32, 107, 116, 118, 46, 110, 97, 109, 101, 44, 32, 99, 97, 108, 108, 101, 114, 78, 97, 109, 101, 58, 32, 115, 117, 112, 112, 111, 114, 116, 86, 77, 46, 117, 115, 101, 114, 46, 102, 117, 108, 108, 78, 97, 109, 101, 44, 32, 99, 97, 108, 108, 101, 114, 69, 109, 97, 105, 108, 58, 32, 115, 117, 112, 112, 111, 114, 116, 86, 77, 46, 117, 115, 101, 114, 46, 101, 109, 97, 105, 108, 41, 92, 110, 32, 32, 32, 32, 32, 32, 32, 32, 32, 32, 32, 32, 32, 32, 32, 32, 32, 32, 32, 32, 32, 32, 94, 126, 126, 126, 126, 126, 126, 126, 126, 126, 126, 126, 126, 126, 126, 126, 126, 92, 110, 92, 47, 85, 115, 101, 114, 115, 92, 47, 114, 117, 110, 110, 101, 114, 92, 47, 119, 111, 114, 107, 92, 47, 105, 111, 115, 65, 112, 112, 92, 47, 105, 111, 115, 65, 112, 112, 92, 47, 105, 111, 115, 65, 112, 112, 92, 47, 86, 105, 101, 119, 115, 92, 47, 83, 99, 114, 101, 101, 110, 115, 92, 47, 83, 117, 112, 112, 111, 114, 116, 92, 47, 79, 110, 108, 105, 110, 101, 75, 116, 118, 77, 111, 110, 105, 116, 111, 114, 86, 105, 101, 119, 46, 115, 119, 105, 102, 116, 58, 52, 52, 54, 58, 52, 51, 58, 32, 101, 114, 114, 111, 114, 58, 32, 99, 97, 110, 110, 111, 116, 32, 102, 105, 110, 100, 32, 39, 107, 116, 118, 39, 32, 105, 110, 32, 115, 99, 111, 112, 101, 92, 110, 32, 32, 32, 32, 32, 32, 32, 32, 105, 102, 32, 108, 101, 116, 32, 117, 114, 108, 32, 61, 32, 85, 82, 76, 40, 115, 116, 114, 105, 110, 103, 58, 32, 92, 34, 116, 101, 108, 58, 92, 47, 92, 47, 92, 92, 40, 107, 116, 118, 46, 112, 104, 111, 110, 101, 41, 92, 34, 41, 44, 32, 85, 73, 65, 112, 112, 108, 105, 99, 97, 116, 105, 111, 110, 46, 115, 104, 97, 114, 101, 100, 46, 99, 97, 110, 79, 112, 101, 110, 85, 82, 76, 40, 117, 114, 108, 41, 32, 123, 92, 110, 32, 32, 32, 32, 32, 32, 32, 32, 32, 32, 32, 32, 32, 32, 32, 32, 32, 32, 32, 32, 32, 32, 32, 32, 32, 32, 32, 32, 32, 32, 32, 32, 32, 32, 32, 32, 32, 32, 32, 32, 32, 32, 94, 126, 126, 92, 110, 92, 47, 85, 115, 101, 114, 115, 92, 47, 114, 117, 110, 110, 101, 114, 92, 47, 119, 111, 114, 107, 92, 47, 105, 111, 115, 65, 112, 112, 92, 47, 105, 111, 115, 65, 112, 112, 92, 47, 105, 111, 115, 65, 112, 112, 92, 47, 86, 105, 101, 119, 115, 92, 47, 83, 99, 114, 101, 101, 110, 115, 92, 47, 83, 117, 112, 112, 111, 114, 116, 92, 47, 79, 110, 108, 105, 110, 101, 75, 116, 118, 77, 111, 110, 105, 116, 111, 114, 86, 105, 101, 119, 46, 115, 119, 105, 102, 116, 58, 52, 53, 50, 58, 51, 57, 58, 32, 101, 114, 114, 111, 114, 58, 32, 99, 97, 110, 110, 111, 116, 32, 102, 105, 110, 100, 32, 39, 107, 116, 118, 39, 32, 105, 110, 32, 115, 99, 111, 112, 101, 92, 110, 32, 32, 32, 32, 32, 32, 32, 32, 108, 101, 116, 32, 117, 114, 108, 83, 116, 114, 32, 61, 32, 92, 34, 109, 97, 112, 115, 58, 92, 47, 92, 47, 63, 100, 97, 100, 100, 114, 61, 92, 92, 40, 107, 116, 118, 46, 108, 97, 116, 105, 116, 117, 100, 101, 41, 44, 92, 92, 40, 107, 116, 118, 46, 108, 111, 110, 103, 105, 116, 117, 100, 101, 41, 92, 34, 92, 110, 32, 32, 32, 32, 32, 32, 32, 32, 32, 32, 32, 32, 32, 32, 32, 32, 32, 32, 32, 32, 32, 32, 32, 32, 32, 32, 32, 32, 32, 32, 32, 32, 32, 32, 32, 32, 32, 32, 94, 126, 126, 92, 110, 92, 47, 85, 115, 101, 114, 115, 92, 47, 114, 117, 110, 110, 101, 114, 92, 47, 119, 111, 114, 107, 92, 47, 105, 111, 115, 65, 112, 112, 92, 47, 105, 111, 115, 65, 112, 112, 92, 47, 105, 111, 115, 65, 112, 112, 92, 47, 86, 105, 101, 119, 115, 92, 47, 83, 99, 114, 101, 101, 110, 115, 92, 47, 83, 117, 112, 112, 111, 114, 116, 92, 47, 79, 110, 108, 105, 110, 101, 75, 116, 118, 77, 111, 110, 105, 116, 111, 114, 86, 105, 101, 119, 46, 115, 119, 105, 102, 116, 58, 52, 53, 50, 58, 53, 53, 58, 32, 101, 114, 114, 111, 114, 58, 32, 99, 97, 110, 110, 111, 116, 32, 102, 105, 110, 100, 32, 39, 107, 116, 118, 39, 32, 105, 110, 32, 115, 99, 111, 112, 101, 92, 110, 32, 32, 32, 32, 32, 32, 32, 32, 108, 101, 116, 32, 117, 114, 108, 83, 116, 114, 32, 61, 32, 92, 34, 109, 97, 112, 115, 58, 92, 47, 92, 47, 63, 100, 97, 100, 100, 114, 61, 92, 92, 40, 107, 116, 118, 46, 108, 97, 116, 105, 116, 117, 100, 101, 41, 44, 92, 92, 40, 107, 116, 118, 46, 108, 111, 110, 103, 105, 116, 117, 100, 101, 41, 92, 34, 92, 110, 32, 32, 32, 32, 32, 32, 32, 32, 32, 32, 32, 32, 32, 32, 32, 32, 32, 32, 32, 32, 32, 32, 32, 32, 32, 32, 32, 32, 32, 32, 32, 32, 32, 32, 32, 32, 32, 32, 32, 32, 32, 32, 32, 32, 32, 32, 32, 32, 32, 32, 32, 32, 32, 32, 94, 126, 126, 92, 110, 92, 47, 85, 115, 101, 114, 115, 92, 47, 114, 117, 110, 110, 101, 114, 92, 47, 119, 111, 114, 107, 92, 47, 105, 111, 115, 65, 112, 112, 92, 47, 105, 111, 115, 65, 112, 112, 92, 47, 105, 111, 115, 65, 112, 112, 92, 47, 86, 105, 101, 119, 115, 92, 47, 83, 99, 114, 101, 101, 110, 115, 92, 47, 83, 117, 112, 112, 111, 114, 116, 92, 47, 83, 116, 97, 102, 102, 83, 117, 112, 112, 111, 114, 116, 86, 105, 101, 119, 46, 115, 119, 105, 102, 116, 58, 49, 54, 48, 58, 53, 48, 58, 32, 119, 97, 114, 110, 105, 110, 103, 58, 32, 108, 101, 102, 116, 32, 115, 105, 100, 101, 32, 111, 102, 32, 110, 105, 108, 32, 99, 111, 97, 108, 101, 115, 99, 105, 110, 103, 32, 111, 112, 101, 114, 97, 116, 111, 114, 32, 39, 63, 63, 39, 32, 104, 97, 115, 32, 110, 111, 110, 45, 111, 112, 116, 105, 111, 110, 97, 108, 32, 116, 121, 112, 101, 32, 39, 83, 116, 114, 105, 110, 103, 39, 44, 32, 115, 111, 32, 116, 104, 101, 32, 114, 105, 103, 104, 116, 32, 115, 105, 100, 101, 32, 105, 115, 32, 110, 101, 118, 101, 114, 32, 117, 115, 101, 100, 92, 110, 32, 32, 32, 32, 32, 32, 32, 32, 108, 101, 116, 32, 116, 111, 107, 101, 110, 32, 61, 32, 97, 117, 116, 104, 86, 105, 101, 119, 77, 111, 100, 101, 108, 46, 99, 117, 114, 114, 101, 110, 116, 73, 100, 84, 111, 107, 101, 110, 32, 63, 63, 32, 92, 34, 92, 34, 92, 110, 32, 32, 32, 32, 32, 32, 32, 32, 32, 32, 32, 32, 32, 32, 32, 32, 32, 32, 32, 32, 126, 126, 126, 126, 126, 126, 126, 126, 126, 126, 126, 126, 126, 126, 126, 126, 126, 126, 126, 126, 126, 126, 126, 126, 126, 126, 126, 126, 126, 94, 126, 126, 126, 126, 92, 110, 32, 32, 32, 32, 32, 32, 32, 32, 32, 32, 32, 32, 32, 32, 32, 32, 32, 32, 32, 32, 32, 32, 32, 32, 32, 32, 32, 32, 32, 32, 32, 32, 32, 32, 32, 32, 32, 32, 32, 32, 32, 32, 32, 32, 32, 32, 32, 32, 92, 110, 92, 47, 85, 115, 101, 114, 115, 92, 47, 114, 117, 110, 110, 101, 114, 92, 47, 119, 111, 114, 107, 92, 47, 105, 111, 115, 65, 112, 112, 92, 47, 105, 111, 115, 65, 112, 112, 92, 47, 105, 111, 115, 65, 112, 112, 92, 47, 86, 105, 101, 119, 115, 92, 47, 83, 99, 114, 101, 101, 110, 115, 92, 47, 83, 117, 112, 112, 111, 114, 116, 92, 47, 83, 116, 97, 102, 102, 83, 117, 112, 112, 111, 114, 116, 86, 105, 101, 119, 46, 115, 119, 105, 102, 116, 58, 49, 56, 48, 58, 55, 51, 58, 32, 101, 114, 114, 111, 114, 58, 32, 101, 120, 116, 114, 97, 32, 97, 114, 103, 117, 109, 101, 110, 116, 32, 105, 110, 32, 99, 97, 108, 108, 92, 110, 32, 32, 32, 32, 32, 32, 32, 32, 32, 32, 32, 32, 32, 32, 32, 32, 32, 32, 32, 32, 32, 32, 32, 32, 32, 32, 32, 32, 108, 101, 116, 32, 99, 73, 100, 32, 61, 32, 70, 105, 114, 101, 115, 116, 111, 114, 101, 72, 101, 108, 112, 101, 114, 46, 103, 101, 116, 83, 116, 114, 105, 110, 103, 40, 102, 105, 101, 108, 100, 115, 44, 32, 92, 34, 99, 114, 101, 97, 116, 111, 114, 73, 100, 92, 34, 41, 92, 110, 32, 32, 32, 32, 32, 32, 32, 32, 32, 32, 32, 32, 32, 32, 32, 32, 32, 32, 32, 32, 32, 32, 32, 32, 32, 32, 32, 32, 32, 32, 32, 32, 32, 32, 32, 32, 32, 32, 32, 32, 32, 32, 32, 32, 32, 32, 32, 32, 32, 32, 32, 32, 32, 32, 32, 32, 32, 32, 32, 32, 32, 32, 32, 126, 126, 126, 126, 126, 126, 126, 126, 126, 94, 126, 126, 126, 126, 126, 126, 126, 126, 126, 126, 126, 92, 110, 92, 47, 85, 115, 101, 114, 115, 92, 47, 114, 117, 110, 110, 101, 114, 92, 47, 119, 111, 114, 107, 92, 47, 105, 111, 115, 65, 112, 112, 92, 47, 105, 111, 115, 65, 112, 112, 92, 47, 105, 111, 115, 65, 112, 112, 92, 47, 86, 105, 101, 119, 115, 92, 47, 83, 99, 114, 101, 101, 110, 115, 92, 47, 83, 117, 112, 112, 111, 114, 116, 92, 47, 83, 116, 97, 102, 102, 83, 117, 112, 112, 111, 114, 116, 86, 105, 101, 119, 46, 115, 119, 105, 102, 116, 58, 49, 56, 54, 58, 55, 56, 58, 32, 101, 114, 114, 111, 114, 58, 32, 101, 120, 116, 114, 97, 32, 97, 114, 103, 117, 109, 101, 110, 116, 32, 105, 110, 32, 99, 97, 108, 108, 92, 110, 32, 32, 32, 32, 32, 32, 32, 32, 32, 32, 32, 32, 32, 32, 32, 32, 32, 32, 32, 32, 32, 32, 32, 32, 32, 32, 32, 32, 32, 32, 32, 32, 32, 32, 32, 32, 116, 105, 116, 108, 101, 58, 32, 70, 105, 114, 101, 115, 116, 111, 114, 101, 72, 101, 108, 112, 101, 114, 46, 103, 101, 116, 83, 116, 114, 105, 110, 103, 40, 102, 105, 101, 108, 100, 115, 44, 32, 92, 34, 116, 105, 116, 108, 101, 92, 34, 41, 44, 92, 110, 32, 32, 32, 32, 32, 32, 32, 32, 32, 32, 32, 32, 32, 32, 32, 32, 32, 32, 32, 32, 32, 32, 32, 32, 32, 32, 32, 32, 32, 32, 32, 32, 32, 32, 32, 32, 32, 32, 32, 32, 32, 32, 32, 32, 32, 32, 32, 32, 32, 32, 32, 32, 32, 32, 32, 32, 32, 32, 32, 32, 32, 32, 32, 32, 32, 32, 32, 32, 126, 126, 126, 126, 126, 126, 126, 126, 126, 94, 126, 126, 126, 126, 126, 126, 126, 92, 110, 92, 47, 85, 115, 101, 114, 115, 92, 47, 114, 117, 110, 110, 101, 114, 92, 47, 119, 111, 114, 107, 92, 47, 105, 111, 115, 65, 112, 112, 92, 47, 105, 111, 115, 65, 112, 112, 92, 47, 105, 111, 115, 65, 112, 112, 92, 47, 86, 105, 101, 119, 115, 92, 47, 83, 99, 114, 101, 101, 110, 115, 92, 47, 83, 117, 112, 112, 111, 114, 116, 92, 47, 83, 116, 97, 102, 102, 83, 117, 112, 112, 111, 114, 116, 86, 105, 101, 119, 46, 115, 119, 105, 102, 116, 58, 49, 56, 55, 58, 56, 52, 58, 32, 101, 114, 114, 111, 114, 58, 32, 101, 120, 116, 114, 97, 32, 97, 114, 103, 117, 109, 101, 110, 116, 32, 105, 110, 32, 99, 97, 108, 108, 92, 110, 32, 32, 32, 32, 32, 32, 32, 32, 32, 32, 32, 32, 32, 32, 32, 32, 32, 32, 32, 32, 32, 32, 32, 32, 32, 32, 32, 32, 32, 32, 32, 32, 32, 32, 32, 32, 100, 101, 115, 99, 114, 105, 112, 116, 105, 111, 110, 58, 32, 70, 105, 114, 101, 115, 116, 111, 114, 101, 72, 101, 108, 112, 101, 114, 46, 103, 101, 116, 83, 116, 114, 105, 110, 103, 40, 102, 105, 101, 108, 100, 115, 44, 32, 92, 34, 100, 101, 115, 99, 114, 105, 112, 116, 105, 111, 110, 92, 34, 41, 44, 92, 110, 32, 32, 32, 32, 32, 32, 32, 32, 32, 32, 32, 32, 32, 32, 32, 32, 32, 32, 32, 32, 32, 32, 32, 32, 32, 32, 32, 32, 32, 32, 32, 32, 32, 32, 32, 32, 32, 32, 32, 32, 32, 32, 32, 32, 32, 32, 32, 32, 32, 32, 32, 32, 32, 32, 32, 32, 32, 32, 32, 32, 32, 32, 32, 32, 32, 32, 32, 32, 32, 32, 32, 32, 32, 32, 126, 126, 126, 126, 126, 126, 126, 126, 126, 94, 126, 126, 126, 126, 126, 126, 126, 126, 126, 126, 126, 126, 126, 92, 110, 92, 47, 85, 115, 101, 114, 115, 92, 47, 114, 117, 110, 110, 101, 114, 92, 47, 119, 111, 114, 107, 92, 47, 105, 111, 115, 65, 112, 112, 92, 47, 105, 111, 115, 65, 112, 112, 92, 47, 105, 111, 115, 65, 112, 112, 92, 47, 86, 105, 101, 119, 115, 92, 47, 83, 99, 114, 101, 101, 110, 115, 92, 47, 83, 117, 112, 112, 111, 114, 116, 92, 47, 83, 116, 97, 102, 102, 83, 117, 112, 112, 111, 114, 116, 86, 105, 101, 119, 46, 115, 119, 105, 102, 116, 58, 49, 56, 56, 58, 55, 57, 58, 32, 101, 114, 114, 111, 114, 58, 32, 101, 120, 116, 114, 97, 32, 97, 114, 103, 117, 109, 101, 110, 116, 32, 105, 110, 32, 99, 97, 108, 108, 92, 110, 32, 32, 32, 32, 32, 32, 32, 32, 32, 32, 32, 32, 32, 32, 32, 32, 32, 32, 32, 32, 32, 32, 32, 32, 32, 32, 32, 32, 32, 32, 32, 32, 32, 32, 32, 32, 115, 116, 97, 116, 117, 115, 58, 32, 70, 105, 114, 101, 115, 116, 111, 114, 101, 72, 101, 108, 112, 101, 114, 46, 103, 101, 116, 83, 116, 114, 105, 110, 103, 40, 102, 105, 101, 108, 100, 115, 44, 32, 92, 34, 115, 116, 97, 116, 117, 115, 92, 34, 41, 44, 92, 110, 32, 32, 32, 32, 32, 32, 32, 32, 32, 32, 32, 32, 32, 32, 32, 32, 32, 32, 32, 32, 32, 32, 32, 32, 32, 32, 32, 32, 32, 32, 32, 32, 32, 32, 32, 32, 32, 32, 32, 32, 32, 32, 32, 32, 32, 32, 32, 32, 32, 32, 32, 32, 32, 32, 32, 32, 32, 32, 32, 32, 32, 32, 32, 32, 32, 32, 32, 32, 32, 126, 126, 126, 126, 126, 126, 126, 126, 126, 94, 126, 126, 126, 126, 126, 126, 126, 126, 92, 110, 92, 47, 85, 115, 101, 114, 115, 92, 47, 114, 117, 110, 110, 101, 114, 92, 47, 119, 111, 114, 107, 92, 47, 105, 111, 115, 65, 112, 112, 92, 47, 105, 111, 115, 65, 112, 112, 92, 47, 105, 111, 115, 65, 112, 112, 92, 47, 86, 105, 101, 119, 115, 92, 47, 83, 99, 114, 101, 101, 110, 115, 92, 47, 83, 117, 112, 112, 111, 114, 116, 92, 47, 83, 116, 97, 102, 102, 83, 117, 112, 112, 111, 114, 116, 86, 105, 101, 119, 46, 115, 119, 105, 102, 116, 58, 49, 56, 57, 58, 56, 49, 58, 32, 101, 114, 114, 111, 114, 58, 32, 101, 120, 116, 114, 97, 32, 97, 114, 103, 117, 109, 101, 110, 116, 32, 105, 110, 32, 99, 97, 108, 108, 92, 110, 32, 32, 32, 32, 32, 32, 32, 32, 32, 32, 32, 32, 32, 32, 32, 32, 32, 32, 32, 32, 32, 32, 32, 32, 32, 32, 32, 32, 32, 32, 32, 32, 32, 32, 32, 32, 112, 114, 105, 111, 114, 105, 116, 121, 58, 32, 70, 105, 114, 101, 115, 116, 111, 114, 101, 72, 101, 108, 112, 101, 114, 46, 103, 101, 116, 83, 116, 114, 105, 110, 103, 40, 102, 105, 101, 108, 100, 115, 44, 32, 92, 34, 112, 114, 105, 111, 114, 105, 116, 121, 92, 34, 41, 44, 92, 110, 32, 32, 32, 32, 32, 32, 32, 32, 32, 32, 32, 32, 32, 32, 32, 32, 32, 32, 32, 32, 32, 32, 32, 32, 32, 32, 32, 32, 32, 32, 32, 32, 32, 32, 32, 32, 32, 32, 32, 32, 32, 32, 32, 32, 32, 32, 32, 32, 32, 32, 32, 32, 32, 32, 32, 32, 32, 32, 32, 32, 32, 32, 32, 32, 32, 32, 32, 32, 32, 32, 32, 126, 126, 126, 126, 126, 126, 126, 126, 126, 94, 126, 126, 126, 126, 126, 126, 126, 126, 126, 126, 92, 110, 92, 47, 85, 115, 101, 114, 115, 92, 47, 114, 117, 110, 110, 101, 114, 92, 47, 119, 111, 114, 107, 92, 47, 105, 111, 115, 65, 112, 112, 92, 47, 105, 111, 115, 65, 112, 112, 92, 47, 105, 111, 115, 65, 112, 112, 92, 47, 86, 105, 101, 119, 115, 92, 47, 83, 99, 114, 101, 101, 110, 115, 92, 47, 83, 117, 112, 112, 111, 114, 116, 92, 47, 83, 116, 97, 102, 102, 83, 117, 112, 112, 111, 114, 116, 86, 105, 101, 119, 46, 115, 119, 105, 102, 116, 58, 49, 57, 48, 58, 56, 49, 58, 32, 101, 114, 114, 111, 114, 58, 32, 101, 120, 116, 114, 97, 32, 97, 114, 103, 117, 109, 101, 110, 116, 32, 105, 110, 32, 99, 97, 108, 108, 92, 110, 32, 32, 32, 32, 32, 32, 32, 32, 32, 32, 32, 32, 32, 32, 32, 32, 32, 32, 32, 32, 32, 32, 32, 32, 32, 32, 32, 32, 32, 32, 32, 32, 32, 32, 32, 32, 99, 97, 116, 101, 103, 111, 114, 121, 58, 32, 70, 105, 114, 101, 115, 116, 111, 114, 101, 72, 101, 108, 112, 101, 114, 46, 103, 101, 116, 83, 116, 114, 105, 110, 103, 40, 102, 105, 101, 108, 100, 115, 44, 32, 92, 34, 99, 97, 116, 101, 103, 111, 114, 121, 92, 34, 41, 44, 92, 110, 32, 32, 32, 32, 32, 32, 32, 32, 32, 32, 32, 32, 32, 32, 32, 32, 32, 32, 32, 32, 32, 32, 32, 32, 32, 32, 32, 32, 32, 32, 32, 32, 32, 32, 32, 32, 32, 32, 32, 32, 32, 32, 32, 32, 32, 32, 32, 32, 32, 32, 32, 32, 32, 32, 32, 32, 32, 32, 32, 32, 32, 32, 32, 32, 32, 32, 32, 32, 32, 32, 32, 126, 126, 126, 126, 126, 126, 126, 126, 126, 94, 126, 126, 126, 126, 126, 126, 126, 126, 126, 126, 92, 110, 92, 47, 85, 115, 101, 114, 115, 92, 47, 114, 117, 110, 110, 101, 114, 92, 47, 119, 111, 114, 107, 92, 47, 105, 111, 115, 65, 112, 112, 92, 47, 105, 111, 115, 65, 112, 112, 92, 47, 105, 111, 115, 65, 112, 112, 92, 47, 86, 105, 101, 119, 115, 92, 47, 83, 99, 114, 101, 101, 110, 115, 92, 47, 83, 117, 112, 112, 111, 114, 116, 92, 47, 83, 116, 97, 102, 102, 83, 117, 112, 112, 111, 114, 116, 86, 105, 101, 119, 46, 115, 119, 105, 102, 116, 58, 49, 57, 50, 58, 56, 49, 58, 32, 101, 114, 114, 111, 114, 58, 32, 101, 120, 116, 114, 97, 32, 97, 114, 103, 117, 109, 101, 110, 116, 32, 105, 110, 32, 99, 97, 108, 108, 92, 110, 32, 32, 32, 32, 32, 32, 32, 32, 32, 32, 32, 32, 32, 32, 32, 32, 32, 32, 32, 32, 32, 32, 32, 32, 32, 32, 32, 32, 32, 32, 32, 32, 32, 32, 32, 32, 99, 114, 101, 97, 116, 101, 100, 65, 116, 58, 32, 70, 105, 114, 101, 115, 116, 111, 114, 101, 72, 101, 108, 112, 101, 114, 46, 103, 101, 116, 73, 110, 116, 54, 52, 40, 102, 105, 101, 108, 100, 115, 44, 32, 92, 34, 99, 114, 101, 97, 116, 101, 100, 65, 116, 92, 34, 41, 92, 110, 32, 32, 32, 32, 32, 32, 32, 32, 32, 32, 32, 32, 32, 32, 32, 32, 32, 32, 32, 32, 32, 32, 32, 32, 32, 32, 32, 32, 32, 32, 32, 32, 32, 32, 32, 32, 32, 32, 32, 32, 32, 32, 32, 32, 32, 32, 32, 32, 32, 32, 32, 32, 32, 32, 32, 32, 32, 32, 32, 32, 32, 32, 32, 32, 32, 32, 32, 32, 32, 32, 32, 126, 126, 126, 126, 126, 126, 126, 126, 126, 94, 126, 126, 126, 126, 126, 126, 126, 126, 126, 126, 126, 92, 110, 92, 47, 85, 115, 101, 114, 115, 92, 47, 114, 117, 110, 110, 101, 114, 92, 47, 119, 111, 114, 107, 92, 47, 105, 111, 115, 65, 112, 112, 92, 47, 105, 111, 115, 65, 112, 112, 92, 47, 105, 111, 115, 65, 112, 112, 92, 47, 86, 105, 101, 119, 115, 92, 47, 83, 99, 114, 101, 101, 110, 115, 92, 47, 83, 117, 112, 112, 111, 114, 116, 92, 47, 83, 116, 97, 102, 102, 83, 117, 112, 112, 111, 114, 116, 86, 105, 101, 119, 46, 115, 119, 105, 102, 116, 58, 50, 57, 56, 58, 53, 48, 58, 32, 119, 97, 114, 110, 105, 110, 103, 58, 32, 108, 101, 102, 116, 32, 115, 105, 100, 101, 32, 111, 102, 32, 110, 105, 108, 32, 99, 111, 97, 108, 101, 115, 99, 105, 110, 103, 32, 111, 112, 101, 114, 97, 116, 111, 114, 32, 39, 63, 63, 39, 32, 104, 97, 115, 32, 110, 111, 110, 45, 111, 112, 116, 105, 111, 110, 97, 108, 32, 116, 121, 112, 101, 32, 39, 83, 116, 114, 105, 110, 103, 39, 44, 32, 115, 111, 32, 116, 104, 101, 32, 114, 105, 103, 104, 116, 32, 115, 105, 100, 101, 32, 105, 115, 32, 110, 101, 118, 101, 114, 32, 117, 115, 101, 100, 92, 110, 32, 32, 32, 32, 32, 32, 32, 32, 108, 101, 116, 32, 116, 111, 107, 101, 110, 32, 61, 32, 97, 117, 116, 104, 86, 105, 101, 119, 77, 111, 100, 101, 108, 46, 99, 117, 114, 114, 101, 110, 116, 73, 100, 84, 111, 107, 101, 110, 32, 63, 63, 32, 92, 34, 92, 34, 92, 110, 32, 32, 32, 32, 32, 32, 32, 32, 32, 32, 32, 32, 32, 32, 32, 32, 32, 32, 32, 32, 126, 126, 126, 126, 126, 126, 126, 126, 126, 126, 126, 126, 126, 126, 126, 126, 126, 126, 126, 126, 126, 126, 126, 126, 126, 126, 126, 126, 126, 94, 126, 126, 126, 126, 92, 110, 32, 32, 32, 32, 32, 32, 32, 32, 32, 32, 32, 32, 32, 32, 32, 32, 32, 32, 32, 32, 32, 32, 32, 32, 32, 32, 32, 32, 32, 32, 32, 32, 32, 32, 32, 32, 32, 32, 32, 32, 32, 32, 32, 32, 32, 32, 32, 32, 92, 110, 92, 47, 85, 115, 101, 114, 115, 92, 47, 114, 117, 110, 110, 101, 114, 92, 47, 119, 111, 114, 107, 92, 47, 105, 111, 115, 65, 112, 112, 92, 47, 105, 111, 115, 65, 112, 112, 92, 47, 105, 111, 115, 65, 112, 112, 92, 47, 86, 105, 101, 119, 115, 92, 47, 83, 99, 114, 101, 101, 110, 115, 92, 47, 83, 117, 112, 112, 111, 114, 116, 92, 47, 83, 116, 97, 102, 102, 83, 117, 112, 112, 111, 114, 116, 86, 105, 101, 119, 46, 115, 119, 105, 102, 116, 58, 51, 48, 48, 58, 53, 49, 58, 32, 101, 114, 114, 111, 114, 58, 32, 118, 97, 108, 117, 101, 32, 111, 102, 32, 116, 121, 112, 101, 32, 39, 85, 115, 101, 114, 39, 32, 104, 97, 115, 32, 110, 111, 32, 109, 101, 109, 98, 101, 114, 32, 39, 110, 97, 109, 101, 39, 92, 110, 32, 32, 32, 32, 32, 32, 32, 32, 108, 101, 116, 32, 117, 115, 101, 114, 78, 97, 109, 101, 32, 61, 32, 97, 117, 116, 104, 86, 105, 101, 119, 77, 111, 100, 101, 108, 46, 99, 117, 114, 114, 101, 110, 116, 85, 115, 101, 114, 63, 46, 110, 97, 109, 101, 32, 63, 63, 32, 92, 34, 92, 34, 92, 110, 32, 32, 32, 32, 32, 32, 32, 32, 32, 32, 32, 32, 32, 32, 32, 32, 32, 32, 32, 32, 32, 32, 32, 126, 126, 126, 126, 126, 126, 126, 126, 126, 126, 126, 126, 126, 126, 126, 126, 126, 126, 126, 126, 126, 126, 126, 126, 126, 126, 32, 94, 126, 126, 126, 92, 110, 92, 47, 85, 115, 101, 114, 115, 92, 47, 114, 117, 110, 110, 101, 114, 92, 47, 119, 111, 114, 107, 92, 47, 105, 111, 115, 65, 112, 112, 92, 47, 105, 111, 115, 65, 112, 112, 92, 47, 105, 111, 115, 65, 112, 112, 92, 47, 86, 105, 101, 119, 115, 92, 47, 83, 99, 114, 101, 101, 110, 115, 92, 47, 65, 117, 116, 104, 92, 47, 80, 101, 110, 100, 105, 110, 103, 65, 112, 112, 114, 111, 118, 97, 108, 86, 105, 101, 119, 46, 115, 119, 105, 102, 116, 58, 49, 50, 56, 58, 53, 48, 58, 32, 119, 97, 114, 110, 105, 110, 103, 58, 32, 108, 101, 102, 116, 32, 115, 105, 100, 101, 32, 111, 102, 32, 110, 105, 108, 32, 99, 111, 97, 108, 101, 115, 99, 105, 110, 103, 32, 111, 112, 101, 114, 97, 116, 111, 114, 32, 39, 63, 63, 39, 32, 104, 97, 115, 32, 110, 111, 110, 45, 111, 112, 116, 105, 111, 110, 97, 108, 32, 116, 121, 112, 101, 32, 39, 83, 116, 114, 105, 110, 103, 39, 44, 32, 115, 111, 32, 116, 104, 101, 32, 114, 105, 103, 104, 116, 32, 115, 105, 100, 101, 32, 105, 115, 32, 110, 101, 118, 101, 114, 32, 117, 115, 101, 100, 92, 110, 32, 32, 32, 32, 32, 32, 32, 32, 108, 101, 116, 32, 116, 111, 107, 101, 110, 32, 61, 32, 97, 117, 116, 104, 86, 105, 101, 119, 77, 111, 100, 101, 108, 46, 99, 117, 114, 114, 101, 110, 116, 73, 100, 84, 111, 107, 101, 110, 32, 63, 63, 32, 92, 34, 92, 34, 92, 110, 32, 32, 32, 32, 32, 32, 32, 32, 32, 32, 32, 32, 32, 32, 32, 32, 32, 32, 32, 32, 126, 126, 126, 126, 126, 126, 126, 126, 126, 126, 126, 126, 126, 126, 126, 126, 126, 126, 126, 126, 126, 126, 126, 126, 126, 126, 126, 126, 126, 94, 126, 126, 126, 126, 92, 110, 32, 32, 32, 32, 32, 32, 32, 32, 32, 32, 32, 32, 32, 32, 32, 32, 32, 32, 32, 32, 32, 32, 32, 32, 32, 32, 32, 32, 32, 32, 32, 32, 32, 32, 32, 32, 32, 32, 32, 32, 32, 32, 32, 32, 32, 32, 32, 32, 92, 110, 92, 47, 85, 115, 101, 114, 115, 92, 47, 114, 117, 110, 110, 101, 114, 92, 47, 119, 111, 114, 107, 92, 47, 105, 111, 115, 65, 112, 112, 92, 47, 105, 111, 115, 65, 112, 112, 92, 47, 105, 111, 115, 65, 112, 112, 92, 47, 86, 105, 101, 119, 115, 92, 47, 83, 99, 114, 101, 101, 110, 115, 92, 47, 65, 117, 116, 104, 92, 47, 80, 101, 110, 100, 105, 110, 103, 65, 112, 112, 114, 111, 118, 97, 108, 86, 105, 101, 119, 46, 115, 119, 105, 102, 116, 58, 49, 52, 57, 58, 55, 56, 58, 32, 101, 114, 114, 111, 114, 58, 32, 101, 120, 116, 114, 97, 32, 97, 114, 103, 117, 109, 101, 110, 116, 32, 105, 110, 32, 99, 97, 108, 108, 92, 110, 32, 32, 32, 32, 32, 32, 32, 32, 32, 32, 32, 32, 32, 32, 32, 32, 32, 32, 32, 32, 32, 32, 32, 32, 32, 32, 32, 32, 108, 101, 116, 32, 105, 115, 65, 112, 112, 114, 111, 118, 101, 100, 32, 61, 32, 70, 105, 114, 101, 115, 116, 111, 114, 101, 72, 101, 108, 112, 101, 114, 46, 103, 101, 116, 66, 111, 111, 108, 40, 102, 105, 101, 108, 100, 115, 44, 32, 92, 34, 105, 115, 65, 112, 112, 114, 111, 118, 101, 100, 92, 34, 41, 92, 110, 32, 32, 32, 32, 32, 32, 32, 32, 32, 32, 32, 32, 32, 32, 32, 32, 32, 32, 32, 32, 32, 32, 32, 32, 32, 32, 32, 32, 32, 32, 32, 32, 32, 32, 32, 32, 32, 32, 32, 32, 32, 32, 32, 32, 32, 32, 32, 32, 32, 32, 32, 32, 32, 32, 32, 32, 32, 32, 32, 32, 32, 32, 32, 32, 32, 32, 32, 32, 126, 126, 126, 126, 126, 126, 126, 126, 126, 94, 126, 126, 126, 126, 126, 126, 126, 126, 126, 126, 126, 126, 92, 110, 92, 47, 85, 115, 101, 114, 115, 92, 47, 114, 117, 110, 110, 101, 114, 92, 47, 119, 111, 114, 107, 92, 47, 105, 111, 115, 65, 112, 112, 92, 47, 105, 111, 115, 65, 112, 112, 92, 47, 105, 111, 115, 65, 112, 112, 92, 47, 86, 105, 101, 119, 115, 92, 47, 83, 99, 114, 101, 101, 110, 115, 92, 47, 65, 116, 116, 101, 110, 100, 97, 110, 99, 101, 92, 47, 65, 116, 116, 101, 110, 100, 97, 110, 99, 101, 72, 105, 115, 116, 111, 114, 121, 86, 105, 101, 119, 46, 115, 119, 105, 102, 116, 58, 49, 53, 49, 58, 50, 55, 58, 32, 101, 114, 114, 111, 114, 58, 32, 118, 97, 108, 117, 101, 32, 111, 102, 32, 116, 121, 112, 101, 32, 39, 65, 116, 116, 101, 110, 100, 97, 110, 99, 101, 82, 101, 99, 111, 114, 100, 39, 32, 104, 97, 115, 32, 110, 111, 32, 109, 101, 109, 98, 101, 114, 32, 39, 119, 111, 114, 107, 68, 117, 114, 97, 116, 105, 111, 110, 39, 92, 110, 32, 32, 32, 32, 32, 32, 32, 32, 32, 32, 32, 32, 32, 32, 32, 32, 105, 102, 32, 114, 101, 99, 111, 114, 100, 46, 119, 111, 114, 107, 68, 117, 114, 97, 116, 105, 111, 110, 32, 62, 32, 48, 32, 123, 92, 110, 32, 32, 32, 32, 32, 32, 32, 32, 32, 32, 32, 32, 32, 32, 32, 32, 32, 32, 32, 126, 126, 126, 126, 126, 126, 32, 94, 126, 126, 126, 126, 126, 126, 126, 126, 126, 126, 126, 92, 110, 92, 47, 85, 115, 101, 114, 115, 92, 47, 114, 117, 110, 110, 101, 114, 92, 47, 119, 111, 114, 107, 92, 47, 105, 111, 115, 65, 112, 112, 92, 47, 105, 111, 115, 65, 112, 112, 92, 47, 105, 111, 115, 65, 112, 112, 92, 47, 86, 105, 101, 119, 115, 92, 47, 83, 99, 114, 101, 101, 110, 115, 92, 47, 65, 116, 116, 101, 110, 100, 97, 110, 99, 101, 92, 47, 65, 116, 116, 101, 110, 100, 97, 110, 99, 101, 72, 105, 115, 116, 111, 114, 121, 86, 105, 101, 119, 46, 115, 119, 105, 102, 116, 58, 49, 55, 48, 58, 53, 48, 58, 32, 119, 97, 114, 110, 105, 110, 103, 58, 32, 108, 101, 102, 116, 32, 115, 105, 100, 101, 32, 111, 102, 32, 110, 105, 108, 32, 99, 111, 97, 108, 101, 115, 99, 105, 110, 103, 32, 111, 112, 101, 114, 97, 116, 111, 114, 32, 39, 63, 63, 39, 32, 104, 97, 115, 32, 110, 111, 110, 45, 111, 112, 116, 105, 111, 110, 97, 108, 32, 116, 121, 112, 101, 32, 39, 83, 116, 114, 105, 110, 103, 39, 44, 32, 115, 111, 32, 116, 104, 101, 32, 114, 105, 103, 104, 116, 32, 115, 105, 100, 101, 32, 105, 115, 32, 110, 101, 118, 101, 114, 32, 117, 115, 101, 100, 92, 110, 32, 32, 32, 32, 32, 32, 32, 32, 108, 101, 116, 32, 116, 111, 107, 101, 110, 32, 61, 32, 97, 117, 116, 104, 86, 105, 101, 119, 77, 111, 100, 101, 108, 46, 99, 117, 114, 114, 101, 110, 116, 73, 100, 84, 111, 107, 101, 110, 32, 63, 63, 32, 92, 34, 92, 34, 92, 110, 32, 32, 32, 32, 32, 32, 32, 32, 32, 32, 32, 32, 32, 32, 32, 32, 32, 32, 32, 32, 126, 126, 126, 126, 126, 126, 126, 126, 126, 126, 126, 126, 126, 126, 126, 126, 126, 126, 126, 126, 126, 126, 126, 126, 126, 126, 126, 126, 126, 94, 126, 126, 126, 126, 92, 110, 32, 32, 32, 32, 32, 32, 32, 32, 32, 32, 32, 32, 32, 32, 32, 32, 32, 32, 32, 32, 32, 32, 32, 32, 32, 32, 32, 32, 32, 32, 32, 32, 32, 32, 32, 32, 32, 32, 32, 32, 32, 32, 32, 32, 32, 32, 32, 32, 92, 110, 34, 44, 10, 32, 32, 34, 112, 114, 111, 99, 101, 115, 115, 34, 58, 32, 123, 10, 32, 32, 32, 32, 34, 114, 101, 97, 108, 95, 112, 105, 100, 34, 58, 32, 56, 55, 51, 57, 10, 32, 32, 125, 44, 10, 32, 32, 34, 101, 120, 105, 116, 45, 115, 116, 97, 116, 117, 115, 34, 58, 32, 49, 10, 125, 10]` (in target 'iosApp' from project 'iosApp')
2026-09-26T20:19:25.6743230Z ** ARCHIVE FAILED **
2026-09-26T20:19:25.6743320Z 
2026-09-26T20:19:25.6743330Z 
2026-09-26T20:19:25.6743460Z The following build commands failed:
2026-09-26T20:19:25.6743750Z 	CompileSwift normal arm64 (in target 'iosApp' from project 'iosApp')
2026-09-26T20:19:25.6760040Z 	SwiftCompile normal arm64 Compiling\ iOSApp.swift,\ MainContainerView.swift,\ AppColors.swift,\ UserModels.swift,\ DeviceModels.swift,\ TicketModels.swift,\ AttendanceModels.swift,\ ShiftModels.swift,\ OrganizationModels.swift,\ FirebaseConfig.swift,\ FirestoreHelper.swift,\ AuthService.swift,\ AuthViewModel.swift,\ HomeViewModel.swift,\ DeviceViewModel.swift,\ SupportViewModel.swift,\ AttendanceViewModel.swift,\ ShiftViewModel.swift,\ LoginView.swift,\ AppSidebarDrawer.swift,\ HomeScreenView.swift,\ DeviceListView.swift,\ SupportHubView.swift,\ TicketChatDetailView.swift,\ AttendanceCheckInView.swift,\ ShiftScheduleView.swift,\ PeripheralsView.swift,\ AssetStatisticsView.swift,\ QRScannerView.swift,\ AddDeviceView.swift,\ PrintQrLabelView.swift,\ SystemNotificationsView.swift,\ SystemSettingsView.swift,\ CompanyBannerTickerView.swift,\ AdminViewModel.swift,\ UserManagementView.swift,\ ApproveStaffView.swift,\ DepartmentManagerView.swift,\ UnitRegionManagerView.swift,\ PaywallLicenseView.swift,\ DeviceTypeManagerView.swift,\ SpecialistTeamManagerView.swift,\ SupportRatingReportView.swift,\ OnlineKtvMonitorView.swift,\ StaffSupportView.swift,\ PendingApprovalView.swift,\ AttendanceHistoryView.swift,\ InfoView.swift,\ AttendanceReportView.swift,\ AdminTicketListView.swift,\ HelpView.swift,\ LichSuView.swift,\ SuperAdminPortalView.swift,\ ResetPasswordView.swift,\ GeneratedAssetSymbols.swift /Users/runner/work/iosApp/iosApp/iosApp/iOSApp.swift /Users/runner/work/iosApp/iosApp/iosApp/App/MainContainerView.swift /Users/runner/work/iosApp/iosApp/iosApp/Theme/AppColors.swift /Users/runner/work/iosApp/iosApp/iosApp/Models/UserModels.swift /Users/runner/work/iosApp/iosApp/iosApp/Models/DeviceModels.swift /Users/runner/work/iosApp/iosApp/iosApp/Models/TicketModels.swift /Users/runner/work/iosApp/iosApp/iosApp/Models/AttendanceModels.swift /Users/runner/work/iosApp/iosApp/iosApp/Models/ShiftModels.swift /Users/runner/work/iosApp/iosApp/iosApp/Models/OrganizationModels.swift /Users/runner/work/iosApp/iosApp/iosApp/Services/FirebaseConfig.swift /Users/runner/work/iosApp/iosApp/iosApp/Services/FirestoreHelper.swift /Users/runner/work/iosApp/iosApp/iosApp/Services/AuthService.swift /Users/runner/work/iosApp/iosApp/iosApp/ViewModels/AuthViewModel.swift /Users/runner/work/iosApp/iosApp/iosApp/ViewModels/HomeViewModel.swift /Users/runner/work/iosApp/iosApp/iosApp/ViewModels/DeviceViewModel.swift /Users/runner/work/iosApp/iosApp/iosApp/ViewModels/SupportViewModel.swift /Users/runner/work/iosApp/iosApp/iosApp/ViewModels/AttendanceViewModel.swift /Users/runner/work/iosApp/iosApp/iosApp/ViewModels/ShiftViewModel.swift /Users/runner/work/iosApp/iosApp/iosApp/Views/Screens/Auth/LoginView.swift /Users/runner/work/iosApp/iosApp/iosApp/Views/Screens/Home/AppSidebarDrawer.swift /Users/runner/work/iosApp/iosApp/iosApp/Views/Screens/Home/HomeScreenView.swift /Users/runner/work/iosApp/iosApp/iosApp/Views/Screens/Devices/DeviceListView.swift /Users/runner/work/iosApp/iosApp/iosApp/Views/Screens/Support/SupportHubView.swift /Users/runner/work/iosApp/iosApp/iosApp/Views/Screens/Support/TicketChatDetailView.swift /Users/runner/work/iosApp/iosApp/iosApp/Views/Screens/Attendance/AttendanceCheckInView.swift /Users/runner/work/iosApp/iosApp/iosApp/Views/Screens/Shift/ShiftScheduleView.swift /Users/runner/work/iosApp/iosApp/iosApp/Views/Screens/Peripherals/PeripheralsView.swift /Users/runner/work/iosApp/iosApp/iosApp/Views/Screens/Statistics/AssetStatisticsView.swift /Users/runner/work/iosApp/iosApp/iosApp/Views/Screens/Scanner/QRScannerView.swift /Users/runner/work/iosApp/iosApp/iosApp/Views/Screens/Devices/AddDeviceView.swift /Users/runner/work/iosApp/iosApp/iosApp/Views/Screens/Devices/PrintQrLabelView.swift /Users/runner/work/iosApp/iosApp/iosApp/Views/Screens/Notifications/SystemNotificationsView.swift /Users/runner/work/iosApp/iosApp/iosApp/Views/Screens/Settings/SystemSettingsView.swift /Users/runner/work/iosApp/iosApp/iosApp/Views/Components/CompanyBannerTickerView.swift /Users/runner/work/iosApp/iosApp/iosApp/ViewModels/AdminViewModel.swift /Users/runner/work/iosApp/iosApp/iosApp/Views/Screens/Admin/UserManagementView.swift /Users/runner/work/iosApp/iosApp/iosApp/Views/Screens/Admin/ApproveStaffView.swift /Users/runner/work/iosApp/iosApp/iosApp/Views/Screens/Admin/DepartmentManagerView.swift /Users/runner/work/iosApp/iosApp/iosApp/Views/Screens/Admin/UnitRegionManagerView.swift /Users/runner/work/iosApp/iosApp/iosApp/Views/Screens/Admin/PaywallLicenseView.swift /Users/runner/work/iosApp/iosApp/iosApp/Views/Screens/Devices/DeviceTypeManagerView.swift /Users/runner/work/iosApp/iosApp/iosApp/Views/Screens/Support/SpecialistTeamManagerView.swift /Users/runner/work/iosApp/iosApp/iosApp/Views/Screens/Support/SupportRatingReportView.swift /Users/runner/work/iosApp/iosApp/iosApp/Views/Screens/Support/OnlineKtvMonitorView.swift /Users/runner/work/iosApp/iosApp/iosApp/Views/Screens/Support/StaffSupportView.swift /Users/runner/work/iosApp/iosApp/iosApp/Views/Screens/Auth/PendingApprovalView.swift /Users/runner/work/iosApp/iosApp/iosApp/Views/Screens/Attendance/AttendanceHistoryView.swift /Users/runner/work/iosApp/iosApp/iosApp/App/InfoView.swift /Users/runner/work/iosApp/iosApp/iosApp/Views/Screens/Attendance/AttendanceReportView.swift /Users/runner/work/iosApp/iosApp/iosApp/Views/Screens/Admin/AdminTicketListView.swift /Users/runner/work/iosApp/iosApp/iosApp/App/HelpView.swift /Users/runner/work/iosApp/iosApp/iosApp/Views/Screens/Devices/LichSuView.swift /Users/runner/work/iosApp/iosApp/iosApp/Views/Screens/Admin/SuperAdminPortalView.swift /Users/runner/work/iosApp/iosApp/iosApp/Views/Screens/Auth/ResetPasswordView.swift /Users/runner/Library/Developer/Xcode/DerivedData/iosApp-futeksqscqzjpibtkonmeslsyvzw/Build/Intermediates.noindex/ArchiveIntermediates/iosApp/IntermediateBuildFilesPath/iosApp.build/Release-iphoneos/iosApp.build/DerivedSources/GeneratedAssetSymbols.swift (in target 'iosApp' from project 'iosApp')
2026-09-26T20:19:25.6775660Z (2 failures)
2026-09-26T20:19:25.6776620Z ProcessInfoPlistFile /Users/runner/Library/Developer/Xcode/DerivedData/iosApp-futeksqscqzjpibtkonmeslsyvzw/Build/Intermediates.noindex/ArchiveIntermediates/iosApp/InstallationBuildProductsLocation/Applications/iosApp.app/Info.plist /Users/runner/work/iosApp/iosApp/iosApp/Info.plist (in target 'iosApp' from project 'iosApp')
2026-09-26T20:19:25.6777560Z     cd /Users/runner/work/iosApp/iosApp
2026-09-26T20:19:25.6780760Z     builtin-infoPlistUtility /Users/runner/work/iosApp/iosApp/iosApp/Info.plist -producttype com.apple.product-type.application -genpkginfo /Users/runner/Library/Developer/Xcode/DerivedData/iosApp-futeksqscqzjpibtkonmeslsyvzw/Build/Intermediates.noindex/ArchiveIntermediates/iosApp/InstallationBuildProductsLocation/Applications/iosApp.app/PkgInfo -expandbuildsettings -format binary -platform iphoneos -additionalcontentfile /Users/runner/Library/Developer/Xcode/DerivedData/iosApp-futeksqscqzjpibtkonmeslsyvzw/Build/Intermediates.noindex/ArchiveIntermediates/iosApp/IntermediateBuildFilesPath/iosApp.build/Release-iphoneos/iosApp.build/assetcatalog_generated_info.plist -scanforprivacyfile /Users/runner/Library/Developer/Xcode/DerivedData/iosApp-futeksqscqzjpibtkonmeslsyvzw/Build/Intermediates.noindex/ArchiveIntermediates/iosApp/InstallationBuildProductsLocation/Applications/iosApp.app/Frameworks/WebRTC.framework -requiredArchitecture arm64 -o /Users/runner/Library/Developer/Xcode/DerivedData/iosApp-futeksqscqzjpibtkonmeslsyvzw/Build/Intermediates.noindex/ArchiveIntermediates/iosApp/InstallationBuildProductsLocation/Applications/iosApp.app/Info.plist
2026-09-26T20:19:25.6784720Z /Users/runner/work/iosApp/iosApp/iosApp.xcodeproj: warning: User-supplied CFBundleIdentifier value 'com.saigoncoop.qltb' in the Info.plist must be the same as the PRODUCT_BUNDLE_IDENTIFIER build setting value 'com.huyenhan.qltb.iosApp'. (in target 'iosApp' from project 'iosApp')
2026-09-26T20:19:25.6785410Z 
2026-09-26T20:19:25.6790000Z ##[error]Process completed with exit code 65.
2026-09-26T20:19:25.6909400Z Post job cleanup.
2026-09-26T20:19:25.8449500Z (node:10377) [DEP0040] DeprecationWarning: The `punycode` module is deprecated. Please use a userland alternative instead.
2026-09-26T20:19:25.8450110Z (Use `node --trace-deprecation ...` to show where the warning was created)
2026-09-26T20:19:25.8580830Z Post job cleanup.
2026-09-26T20:19:25.9542940Z [command]/opt/homebrew/bin/git version
2026-09-26T20:19:25.9605800Z git version 2.55.0
2026-09-26T20:19:25.9621880Z Copying '/Users/runner/.gitconfig' to '/Users/runner/work/_temp/5a9521d2-d280-4cdc-a21c-fb058a533a7b/.gitconfig'
2026-09-26T20:19:25.9629440Z Temporarily overriding HOME='/Users/runner/work/_temp/5a9521d2-d280-4cdc-a21c-fb058a533a7b' before making global git config changes
2026-09-26T20:19:25.9630150Z Adding repository directory to the temporary git global config as a safe directory
2026-09-26T20:19:25.9632830Z [command]/opt/homebrew/bin/git config --global --add safe.directory /Users/runner/work/iosApp/iosApp
2026-09-26T20:19:25.9673570Z [command]/opt/homebrew/bin/git config --local --name-only --get-regexp core\.sshCommand
2026-09-26T20:19:25.9707180Z [command]/opt/homebrew/bin/git submodule foreach --recursive sh -c "git config --local --name-only --get-regexp 'core\.sshCommand' && git config --local --unset-all 'core.sshCommand' || :"
2026-09-26T20:19:26.0242250Z [command]/opt/homebrew/bin/git config --local --name-only --get-regexp http\.https\:\/\/github\.com\/\.extraheader
2026-09-26T20:19:26.0272110Z http.https://github.com/.extraheader
2026-09-26T20:19:26.0278150Z [command]/opt/homebrew/bin/git config --local --unset-all http.https://github.com/.extraheader
2026-09-26T20:19:26.0315190Z [command]/opt/homebrew/bin/git submodule foreach --recursive sh -c "git config --local --name-only --get-regexp 'http\.https\:\/\/github\.com\/\.extraheader' && git config --local --unset-all 'http.https://github.com/.extraheader' || :"
2026-09-26T20:19:26.0730940Z [command]/opt/homebrew/bin/git config --local --name-only --get-regexp ^includeIf\.gitdir:
2026-09-26T20:19:26.0762450Z [command]/opt/homebrew/bin/git submodule foreach --recursive git config --local --show-origin --name-only --get-regexp remote.origin.url
2026-09-26T20:19:26.1276730Z Cleaning up orphan processes
2026-09-26T20:19:26.3542370Z Terminate orphan process: pid (8638) (ibtoold)
2026-09-26T20:19:26.3830350Z Terminate orphan process: pid (8386) (ibtoold)
2026-09-26T20:19:26.5834860Z ##[warning]Node.js 20 is deprecated. The following actions target Node.js 20 but are being forced to run on Node.js 24: actions/checkout@v4, actions/setup-java@v4. For more information see: https://github.blog/changelog/2025-09-19-deprecation-of-node-20-on-github-actions-runners/
