2026-09-26T20:11:10.7893130Z Current runner version: '2.337.0'
2026-09-26T20:11:10.7908240Z ##[group]Runner Image Provisioner
2026-09-26T20:11:10.7908760Z Hosted Compute Agent
2026-09-26T20:11:10.7909120Z Version: 20260828.587
2026-09-26T20:11:10.7909500Z Commit: abac92662cab4cc7352de4f9f9d2e2419aad9c29
2026-09-26T20:11:10.7910010Z Build Date: 2026-08-28T16:44:25Z
2026-09-26T20:11:10.7910730Z Worker ID: {9cfe2492-47b6-47a0-90df-56327be3160b}
2026-09-26T20:11:10.7911160Z Azure Region: westus
2026-09-26T20:11:10.7911510Z ##[endgroup]
2026-09-26T20:11:10.7912310Z ##[group]Operating System
2026-09-26T20:11:10.7912720Z macOS
2026-09-26T20:11:10.7913040Z 14.8.9
2026-09-26T20:11:10.7913340Z 23J631
2026-09-26T20:11:10.7913730Z ##[endgroup]
2026-09-26T20:11:10.7914090Z ##[group]Runner Image
2026-09-26T20:11:10.7914520Z Image: macos-14-arm64
2026-09-26T20:11:10.7914900Z Version: 20260831.0302.1
2026-09-26T20:11:10.7915700Z Included Software: https://github.com/actions/runner-images/blob/macos-14-arm64/20260831.0302/images/macos/macos-14-arm64-Readme.md
2026-09-26T20:11:10.7916670Z Image Release: https://github.com/actions/runner-images/releases/tag/macos-14-arm64%2F20260831.0302
2026-09-26T20:11:10.7917330Z ##[endgroup]
2026-09-26T20:11:10.7918010Z ##[group]GITHUB_TOKEN Permissions
2026-09-26T20:11:10.7919010Z Contents: write
2026-09-26T20:11:10.7968600Z Metadata: read
2026-09-26T20:11:10.7969840Z ##[endgroup]
2026-09-26T20:11:10.7974260Z Secret source: Actions
2026-09-26T20:11:10.7975570Z Cache mode: write
2026-09-26T20:11:10.7976550Z Prepare workflow directory
2026-09-26T20:11:10.8286750Z Prepare all required actions
2026-09-26T20:11:10.8318990Z Getting action download info
2026-09-26T20:11:11.0814000Z Download action repository 'actions/checkout@v4' (SHA:11d5960a326750d5838078e36cf38b85af677262)
2026-09-26T20:11:11.3296210Z Download action repository 'actions/setup-java@v4' (SHA:cf277c60eb25467037889841efdb72551f06f6c3)
2026-09-26T20:11:12.0543680Z Download action repository 'actions/upload-artifact@v4' (SHA:ea165f8d65b6e75b540449e92b4886f43607fa02)
2026-09-26T20:11:12.1583140Z Download action repository 'softprops/action-gh-release@v2' (SHA:3bb12739c298aeb8a4eeaf626c5b8d85266b0e65)
2026-09-26T20:11:12.7537620Z Complete job name: Build iOS Application (.ipa)
2026-09-26T20:11:12.8083500Z ##[group]Run actions/checkout@v4
2026-09-26T20:11:12.8084100Z with:
2026-09-26T20:11:12.8084450Z   repository: meonam/iosApp
2026-09-26T20:11:12.8089120Z   token: ***
2026-09-26T20:11:12.8089450Z   ssh-strict: true
2026-09-26T20:11:12.8089790Z   ssh-user: git
2026-09-26T20:11:12.8090120Z   persist-credentials: true
2026-09-26T20:11:12.8090500Z   clean: true
2026-09-26T20:11:12.8090830Z   sparse-checkout-cone-mode: true
2026-09-26T20:11:12.8091240Z   fetch-depth: 1
2026-09-26T20:11:12.8091710Z   fetch-tags: false
2026-09-26T20:11:12.8092130Z   show-progress: true
2026-09-26T20:11:12.8092550Z   lfs: false
2026-09-26T20:11:12.8092880Z   submodules: false
2026-09-26T20:11:12.8093230Z   set-safe-directory: true
2026-09-26T20:11:12.8093630Z   allow-unsafe-pr-checkout: false
2026-09-26T20:11:12.8094240Z ##[endgroup]
2026-09-26T20:11:12.9586320Z Syncing repository: meonam/iosApp
2026-09-26T20:11:12.9587970Z ##[group]Getting Git version info
2026-09-26T20:11:12.9588870Z Working directory is '/Users/runner/work/iosApp/iosApp'
2026-09-26T20:11:12.9589840Z [command]/opt/homebrew/bin/git version
2026-09-26T20:11:12.9841190Z git version 2.55.0
2026-09-26T20:11:12.9859110Z ##[endgroup]
2026-09-26T20:11:12.9865430Z Copying '/Users/runner/.gitconfig' to '/Users/runner/work/_temp/820ef316-1a4d-42e1-908c-6f22f8c143ec/.gitconfig'
2026-09-26T20:11:12.9869260Z Temporarily overriding HOME='/Users/runner/work/_temp/820ef316-1a4d-42e1-908c-6f22f8c143ec' before making global git config changes
2026-09-26T20:11:12.9870940Z Adding repository directory to the temporary git global config as a safe directory
2026-09-26T20:11:12.9872230Z [command]/opt/homebrew/bin/git config --global --add safe.directory /Users/runner/work/iosApp/iosApp
2026-09-26T20:11:12.9986420Z Deleting the contents of '/Users/runner/work/iosApp/iosApp'
2026-09-26T20:11:12.9996890Z ##[group]Initializing the repository
2026-09-26T20:11:13.0000940Z [command]/opt/homebrew/bin/git init /Users/runner/work/iosApp/iosApp
2026-09-26T20:11:13.0215730Z hint: Using 'master' as the name for the initial branch. This default branch name
2026-09-26T20:11:13.0316580Z hint: will change to "main" in Git 3.0. To configure the initial branch name
2026-09-26T20:11:13.0391570Z hint: to use in all of your new repositories, which will suppress this warning,
2026-09-26T20:11:13.0493630Z hint: call:
2026-09-26T20:11:13.0562330Z hint:
2026-09-26T20:11:13.0660610Z hint: 	git config --global init.defaultBranch <name>
2026-09-26T20:11:13.0700910Z hint:
2026-09-26T20:11:13.0749450Z hint: Names commonly chosen instead of 'master' are 'main', 'trunk' and
2026-09-26T20:11:13.0846880Z hint: 'development'. The just-created branch can be renamed via this command:
2026-09-26T20:11:13.0883310Z hint:
2026-09-26T20:11:13.0929870Z hint: 	git branch -m <name>
2026-09-26T20:11:13.0970960Z hint:
2026-09-26T20:11:13.0987060Z hint: Disable this message with "git config set advice.defaultBranchName false"
2026-09-26T20:11:13.0992290Z Initialized empty Git repository in /Users/runner/work/iosApp/iosApp/.git/
2026-09-26T20:11:13.1040650Z [command]/opt/homebrew/bin/git remote add origin https://github.com/meonam/iosApp
2026-09-26T20:11:13.1069760Z ##[endgroup]
2026-09-26T20:11:13.1070670Z ##[group]Disabling automatic garbage collection
2026-09-26T20:11:13.1071990Z [command]/opt/homebrew/bin/git config --local gc.auto 0
2026-09-26T20:11:13.1086970Z ##[endgroup]
2026-09-26T20:11:13.1088360Z ##[group]Setting up auth
2026-09-26T20:11:13.1089300Z [command]/opt/homebrew/bin/git config --local --name-only --get-regexp core\.sshCommand
2026-09-26T20:11:13.1092670Z [command]/opt/homebrew/bin/git submodule foreach --recursive sh -c "git config --local --name-only --get-regexp 'core\.sshCommand' && git config --local --unset-all 'core.sshCommand' || :"
2026-09-26T20:11:13.1345850Z [command]/opt/homebrew/bin/git config --local --name-only --get-regexp http\.https\:\/\/github\.com\/\.extraheader
2026-09-26T20:11:13.1386980Z [command]/opt/homebrew/bin/git submodule foreach --recursive sh -c "git config --local --name-only --get-regexp 'http\.https\:\/\/github\.com\/\.extraheader' && git config --local --unset-all 'http.https://github.com/.extraheader' || :"
2026-09-26T20:11:13.1957170Z [command]/opt/homebrew/bin/git config --local --name-only --get-regexp ^includeIf\.gitdir:
2026-09-26T20:11:13.2002820Z [command]/opt/homebrew/bin/git submodule foreach --recursive git config --local --show-origin --name-only --get-regexp remote.origin.url
2026-09-26T20:11:13.2593300Z [command]/opt/homebrew/bin/git config --local http.https://github.com/.extraheader AUTHORIZATION: basic ***
2026-09-26T20:11:13.2652980Z ##[endgroup]
2026-09-26T20:11:13.2653860Z ##[group]Fetching the repository
2026-09-26T20:11:13.2657960Z [command]/opt/homebrew/bin/git -c protocol.version=2 fetch --no-tags --prune --no-recurse-submodules --depth=1 origin +d237b032e0564f5214eeec884657d1009eb563db:refs/remotes/origin/main
2026-09-26T20:11:14.1257640Z From https://github.com/meonam/iosApp
2026-09-26T20:11:14.1258880Z  * [new ref]         d237b032e0564f5214eeec884657d1009eb563db -> origin/main
2026-09-26T20:11:14.1260880Z ##[endgroup]
2026-09-26T20:11:14.1261610Z ##[group]Determining the checkout info
2026-09-26T20:11:14.1262720Z ##[endgroup]
2026-09-26T20:11:14.1266690Z [command]/opt/homebrew/bin/git sparse-checkout disable
2026-09-26T20:11:14.1320550Z [command]/opt/homebrew/bin/git config --local --unset-all extensions.worktreeConfig
2026-09-26T20:11:14.1377650Z ##[group]Checking out the ref
2026-09-26T20:11:14.1383020Z [command]/opt/homebrew/bin/git checkout --progress --force -B main refs/remotes/origin/main
2026-09-26T20:11:14.1687800Z Switched to a new branch 'main'
2026-09-26T20:11:14.1695100Z branch 'main' set up to track 'origin/main'.
2026-09-26T20:11:14.1705440Z ##[endgroup]
2026-09-26T20:11:14.1775910Z [command]/opt/homebrew/bin/git log -1 --format=%H
2026-09-26T20:11:14.1847070Z d237b032e0564f5214eeec884657d1009eb563db
2026-09-26T20:11:14.2216230Z ##[group]Run actions/setup-java@v4
2026-09-26T20:11:14.2216930Z with:
2026-09-26T20:11:14.2217460Z   distribution: temurin
2026-09-26T20:11:14.2218030Z   java-version: 21
2026-09-26T20:11:14.2218580Z   java-package: jdk
2026-09-26T20:11:14.2219150Z   check-latest: false
2026-09-26T20:11:14.2219720Z   server-id: github
2026-09-26T20:11:14.2220300Z   server-username: GITHUB_ACTOR
2026-09-26T20:11:14.2220940Z   server-password: GITHUB_TOKEN
2026-09-26T20:11:14.2221600Z   overwrite-settings: true
2026-09-26T20:11:14.2222190Z   job-status: success
2026-09-26T20:11:14.2226970Z   token: ***
2026-09-26T20:11:14.2227600Z ##[endgroup]
2026-09-26T20:11:14.3651120Z ##[warning]setup-java v4 is deprecated and will no longer receive updates. Please migrate to actions/setup-java@v5.
2026-09-26T20:11:14.3657270Z ##[group]Installed distributions
2026-09-26T20:11:14.3660800Z Resolved Java 21.0.12+101.0 from tool-cache
2026-09-26T20:11:14.3661610Z Setting Java 21.0.12+101.0 as the default
2026-09-26T20:11:14.3668780Z (node:17761) [DEP0040] DeprecationWarning: The `punycode` module is deprecated. Please use a userland alternative instead.
2026-09-26T20:11:14.3671380Z (Use `node --trace-deprecation ...` to show where the warning was created)
2026-09-26T20:11:14.3672450Z Creating toolchains.xml for JDK version 21 from temurin
2026-09-26T20:11:14.3730440Z Writing to /Users/runner/.m2/toolchains.xml
2026-09-26T20:11:14.3731650Z 
2026-09-26T20:11:14.3732110Z Java configuration:
2026-09-26T20:11:14.3732760Z   Distribution: temurin
2026-09-26T20:11:14.3733380Z   Version: 21.0.12+101.0
2026-09-26T20:11:14.3734380Z   Path: /Users/runner/hostedtoolcache/Java_Temurin-Hotspot_jdk/21.0.12-101.0/arm64/Contents/Home
2026-09-26T20:11:14.3735160Z 
2026-09-26T20:11:14.3735930Z ##[endgroup]
2026-09-26T20:11:14.3750820Z Creating settings.xml with server-id: github
2026-09-26T20:11:14.3754920Z Writing to /Users/runner/.m2/settings.xml
2026-09-26T20:11:14.3885430Z ##[group]Run xcodebuild -version
2026-09-26T20:11:14.3886340Z [36;1mxcodebuild -version[0m
2026-09-26T20:11:14.3887090Z [36;1mecho "macOS Runner Architecture: $(uname -m)"[0m
2026-09-26T20:11:14.3994230Z shell: /bin/bash -e {0}
2026-09-26T20:11:14.3995340Z env:
2026-09-26T20:11:14.3997330Z   JAVA_HOME: /Users/runner/hostedtoolcache/Java_Temurin-Hotspot_jdk/21.0.12-101.0/arm64/Contents/Home
2026-09-26T20:11:14.3999130Z   JAVA_HOME_21_ARM64: /Users/runner/hostedtoolcache/Java_Temurin-Hotspot_jdk/21.0.12-101.0/arm64/Contents/Home
2026-09-26T20:11:14.4000570Z ##[endgroup]
2026-09-26T20:11:14.6131490Z Xcode 15.4
2026-09-26T20:11:14.6133440Z Build version 15F31d
2026-09-26T20:11:14.6157800Z macOS Runner Architecture: arm64
2026-09-26T20:11:14.6211780Z ##[group]Run mkdir -p build
2026-09-26T20:11:14.6212430Z [36;1mmkdir -p build[0m
2026-09-26T20:11:14.6213090Z [36;1mPROJ="iosApp.xcodeproj"[0m
2026-09-26T20:11:14.6213890Z [36;1mif [ -d "iosApp/iosApp.xcodeproj" ]; then[0m
2026-09-26T20:11:14.6214670Z [36;1m  PROJ="iosApp/iosApp.xcodeproj"[0m
2026-09-26T20:11:14.6215480Z [36;1mfi[0m
2026-09-26T20:11:14.6216090Z [36;1mecho "Building project: $PROJ"[0m
2026-09-26T20:11:14.6216940Z [36;1mxcodebuild clean archive \[0m
2026-09-26T20:11:14.6217670Z [36;1m  -project "$PROJ" \[0m
2026-09-26T20:11:14.6218420Z [36;1m  -scheme iosApp \[0m
2026-09-26T20:11:14.6228460Z [36;1m  -configuration Release \[0m
2026-09-26T20:11:14.6229170Z [36;1m  -destination 'generic/platform=iOS' \[0m
2026-09-26T20:11:14.6229930Z [36;1m  -archivePath build/QLTB.xcarchive \[0m
2026-09-26T20:11:14.6230630Z [36;1m  CODE_SIGNING_ALLOWED=NO \[0m
2026-09-26T20:11:14.6231260Z [36;1m  CODE_SIGNING_REQUIRED=NO \[0m
2026-09-26T20:11:14.6231930Z [36;1m  CODE_SIGN_IDENTITY=""[0m
2026-09-26T20:11:14.6283280Z shell: /bin/bash -e {0}
2026-09-26T20:11:14.6283830Z env:
2026-09-26T20:11:14.6284670Z   JAVA_HOME: /Users/runner/hostedtoolcache/Java_Temurin-Hotspot_jdk/21.0.12-101.0/arm64/Contents/Home
2026-09-26T20:11:14.6286280Z   JAVA_HOME_21_ARM64: /Users/runner/hostedtoolcache/Java_Temurin-Hotspot_jdk/21.0.12-101.0/arm64/Contents/Home
2026-09-26T20:11:14.6287320Z ##[endgroup]
2026-09-26T20:11:14.6635750Z Building project: iosApp.xcodeproj
2026-09-26T20:11:15.6164260Z Command line invocation:
2026-09-26T20:11:15.6231970Z     /Applications/Xcode_15.4.app/Contents/Developer/usr/bin/xcodebuild clean archive -project iosApp.xcodeproj -scheme iosApp -configuration Release -destination generic/platform=iOS -archivePath build/QLTB.xcarchive CODE_SIGNING_ALLOWED=NO CODE_SIGNING_REQUIRED=NO CODE_SIGN_IDENTITY=
2026-09-26T20:11:15.6235780Z 
2026-09-26T20:11:15.6237940Z User defaults from command line:
2026-09-26T20:11:15.6238950Z     IDEArchivePathOverride = /Users/runner/work/iosApp/iosApp/build/QLTB.xcarchive
2026-09-26T20:11:15.6240070Z     IDEPackageSupportUseBuiltinSCM = YES
2026-09-26T20:11:15.6240730Z 
2026-09-26T20:11:15.6241130Z Build settings from command line:
2026-09-26T20:11:15.6241380Z     CODE_SIGN_IDENTITY = 
2026-09-26T20:11:15.6241730Z     CODE_SIGNING_ALLOWED = NO
2026-09-26T20:11:15.6241920Z     CODE_SIGNING_REQUIRED = NO
2026-09-26T20:11:15.6242100Z 
2026-09-26T20:11:22.4170880Z Resolve Package Graph
2026-09-26T20:11:22.4722230Z 
2026-09-26T20:11:22.4724830Z Fetching from https://github.com/stasel/WebRTC
2026-09-26T20:11:23.1495210Z 
2026-09-26T20:11:28.1218450Z Creating working copy of package ‘WebRTC’
2026-09-26T20:11:28.1482730Z 
2026-09-26T20:11:28.1483560Z Checking out 125.0.0 of package ‘WebRTC’
2026-09-26T20:11:28.1697320Z 
2026-09-26T20:11:30.3888000Z 
2026-09-26T20:11:30.3888620Z Resolved source packages:
2026-09-26T20:11:30.3889220Z   WebRTC: https://github.com/stasel/WebRTC @ 125.0.0
2026-09-26T20:11:30.3889460Z 
2026-09-26T20:11:30.4524610Z note: Using codesigning identity override: 
2026-09-26T20:11:30.7424270Z 
2026-09-26T20:11:30.7425780Z ** CLEAN SUCCEEDED **
2026-09-26T20:11:30.7425970Z 
2026-09-26T20:11:30.7683860Z Prepare packages
2026-09-26T20:11:30.7684290Z 
2026-09-26T20:11:30.7701980Z note: Using codesigning identity override: 
2026-09-26T20:11:30.7756650Z ComputeTargetDependencyGraph
2026-09-26T20:11:30.7965100Z note: Building targets in dependency order
2026-09-26T20:11:30.7967590Z note: Target dependency graph (2 targets)
2026-09-26T20:11:30.7967800Z     Target 'iosApp' in project 'iosApp'
2026-09-26T20:11:30.7968290Z         ➜ Explicit dependency on target 'WebRTC' in project 'WebRTC'
2026-09-26T20:11:30.7968580Z     Target 'WebRTC' in project 'WebRTC' (no dependencies)
2026-09-26T20:11:30.7978820Z 
2026-09-26T20:11:30.7979970Z GatherProvisioningInputs
2026-09-26T20:11:30.7981410Z 
2026-09-26T20:11:30.8054540Z CreateBuildDescription
2026-09-26T20:11:30.8426770Z 
2026-09-26T20:11:30.8433140Z ExecuteExternalTool /Applications/Xcode_15.4.app/Contents/Developer/usr/bin/actool --print-asset-tag-combinations --output-format xml1 /Users/runner/work/iosApp/iosApp/iosApp/Assets.xcassets
2026-09-26T20:11:32.6587220Z 
2026-09-26T20:11:32.6589330Z ExecuteExternalTool /Applications/Xcode_15.4.app/Contents/Developer/Toolchains/XcodeDefault.xctoolchain/usr/bin/clang -v -E -dM -isysroot /Applications/Xcode_15.4.app/Contents/Developer/Platforms/iPhoneOS.platform/Developer/SDKs/iPhoneOS17.5.sdk -x c -c /dev/null
2026-09-26T20:11:32.6590920Z 
2026-09-26T20:11:32.6591250Z ExecuteExternalTool /Applications/Xcode_15.4.app/Contents/Developer/usr/bin/actool --version --output-format xml1
2026-09-26T20:11:32.6644380Z 
2026-09-26T20:11:32.6659430Z ExecuteExternalTool /Applications/Xcode_15.4.app/Contents/Developer/Toolchains/XcodeDefault.xctoolchain/usr/bin/swiftc -v
2026-09-26T20:11:33.0457230Z 
2026-09-26T20:11:33.0647810Z ExecuteExternalTool /Applications/Xcode_15.4.app/Contents/Developer/Toolchains/XcodeDefault.xctoolchain/usr/bin/ld -version_details
2026-09-26T20:11:33.0717360Z 
2026-09-26T20:11:33.1194340Z Build description signature: cd140eb49e067aafa0cf28b9e46e9ce6
2026-09-26T20:11:33.1196660Z Build description path: /Users/runner/Library/Developer/Xcode/DerivedData/iosApp-futeksqscqzjpibtkonmeslsyvzw/Build/Intermediates.noindex/ArchiveIntermediates/iosApp/IntermediateBuildFilesPath/XCBuildData/cd140eb49e067aafa0cf28b9e46e9ce6.xcbuilddata
2026-09-26T20:11:33.1366170Z CreateBuildDirectory /Users/runner/Library/Developer/Xcode/DerivedData/iosApp-futeksqscqzjpibtkonmeslsyvzw/Build/Intermediates.noindex/ArchiveIntermediates/iosApp/InstallationBuildProductsLocation
2026-09-26T20:11:33.1376550Z     cd /Users/runner/work/iosApp/iosApp/iosApp.xcodeproj
2026-09-26T20:11:33.1391320Z     builtin-create-build-directory /Users/runner/Library/Developer/Xcode/DerivedData/iosApp-futeksqscqzjpibtkonmeslsyvzw/Build/Intermediates.noindex/ArchiveIntermediates/iosApp/InstallationBuildProductsLocation
2026-09-26T20:11:33.1392240Z 
2026-09-26T20:11:33.1410590Z ClangStatCache /Applications/Xcode_15.4.app/Contents/Developer/Toolchains/XcodeDefault.xctoolchain/usr/bin/clang-stat-cache /Applications/Xcode_15.4.app/Contents/Developer/Platforms/iPhoneOS.platform/Developer/SDKs/iPhoneOS17.5.sdk /Users/runner/Library/Developer/Xcode/DerivedData/SDKStatCaches.noindex/iphoneos17.5-21F77-f0fa7969d082b13145125136a829df3a.sdkstatcache
2026-09-26T20:11:33.1417010Z     cd /Users/runner/work/iosApp/iosApp/iosApp.xcodeproj
2026-09-26T20:11:33.1418230Z     /Applications/Xcode_15.4.app/Contents/Developer/Toolchains/XcodeDefault.xctoolchain/usr/bin/clang-stat-cache /Applications/Xcode_15.4.app/Contents/Developer/Platforms/iPhoneOS.platform/Developer/SDKs/iPhoneOS17.5.sdk -o /Users/runner/Library/Developer/Xcode/DerivedData/SDKStatCaches.noindex/iphoneos17.5-21F77-f0fa7969d082b13145125136a829df3a.sdkstatcache
2026-09-26T20:11:33.8968330Z 
2026-09-26T20:11:33.8969210Z CreateBuildDirectory /Users/runner/Library/Developer/Xcode/DerivedData/iosApp-futeksqscqzjpibtkonmeslsyvzw/Build/Intermediates.noindex/ArchiveIntermediates/iosApp/IntermediateBuildFilesPath
2026-09-26T20:11:33.8970330Z     cd /Users/runner/work/iosApp/iosApp/iosApp.xcodeproj
2026-09-26T20:11:33.8971170Z     builtin-create-build-directory /Users/runner/Library/Developer/Xcode/DerivedData/iosApp-futeksqscqzjpibtkonmeslsyvzw/Build/Intermediates.noindex/ArchiveIntermediates/iosApp/IntermediateBuildFilesPath
2026-09-26T20:11:33.8971900Z 
2026-09-26T20:11:33.8972380Z CreateBuildDirectory /Users/runner/Library/Developer/Xcode/DerivedData/iosApp-futeksqscqzjpibtkonmeslsyvzw/Build/Intermediates.noindex/ArchiveIntermediates/iosApp/BuildProductsPath
2026-09-26T20:11:33.8972990Z     cd /Users/runner/work/iosApp/iosApp/iosApp.xcodeproj
2026-09-26T20:11:33.8973620Z     builtin-create-build-directory /Users/runner/Library/Developer/Xcode/DerivedData/iosApp-futeksqscqzjpibtkonmeslsyvzw/Build/Intermediates.noindex/ArchiveIntermediates/iosApp/BuildProductsPath
2026-09-26T20:11:33.8974200Z 
2026-09-26T20:11:33.8975100Z SignatureCollection /Users/runner/Library/Developer/Xcode/DerivedData/iosApp-futeksqscqzjpibtkonmeslsyvzw/Build/Intermediates.noindex/ArchiveIntermediates/iosApp/BuildProductsPath/Release-iphoneos/WebRTC.xcframework-ios.signature
2026-09-26T20:11:33.8975920Z     cd /Users/runner/work/iosApp/iosApp/iosApp.xcodeproj
2026-09-26T20:11:33.8977250Z     builtin-collectSignature --input /Users/runner/Library/Developer/Xcode/DerivedData/iosApp-futeksqscqzjpibtkonmeslsyvzw/SourcePackages/artifacts/webrtc/WebRTC/WebRTC.xcframework --output /Users/runner/Library/Developer/Xcode/DerivedData/iosApp-futeksqscqzjpibtkonmeslsyvzw/Build/Intermediates.noindex/ArchiveIntermediates/iosApp/BuildProductsPath/Release-iphoneos/WebRTC.xcframework-ios.signature --info platform ios --info library WebRTC.framework
2026-09-26T20:11:33.8978460Z 
2026-09-26T20:11:33.8979060Z CreateBuildDirectory /Users/runner/Library/Developer/Xcode/DerivedData/iosApp-futeksqscqzjpibtkonmeslsyvzw/Build/Intermediates.noindex/ArchiveIntermediates/iosApp/BuildProductsPath/Release-iphoneos
2026-09-26T20:11:33.8979940Z     cd /Users/runner/work/iosApp/iosApp/iosApp.xcodeproj
2026-09-26T20:11:33.8980630Z     builtin-create-build-directory /Users/runner/Library/Developer/Xcode/DerivedData/iosApp-futeksqscqzjpibtkonmeslsyvzw/Build/Intermediates.noindex/ArchiveIntermediates/iosApp/BuildProductsPath/Release-iphoneos
2026-09-26T20:11:33.8992860Z 
2026-09-26T20:11:33.8993430Z CreateBuildDirectory /Users/runner/Library/Developer/Xcode/DerivedData/iosApp-futeksqscqzjpibtkonmeslsyvzw/Build/Intermediates.noindex/ArchiveIntermediates/iosApp/IntermediateBuildFilesPath/EagerLinkingTBDs/Release-iphoneos
2026-09-26T20:11:33.8994150Z     cd /Users/runner/work/iosApp/iosApp/iosApp.xcodeproj
2026-09-26T20:11:33.8995000Z     builtin-create-build-directory /Users/runner/Library/Developer/Xcode/DerivedData/iosApp-futeksqscqzjpibtkonmeslsyvzw/Build/Intermediates.noindex/ArchiveIntermediates/iosApp/IntermediateBuildFilesPath/EagerLinkingTBDs/Release-iphoneos
2026-09-26T20:11:33.8995650Z 
2026-09-26T20:11:33.8996180Z CreateBuildDirectory /Users/runner/Library/Developer/Xcode/DerivedData/iosApp-futeksqscqzjpibtkonmeslsyvzw/Build/Intermediates.noindex/ArchiveIntermediates/iosApp/BuildProductsPath/Release-iphoneos/PackageFrameworks
2026-09-26T20:11:33.8996870Z     cd /Users/runner/work/iosApp/iosApp/iosApp.xcodeproj
2026-09-26T20:11:33.8997580Z     builtin-create-build-directory /Users/runner/Library/Developer/Xcode/DerivedData/iosApp-futeksqscqzjpibtkonmeslsyvzw/Build/Intermediates.noindex/ArchiveIntermediates/iosApp/BuildProductsPath/Release-iphoneos/PackageFrameworks
2026-09-26T20:11:33.8998200Z 
2026-09-26T20:11:33.8999100Z ProcessXCFramework /Users/runner/Library/Developer/Xcode/DerivedData/iosApp-futeksqscqzjpibtkonmeslsyvzw/SourcePackages/artifacts/webrtc/WebRTC/WebRTC.xcframework /Users/runner/Library/Developer/Xcode/DerivedData/iosApp-futeksqscqzjpibtkonmeslsyvzw/Build/Intermediates.noindex/ArchiveIntermediates/iosApp/BuildProductsPath/Release-iphoneos/WebRTC.framework ios
2026-09-26T20:11:33.9000150Z     cd /Users/runner/work/iosApp/iosApp/iosApp.xcodeproj
2026-09-26T20:11:33.9001410Z     builtin-process-xcframework --xcframework /Users/runner/Library/Developer/Xcode/DerivedData/iosApp-futeksqscqzjpibtkonmeslsyvzw/SourcePackages/artifacts/webrtc/WebRTC/WebRTC.xcframework --platform ios --target-path /Users/runner/Library/Developer/Xcode/DerivedData/iosApp-futeksqscqzjpibtkonmeslsyvzw/Build/Intermediates.noindex/ArchiveIntermediates/iosApp/BuildProductsPath/Release-iphoneos
2026-09-26T20:11:33.9002570Z 
2026-09-26T20:11:33.9003450Z SymLink /Users/runner/Library/Developer/Xcode/DerivedData/iosApp-futeksqscqzjpibtkonmeslsyvzw/Build/Intermediates.noindex/ArchiveIntermediates/iosApp/BuildProductsPath/Release-iphoneos/iosApp.app ../../InstallationBuildProductsLocation/Applications/iosApp.app (in target 'iosApp' from project 'iosApp')
2026-09-26T20:11:33.9004360Z     cd /Users/runner/work/iosApp/iosApp
2026-09-26T20:11:33.9005370Z     /bin/ln -sfh ../../InstallationBuildProductsLocation/Applications/iosApp.app /Users/runner/Library/Developer/Xcode/DerivedData/iosApp-futeksqscqzjpibtkonmeslsyvzw/Build/Intermediates.noindex/ArchiveIntermediates/iosApp/BuildProductsPath/Release-iphoneos/iosApp.app
2026-09-26T20:11:33.9006090Z 
2026-09-26T20:11:33.9006830Z MkDir /Users/runner/Library/Developer/Xcode/DerivedData/iosApp-futeksqscqzjpibtkonmeslsyvzw/Build/Intermediates.noindex/ArchiveIntermediates/iosApp/InstallationBuildProductsLocation/Applications/iosApp.app/Frameworks (in target 'iosApp' from project 'iosApp')
2026-09-26T20:11:33.9007620Z     cd /Users/runner/work/iosApp/iosApp
2026-09-26T20:11:33.9008340Z     /bin/mkdir -p /Users/runner/Library/Developer/Xcode/DerivedData/iosApp-futeksqscqzjpibtkonmeslsyvzw/Build/Intermediates.noindex/ArchiveIntermediates/iosApp/InstallationBuildProductsLocation/Applications/iosApp.app/Frameworks
2026-09-26T20:11:33.9009090Z 
2026-09-26T20:11:33.9009760Z MkDir /Users/runner/Library/Developer/Xcode/DerivedData/iosApp-futeksqscqzjpibtkonmeslsyvzw/Build/Intermediates.noindex/ArchiveIntermediates/iosApp/InstallationBuildProductsLocation/Applications/iosApp.app (in target 'iosApp' from project 'iosApp')
2026-09-26T20:11:33.9010730Z     cd /Users/runner/work/iosApp/iosApp
2026-09-26T20:11:33.9011560Z     /bin/mkdir -p /Users/runner/Library/Developer/Xcode/DerivedData/iosApp-futeksqscqzjpibtkonmeslsyvzw/Build/Intermediates.noindex/ArchiveIntermediates/iosApp/InstallationBuildProductsLocation/Applications/iosApp.app
2026-09-26T20:11:33.9012310Z 
2026-09-26T20:11:33.9013060Z WriteAuxiliaryFile /Users/runner/Library/Developer/Xcode/DerivedData/iosApp-futeksqscqzjpibtkonmeslsyvzw/Build/Intermediates.noindex/ArchiveIntermediates/iosApp/IntermediateBuildFilesPath/iosApp.build/Release-iphoneos/iosApp.build/iosApp-project-headers.hmap (in target 'iosApp' from project 'iosApp')
2026-09-26T20:11:33.9014100Z     cd /Users/runner/work/iosApp/iosApp
2026-09-26T20:11:33.9015060Z     write-file /Users/runner/Library/Developer/Xcode/DerivedData/iosApp-futeksqscqzjpibtkonmeslsyvzw/Build/Intermediates.noindex/ArchiveIntermediates/iosApp/IntermediateBuildFilesPath/iosApp.build/Release-iphoneos/iosApp.build/iosApp-project-headers.hmap
2026-09-26T20:11:33.9015810Z 
2026-09-26T20:11:33.9016700Z WriteAuxiliaryFile /Users/runner/Library/Developer/Xcode/DerivedData/iosApp-futeksqscqzjpibtkonmeslsyvzw/Build/Intermediates.noindex/ArchiveIntermediates/iosApp/IntermediateBuildFilesPath/iosApp.build/Release-iphoneos/iosApp.build/iosApp-own-target-headers.hmap (in target 'iosApp' from project 'iosApp')
2026-09-26T20:11:33.9017710Z     cd /Users/runner/work/iosApp/iosApp
2026-09-26T20:11:33.9018450Z     write-file /Users/runner/Library/Developer/Xcode/DerivedData/iosApp-futeksqscqzjpibtkonmeslsyvzw/Build/Intermediates.noindex/ArchiveIntermediates/iosApp/IntermediateBuildFilesPath/iosApp.build/Release-iphoneos/iosApp.build/iosApp-own-target-headers.hmap
2026-09-26T20:11:33.9019230Z 
2026-09-26T20:11:33.9020090Z WriteAuxiliaryFile /Users/runner/Library/Developer/Xcode/DerivedData/iosApp-futeksqscqzjpibtkonmeslsyvzw/Build/Intermediates.noindex/ArchiveIntermediates/iosApp/IntermediateBuildFilesPath/iosApp.build/Release-iphoneos/iosApp.build/iosApp.hmap (in target 'iosApp' from project 'iosApp')
2026-09-26T20:11:33.9021050Z     cd /Users/runner/work/iosApp/iosApp
2026-09-26T20:11:33.9021930Z     write-file /Users/runner/Library/Developer/Xcode/DerivedData/iosApp-futeksqscqzjpibtkonmeslsyvzw/Build/Intermediates.noindex/ArchiveIntermediates/iosApp/IntermediateBuildFilesPath/iosApp.build/Release-iphoneos/iosApp.build/iosApp.hmap
2026-09-26T20:11:33.9022610Z 
2026-09-26T20:11:33.9023480Z WriteAuxiliaryFile /Users/runner/Library/Developer/Xcode/DerivedData/iosApp-futeksqscqzjpibtkonmeslsyvzw/Build/Intermediates.noindex/ArchiveIntermediates/iosApp/IntermediateBuildFilesPath/iosApp.build/Release-iphoneos/iosApp.build/iosApp-generated-files.hmap (in target 'iosApp' from project 'iosApp')
2026-09-26T20:11:33.9024470Z     cd /Users/runner/work/iosApp/iosApp
2026-09-26T20:11:33.9025360Z     write-file /Users/runner/Library/Developer/Xcode/DerivedData/iosApp-futeksqscqzjpibtkonmeslsyvzw/Build/Intermediates.noindex/ArchiveIntermediates/iosApp/IntermediateBuildFilesPath/iosApp.build/Release-iphoneos/iosApp.build/iosApp-generated-files.hmap
2026-09-26T20:11:33.9026140Z 
2026-09-26T20:11:33.9027110Z WriteAuxiliaryFile /Users/runner/Library/Developer/Xcode/DerivedData/iosApp-futeksqscqzjpibtkonmeslsyvzw/Build/Intermediates.noindex/ArchiveIntermediates/iosApp/IntermediateBuildFilesPath/iosApp.build/Release-iphoneos/iosApp.build/iosApp-all-target-headers.hmap (in target 'iosApp' from project 'iosApp')
2026-09-26T20:11:33.9028100Z     cd /Users/runner/work/iosApp/iosApp
2026-09-26T20:11:33.9029030Z     write-file /Users/runner/Library/Developer/Xcode/DerivedData/iosApp-futeksqscqzjpibtkonmeslsyvzw/Build/Intermediates.noindex/ArchiveIntermediates/iosApp/IntermediateBuildFilesPath/iosApp.build/Release-iphoneos/iosApp.build/iosApp-all-target-headers.hmap
2026-09-26T20:11:33.9029800Z 
2026-09-26T20:11:33.9030640Z WriteAuxiliaryFile /Users/runner/Library/Developer/Xcode/DerivedData/iosApp-futeksqscqzjpibtkonmeslsyvzw/Build/Intermediates.noindex/ArchiveIntermediates/iosApp/IntermediateBuildFilesPath/iosApp.build/Release-iphoneos/iosApp.build/iosApp-all-non-framework-target-headers.hmap (in target 'iosApp' from project 'iosApp')
2026-09-26T20:11:33.9031680Z     cd /Users/runner/work/iosApp/iosApp
2026-09-26T20:11:33.9032660Z     write-file /Users/runner/Library/Developer/Xcode/DerivedData/iosApp-futeksqscqzjpibtkonmeslsyvzw/Build/Intermediates.noindex/ArchiveIntermediates/iosApp/IntermediateBuildFilesPath/iosApp.build/Release-iphoneos/iosApp.build/iosApp-all-non-framework-target-headers.hmap
2026-09-26T20:11:33.9033530Z 
2026-09-26T20:11:33.9034430Z WriteAuxiliaryFile /Users/runner/Library/Developer/Xcode/DerivedData/iosApp-futeksqscqzjpibtkonmeslsyvzw/Build/Intermediates.noindex/ArchiveIntermediates/iosApp/IntermediateBuildFilesPath/iosApp.build/Release-iphoneos/iosApp.build/all-product-headers.yaml (in target 'iosApp' from project 'iosApp')
2026-09-26T20:11:33.9035720Z     cd /Users/runner/work/iosApp/iosApp
2026-09-26T20:11:33.9036530Z     write-file /Users/runner/Library/Developer/Xcode/DerivedData/iosApp-futeksqscqzjpibtkonmeslsyvzw/Build/Intermediates.noindex/ArchiveIntermediates/iosApp/IntermediateBuildFilesPath/iosApp.build/Release-iphoneos/iosApp.build/all-product-headers.yaml
2026-09-26T20:11:33.9037290Z 
2026-09-26T20:11:33.9038300Z WriteAuxiliaryFile /Users/runner/Library/Developer/Xcode/DerivedData/iosApp-futeksqscqzjpibtkonmeslsyvzw/Build/Intermediates.noindex/ArchiveIntermediates/iosApp/IntermediateBuildFilesPath/iosApp.build/Release-iphoneos/iosApp.build/Objects-normal/arm64/iosApp_const_extract_protocols.json (in target 'iosApp' from project 'iosApp')
2026-09-26T20:11:33.9039360Z     cd /Users/runner/work/iosApp/iosApp
2026-09-26T20:11:33.9040330Z     write-file /Users/runner/Library/Developer/Xcode/DerivedData/iosApp-futeksqscqzjpibtkonmeslsyvzw/Build/Intermediates.noindex/ArchiveIntermediates/iosApp/IntermediateBuildFilesPath/iosApp.build/Release-iphoneos/iosApp.build/Objects-normal/arm64/iosApp_const_extract_protocols.json
2026-09-26T20:11:33.9041210Z 
2026-09-26T20:11:33.9042030Z WriteAuxiliaryFile /Users/runner/Library/Developer/Xcode/DerivedData/iosApp-futeksqscqzjpibtkonmeslsyvzw/Build/Intermediates.noindex/ArchiveIntermediates/iosApp/IntermediateBuildFilesPath/iosApp.build/Release-iphoneos/iosApp.build/Objects-normal/arm64/iosApp.LinkFileList (in target 'iosApp' from project 'iosApp')
2026-09-26T20:11:33.9043140Z     cd /Users/runner/work/iosApp/iosApp
2026-09-26T20:11:33.9044110Z     write-file /Users/runner/Library/Developer/Xcode/DerivedData/iosApp-futeksqscqzjpibtkonmeslsyvzw/Build/Intermediates.noindex/ArchiveIntermediates/iosApp/IntermediateBuildFilesPath/iosApp.build/Release-iphoneos/iosApp.build/Objects-normal/arm64/iosApp.LinkFileList
2026-09-26T20:11:33.9044980Z 
2026-09-26T20:11:33.9046200Z WriteAuxiliaryFile /Users/runner/Library/Developer/Xcode/DerivedData/iosApp-futeksqscqzjpibtkonmeslsyvzw/Build/Intermediates.noindex/ArchiveIntermediates/iosApp/IntermediateBuildFilesPath/iosApp.build/Release-iphoneos/iosApp.build/Objects-normal/arm64/iosApp.SwiftFileList (in target 'iosApp' from project 'iosApp')
2026-09-26T20:11:33.9047290Z     cd /Users/runner/work/iosApp/iosApp
2026-09-26T20:11:33.9048170Z     write-file /Users/runner/Library/Developer/Xcode/DerivedData/iosApp-futeksqscqzjpibtkonmeslsyvzw/Build/Intermediates.noindex/ArchiveIntermediates/iosApp/IntermediateBuildFilesPath/iosApp.build/Release-iphoneos/iosApp.build/Objects-normal/arm64/iosApp.SwiftFileList
2026-09-26T20:11:33.9048890Z 
2026-09-26T20:11:33.9049910Z WriteAuxiliaryFile /Users/runner/Library/Developer/Xcode/DerivedData/iosApp-futeksqscqzjpibtkonmeslsyvzw/Build/Intermediates.noindex/ArchiveIntermediates/iosApp/IntermediateBuildFilesPath/iosApp.build/Release-iphoneos/iosApp.build/Objects-normal/arm64/iosApp-OutputFileMap.json (in target 'iosApp' from project 'iosApp')
2026-09-26T20:11:33.9050980Z     cd /Users/runner/work/iosApp/iosApp
2026-09-26T20:11:33.9051850Z     write-file /Users/runner/Library/Developer/Xcode/DerivedData/iosApp-futeksqscqzjpibtkonmeslsyvzw/Build/Intermediates.noindex/ArchiveIntermediates/iosApp/IntermediateBuildFilesPath/iosApp.build/Release-iphoneos/iosApp.build/Objects-normal/arm64/iosApp-OutputFileMap.json
2026-09-26T20:11:33.9052590Z 
2026-09-26T20:11:33.9053070Z GenerateAssetSymbols /Users/runner/work/iosApp/iosApp/iosApp/Assets.xcassets (in target 'iosApp' from project 'iosApp')
2026-09-26T20:11:33.9053450Z     cd /Users/runner/work/iosApp/iosApp
2026-09-26T20:11:33.9059750Z     /Applications/Xcode_15.4.app/Contents/Developer/usr/bin/actool --output-format human-readable-text --notices --warnings --export-dependency-info /Users/runner/Library/Developer/Xcode/DerivedData/iosApp-futeksqscqzjpibtkonmeslsyvzw/Build/Intermediates.noindex/ArchiveIntermediates/iosApp/IntermediateBuildFilesPath/iosApp.build/Release-iphoneos/iosApp.build/assetcatalog_dependencies --output-partial-info-plist /Users/runner/Library/Developer/Xcode/DerivedData/iosApp-futeksqscqzjpibtkonmeslsyvzw/Build/Intermediates.noindex/ArchiveIntermediates/iosApp/IntermediateBuildFilesPath/iosApp.build/Release-iphoneos/iosApp.build/assetcatalog_generated_info.plist --app-icon AppIcon --accent-color AccentColor --compress-pngs --enable-on-demand-resources YES --development-region en --target-device iphone --target-device ipad --minimum-deployment-target 15.0 --platform iphoneos --compile /Users/runner/Library/Developer/Xcode/DerivedData/iosApp-futeksqscqzjpibtkonmeslsyvzw/Build/Intermediates.noindex/ArchiveIntermediates/iosApp/InstallationBuildProductsLocation/Applications/iosApp.app /Users/runner/work/iosApp/iosApp/iosApp/Assets.xcassets --bundle-identifier com.huyenhan.qltb.iosApp --generate-swift-asset-symbols /Users/runner/Library/Developer/Xcode/DerivedData/iosApp-futeksqscqzjpibtkonmeslsyvzw/Build/Intermediates.noindex/ArchiveIntermediates/iosApp/IntermediateBuildFilesPath/iosApp.build/Release-iphoneos/iosApp.build/DerivedSources/GeneratedAssetSymbols.swift --generate-objc-asset-symbols /Users/runner/Library/Developer/Xcode/DerivedData/iosApp-futeksqscqzjpibtkonmeslsyvzw/Build/Intermediates.noindex/ArchiveIntermediates/iosApp/IntermediateBuildFilesPath/iosApp.build/Release-iphoneos/iosApp.build/DerivedSources/GeneratedAssetSymbols.h --generate-asset-symbol-index /Users/runner/Library/Developer/Xcode/DerivedData/iosApp-futeksqscqzjpibtkonmeslsyvzw/Build/Intermediates.noindex/ArchiveIntermediates/iosApp/IntermediateBuildFilesPath/iosApp.build/Release-iphoneos/iosApp.build/DerivedSources/GeneratedAssetSymbols-Index.plist
2026-09-26T20:11:33.9066290Z /* com.apple.actool.document.warnings */
2026-09-26T20:11:33.9066810Z /Users/runner/work/iosApp/iosApp/iosApp/Assets.xcassets:./AppIcon.appiconset/[][ipad][20x20][][][1x][][][]: warning: AppIcon.appiconset/icon-20@2x.png is 40x40 but should be 20x20.
2026-09-26T20:11:33.9068080Z /Users/runner/work/iosApp/iosApp/iosApp/Assets.xcassets:./AppIcon.appiconset/[][ipad][29x29][][][1x][][][]: warning: AppIcon.appiconset/icon-29@2x.png is 58x58 but should be 29x29.
2026-09-26T20:11:33.9069540Z /Users/runner/work/iosApp/iosApp/iosApp/Assets.xcassets:./AppIcon.appiconset/[][ipad][40x40][][][1x][][][]: warning: AppIcon.appiconset/icon-40@2x.png is 80x80 but should be 40x40.
2026-09-26T20:11:33.9070090Z /* com.apple.actool.compilation-results */
2026-09-26T20:11:33.9071010Z /Users/runner/Library/Developer/Xcode/DerivedData/iosApp-futeksqscqzjpibtkonmeslsyvzw/Build/Intermediates.noindex/ArchiveIntermediates/iosApp/IntermediateBuildFilesPath/iosApp.build/Release-iphoneos/iosApp.build/DerivedSources/GeneratedAssetSymbols-Index.plist
2026-09-26T20:11:33.9072500Z /Users/runner/Library/Developer/Xcode/DerivedData/iosApp-futeksqscqzjpibtkonmeslsyvzw/Build/Intermediates.noindex/ArchiveIntermediates/iosApp/IntermediateBuildFilesPath/iosApp.build/Release-iphoneos/iosApp.build/DerivedSources/GeneratedAssetSymbols.h
2026-09-26T20:11:33.9073810Z /Users/runner/Library/Developer/Xcode/DerivedData/iosApp-futeksqscqzjpibtkonmeslsyvzw/Build/Intermediates.noindex/ArchiveIntermediates/iosApp/IntermediateBuildFilesPath/iosApp.build/Release-iphoneos/iosApp.build/DerivedSources/GeneratedAssetSymbols.swift
2026-09-26T20:11:33.9074510Z 
2026-09-26T20:11:33.9074520Z 
2026-09-26T20:11:33.9075710Z Copy /Users/runner/Library/Developer/Xcode/DerivedData/iosApp-futeksqscqzjpibtkonmeslsyvzw/Build/Intermediates.noindex/ArchiveIntermediates/iosApp/InstallationBuildProductsLocation/Applications/iosApp.app/Frameworks/WebRTC.framework /Users/runner/Library/Developer/Xcode/DerivedData/iosApp-futeksqscqzjpibtkonmeslsyvzw/SourcePackages/artifacts/webrtc/WebRTC/WebRTC.xcframework/ios-arm64/WebRTC.framework (in target 'iosApp' from project 'iosApp')
2026-09-26T20:11:33.9077310Z     cd /Users/runner/work/iosApp/iosApp
2026-09-26T20:11:33.9079280Z     builtin-copy -exclude .DS_Store -exclude CVS -exclude .svn -exclude .git -exclude .hg -exclude Headers -exclude PrivateHeaders -exclude Modules -exclude \*.tbd -bitcode-strip all -bitcode-strip-tool /Applications/Xcode_15.4.app/Contents/Developer/Toolchains/XcodeDefault.xctoolchain/usr/bin/bitcode_strip -resolve-src-symlinks -remove-static-executable /Users/runner/Library/Developer/Xcode/DerivedData/iosApp-futeksqscqzjpibtkonmeslsyvzw/SourcePackages/artifacts/webrtc/WebRTC/WebRTC.xcframework/ios-arm64/WebRTC.framework /Users/runner/Library/Developer/Xcode/DerivedData/iosApp-futeksqscqzjpibtkonmeslsyvzw/Build/Intermediates.noindex/ArchiveIntermediates/iosApp/InstallationBuildProductsLocation/Applications/iosApp.app/Frameworks
2026-09-26T20:11:33.9082500Z /Applications/Xcode_15.4.app/Contents/Developer/Toolchains/XcodeDefault.xctoolchain/usr/bin/bitcode_strip /Users/runner/Library/Developer/Xcode/DerivedData/iosApp-futeksqscqzjpibtkonmeslsyvzw/SourcePackages/artifacts/webrtc/WebRTC/WebRTC.xcframework/ios-arm64/WebRTC.framework/WebRTC -r -o /Users/runner/Library/Developer/Xcode/DerivedData/iosApp-futeksqscqzjpibtkonmeslsyvzw/Build/Intermediates.noindex/ArchiveIntermediates/iosApp/InstallationBuildProductsLocation/Applications/iosApp.app/Frameworks/WebRTC.framework/WebRTC 
2026-09-26T20:11:33.9083880Z 
2026-09-26T20:11:33.9085060Z CompileAssetCatalog /Users/runner/Library/Developer/Xcode/DerivedData/iosApp-futeksqscqzjpibtkonmeslsyvzw/Build/Intermediates.noindex/ArchiveIntermediates/iosApp/InstallationBuildProductsLocation/Applications/iosApp.app /Users/runner/work/iosApp/iosApp/iosApp/Assets.xcassets (in target 'iosApp' from project 'iosApp')
2026-09-26T20:11:33.9086070Z     cd /Users/runner/work/iosApp/iosApp
2026-09-26T20:11:33.9089620Z     /Applications/Xcode_15.4.app/Contents/Developer/usr/bin/actool --output-format human-readable-text --notices --warnings --export-dependency-info /Users/runner/Library/Developer/Xcode/DerivedData/iosApp-futeksqscqzjpibtkonmeslsyvzw/Build/Intermediates.noindex/ArchiveIntermediates/iosApp/IntermediateBuildFilesPath/iosApp.build/Release-iphoneos/iosApp.build/assetcatalog_dependencies --output-partial-info-plist /Users/runner/Library/Developer/Xcode/DerivedData/iosApp-futeksqscqzjpibtkonmeslsyvzw/Build/Intermediates.noindex/ArchiveIntermediates/iosApp/IntermediateBuildFilesPath/iosApp.build/Release-iphoneos/iosApp.build/assetcatalog_generated_info.plist --app-icon AppIcon --accent-color AccentColor --compress-pngs --enable-on-demand-resources YES --development-region en --target-device iphone --target-device ipad --minimum-deployment-target 15.0 --platform iphoneos --compile /Users/runner/Library/Developer/Xcode/DerivedData/iosApp-futeksqscqzjpibtkonmeslsyvzw/Build/Intermediates.noindex/ArchiveIntermediates/iosApp/InstallationBuildProductsLocation/Applications/iosApp.app /Users/runner/work/iosApp/iosApp/iosApp/Assets.xcassets
2026-09-26T20:11:36.4838310Z /* com.apple.actool.notices */
2026-09-26T20:11:36.4840480Z /Users/runner/work/iosApp/iosApp/iosApp/Assets.xcassets: warning: Accent color ‘AccentColor’ is not present in any asset catalogs.
2026-09-26T20:11:36.4847650Z /* com.apple.actool.document.warnings */
2026-09-26T20:11:36.4849030Z /Users/runner/work/iosApp/iosApp/iosApp/Assets.xcassets:./AppIcon.appiconset/[][ipad][20x20][][][1x][][][]: warning: AppIcon.appiconset/icon-20@2x.png is 40x40 but should be 20x20.
2026-09-26T20:11:36.4851050Z /Users/runner/work/iosApp/iosApp/iosApp/Assets.xcassets:./AppIcon.appiconset/[][ipad][29x29][][][1x][][][]: warning: AppIcon.appiconset/icon-29@2x.png is 58x58 but should be 29x29.
2026-09-26T20:11:36.4853010Z /Users/runner/work/iosApp/iosApp/iosApp/Assets.xcassets:./AppIcon.appiconset/[][ipad][40x40][][][1x][][][]: warning: AppIcon.appiconset/icon-40@2x.png is 80x80 but should be 40x40.
2026-09-26T20:11:36.4854930Z /Users/runner/work/iosApp/iosApp/iosApp/Assets.xcassets:./AppIcon.appiconset/[][ipad][20x20][][][1x][][][]: warning: AppIcon.appiconset/icon-20@2x.png is 40x40 but should be 20x20.
2026-09-26T20:11:36.4855820Z /Users/runner/work/iosApp/iosApp/iosApp/Assets.xcassets:./AppIcon.appiconset/[][ipad][29x29][][][1x][][][]: warning: AppIcon.appiconset/icon-29@2x.png is 58x58 but should be 29x29.
2026-09-26T20:11:36.4856630Z /Users/runner/work/iosApp/iosApp/iosApp/Assets.xcassets:./AppIcon.appiconset/[][ipad][40x40][][][1x][][][]: warning: AppIcon.appiconset/icon-40@2x.png is 80x80 but should be 40x40.
2026-09-26T20:11:36.4857200Z /* com.apple.actool.document.notices */
2026-09-26T20:11:36.4857760Z /Users/runner/work/iosApp/iosApp/iosApp/Assets.xcassets:./AppIcon.appiconset/[][ipad][76x76][][][1x][][][]: notice: 76x76@1x app icons only apply to iPad apps targeting releases of iOS prior to 10.0.
2026-09-26T20:11:36.4858320Z /* com.apple.actool.compilation-results */
2026-09-26T20:11:36.4859000Z /Users/runner/Library/Developer/Xcode/DerivedData/iosApp-futeksqscqzjpibtkonmeslsyvzw/Build/Intermediates.noindex/ArchiveIntermediates/iosApp/InstallationBuildProductsLocation/Applications/iosApp.app/AppIcon60x60@2x.png
2026-09-26T20:11:36.4860280Z /Users/runner/Library/Developer/Xcode/DerivedData/iosApp-futeksqscqzjpibtkonmeslsyvzw/Build/Intermediates.noindex/ArchiveIntermediates/iosApp/InstallationBuildProductsLocation/Applications/iosApp.app/AppIcon76x76@2x~ipad.png
2026-09-26T20:11:36.4861420Z /Users/runner/Library/Developer/Xcode/DerivedData/iosApp-futeksqscqzjpibtkonmeslsyvzw/Build/Intermediates.noindex/ArchiveIntermediates/iosApp/InstallationBuildProductsLocation/Applications/iosApp.app/Assets.car
2026-09-26T20:11:36.4862610Z /Users/runner/Library/Developer/Xcode/DerivedData/iosApp-futeksqscqzjpibtkonmeslsyvzw/Build/Intermediates.noindex/ArchiveIntermediates/iosApp/IntermediateBuildFilesPath/iosApp.build/Release-iphoneos/iosApp.build/assetcatalog_generated_info.plist
2026-09-26T20:11:36.4863310Z 
2026-09-26T20:11:36.4863340Z 
2026-09-26T20:11:36.4863580Z SwiftDriver iosApp normal arm64 com.apple.xcode.tools.swift.compiler (in target 'iosApp' from project 'iosApp')
2026-09-26T20:11:36.4863960Z     cd /Users/runner/work/iosApp/iosApp
2026-09-26T20:11:36.4881010Z     builtin-SwiftDriver -- /Applications/Xcode_15.4.app/Contents/Developer/Toolchains/XcodeDefault.xctoolchain/usr/bin/swiftc -module-name iosApp -O -whole-module-optimization -enforce-exclusivity\=checked @/Users/runner/Library/Developer/Xcode/DerivedData/iosApp-futeksqscqzjpibtkonmeslsyvzw/Build/Intermediates.noindex/ArchiveIntermediates/iosApp/IntermediateBuildFilesPath/iosApp.build/Release-iphoneos/iosApp.build/Objects-normal/arm64/iosApp.SwiftFileList -sdk /Applications/Xcode_15.4.app/Contents/Developer/Platforms/iPhoneOS.platform/Developer/SDKs/iPhoneOS17.5.sdk -target arm64-apple-ios15.0 -enable-bare-slash-regex -g -module-cache-path /Users/runner/Library/Developer/Xcode/DerivedData/ModuleCache.noindex -Xfrontend -serialize-debugging-options -swift-version 5 -I /Users/runner/Library/Developer/Xcode/DerivedData/iosApp-futeksqscqzjpibtkonmeslsyvzw/Build/Intermediates.noindex/ArchiveIntermediates/iosApp/BuildProductsPath/Release-iphoneos -F /Users/runner/Library/Developer/Xcode/DerivedData/iosApp-futeksqscqzjpibtkonmeslsyvzw/Build/Intermediates.noindex/ArchiveIntermediates/iosApp/BuildProductsPath/Release-iphoneos -emit-localized-strings -emit-localized-strings-path /Users/runner/Library/Developer/Xcode/DerivedData/iosApp-futeksqscqzjpibtkonmeslsyvzw/Build/Intermediates.noindex/ArchiveIntermediates/iosApp/IntermediateBuildFilesPath/iosApp.build/Release-iphoneos/iosApp.build/Objects-normal/arm64 -c -num-threads 5 -Xcc -ivfsstatcache -Xcc /Users/runner/Library/Developer/Xcode/DerivedData/SDKStatCaches.noindex/iphoneos17.5-21F77-f0fa7969d082b13145125136a829df3a.sdkstatcache -output-file-map /Users/runner/Library/Developer/Xcode/DerivedData/iosApp-futeksqscqzjpibtkonmeslsyvzw/Build/Intermediates.noindex/ArchiveIntermediates/iosApp/IntermediateBuildFilesPath/iosApp.build/Release-iphoneos/iosApp.build/Objects-normal/arm64/iosApp-OutputFileMap.json -use-frontend-parseable-output -save-temps -no-color-diagnostics -serialize-diagnostics -emit-dependencies -emit-module -emit-module-path /Users/runner/Library/Developer/Xcode/DerivedData/iosApp-futeksqscqzjpibtkonmeslsyvzw/Build/Intermediates.noindex/ArchiveIntermediates/iosApp/IntermediateBuildFilesPath/iosApp.build/Release-iphoneos/iosApp.build/Objects-normal/arm64/iosApp.swiftmodule -validate-clang-modules-once -clang-build-session-file /Users/runner/Library/Developer/Xcode/DerivedData/ModuleCache.noindex/Session.modulevalidation -Xcc -I/Users/runner/Library/Developer/Xcode/DerivedData/iosApp-futeksqscqzjpibtkonmeslsyvzw/Build/Intermediates.noindex/ArchiveIntermediates/iosApp/IntermediateBuildFilesPath/iosApp.build/Release-iphoneos/iosApp.build/swift-overrides.hmap -emit-const-values -Xfrontend -const-gather-protocols-file -Xfrontend /Users/runner/Library/Developer/Xcode/DerivedData/iosApp-futeksqscqzjpibtkonmeslsyvzw/Build/Intermediates.noindex/ArchiveIntermediates/iosApp/IntermediateBuildFilesPath/iosApp.build/Release-iphoneos/iosApp.build/Objects-normal/arm64/iosApp_const_extract_protocols.json -Xcc -iquote -Xcc /Users/runner/Library/Developer/Xcode/DerivedData/iosApp-futeksqscqzjpibtkonmeslsyvzw/Build/Intermediates.noindex/ArchiveIntermediates/iosApp/IntermediateBuildFilesPath/iosApp.build/Release-iphoneos/iosApp.build/iosApp-generated-files.hmap -Xcc -I/Users/runner/Library/Developer/Xcode/DerivedData/iosApp-futeksqscqzjpibtkonmeslsyvzw/Build/Intermediates.noindex/ArchiveIntermediates/iosApp/IntermediateBuildFilesPath/iosApp.build/Release-iphoneos/iosApp.build/iosApp-own-target-headers.hmap -Xcc -I/Users/runner/Library/Developer/Xcode/DerivedData/iosApp-futeksqscqzjpibtkonmeslsyvzw/Build/Intermediates.noindex/ArchiveIntermediates/iosApp/IntermediateBuildFilesPath/iosApp.build/Release-iphoneos/iosApp.build/iosApp-all-target-headers.hmap -Xcc -iquote -Xcc /Users/runner/Library/Developer/Xcode/DerivedData/iosApp-futeksqscqzjpibtkonmeslsyvzw/Build/Intermediates.noindex/ArchiveIntermediates/iosApp/IntermediateBuildFilesPath/iosApp.build/Release-iphoneos/iosApp.build/iosApp-project-headers.hmap -Xcc -I/Users/runner/Library/Developer/Xcode/DerivedData/iosApp-futeksqscqzjpibtkonmeslsyvzw/Build/Intermediates.noindex/ArchiveIntermediates/iosApp/BuildProductsPath/Release-iphoneos/include -Xcc -I/Users/runner/Library/Developer/Xcode/DerivedData/iosApp-futeksqscqzjpibtkonmeslsyvzw/Build/Intermediates.noindex/ArchiveIntermediates/iosApp/IntermediateBuildFilesPath/iosApp.build/Release-iphoneos/iosApp.build/DerivedSources-normal/arm64 -Xcc -I/Users/runner/Library/Developer/Xcode/DerivedData/iosApp-futeksqscqzjpibtkonmeslsyvzw/Build/Intermediates.noindex/ArchiveIntermediates/iosApp/IntermediateBuildFilesPath/iosApp.build/Release-iphoneos/iosApp.build/DerivedSources/arm64 -Xcc -I/Users/runner/Library/Developer/Xcode/DerivedData/iosApp-futeksqscqzjpibtkonmeslsyvzw/Build/Intermediates.noindex/ArchiveIntermediates/iosApp/IntermediateBuildFilesPath/iosApp.build/Release-iphoneos/iosApp.build/DerivedSources -emit-objc-header -emit-objc-header-path /Users/runner/Library/Developer/Xcode/DerivedData/iosApp-futeksqscqzjpibtkonmeslsyvzw/Build/Intermediates.noindex/ArchiveIntermediates/iosApp/IntermediateBuildFilesPath/iosApp.build/Release-iphoneos/iosApp.build/Objects-normal/arm64/iosApp-Swift.h -working-directory /Users/runner/work/iosApp/iosApp -no-emit-module-separately-wmo
2026-09-26T20:11:36.4895570Z 
2026-09-26T20:11:36.4895860Z SwiftDriver\ Compilation iosApp normal arm64 com.apple.xcode.tools.swift.compiler (in target 'iosApp' from project 'iosApp')
2026-09-26T20:11:36.4896260Z     cd /Users/runner/work/iosApp/iosApp
2026-09-26T20:11:36.4910720Z     builtin-Swift-Compilation -- /Applications/Xcode_15.4.app/Contents/Developer/Toolchains/XcodeDefault.xctoolchain/usr/bin/swiftc -module-name iosApp -O -whole-module-optimization -enforce-exclusivity\=checked @/Users/runner/Library/Developer/Xcode/DerivedData/iosApp-futeksqscqzjpibtkonmeslsyvzw/Build/Intermediates.noindex/ArchiveIntermediates/iosApp/IntermediateBuildFilesPath/iosApp.build/Release-iphoneos/iosApp.build/Objects-normal/arm64/iosApp.SwiftFileList -sdk /Applications/Xcode_15.4.app/Contents/Developer/Platforms/iPhoneOS.platform/Developer/SDKs/iPhoneOS17.5.sdk -target arm64-apple-ios15.0 -enable-bare-slash-regex -g -module-cache-path /Users/runner/Library/Developer/Xcode/DerivedData/ModuleCache.noindex -Xfrontend -serialize-debugging-options -swift-version 5 -I /Users/runner/Library/Developer/Xcode/DerivedData/iosApp-futeksqscqzjpibtkonmeslsyvzw/Build/Intermediates.noindex/ArchiveIntermediates/iosApp/BuildProductsPath/Release-iphoneos -F /Users/runner/Library/Developer/Xcode/DerivedData/iosApp-futeksqscqzjpibtkonmeslsyvzw/Build/Intermediates.noindex/ArchiveIntermediates/iosApp/BuildProductsPath/Release-iphoneos -emit-localized-strings -emit-localized-strings-path /Users/runner/Library/Developer/Xcode/DerivedData/iosApp-futeksqscqzjpibtkonmeslsyvzw/Build/Intermediates.noindex/ArchiveIntermediates/iosApp/IntermediateBuildFilesPath/iosApp.build/Release-iphoneos/iosApp.build/Objects-normal/arm64 -c -num-threads 5 -Xcc -ivfsstatcache -Xcc /Users/runner/Library/Developer/Xcode/DerivedData/SDKStatCaches.noindex/iphoneos17.5-21F77-f0fa7969d082b13145125136a829df3a.sdkstatcache -output-file-map /Users/runner/Library/Developer/Xcode/DerivedData/iosApp-futeksqscqzjpibtkonmeslsyvzw/Build/Intermediates.noindex/ArchiveIntermediates/iosApp/IntermediateBuildFilesPath/iosApp.build/Release-iphoneos/iosApp.build/Objects-normal/arm64/iosApp-OutputFileMap.json -use-frontend-parseable-output -save-temps -no-color-diagnostics -serialize-diagnostics -emit-dependencies -emit-module -emit-module-path /Users/runner/Library/Developer/Xcode/DerivedData/iosApp-futeksqscqzjpibtkonmeslsyvzw/Build/Intermediates.noindex/ArchiveIntermediates/iosApp/IntermediateBuildFilesPath/iosApp.build/Release-iphoneos/iosApp.build/Objects-normal/arm64/iosApp.swiftmodule -validate-clang-modules-once -clang-build-session-file /Users/runner/Library/Developer/Xcode/DerivedData/ModuleCache.noindex/Session.modulevalidation -Xcc -I/Users/runner/Library/Developer/Xcode/DerivedData/iosApp-futeksqscqzjpibtkonmeslsyvzw/Build/Intermediates.noindex/ArchiveIntermediates/iosApp/IntermediateBuildFilesPath/iosApp.build/Release-iphoneos/iosApp.build/swift-overrides.hmap -emit-const-values -Xfrontend -const-gather-protocols-file -Xfrontend /Users/runner/Library/Developer/Xcode/DerivedData/iosApp-futeksqscqzjpibtkonmeslsyvzw/Build/Intermediates.noindex/ArchiveIntermediates/iosApp/IntermediateBuildFilesPath/iosApp.build/Release-iphoneos/iosApp.build/Objects-normal/arm64/iosApp_const_extract_protocols.json -Xcc -iquote -Xcc /Users/runner/Library/Developer/Xcode/DerivedData/iosApp-futeksqscqzjpibtkonmeslsyvzw/Build/Intermediates.noindex/ArchiveIntermediates/iosApp/IntermediateBuildFilesPath/iosApp.build/Release-iphoneos/iosApp.build/iosApp-generated-files.hmap -Xcc -I/Users/runner/Library/Developer/Xcode/DerivedData/iosApp-futeksqscqzjpibtkonmeslsyvzw/Build/Intermediates.noindex/ArchiveIntermediates/iosApp/IntermediateBuildFilesPath/iosApp.build/Release-iphoneos/iosApp.build/iosApp-own-target-headers.hmap -Xcc -I/Users/runner/Library/Developer/Xcode/DerivedData/iosApp-futeksqscqzjpibtkonmeslsyvzw/Build/Intermediates.noindex/ArchiveIntermediates/iosApp/IntermediateBuildFilesPath/iosApp.build/Release-iphoneos/iosApp.build/iosApp-all-target-headers.hmap -Xcc -iquote -Xcc /Users/runner/Library/Developer/Xcode/DerivedData/iosApp-futeksqscqzjpibtkonmeslsyvzw/Build/Intermediates.noindex/ArchiveIntermediates/iosApp/IntermediateBuildFilesPath/iosApp.build/Release-iphoneos/iosApp.build/iosApp-project-headers.hmap -Xcc -I/Users/runner/Library/Developer/Xcode/DerivedData/iosApp-futeksqscqzjpibtkonmeslsyvzw/Build/Intermediates.noindex/ArchiveIntermediates/iosApp/BuildProductsPath/Release-iphoneos/include -Xcc -I/Users/runner/Library/Developer/Xcode/DerivedData/iosApp-futeksqscqzjpibtkonmeslsyvzw/Build/Intermediates.noindex/ArchiveIntermediates/iosApp/IntermediateBuildFilesPath/iosApp.build/Release-iphoneos/iosApp.build/DerivedSources-normal/arm64 -Xcc -I/Users/runner/Library/Developer/Xcode/DerivedData/iosApp-futeksqscqzjpibtkonmeslsyvzw/Build/Intermediates.noindex/ArchiveIntermediates/iosApp/IntermediateBuildFilesPath/iosApp.build/Release-iphoneos/iosApp.build/DerivedSources/arm64 -Xcc -I/Users/runner/Library/Developer/Xcode/DerivedData/iosApp-futeksqscqzjpibtkonmeslsyvzw/Build/Intermediates.noindex/ArchiveIntermediates/iosApp/IntermediateBuildFilesPath/iosApp.build/Release-iphoneos/iosApp.build/DerivedSources -emit-objc-header -emit-objc-header-path /Users/runner/Library/Developer/Xcode/DerivedData/iosApp-futeksqscqzjpibtkonmeslsyvzw/Build/Intermediates.noindex/ArchiveIntermediates/iosApp/IntermediateBuildFilesPath/iosApp.build/Release-iphoneos/iosApp.build/Objects-normal/arm64/iosApp-Swift.h -working-directory /Users/runner/work/iosApp/iosApp -no-emit-module-separately-wmo
2026-09-26T20:11:36.4925140Z 
2026-09-26T20:11:36.4941030Z SwiftCompile normal arm64 Compiling\ iOSApp.swift,\ MainContainerView.swift,\ AppColors.swift,\ UserModels.swift,\ DeviceModels.swift,\ TicketModels.swift,\ AttendanceModels.swift,\ ShiftModels.swift,\ OrganizationModels.swift,\ FirebaseConfig.swift,\ FirestoreHelper.swift,\ AuthService.swift,\ AuthViewModel.swift,\ HomeViewModel.swift,\ DeviceViewModel.swift,\ SupportViewModel.swift,\ AttendanceViewModel.swift,\ ShiftViewModel.swift,\ LoginView.swift,\ AppSidebarDrawer.swift,\ HomeScreenView.swift,\ DeviceListView.swift,\ SupportHubView.swift,\ TicketChatDetailView.swift,\ AttendanceCheckInView.swift,\ ShiftScheduleView.swift,\ PeripheralsView.swift,\ AssetStatisticsView.swift,\ QRScannerView.swift,\ AddDeviceView.swift,\ PrintQrLabelView.swift,\ SystemNotificationsView.swift,\ SystemSettingsView.swift,\ CompanyBannerTickerView.swift,\ AdminViewModel.swift,\ UserManagementView.swift,\ ApproveStaffView.swift,\ DepartmentManagerView.swift,\ UnitRegionManagerView.swift,\ PaywallLicenseView.swift,\ DeviceTypeManagerView.swift,\ SpecialistTeamManagerView.swift,\ SupportRatingReportView.swift,\ OnlineKtvMonitorView.swift,\ StaffSupportView.swift,\ PendingApprovalView.swift,\ AttendanceHistoryView.swift,\ InfoView.swift,\ AttendanceReportView.swift,\ AdminTicketListView.swift,\ HelpView.swift,\ LichSuView.swift,\ SuperAdminPortalView.swift,\ ResetPasswordView.swift,\ GeneratedAssetSymbols.swift /Users/runner/work/iosApp/iosApp/iosApp/iOSApp.swift /Users/runner/work/iosApp/iosApp/iosApp/App/MainContainerView.swift /Users/runner/work/iosApp/iosApp/iosApp/Theme/AppColors.swift /Users/runner/work/iosApp/iosApp/iosApp/Models/UserModels.swift /Users/runner/work/iosApp/iosApp/iosApp/Models/DeviceModels.swift /Users/runner/work/iosApp/iosApp/iosApp/Models/TicketModels.swift /Users/runner/work/iosApp/iosApp/iosApp/Models/AttendanceModels.swift /Users/runner/work/iosApp/iosApp/iosApp/Models/ShiftModels.swift /Users/runner/work/iosApp/iosApp/iosApp/Models/OrganizationModels.swift /Users/runner/work/iosApp/iosApp/iosApp/Services/FirebaseConfig.swift /Users/runner/work/iosApp/iosApp/iosApp/Services/FirestoreHelper.swift /Users/runner/work/iosApp/iosApp/iosApp/Services/AuthService.swift /Users/runner/work/iosApp/iosApp/iosApp/ViewModels/AuthViewModel.swift /Users/runner/work/iosApp/iosApp/iosApp/ViewModels/HomeViewModel.swift /Users/runner/work/iosApp/iosApp/iosApp/ViewModels/DeviceViewModel.swift /Users/runner/work/iosApp/iosApp/iosApp/ViewModels/SupportViewModel.swift /Users/runner/work/iosApp/iosApp/iosApp/ViewModels/AttendanceViewModel.swift /Users/runner/work/iosApp/iosApp/iosApp/ViewModels/ShiftViewModel.swift /Users/runner/work/iosApp/iosApp/iosApp/Views/Screens/Auth/LoginView.swift /Users/runner/work/iosApp/iosApp/iosApp/Views/Screens/Home/AppSidebarDrawer.swift /Users/runner/work/iosApp/iosApp/iosApp/Views/Screens/Home/HomeScreenView.swift /Users/runner/work/iosApp/iosApp/iosApp/Views/Screens/Devices/DeviceListView.swift /Users/runner/work/iosApp/iosApp/iosApp/Views/Screens/Support/SupportHubView.swift /Users/runner/work/iosApp/iosApp/iosApp/Views/Screens/Support/TicketChatDetailView.swift /Users/runner/work/iosApp/iosApp/iosApp/Views/Screens/Attendance/AttendanceCheckInView.swift /Users/runner/work/iosApp/iosApp/iosApp/Views/Screens/Shift/ShiftScheduleView.swift /Users/runner/work/iosApp/iosApp/iosApp/Views/Screens/Peripherals/PeripheralsView.swift /Users/runner/work/iosApp/iosApp/iosApp/Views/Screens/Statistics/AssetStatisticsView.swift /Users/runner/work/iosApp/iosApp/iosApp/Views/Screens/Scanner/QRScannerView.swift /Users/runner/work/iosApp/iosApp/iosApp/Views/Screens/Devices/AddDeviceView.swift /Users/runner/work/iosApp/iosApp/iosApp/Views/Screens/Devices/PrintQrLabelView.swift /Users/runner/work/iosApp/iosApp/iosApp/Views/Screens/Notifications/SystemNotificationsView.swift /Users/runner/work/iosApp/iosApp/iosApp/Views/Screens/Settings/SystemSettingsView.swift /Users/runner/work/iosApp/iosApp/iosApp/Views/Components/CompanyBannerTickerView.swift /Users/runner/work/iosApp/iosApp/iosApp/ViewModels/AdminViewModel.swift /Users/runner/work/iosApp/iosApp/iosApp/Views/Screens/Admin/UserManagementView.swift /Users/runner/work/iosApp/iosApp/iosApp/Views/Screens/Admin/ApproveStaffView.swift /Users/runner/work/iosApp/iosApp/iosApp/Views/Screens/Admin/DepartmentManagerView.swift /Users/runner/work/iosApp/iosApp/iosApp/Views/Screens/Admin/UnitRegionManagerView.swift /Users/runner/work/iosApp/iosApp/iosApp/Views/Screens/Admin/PaywallLicenseView.swift /Users/runner/work/iosApp/iosApp/iosApp/Views/Screens/Devices/DeviceTypeManagerView.swift /Users/runner/work/iosApp/iosApp/iosApp/Views/Screens/Support/SpecialistTeamManagerView.swift /Users/runner/work/iosApp/iosApp/iosApp/Views/Screens/Support/SupportRatingReportView.swift /Users/runner/work/iosApp/iosApp/iosApp/Views/Screens/Support/OnlineKtvMonitorView.swift /Users/runner/work/iosApp/iosApp/iosApp/Views/Screens/Support/StaffSupportView.swift /Users/runner/work/iosApp/iosApp/iosApp/Views/Screens/Auth/PendingApprovalView.swift /Users/runner/work/iosApp/iosApp/iosApp/Views/Screens/Attendance/AttendanceHistoryView.swift /Users/runner/work/iosApp/iosApp/iosApp/App/InfoView.swift /Users/runner/work/iosApp/iosApp/iosApp/Views/Screens/Attendance/AttendanceReportView.swift /Users/runner/work/iosApp/iosApp/iosApp/Views/Screens/Admin/AdminTicketListView.swift /Users/runner/work/iosApp/iosApp/iosApp/App/HelpView.swift /Users/runner/work/iosApp/iosApp/iosApp/Views/Screens/Devices/LichSuView.swift /Users/runner/work/iosApp/iosApp/iosApp/Views/Screens/Admin/SuperAdminPortalView.swift /Users/runner/work/iosApp/iosApp/iosApp/Views/Screens/Auth/ResetPasswordView.swift /Users/runner/Library/Developer/Xcode/DerivedData/iosApp-futeksqscqzjpibtkonmeslsyvzw/Build/Intermediates.noindex/ArchiveIntermediates/iosApp/IntermediateBuildFilesPath/iosApp.build/Release-iphoneos/iosApp.build/DerivedSources/GeneratedAssetSymbols.swift (in target 'iosApp' from project 'iosApp')
2026-09-26T20:11:36.4958290Z     cd /Users/runner/work/iosApp/iosApp
2026-09-26T20:11:36.5042800Z     builtin-swiftTaskExecution -- /Applications/Xcode_15.4.app/Contents/Developer/Toolchains/XcodeDefault.xctoolchain/usr/bin/swift-frontend -frontend -c /Users/runner/work/iosApp/iosApp/iosApp/iOSApp.swift /Users/runner/work/iosApp/iosApp/iosApp/App/MainContainerView.swift /Users/runner/work/iosApp/iosApp/iosApp/Theme/AppColors.swift /Users/runner/work/iosApp/iosApp/iosApp/Models/UserModels.swift /Users/runner/work/iosApp/iosApp/iosApp/Models/DeviceModels.swift /Users/runner/work/iosApp/iosApp/iosApp/Models/TicketModels.swift /Users/runner/work/iosApp/iosApp/iosApp/Models/AttendanceModels.swift /Users/runner/work/iosApp/iosApp/iosApp/Models/ShiftModels.swift /Users/runner/work/iosApp/iosApp/iosApp/Models/OrganizationModels.swift /Users/runner/work/iosApp/iosApp/iosApp/Services/FirebaseConfig.swift /Users/runner/work/iosApp/iosApp/iosApp/Services/FirestoreHelper.swift /Users/runner/work/iosApp/iosApp/iosApp/Services/AuthService.swift /Users/runner/work/iosApp/iosApp/iosApp/ViewModels/AuthViewModel.swift /Users/runner/work/iosApp/iosApp/iosApp/ViewModels/HomeViewModel.swift /Users/runner/work/iosApp/iosApp/iosApp/ViewModels/DeviceViewModel.swift /Users/runner/work/iosApp/iosApp/iosApp/ViewModels/SupportViewModel.swift /Users/runner/work/iosApp/iosApp/iosApp/ViewModels/AttendanceViewModel.swift /Users/runner/work/iosApp/iosApp/iosApp/ViewModels/ShiftViewModel.swift /Users/runner/work/iosApp/iosApp/iosApp/Views/Screens/Auth/LoginView.swift /Users/runner/work/iosApp/iosApp/iosApp/Views/Screens/Home/AppSidebarDrawer.swift /Users/runner/work/iosApp/iosApp/iosApp/Views/Screens/Home/HomeScreenView.swift /Users/runner/work/iosApp/iosApp/iosApp/Views/Screens/Devices/DeviceListView.swift /Users/runner/work/iosApp/iosApp/iosApp/Views/Screens/Support/SupportHubView.swift /Users/runner/work/iosApp/iosApp/iosApp/Views/Screens/Support/TicketChatDetailView.swift /Users/runner/work/iosApp/iosApp/iosApp/Views/Screens/Attendance/AttendanceCheckInView.swift /Users/runner/work/iosApp/iosApp/iosApp/Views/Screens/Shift/ShiftScheduleView.swift /Users/runner/work/iosApp/iosApp/iosApp/Views/Screens/Peripherals/PeripheralsView.swift /Users/runner/work/iosApp/iosApp/iosApp/Views/Screens/Statistics/AssetStatisticsView.swift /Users/runner/work/iosApp/iosApp/iosApp/Views/Screens/Scanner/QRScannerView.swift /Users/runner/work/iosApp/iosApp/iosApp/Views/Screens/Devices/AddDeviceView.swift /Users/runner/work/iosApp/iosApp/iosApp/Views/Screens/Devices/PrintQrLabelView.swift /Users/runner/work/iosApp/iosApp/iosApp/Views/Screens/Notifications/SystemNotificationsView.swift /Users/runner/work/iosApp/iosApp/iosApp/Views/Screens/Settings/SystemSettingsView.swift /Users/runner/work/iosApp/iosApp/iosApp/Views/Components/CompanyBannerTickerView.swift /Users/runner/work/iosApp/iosApp/iosApp/ViewModels/AdminViewModel.swift /Users/runner/work/iosApp/iosApp/iosApp/Views/Screens/Admin/UserManagementView.swift /Users/runner/work/iosApp/iosApp/iosApp/Views/Screens/Admin/ApproveStaffView.swift /Users/runner/work/iosApp/iosApp/iosApp/Views/Screens/Admin/DepartmentManagerView.swift /Users/runner/work/iosApp/iosApp/iosApp/Views/Screens/Admin/UnitRegionManagerView.swift /Users/runner/work/iosApp/iosApp/iosApp/Views/Screens/Admin/PaywallLicenseView.swift /Users/runner/work/iosApp/iosApp/iosApp/Views/Screens/Devices/DeviceTypeManagerView.swift /Users/runner/work/iosApp/iosApp/iosApp/Views/Screens/Support/SpecialistTeamManagerView.swift /Users/runner/work/iosApp/iosApp/iosApp/Views/Screens/Support/SupportRatingReportView.swift /Users/runner/work/iosApp/iosApp/iosApp/Views/Screens/Support/OnlineKtvMonitorView.swift /Users/runner/work/iosApp/iosApp/iosApp/Views/Screens/Support/StaffSupportView.swift /Users/runner/work/iosApp/iosApp/iosApp/Views/Screens/Auth/PendingApprovalView.swift /Users/runner/work/iosApp/iosApp/iosApp/Views/Screens/Attendance/AttendanceHistoryView.swift /Users/runner/work/iosApp/iosApp/iosApp/App/InfoView.swift /Users/runner/work/iosApp/iosApp/iosApp/Views/Screens/Attendance/AttendanceReportView.swift /Users/runner/work/iosApp/iosApp/iosApp/Views/Screens/Admin/AdminTicketListView.swift /Users/runner/work/iosApp/iosApp/iosApp/App/HelpView.swift /Users/runner/work/iosApp/iosApp/iosApp/Views/Screens/Devices/LichSuView.swift /Users/runner/work/iosApp/iosApp/iosApp/Views/Screens/Admin/SuperAdminPortalView.swift /Users/runner/work/iosApp/iosApp/iosApp/Views/Screens/Auth/ResetPasswordView.swift /Users/runner/Library/Developer/Xcode/DerivedData/iosApp-futeksqscqzjpibtkonmeslsyvzw/Build/Intermediates.noindex/ArchiveIntermediates/iosApp/IntermediateBuildFilesPath/iosApp.build/Release-iphoneos/iosApp.build/DerivedSources/GeneratedAssetSymbols.swift -supplementary-output-file-map /Users/runner/Library/Developer/Xcode/DerivedData/iosApp-futeksqscqzjpibtkonmeslsyvzw/Build/Intermediates.noindex/ArchiveIntermediates/iosApp/IntermediateBuildFilesPath/iosApp.build/Release-iphoneos/iosApp.build/Objects-normal/arm64/supplementaryOutputs-1 -emit-localized-strings -emit-localized-strings-path /Users/runner/Library/Developer/Xcode/DerivedData/iosApp-futeksqscqzjpibtkonmeslsyvzw/Build/Intermediates.noindex/ArchiveIntermediates/iosApp/IntermediateBuildFilesPath/iosApp.build/Release-iphoneos/iosApp.build/Objects-normal/arm64 -target arm64-apple-ios15.0 -Xllvm -aarch64-use-tbi -enable-objc-interop -stack-check -sdk /Applications/Xcode_15.4.app/Contents/Developer/Platforms/iPhoneOS.platform/Developer/SDKs/iPhoneOS17.5.sdk -I /Users/runner/Library/Developer/Xcode/DerivedData/iosApp-futeksqscqzjpibtkonmeslsyvzw/Build/Intermediates.noindex/ArchiveIntermediates/iosApp/BuildProductsPath/Release-iphoneos -F /Users/runner/Library/Developer/Xcode/DerivedData/iosApp-futeksqscqzjpibtkonmeslsyvzw/Build/Intermediates.noindex/ArchiveIntermediates/iosApp/BuildProductsPath/Release-iphoneos -no-color-diagnostics -g -module-cache-path /Users/runner/Library/Developer/Xcode/DerivedData/ModuleCache.noindex -swift-version 5 -enforce-exclusivity\=checked -O -serialize-debugging-options -const-gather-protocols-file /Users/runner/Library/Developer/Xcode/DerivedData/iosApp-futeksqscqzjpibtkonmeslsyvzw/Build/Intermediates.noindex/ArchiveIntermediates/iosApp/IntermediateBuildFilesPath/iosApp.build/Release-iphoneos/iosApp.build/Objects-normal/arm64/iosApp_const_extract_protocols.json -enable-bare-slash-regex -empty-abi-descriptor -validate-clang-modules-once -clang-build-session-file /Users/runner/Library/Developer/Xcode/DerivedData/ModuleCache.noindex/Session.modulevalidation -Xcc -working-directory -Xcc /Users/runner/work/iosApp/iosApp -resource-dir /Applications/Xcode_15.4.app/Contents/Developer/Toolchains/XcodeDefault.xctoolchain/usr/lib/swift -Xcc -ivfsstatcache -Xcc /Users/runner/Library/Developer/Xcode/DerivedData/SDKStatCaches.noindex/iphoneos17.5-21F77-f0fa7969d082b13145125136a829df3a.sdkstatcache -Xcc -I/Users/runner/Library/Developer/Xcode/DerivedData/iosApp-futeksqscqzjpibtkonmeslsyvzw/Build/Intermediates.noindex/ArchiveIntermediates/iosApp/IntermediateBuildFilesPath/iosApp.build/Release-iphoneos/iosApp.build/swift-overrides.hmap -Xcc -iquote -Xcc /Users/runner/Library/Developer/Xcode/DerivedData/iosApp-futeksqscqzjpibtkonmeslsyvzw/Build/Intermediates.noindex/ArchiveIntermediates/iosApp/IntermediateBuildFilesPath/iosApp.build/Release-iphoneos/iosApp.build/iosApp-generated-files.hmap -Xcc -I/Users/runner/Library/Developer/Xcode/DerivedData/iosApp-futeksqscqzjpibtkonmeslsyvzw/Build/Intermediates.noindex/ArchiveIntermediates/iosApp/IntermediateBuildFilesPath/iosApp.build/Release-iphoneos/iosApp.build/iosApp-own-target-headers.hmap -Xcc -I/Users/runner/Library/Developer/Xcode/DerivedData/iosApp-futeksqscqzjpibtkonmeslsyvzw/Build/Intermediates.noindex/ArchiveIntermediates/iosApp/IntermediateBuildFilesPath/iosApp.build/Release-iphoneos/iosApp.build/iosApp-all-target-headers.hmap -Xcc -iquote -Xcc /Users/runner/Library/Developer/Xcode/DerivedData/iosApp-futeksqscqzjpibtkonmeslsyvzw/Build/Intermediates.noindex/ArchiveIntermediates/iosApp/IntermediateBuildFilesPath/iosApp.build/Release-iphoneos/iosApp.build/iosApp-project-headers.hmap -Xcc -I/Users/runner/Library/Developer/Xcode/DerivedData/iosApp-futeksqscqzjpibtkonmeslsyvzw/Build/Intermediates.noindex/ArchiveIntermediates/iosApp/BuildProductsPath/Release-iphoneos/include -Xcc -I/Users/runner/Library/Developer/Xcode/DerivedData/iosApp-futeksqscqzjpibtkonmeslsyvzw/Build/Intermediates.noindex/ArchiveIntermediates/iosApp/IntermediateBuildFilesPath/iosApp.build/Release-iphoneos/iosApp.build/DerivedSources-normal/arm64 -Xcc -I/Users/runner/Library/Developer/Xcode/DerivedData/iosApp-futeksqscqzjpibtkonmeslsyvzw/Build/Intermediates.noindex/ArchiveIntermediates/iosApp/IntermediateBuildFilesPath/iosApp.build/Release-iphoneos/iosApp.build/DerivedSources/arm64 -Xcc -I/Users/runner/Library/Developer/Xcode/DerivedData/iosApp-futeksqscqzjpibtkonmeslsyvzw/Build/Intermediates.noindex/ArchiveIntermediates/iosApp/IntermediateBuildFilesPath/iosApp.build/Release-iphoneos/iosApp.build/DerivedSources -module-name iosApp -frontend-parseable-output -disable-clang-spi -target-sdk-version 17.5 -target-sdk-name iphoneos17.5 -external-plugin-path /Applications/Xcode_15.4.app/Contents/Developer/Platforms/iPhoneOS.platform/Developer/SDKs/iPhoneOS17.5.sdk/usr/lib/swift/host/plugins\#/Applications/Xcode_15.4.app/Contents/Developer/Platforms/iPhoneOS.platform/Developer/SDKs/iPhoneOS17.5.sdk/usr/bin/swift-plugin-server -external-plugin-path /Applications/Xcode_15.4.app/Contents/Developer/Platforms/iPhoneOS.platform/Developer/SDKs/iPhoneOS17.5.sdk/usr/local/lib/swift/host/plugins\#/Applications/Xcode_15.4.app/Contents/Developer/Platforms/iPhoneOS.platform/Developer/SDKs/iPhoneOS17.5.sdk/usr/bin/swift-plugin-server -external-plugin-path /Applications/Xcode_15.4.app/Contents/Developer/Platforms/iPhoneOS.platform/Developer/usr/lib/swift/host/plugins\#/Applications/Xcode_15.4.app/Contents/Developer/Platforms/iPhoneOS.platform/Developer/usr/bin/swift-plugin-server -external-plugin-path /Applications/Xcode_15.4.app/Contents/Developer/Platforms/iPhoneOS.platform/Developer/usr/local/lib/swift/host/plugins\#/Applications/Xcode_15.4.app/Contents/Developer/Platforms/iPhoneOS.platform/Developer/usr/bin/swift-plugin-server -plugin-path /Applications/Xcode_15.4.app/Contents/Developer/Toolchains/XcodeDefault.xctoolchain/usr/lib/swift/host/plugins -plugin-path /Applications/Xcode_15.4.app/Contents/Developer/Toolchains/XcodeDefault.xctoolchain/usr/local/lib/swift/host/plugins -enable-default-cmo -num-threads 5 -o /Users/runner/Library/Developer/Xcode/DerivedData/iosApp-futeksqscqzjpibtkonmeslsyvzw/Build/Intermediates.noindex/ArchiveIntermediates/iosApp/IntermediateBuildFilesPath/iosApp.build/Release-iphoneos/iosApp.build/Objects-normal/arm64/iOSApp.o -o /Users/runner/Library/Developer/Xcode/DerivedData/iosApp-futeksqscqzjpibtkonmeslsyvzw/Build/Intermediates.noindex/ArchiveIntermediates/iosApp/IntermediateBuildFilesPath/iosApp.build/Release-iphoneos/iosApp.build/Objects-normal/arm64/MainContainerView.o -o /Users/runner/Library/Developer/Xcode/DerivedData/iosApp-futeksqscqzjpibtkonmeslsyvzw/Build/Intermediates.noindex/ArchiveIntermediates/iosApp/IntermediateBuildFilesPath/iosApp.build/Release-iphoneos/iosApp.build/Objects-normal/arm64/AppColors.o -o /Users/runner/Library/Developer/Xcode/DerivedData/iosApp-futeksqscqzjpibtkonmeslsyvzw/Build/Intermediates.noindex/ArchiveIntermediates/iosApp/IntermediateBuildFilesPath/iosApp.build/Release-iphoneos/iosApp.build/Objects-normal/arm64/UserModels.o -o /Users/runner/Library/Developer/Xcode/DerivedData/iosApp-futeksqscqzjpibtkonmeslsyvzw/Build/Intermediates.noindex/ArchiveIntermediates/iosApp/IntermediateBuildFilesPath/iosApp.build/Release-iphoneos/iosApp.build/Objects-normal/arm64/DeviceModels.o -o /Users/runner/Library/Developer/Xcode/DerivedData/iosApp-futeksqscqzjpibtkonmeslsyvzw/Build/Intermediates.noindex/ArchiveIntermediates/iosApp/IntermediateBuildFilesPath/iosApp.build/Release-iphoneos/iosApp.build/Objects-normal/arm64/TicketModels.o -o /Users/runner/Library/Developer/Xcode/DerivedData/iosApp-futeksqscqzjpibtkonmeslsyvzw/Build/Intermediates.noindex/ArchiveIntermediates/iosApp/IntermediateBuildFilesPath/iosApp.build/Release-iphoneos/iosApp.build/Objects-normal/arm64/AttendanceModels.o -o /Users/runner/Library/Developer/Xcode/DerivedData/iosApp-futeksqscqzjpibtkonmeslsyvzw/Build/Intermediates.noindex/ArchiveIntermediates/iosApp/IntermediateBuildFilesPath/iosApp.build/Release-iphoneos/iosApp.build/Objects-normal/arm64/ShiftModels.o -o /Users/runner/Library/Developer/Xcode/DerivedData/iosApp-futeksqscqzjpibtkonmeslsyvzw/Build/Intermediates.noindex/ArchiveIntermediates/iosApp/IntermediateBuildFilesPath/iosApp.build/Release-iphoneos/iosApp.build/Objects-normal/arm64/OrganizationModels.o -o /Users/runner/Library/Developer/Xcode/DerivedData/iosApp-futeksqscqzjpibtkonmeslsyvzw/Build/Intermediates.noindex/ArchiveIntermediates/iosApp/IntermediateBuildFilesPath/iosApp.build/Release-iphoneos/iosApp.build/Objects-normal/arm64/FirebaseConfig.o -o /Users/runner/Library/Developer/Xcode/DerivedData/iosApp-futeksqscqzjpibtkonmeslsyvzw/Build/Intermediates.noindex/ArchiveIntermediates/iosApp/IntermediateBuildFilesPath/iosApp.build/Release-iphoneos/iosApp.build/Objects-normal/arm64/FirestoreHelper.o -o /Users/runner/Library/Developer/Xcode/DerivedData/iosApp-futeksqscqzjpibtkonmeslsyvzw/Build/Intermediates.noindex/ArchiveIntermediates/iosApp/IntermediateBuildFilesPath/iosApp.build/Release-iphoneos/iosApp.build/Objects-normal/arm64/AuthService.o -o /Users/runner/Library/Developer/Xcode/DerivedData/iosApp-futeksqscqzjpibtkonmeslsyvzw/Build/Intermediates.noindex/ArchiveIntermediates/iosApp/IntermediateBuildFilesPath/iosApp.build/Release-iphoneos/iosApp.build/Objects-normal/arm64/AuthViewModel.o -o /Users/runner/Library/Developer/Xcode/DerivedData/iosApp-futeksqscqzjpibtkonmeslsyvzw/Build/Intermediates.noindex/ArchiveIntermediates/iosApp/IntermediateBuildFilesPath/iosApp.build/Release-iphoneos/iosApp.build/Objects-normal/arm64/HomeViewModel.o -o /Users/runner/Library/Developer/Xcode/DerivedData/iosApp-futeksqscqzjpibtkonmeslsyvzw/Build/Intermediates.noindex/ArchiveIntermediates/iosApp/IntermediateBuildFilesPath/iosApp.build/Release-iphoneos/iosApp.build/Objects-normal/arm64/DeviceViewModel.o -o /Users/runner/Library/Developer/Xcode/DerivedData/iosApp-futeksqscqzjpibtkonmeslsyvzw/Build/Intermediates.noindex/ArchiveIntermediates/iosApp/IntermediateBuildFilesPath/iosApp.build/Release-iphoneos/iosApp.build/Objects-normal/arm64/SupportViewModel.o -o /Users/runner/Library/Developer/Xcode/DerivedData/iosApp-futeksqscqzjpibtkonmeslsyvzw/Build/Intermediates.noindex/ArchiveIntermediates/iosApp/IntermediateBuildFilesPath/iosApp.build/Release-iphoneos/iosApp.build/Objects-normal/arm64/AttendanceViewModel.o -o /Users/runner/Library/Developer/Xcode/DerivedData/iosApp-futeksqscqzjpibtkonmeslsyvzw/Build/Intermediates.noindex/ArchiveIntermediates/iosApp/IntermediateBuildFilesPath/iosApp.build/Release-iphoneos/iosApp.build/Objects-normal/arm64/ShiftViewModel.o -o /Users/runner/Library/Developer/Xcode/DerivedData/iosApp-futeksqscqzjpibtkonmeslsyvzw/Build/Intermediates.noindex/ArchiveIntermediates/iosApp/IntermediateBuildFilesPath/iosApp.build/Release-iphoneos/iosApp.build/Objects-normal/arm64/LoginView.o -o /Users/runner/Library/Developer/Xcode/DerivedData/iosApp-futeksqscqzjpibtkonmeslsyvzw/Build/Intermediates.noindex/ArchiveIntermediates/iosApp/IntermediateBuildFilesPath/iosApp.build/Release-iphoneos/iosApp.build/Objects-normal/arm64/AppSidebarDrawer.o -o /Users/runner/Library/Developer/Xcode/DerivedData/iosApp-futeksqscqzjpibtkonmeslsyvzw/Build/Intermediates.noindex/ArchiveIntermediates/iosApp/IntermediateBuildFilesPath/iosApp.build/Release-iphoneos/iosApp.build/Objects-normal/arm64/HomeScreenView.o -o /Users/runner/Library/Developer/Xcode/DerivedData/iosApp-futeksqscqzjpibtkonmeslsyvzw/Build/Intermediates.noindex/ArchiveIntermediates/iosApp/IntermediateBuildFilesPath/iosApp.build/Release-iphoneos/iosApp.build/Objects-normal/arm64/DeviceListView.o -o /Users/runner/Library/Developer/Xcode/DerivedData/iosApp-futeksqscqzjpibtkonmeslsyvzw/Build/Intermediates.noindex/ArchiveIntermediates/iosApp/IntermediateBuildFilesPath/iosApp.build/Release-iphoneos/iosApp.build/Objects-normal/arm64/SupportHubView.o -o /Users/runner/Library/Developer/Xcode/DerivedData/iosApp-futeksqscqzjpibtkonmeslsyvzw/Build/Intermediates.noindex/ArchiveIntermediates/iosApp/IntermediateBuildFilesPath/iosApp.build/Release-iphoneos/iosApp.build/Objects-normal/arm64/TicketChatDetailView.o -o /Users/runner/Library/Developer/Xcode/DerivedData/iosApp-futeksqscqzjpibtkonmeslsyvzw/Build/Intermediates.noindex/ArchiveIntermediates/iosApp/IntermediateBuildFilesPath/iosApp.build/Release-iphoneos/iosApp.build/Objects-normal/arm64/AttendanceCheckInView.o -o /Users/runner/Library/Developer/Xcode/DerivedData/iosApp-futeksqscqzjpibtkonmeslsyvzw/Build/Intermediates.noindex/ArchiveIntermediates/iosApp/IntermediateBuildFilesPath/iosApp.build/Release-iphoneos/iosApp.build/Objects-normal/arm64/ShiftScheduleView.o -o /Users/runner/Library/Developer/Xcode/DerivedData/iosApp-futeksqscqzjpibtkonmeslsyvzw/Build/Intermediates.noindex/ArchiveIntermediates/iosApp/IntermediateBuildFilesPath/iosApp.build/Release-iphoneos/iosApp.build/Objects-normal/arm64/PeripheralsView.o -o /Users/runner/Library/Developer/Xcode/DerivedData/iosApp-futeksqscqzjpibtkonmeslsyvzw/Build/Intermediates.noindex/ArchiveIntermediates/iosApp/IntermediateBuildFilesPath/iosApp.build/Release-iphoneos/iosApp.build/Objects-normal/arm64/AssetStatisticsView.o -o /Users/runner/Library/Developer/Xcode/DerivedData/iosApp-futeksqscqzjpibtkonmeslsyvzw/Build/Intermediates.noindex/ArchiveIntermediates/iosApp/IntermediateBuildFilesPath/iosApp.build/Release-iphoneos/iosApp.build/Objects-normal/arm64/QRScannerView.o -o /Users/runner/Library/Developer/Xcode/DerivedData/iosApp-futeksqscqzjpibtkonmeslsyvzw/Build/Intermediates.noindex/ArchiveIntermediates/iosApp/IntermediateBuildFilesPath/iosApp.build/Release-iphoneos/iosApp.build/Objects-normal/arm64/AddDeviceView.o -o /Users/runner/Library/Developer/Xcode/DerivedData/iosApp-futeksqscqzjpibtkonmeslsyvzw/Build/Intermediates.noindex/ArchiveIntermediates/iosApp/IntermediateBuildFilesPath/iosApp.build/Release-iphoneos/iosApp.build/Objects-normal/arm64/PrintQrLabelView.o -o /Users/runner/Library/Developer/Xcode/DerivedData/iosApp-futeksqscqzjpibtkonmeslsyvzw/Build/Intermediates.noindex/ArchiveIntermediates/iosApp/IntermediateBuildFilesPath/iosApp.build/Release-iphoneos/iosApp.build/Objects-normal/arm64/SystemNotificationsView.o -o /Users/runner/Library/Developer/Xcode/DerivedData/iosApp-futeksqscqzjpibtkonmeslsyvzw/Build/Intermediates.noindex/ArchiveIntermediates/iosApp/IntermediateBuildFilesPath/iosApp.build/Release-iphoneos/iosApp.build/Objects-normal/arm64/SystemSettingsView.o -o /Users/runner/Library/Developer/Xcode/DerivedData/iosApp-futeksqscqzjpibtkonmeslsyvzw/Build/Intermediates.noindex/ArchiveIntermediates/iosApp/IntermediateBuildFilesPath/iosApp.build/Release-iphoneos/iosApp.build/Objects-normal/arm64/CompanyBannerTickerView.o -o /Users/runner/Library/Developer/Xcode/DerivedData/iosApp-futeksqscqzjpibtkonmeslsyvzw/Build/Intermediates.noindex/ArchiveIntermediates/iosApp/IntermediateBuildFilesPath/iosApp.build/Release-iphoneos/iosApp.build/Objects-normal/arm64/AdminViewModel.o -o /Users/runner/Library/Developer/Xcode/DerivedData/iosApp-futeksqscqzjpibtkonmeslsyvzw/Build/Intermediates.noindex/ArchiveIntermediates/iosApp/IntermediateBuildFilesPath/iosApp.build/Release-iphoneos/iosApp.build/Objects-normal/arm64/UserManagementView.o -o /Users/runner/Library/Developer/Xcode/DerivedData/iosApp-futeksqscqzjpibtkonmeslsyvzw/Build/Intermediates.noindex/ArchiveIntermediates/iosApp/IntermediateBuildFilesPath/iosApp.build/Release-iphoneos/iosApp.build/Objects-normal/arm64/ApproveStaffView.o -o /Users/runner/Library/Developer/Xcode/DerivedData/iosApp-futeksqscqzjpibtkonmeslsyvzw/Build/Intermediates.noindex/ArchiveIntermediates/iosApp/IntermediateBuildFilesPath/iosApp.build/Release-iphoneos/iosApp.build/Objects-normal/arm64/DepartmentManagerView.o -o /Users/runner/Library/Developer/Xcode/DerivedData/iosApp-futeksqscqzjpibtkonmeslsyvzw/Build/Intermediates.noindex/ArchiveIntermediates/iosApp/IntermediateBuildFilesPath/iosApp.build/Release-iphoneos/iosApp.build/Objects-normal/arm64/UnitRegionManagerView.o -o /Users/runner/Library/Developer/Xcode/DerivedData/iosApp-futeksqscqzjpibtkonmeslsyvzw/Build/Intermediates.noindex/ArchiveIntermediates/iosApp/IntermediateBuildFilesPath/iosApp.build/Release-iphoneos/iosApp.build/Objects-normal/arm64/PaywallLicenseView.o -o /Users/runner/Library/Developer/Xcode/DerivedData/iosApp-futeksqscqzjpibtkonmeslsyvzw/Build/Intermediates.noindex/ArchiveIntermediates/iosApp/IntermediateBuildFilesPath/iosApp.build/Release-iphoneos/iosApp.build/Objects-normal/arm64/DeviceTypeManagerView.o -o /Users/runner/Library/Developer/Xcode/DerivedData/iosApp-futeksqscqzjpibtkonmeslsyvzw/Build/Intermediates.noindex/ArchiveIntermediates/iosApp/IntermediateBuildFilesPath/iosApp.build/Release-iphoneos/iosApp.build/Objects-normal/arm64/SpecialistTeamManagerView.o -o /Users/runner/Library/Developer/Xcode/DerivedData/iosApp-futeksqscqzjpibtkonmeslsyvzw/Build/Intermediates.noindex/ArchiveIntermediates/iosApp/IntermediateBuildFilesPath/iosApp.build/Release-iphoneos/iosApp.build/Objects-normal/arm64/SupportRatingReportView.o -o /Users/runner/Library/Developer/Xcode/DerivedData/iosApp-futeksqscqzjpibtkonmeslsyvzw/Build/Intermediates.noindex/ArchiveIntermediates/iosApp/IntermediateBuildFilesPath/iosApp.build/Release-iphoneos/iosApp.build/Objects-normal/arm64/OnlineKtvMonitorView.o -o /Users/runner/Library/Developer/Xcode/DerivedData/iosApp-futeksqscqzjpibtkonmeslsyvzw/Build/Intermediates.noindex/ArchiveIntermediates/iosApp/IntermediateBuildFilesPath/iosApp.build/Release-iphoneos/iosApp.build/Objects-normal/arm64/StaffSupportView.o -o /Users/runner/Library/Developer/Xcode/DerivedData/iosApp-futeksqscqzjpibtkonmeslsyvzw/Build/Intermediates.noindex/ArchiveIntermediates/iosApp/IntermediateBuildFilesPath/iosApp.build/Release-iphoneos/iosApp.build/Objects-normal/arm64/PendingApprovalView.o -o /Users/runner/Library/Developer/Xcode/DerivedData/iosApp-futeksqscqzjpibtkonmeslsyvzw/Build/Intermediates.noindex/ArchiveIntermediates/iosApp/IntermediateBuildFilesPath/iosApp.build/Release-iphoneos/iosApp.build/Objects-normal/arm64/AttendanceHistoryView.o -o /Users/runner/Library/Developer/Xcode/DerivedData/iosApp-futeksqscqzjpibtkonmeslsyvzw/Build/Intermediates.noindex/ArchiveIntermediates/iosApp/IntermediateBuildFilesPath/iosApp.build/Release-iphoneos/iosApp.build/Objects-normal/arm64/InfoView.o -o /Users/runner/Library/Developer/Xcode/DerivedData/iosApp-futeksqscqzjpibtkonmeslsyvzw/Build/Intermediates.noindex/ArchiveIntermediates/iosApp/IntermediateBuildFilesPath/iosApp.build/Release-iphoneos/iosApp.build/Objects-normal/arm64/AttendanceReportView.o -o /Users/runner/Library/Developer/Xcode/DerivedData/iosApp-futeksqscqzjpibtkonmeslsyvzw/Build/Intermediates.noindex/ArchiveIntermediates/iosApp/IntermediateBuildFilesPath/iosApp.build/Release-iphoneos/iosApp.build/Objects-normal/arm64/AdminTicketListView.o -o /Users/runner/Library/Developer/Xcode/DerivedData/iosApp-futeksqscqzjpibtkonmeslsyvzw/Build/Intermediates.noindex/ArchiveIntermediates/iosApp/IntermediateBuildFilesPath/iosApp.build/Release-iphoneos/iosApp.build/Objects-normal/arm64/HelpView.o -o /Users/runner/Library/Developer/Xcode/DerivedData/iosApp-futeksqscqzjpibtkonmeslsyvzw/Build/Intermediates.noindex/ArchiveIntermediates/iosApp/IntermediateBuildFilesPath/iosApp.build/Release-iphoneos/iosApp.build/Objects-normal/arm64/LichSuView.o -o /Users/runner/Library/Developer/Xcode/DerivedData/iosApp-futeksqscqzjpibtkonmeslsyvzw/Build/Intermediates.noindex/ArchiveIntermediates/iosApp/IntermediateBuildFilesPath/iosApp.build/Release-iphoneos/iosApp.build/Objects-normal/arm64/SuperAdminPortalView.o -o /Users/runner/Library/Developer/Xcode/DerivedData/iosApp-futeksqscqzjpibtkonmeslsyvzw/Build/Intermediates.noindex/ArchiveIntermediates/iosApp/IntermediateBuildFilesPath/iosApp.build/Release-iphoneos/iosApp.build/Objects-normal/arm64/ResetPasswordView.o -o /Users/runner/Library/Developer/Xcode/DerivedData/iosApp-futeksqscqzjpibtkonmeslsyvzw/Build/Intermediates.noindex/ArchiveIntermediates/iosApp/IntermediateBuildFilesPath/iosApp.build/Release-iphoneos/iosApp.build/Objects-normal/arm64/GeneratedAssetSymbols.o -index-unit-output-path /iosApp.build/Release-iphoneos/iosApp.build/Objects-normal/arm64/iOSApp.o -index-unit-output-path /iosApp.build/Release-iphoneos/iosApp.build/Objects-normal/arm64/MainContainerView.o -index-unit-output-path /iosApp.build/Release-iphoneos/iosApp.build/Objects-normal/arm64/AppColors.o -index-unit-output-path /iosApp.build/Release-iphoneos/iosApp.build/Objects-normal/arm64/UserModels.o -index-unit-output-path /iosApp.build/Release-iphoneos/iosApp.build/Objects-normal/arm64/DeviceModels.o -index-unit-output-path /iosApp.build/Release-iphoneos/iosApp.build/Objects-normal/arm64/TicketModels.o -index-unit-output-path /iosApp.build/Release-iphoneos/iosApp.build/Objects-normal/arm64/AttendanceModels.o -index-unit-output-path /iosApp.build/Release-iphoneos/iosApp.build/Objects-normal/arm64/ShiftModels.o -index-unit-output-path /iosApp.build/Release-iphoneos/iosApp.build/Objects-normal/arm64/OrganizationModels.o -index-unit-output-path /iosApp.build/Release-iphoneos/iosApp.build/Objects-normal/arm64/FirebaseConfig.o -index-unit-output-path /iosApp.build/Release-iphoneos/iosApp.build/Objects-normal/arm64/FirestoreHelper.o -index-unit-output-path /iosApp.build/Release-iphoneos/iosApp.build/Objects-normal/arm64/AuthService.o -index-unit-output-path /iosApp.build/Release-iphoneos/iosApp.build/Objects-normal/arm64/AuthViewModel.o -index-unit-output-path /iosApp.build/Release-iphoneos/iosApp.build/Objects-normal/arm64/HomeViewModel.o -index-unit-output-path /iosApp.build/Release-iphoneos/iosApp.build/Objects-normal/arm64/DeviceViewModel.o -index-unit-output-path /iosApp.build/Release-iphoneos/iosApp.build/Objects-normal/arm64/SupportViewModel.o -index-unit-output-path /iosApp.build/Release-iphoneos/iosApp.build/Objects-normal/arm64/AttendanceViewModel.o -index-unit-output-path /iosApp.build/Release-iphoneos/iosApp.build/Objects-normal/arm64/ShiftViewModel.o -index-unit-output-path /iosApp.build/Release-iphoneos/iosApp.build/Objects-normal/arm64/LoginView.o -index-unit-output-path /iosApp.build/Release-iphoneos/iosApp.build/Objects-normal/arm64/AppSidebarDrawer.o -index-unit-output-path /iosApp.build/Release-iphoneos/iosApp.build/Objects-normal/arm64/HomeScreenView.o -index-unit-output-path /iosApp.build/Release-iphoneos/iosApp.build/Objects-normal/arm64/DeviceListView.o -index-unit-output-path /iosApp.build/Release-iphoneos/iosApp.build/Objects-normal/arm64/SupportHubView.o -index-unit-output-path /iosApp.build/Release-iphoneos/iosApp.build/Objects-normal/arm64/TicketChatDetailView.o -index-unit-output-path /iosApp.build/Release-iphoneos/iosApp.build/Objects-normal/arm64/AttendanceCheckInView.o -index-unit-output-path /iosApp.build/Release-iphoneos/iosApp.build/Objects-normal/arm64/ShiftScheduleView.o -index-unit-output-path /iosApp.build/Release-iphoneos/iosApp.build/Objects-normal/arm64/PeripheralsView.o -index-unit-output-path /iosApp.build/Release-iphoneos/iosApp.build/Objects-normal/arm64/AssetStatisticsView.o -index-unit-output-path /iosApp.build/Release-iphoneos/iosApp.build/Objects-normal/arm64/QRScannerView.o -index-unit-output-path /iosApp.build/Release-iphoneos/iosApp.build/Objects-normal/arm64/AddDeviceView.o -index-unit-output-path /iosApp.build/Release-iphoneos/iosApp.build/Objects-normal/arm64/PrintQrLabelView.o -index-unit-output-path /iosApp.build/Release-iphoneos/iosApp.build/Objects-normal/arm64/SystemNotificationsView.o -index-unit-output-path /iosApp.build/Release-iphoneos/iosApp.build/Objects-normal/arm64/SystemSettingsView.o -index-unit-output-path /iosApp.build/Release-iphoneos/iosApp.build/Objects-normal/arm64/CompanyBannerTickerView.o -index-unit-output-path /iosApp.build/Release-iphoneos/iosApp.build/Objects-normal/arm64/AdminViewModel.o -index-unit-output-path /iosApp.build/Release-iphoneos/iosApp.build/Objects-normal/arm64/UserManagementView.o -index-unit-output-path /iosApp.build/Release-iphoneos/iosApp.build/Objects-normal/arm64/ApproveStaffView.o -index-unit-output-path /iosApp.build/Release-iphoneos/iosApp.build/Objects-normal/arm64/DepartmentManagerView.o -index-unit-output-path /iosApp.build/Release-iphoneos/iosApp.build/Objects-normal/arm64/UnitRegionManagerView.o -index-unit-output-path /iosApp.build/Release-iphoneos/iosApp.build/Objects-normal/arm64/PaywallLicenseView.o -index-unit-output-path /iosApp.build/Release-iphoneos/iosApp.build/Objects-normal/arm64/DeviceTypeManagerView.o -index-unit-output-path /iosApp.build/Release-iphoneos/iosApp.build/Objects-normal/arm64/SpecialistTeamManagerView.o -index-unit-output-path /iosApp.build/Release-iphoneos/iosApp.build/Objects-normal/arm64/SupportRatingReportView.o -index-unit-output-path /iosApp.build/Release-iphoneos/iosApp.build/Objects-normal/arm64/OnlineKtvMonitorView.o -index-unit-output-path /iosApp.build/Release-iphoneos/iosApp.build/Objects-normal/arm64/StaffSupportView.o -index-unit-output-path /iosApp.build/Release-iphoneos/iosApp.build/Objects-normal/arm64/PendingApprovalView.o -index-unit-output-path /iosApp.build/Release-iphoneos/iosApp.build/Objects-normal/arm64/AttendanceHistoryView.o -index-unit-output-path /iosApp.build/Release-iphoneos/iosApp.build/Objects-normal/arm64/InfoView.o -index-unit-output-path /iosApp.build/Release-iphoneos/iosApp.build/Objects-normal/arm64/AttendanceReportView.o -index-unit-output-path /iosApp.build/Release-iphoneos/iosApp.build/Objects-normal/arm64/AdminTicketListView.o -index-unit-output-path /iosApp.build/Release-iphoneos/iosApp.build/Objects-normal/arm64/HelpView.o -index-unit-output-path /iosApp.build/Release-iphoneos/iosApp.build/Objects-normal/arm64/LichSuView.o -index-unit-output-path /iosApp.build/Release-iphoneos/iosApp.build/Objects-normal/arm64/SuperAdminPortalView.o -index-unit-output-path /iosApp.build/Release-iphoneos/iosApp.build/Objects-normal/arm64/ResetPasswordView.o -index-unit-output-path /iosApp.build/Release-iphoneos/iosApp.build/Objects-normal/arm64/GeneratedAssetSymbols.o
2026-09-26T20:11:36.5129660Z CompileSwift normal arm64 (in target 'iosApp' from project 'iosApp')
2026-09-26T20:11:36.5129940Z     cd /Users/runner/work/iosApp/iosApp
2026-09-26T20:11:36.5218610Z     /Applications/Xcode_15.4.app/Contents/Developer/Toolchains/XcodeDefault.xctoolchain/usr/bin/swift-frontend -c /Users/runner/work/iosApp/iosApp/iosApp/iOSApp.swift /Users/runner/work/iosApp/iosApp/iosApp/App/MainContainerView.swift /Users/runner/work/iosApp/iosApp/iosApp/Theme/AppColors.swift /Users/runner/work/iosApp/iosApp/iosApp/Models/UserModels.swift /Users/runner/work/iosApp/iosApp/iosApp/Models/DeviceModels.swift /Users/runner/work/iosApp/iosApp/iosApp/Models/TicketModels.swift /Users/runner/work/iosApp/iosApp/iosApp/Models/AttendanceModels.swift /Users/runner/work/iosApp/iosApp/iosApp/Models/ShiftModels.swift /Users/runner/work/iosApp/iosApp/iosApp/Models/OrganizationModels.swift /Users/runner/work/iosApp/iosApp/iosApp/Services/FirebaseConfig.swift /Users/runner/work/iosApp/iosApp/iosApp/Services/FirestoreHelper.swift /Users/runner/work/iosApp/iosApp/iosApp/Services/AuthService.swift /Users/runner/work/iosApp/iosApp/iosApp/ViewModels/AuthViewModel.swift /Users/runner/work/iosApp/iosApp/iosApp/ViewModels/HomeViewModel.swift /Users/runner/work/iosApp/iosApp/iosApp/ViewModels/DeviceViewModel.swift /Users/runner/work/iosApp/iosApp/iosApp/ViewModels/SupportViewModel.swift /Users/runner/work/iosApp/iosApp/iosApp/ViewModels/AttendanceViewModel.swift /Users/runner/work/iosApp/iosApp/iosApp/ViewModels/ShiftViewModel.swift /Users/runner/work/iosApp/iosApp/iosApp/Views/Screens/Auth/LoginView.swift /Users/runner/work/iosApp/iosApp/iosApp/Views/Screens/Home/AppSidebarDrawer.swift /Users/runner/work/iosApp/iosApp/iosApp/Views/Screens/Home/HomeScreenView.swift /Users/runner/work/iosApp/iosApp/iosApp/Views/Screens/Devices/DeviceListView.swift /Users/runner/work/iosApp/iosApp/iosApp/Views/Screens/Support/SupportHubView.swift /Users/runner/work/iosApp/iosApp/iosApp/Views/Screens/Support/TicketChatDetailView.swift /Users/runner/work/iosApp/iosApp/iosApp/Views/Screens/Attendance/AttendanceCheckInView.swift /Users/runner/work/iosApp/iosApp/iosApp/Views/Screens/Shift/ShiftScheduleView.swift /Users/runner/work/iosApp/iosApp/iosApp/Views/Screens/Peripherals/PeripheralsView.swift /Users/runner/work/iosApp/iosApp/iosApp/Views/Screens/Statistics/AssetStatisticsView.swift /Users/runner/work/iosApp/iosApp/iosApp/Views/Screens/Scanner/QRScannerView.swift /Users/runner/work/iosApp/iosApp/iosApp/Views/Screens/Devices/AddDeviceView.swift /Users/runner/work/iosApp/iosApp/iosApp/Views/Screens/Devices/PrintQrLabelView.swift /Users/runner/work/iosApp/iosApp/iosApp/Views/Screens/Notifications/SystemNotificationsView.swift /Users/runner/work/iosApp/iosApp/iosApp/Views/Screens/Settings/SystemSettingsView.swift /Users/runner/work/iosApp/iosApp/iosApp/Views/Components/CompanyBannerTickerView.swift /Users/runner/work/iosApp/iosApp/iosApp/ViewModels/AdminViewModel.swift /Users/runner/work/iosApp/iosApp/iosApp/Views/Screens/Admin/UserManagementView.swift /Users/runner/work/iosApp/iosApp/iosApp/Views/Screens/Admin/ApproveStaffView.swift /Users/runner/work/iosApp/iosApp/iosApp/Views/Screens/Admin/DepartmentManagerView.swift /Users/runner/work/iosApp/iosApp/iosApp/Views/Screens/Admin/UnitRegionManagerView.swift /Users/runner/work/iosApp/iosApp/iosApp/Views/Screens/Admin/PaywallLicenseView.swift /Users/runner/work/iosApp/iosApp/iosApp/Views/Screens/Devices/DeviceTypeManagerView.swift /Users/runner/work/iosApp/iosApp/iosApp/Views/Screens/Support/SpecialistTeamManagerView.swift /Users/runner/work/iosApp/iosApp/iosApp/Views/Screens/Support/SupportRatingReportView.swift /Users/runner/work/iosApp/iosApp/iosApp/Views/Screens/Support/OnlineKtvMonitorView.swift /Users/runner/work/iosApp/iosApp/iosApp/Views/Screens/Support/StaffSupportView.swift /Users/runner/work/iosApp/iosApp/iosApp/Views/Screens/Auth/PendingApprovalView.swift /Users/runner/work/iosApp/iosApp/iosApp/Views/Screens/Attendance/AttendanceHistoryView.swift /Users/runner/work/iosApp/iosApp/iosApp/App/InfoView.swift /Users/runner/work/iosApp/iosApp/iosApp/Views/Screens/Attendance/AttendanceReportView.swift /Users/runner/work/iosApp/iosApp/iosApp/Views/Screens/Admin/AdminTicketListView.swift /Users/runner/work/iosApp/iosApp/iosApp/App/HelpView.swift /Users/runner/work/iosApp/iosApp/iosApp/Views/Screens/Devices/LichSuView.swift /Users/runner/work/iosApp/iosApp/iosApp/Views/Screens/Admin/SuperAdminPortalView.swift /Users/runner/work/iosApp/iosApp/iosApp/Views/Screens/Auth/ResetPasswordView.swift /Users/runner/Library/Developer/Xcode/DerivedData/iosApp-futeksqscqzjpibtkonmeslsyvzw/Build/Intermediates.noindex/ArchiveIntermediates/iosApp/IntermediateBuildFilesPath/iosApp.build/Release-iphoneos/iosApp.build/DerivedSources/GeneratedAssetSymbols.swift -supplementary-output-file-map /Users/runner/Library/Developer/Xcode/DerivedData/iosApp-futeksqscqzjpibtkonmeslsyvzw/Build/Intermediates.noindex/ArchiveIntermediates/iosApp/IntermediateBuildFilesPath/iosApp.build/Release-iphoneos/iosApp.build/Objects-normal/arm64/supplementaryOutputs-1 -emit-localized-strings -emit-localized-strings-path /Users/runner/Library/Developer/Xcode/DerivedData/iosApp-futeksqscqzjpibtkonmeslsyvzw/Build/Intermediates.noindex/ArchiveIntermediates/iosApp/IntermediateBuildFilesPath/iosApp.build/Release-iphoneos/iosApp.build/Objects-normal/arm64 -target arm64-apple-ios15.0 -Xllvm -aarch64-use-tbi -enable-objc-interop -stack-check -sdk /Applications/Xcode_15.4.app/Contents/Developer/Platforms/iPhoneOS.platform/Developer/SDKs/iPhoneOS17.5.sdk -I /Users/runner/Library/Developer/Xcode/DerivedData/iosApp-futeksqscqzjpibtkonmeslsyvzw/Build/Intermediates.noindex/ArchiveIntermediates/iosApp/BuildProductsPath/Release-iphoneos -F /Users/runner/Library/Developer/Xcode/DerivedData/iosApp-futeksqscqzjpibtkonmeslsyvzw/Build/Intermediates.noindex/ArchiveIntermediates/iosApp/BuildProductsPath/Release-iphoneos -no-color-diagnostics -g -module-cache-path /Users/runner/Library/Developer/Xcode/DerivedData/ModuleCache.noindex -swift-version 5 -enforce-exclusivity\=checked -O -serialize-debugging-options -const-gather-protocols-file /Users/runner/Library/Developer/Xcode/DerivedData/iosApp-futeksqscqzjpibtkonmeslsyvzw/Build/Intermediates.noindex/ArchiveIntermediates/iosApp/IntermediateBuildFilesPath/iosApp.build/Release-iphoneos/iosApp.build/Objects-normal/arm64/iosApp_const_extract_protocols.json -enable-bare-slash-regex -empty-abi-descriptor -validate-clang-modules-once -clang-build-session-file /Users/runner/Library/Developer/Xcode/DerivedData/ModuleCache.noindex/Session.modulevalidation -Xcc -working-directory -Xcc /Users/runner/work/iosApp/iosApp -resource-dir /Applications/Xcode_15.4.app/Contents/Developer/Toolchains/XcodeDefault.xctoolchain/usr/lib/swift -Xcc -ivfsstatcache -Xcc /Users/runner/Library/Developer/Xcode/DerivedData/SDKStatCaches.noindex/iphoneos17.5-21F77-f0fa7969d082b13145125136a829df3a.sdkstatcache -Xcc -I/Users/runner/Library/Developer/Xcode/DerivedData/iosApp-futeksqscqzjpibtkonmeslsyvzw/Build/Intermediates.noindex/ArchiveIntermediates/iosApp/IntermediateBuildFilesPath/iosApp.build/Release-iphoneos/iosApp.build/swift-overrides.hmap -Xcc -iquote -Xcc /Users/runner/Library/Developer/Xcode/DerivedData/iosApp-futeksqscqzjpibtkonmeslsyvzw/Build/Intermediates.noindex/ArchiveIntermediates/iosApp/IntermediateBuildFilesPath/iosApp.build/Release-iphoneos/iosApp.build/iosApp-generated-files.hmap -Xcc -I/Users/runner/Library/Developer/Xcode/DerivedData/iosApp-futeksqscqzjpibtkonmeslsyvzw/Build/Intermediates.noindex/ArchiveIntermediates/iosApp/IntermediateBuildFilesPath/iosApp.build/Release-iphoneos/iosApp.build/iosApp-own-target-headers.hmap -Xcc -I/Users/runner/Library/Developer/Xcode/DerivedData/iosApp-futeksqscqzjpibtkonmeslsyvzw/Build/Intermediates.noindex/ArchiveIntermediates/iosApp/IntermediateBuildFilesPath/iosApp.build/Release-iphoneos/iosApp.build/iosApp-all-target-headers.hmap -Xcc -iquote -Xcc /Users/runner/Library/Developer/Xcode/DerivedData/iosApp-futeksqscqzjpibtkonmeslsyvzw/Build/Intermediates.noindex/ArchiveIntermediates/iosApp/IntermediateBuildFilesPath/iosApp.build/Release-iphoneos/iosApp.build/iosApp-project-headers.hmap -Xcc -I/Users/runner/Library/Developer/Xcode/DerivedData/iosApp-futeksqscqzjpibtkonmeslsyvzw/Build/Intermediates.noindex/ArchiveIntermediates/iosApp/BuildProductsPath/Release-iphoneos/include -Xcc -I/Users/runner/Library/Developer/Xcode/DerivedData/iosApp-futeksqscqzjpibtkonmeslsyvzw/Build/Intermediates.noindex/ArchiveIntermediates/iosApp/IntermediateBuildFilesPath/iosApp.build/Release-iphoneos/iosApp.build/DerivedSources-normal/arm64 -Xcc -I/Users/runner/Library/Developer/Xcode/DerivedData/iosApp-futeksqscqzjpibtkonmeslsyvzw/Build/Intermediates.noindex/ArchiveIntermediates/iosApp/IntermediateBuildFilesPath/iosApp.build/Release-iphoneos/iosApp.build/DerivedSources/arm64 -Xcc -I/Users/runner/Library/Developer/Xcode/DerivedData/iosApp-futeksqscqzjpibtkonmeslsyvzw/Build/Intermediates.noindex/ArchiveIntermediates/iosApp/IntermediateBuildFilesPath/iosApp.build/Release-iphoneos/iosApp.build/DerivedSources -module-name iosApp -frontend-parseable-output -disable-clang-spi -target-sdk-version 17.5 -target-sdk-name iphoneos17.5 -external-plugin-path /Applications/Xcode_15.4.app/Contents/Developer/Platforms/iPhoneOS.platform/Developer/SDKs/iPhoneOS17.5.sdk/usr/lib/swift/host/plugins\#/Applications/Xcode_15.4.app/Contents/Developer/Platforms/iPhoneOS.platform/Developer/SDKs/iPhoneOS17.5.sdk/usr/bin/swift-plugin-server -external-plugin-path /Applications/Xcode_15.4.app/Contents/Developer/Platforms/iPhoneOS.platform/Developer/SDKs/iPhoneOS17.5.sdk/usr/local/lib/swift/host/plugins\#/Applications/Xcode_15.4.app/Contents/Developer/Platforms/iPhoneOS.platform/Developer/SDKs/iPhoneOS17.5.sdk/usr/bin/swift-plugin-server -external-plugin-path /Applications/Xcode_15.4.app/Contents/Developer/Platforms/iPhoneOS.platform/Developer/usr/lib/swift/host/plugins\#/Applications/Xcode_15.4.app/Contents/Developer/Platforms/iPhoneOS.platform/Developer/usr/bin/swift-plugin-server -external-plugin-path /Applications/Xcode_15.4.app/Contents/Developer/Platforms/iPhoneOS.platform/Developer/usr/local/lib/swift/host/plugins\#/Applications/Xcode_15.4.app/Contents/Developer/Platforms/iPhoneOS.platform/Developer/usr/bin/swift-plugin-server -plugin-path /Applications/Xcode_15.4.app/Contents/Developer/Toolchains/XcodeDefault.xctoolchain/usr/lib/swift/host/plugins -plugin-path /Applications/Xcode_15.4.app/Contents/Developer/Toolchains/XcodeDefault.xctoolchain/usr/local/lib/swift/host/plugins -enable-default-cmo -num-threads 5 -o /Users/runner/Library/Developer/Xcode/DerivedData/iosApp-futeksqscqzjpibtkonmeslsyvzw/Build/Intermediates.noindex/ArchiveIntermediates/iosApp/IntermediateBuildFilesPath/iosApp.build/Release-iphoneos/iosApp.build/Objects-normal/arm64/iOSApp.o -o /Users/runner/Library/Developer/Xcode/DerivedData/iosApp-futeksqscqzjpibtkonmeslsyvzw/Build/Intermediates.noindex/ArchiveIntermediates/iosApp/IntermediateBuildFilesPath/iosApp.build/Release-iphoneos/iosApp.build/Objects-normal/arm64/MainContainerView.o -o /Users/runner/Library/Developer/Xcode/DerivedData/iosApp-futeksqscqzjpibtkonmeslsyvzw/Build/Intermediates.noindex/ArchiveIntermediates/iosApp/IntermediateBuildFilesPath/iosApp.build/Release-iphoneos/iosApp.build/Objects-normal/arm64/AppColors.o -o /Users/runner/Library/Developer/Xcode/DerivedData/iosApp-futeksqscqzjpibtkonmeslsyvzw/Build/Intermediates.noindex/ArchiveIntermediates/iosApp/IntermediateBuildFilesPath/iosApp.build/Release-iphoneos/iosApp.build/Objects-normal/arm64/UserModels.o -o /Users/runner/Library/Developer/Xcode/DerivedData/iosApp-futeksqscqzjpibtkonmeslsyvzw/Build/Intermediates.noindex/ArchiveIntermediates/iosApp/IntermediateBuildFilesPath/iosApp.build/Release-iphoneos/iosApp.build/Objects-normal/arm64/DeviceModels.o -o /Users/runner/Library/Developer/Xcode/DerivedData/iosApp-futeksqscqzjpibtkonmeslsyvzw/Build/Intermediates.noindex/ArchiveIntermediates/iosApp/IntermediateBuildFilesPath/iosApp.build/Release-iphoneos/iosApp.build/Objects-normal/arm64/TicketModels.o -o /Users/runner/Library/Developer/Xcode/DerivedData/iosApp-futeksqscqzjpibtkonmeslsyvzw/Build/Intermediates.noindex/ArchiveIntermediates/iosApp/IntermediateBuildFilesPath/iosApp.build/Release-iphoneos/iosApp.build/Objects-normal/arm64/AttendanceModels.o -o /Users/runner/Library/Developer/Xcode/DerivedData/iosApp-futeksqscqzjpibtkonmeslsyvzw/Build/Intermediates.noindex/ArchiveIntermediates/iosApp/IntermediateBuildFilesPath/iosApp.build/Release-iphoneos/iosApp.build/Objects-normal/arm64/ShiftModels.o -o /Users/runner/Library/Developer/Xcode/DerivedData/iosApp-futeksqscqzjpibtkonmeslsyvzw/Build/Intermediates.noindex/ArchiveIntermediates/iosApp/IntermediateBuildFilesPath/iosApp.build/Release-iphoneos/iosApp.build/Objects-normal/arm64/OrganizationModels.o -o /Users/runner/Library/Developer/Xcode/DerivedData/iosApp-futeksqscqzjpibtkonmeslsyvzw/Build/Intermediates.noindex/ArchiveIntermediates/iosApp/IntermediateBuildFilesPath/iosApp.build/Release-iphoneos/iosApp.build/Objects-normal/arm64/FirebaseConfig.o -o /Users/runner/Library/Developer/Xcode/DerivedData/iosApp-futeksqscqzjpibtkonmeslsyvzw/Build/Intermediates.noindex/ArchiveIntermediates/iosApp/IntermediateBuildFilesPath/iosApp.build/Release-iphoneos/iosApp.build/Objects-normal/arm64/FirestoreHelper.o -o /Users/runner/Library/Developer/Xcode/DerivedData/iosApp-futeksqscqzjpibtkonmeslsyvzw/Build/Intermediates.noindex/ArchiveIntermediates/iosApp/IntermediateBuildFilesPath/iosApp.build/Release-iphoneos/iosApp.build/Objects-normal/arm64/AuthService.o -o /Users/runner/Library/Developer/Xcode/DerivedData/iosApp-futeksqscqzjpibtkonmeslsyvzw/Build/Intermediates.noindex/ArchiveIntermediates/iosApp/IntermediateBuildFilesPath/iosApp.build/Release-iphoneos/iosApp.build/Objects-normal/arm64/AuthViewModel.o -o /Users/runner/Library/Developer/Xcode/DerivedData/iosApp-futeksqscqzjpibtkonmeslsyvzw/Build/Intermediates.noindex/ArchiveIntermediates/iosApp/IntermediateBuildFilesPath/iosApp.build/Release-iphoneos/iosApp.build/Objects-normal/arm64/HomeViewModel.o -o /Users/runner/Library/Developer/Xcode/DerivedData/iosApp-futeksqscqzjpibtkonmeslsyvzw/Build/Intermediates.noindex/ArchiveIntermediates/iosApp/IntermediateBuildFilesPath/iosApp.build/Release-iphoneos/iosApp.build/Objects-normal/arm64/DeviceViewModel.o -o /Users/runner/Library/Developer/Xcode/DerivedData/iosApp-futeksqscqzjpibtkonmeslsyvzw/Build/Intermediates.noindex/ArchiveIntermediates/iosApp/IntermediateBuildFilesPath/iosApp.build/Release-iphoneos/iosApp.build/Objects-normal/arm64/SupportViewModel.o -o /Users/runner/Library/Developer/Xcode/DerivedData/iosApp-futeksqscqzjpibtkonmeslsyvzw/Build/Intermediates.noindex/ArchiveIntermediates/iosApp/IntermediateBuildFilesPath/iosApp.build/Release-iphoneos/iosApp.build/Objects-normal/arm64/AttendanceViewModel.o -o /Users/runner/Library/Developer/Xcode/DerivedData/iosApp-futeksqscqzjpibtkonmeslsyvzw/Build/Intermediates.noindex/ArchiveIntermediates/iosApp/IntermediateBuildFilesPath/iosApp.build/Release-iphoneos/iosApp.build/Objects-normal/arm64/ShiftViewModel.o -o /Users/runner/Library/Developer/Xcode/DerivedData/iosApp-futeksqscqzjpibtkonmeslsyvzw/Build/Intermediates.noindex/ArchiveIntermediates/iosApp/IntermediateBuildFilesPath/iosApp.build/Release-iphoneos/iosApp.build/Objects-normal/arm64/LoginView.o -o /Users/runner/Library/Developer/Xcode/DerivedData/iosApp-futeksqscqzjpibtkonmeslsyvzw/Build/Intermediates.noindex/ArchiveIntermediates/iosApp/IntermediateBuildFilesPath/iosApp.build/Release-iphoneos/iosApp.build/Objects-normal/arm64/AppSidebarDrawer.o -o /Users/runner/Library/Developer/Xcode/DerivedData/iosApp-futeksqscqzjpibtkonmeslsyvzw/Build/Intermediates.noindex/ArchiveIntermediates/iosApp/IntermediateBuildFilesPath/iosApp.build/Release-iphoneos/iosApp.build/Objects-normal/arm64/HomeScreenView.o -o /Users/runner/Library/Developer/Xcode/DerivedData/iosApp-futeksqscqzjpibtkonmeslsyvzw/Build/Intermediates.noindex/ArchiveIntermediates/iosApp/IntermediateBuildFilesPath/iosApp.build/Release-iphoneos/iosApp.build/Objects-normal/arm64/DeviceListView.o -o /Users/runner/Library/Developer/Xcode/DerivedData/iosApp-futeksqscqzjpibtkonmeslsyvzw/Build/Intermediates.noindex/ArchiveIntermediates/iosApp/IntermediateBuildFilesPath/iosApp.build/Release-iphoneos/iosApp.build/Objects-normal/arm64/SupportHubView.o -o /Users/runner/Library/Developer/Xcode/DerivedData/iosApp-futeksqscqzjpibtkonmeslsyvzw/Build/Intermediates.noindex/ArchiveIntermediates/iosApp/IntermediateBuildFilesPath/iosApp.build/Release-iphoneos/iosApp.build/Objects-normal/arm64/TicketChatDetailView.o -o /Users/runner/Library/Developer/Xcode/DerivedData/iosApp-futeksqscqzjpibtkonmeslsyvzw/Build/Intermediates.noindex/ArchiveIntermediates/iosApp/IntermediateBuildFilesPath/iosApp.build/Release-iphoneos/iosApp.build/Objects-normal/arm64/AttendanceCheckInView.o -o /Users/runner/Library/Developer/Xcode/DerivedData/iosApp-futeksqscqzjpibtkonmeslsyvzw/Build/Intermediates.noindex/ArchiveIntermediates/iosApp/IntermediateBuildFilesPath/iosApp.build/Release-iphoneos/iosApp.build/Objects-normal/arm64/ShiftScheduleView.o -o /Users/runner/Library/Developer/Xcode/DerivedData/iosApp-futeksqscqzjpibtkonmeslsyvzw/Build/Intermediates.noindex/ArchiveIntermediates/iosApp/IntermediateBuildFilesPath/iosApp.build/Release-iphoneos/iosApp.build/Objects-normal/arm64/PeripheralsView.o -o /Users/runner/Library/Developer/Xcode/DerivedData/iosApp-futeksqscqzjpibtkonmeslsyvzw/Build/Intermediates.noindex/ArchiveIntermediates/iosApp/IntermediateBuildFilesPath/iosApp.build/Release-iphoneos/iosApp.build/Objects-normal/arm64/AssetStatisticsView.o -o /Users/runner/Library/Developer/Xcode/DerivedData/iosApp-futeksqscqzjpibtkonmeslsyvzw/Build/Intermediates.noindex/ArchiveIntermediates/iosApp/IntermediateBuildFilesPath/iosApp.build/Release-iphoneos/iosApp.build/Objects-normal/arm64/QRScannerView.o -o /Users/runner/Library/Developer/Xcode/DerivedData/iosApp-futeksqscqzjpibtkonmeslsyvzw/Build/Intermediates.noindex/ArchiveIntermediates/iosApp/IntermediateBuildFilesPath/iosApp.build/Release-iphoneos/iosApp.build/Objects-normal/arm64/AddDeviceView.o -o /Users/runner/Library/Developer/Xcode/DerivedData/iosApp-futeksqscqzjpibtkonmeslsyvzw/Build/Intermediates.noindex/ArchiveIntermediates/iosApp/IntermediateBuildFilesPath/iosApp.build/Release-iphoneos/iosApp.build/Objects-normal/arm64/PrintQrLabelView.o -o /Users/runner/Library/Developer/Xcode/DerivedData/iosApp-futeksqscqzjpibtkonmeslsyvzw/Build/Intermediates.noindex/ArchiveIntermediates/iosApp/IntermediateBuildFilesPath/iosApp.build/Release-iphoneos/iosApp.build/Objects-normal/arm64/SystemNotificationsView.o -o /Users/runner/Library/Developer/Xcode/DerivedData/iosApp-futeksqscqzjpibtkonmeslsyvzw/Build/Intermediates.noindex/ArchiveIntermediates/iosApp/IntermediateBuildFilesPath/iosApp.build/Release-iphoneos/iosApp.build/Objects-normal/arm64/SystemSettingsView.o -o /Users/runner/Library/Developer/Xcode/DerivedData/iosApp-futeksqscqzjpibtkonmeslsyvzw/Build/Intermediates.noindex/ArchiveIntermediates/iosApp/IntermediateBuildFilesPath/iosApp.build/Release-iphoneos/iosApp.build/Objects-normal/arm64/CompanyBannerTickerView.o -o /Users/runner/Library/Developer/Xcode/DerivedData/iosApp-futeksqscqzjpibtkonmeslsyvzw/Build/Intermediates.noindex/ArchiveIntermediates/iosApp/IntermediateBuildFilesPath/iosApp.build/Release-iphoneos/iosApp.build/Objects-normal/arm64/AdminViewModel.o -o /Users/runner/Library/Developer/Xcode/DerivedData/iosApp-futeksqscqzjpibtkonmeslsyvzw/Build/Intermediates.noindex/ArchiveIntermediates/iosApp/IntermediateBuildFilesPath/iosApp.build/Release-iphoneos/iosApp.build/Objects-normal/arm64/UserManagementView.o -o /Users/runner/Library/Developer/Xcode/DerivedData/iosApp-futeksqscqzjpibtkonmeslsyvzw/Build/Intermediates.noindex/ArchiveIntermediates/iosApp/IntermediateBuildFilesPath/iosApp.build/Release-iphoneos/iosApp.build/Objects-normal/arm64/ApproveStaffView.o -o /Users/runner/Library/Developer/Xcode/DerivedData/iosApp-futeksqscqzjpibtkonmeslsyvzw/Build/Intermediates.noindex/ArchiveIntermediates/iosApp/IntermediateBuildFilesPath/iosApp.build/Release-iphoneos/iosApp.build/Objects-normal/arm64/DepartmentManagerView.o -o /Users/runner/Library/Developer/Xcode/DerivedData/iosApp-futeksqscqzjpibtkonmeslsyvzw/Build/Intermediates.noindex/ArchiveIntermediates/iosApp/IntermediateBuildFilesPath/iosApp.build/Release-iphoneos/iosApp.build/Objects-normal/arm64/UnitRegionManagerView.o -o /Users/runner/Library/Developer/Xcode/DerivedData/iosApp-futeksqscqzjpibtkonmeslsyvzw/Build/Intermediates.noindex/ArchiveIntermediates/iosApp/IntermediateBuildFilesPath/iosApp.build/Release-iphoneos/iosApp.build/Objects-normal/arm64/PaywallLicenseView.o -o /Users/runner/Library/Developer/Xcode/DerivedData/iosApp-futeksqscqzjpibtkonmeslsyvzw/Build/Intermediates.noindex/ArchiveIntermediates/iosApp/IntermediateBuildFilesPath/iosApp.build/Release-iphoneos/iosApp.build/Objects-normal/arm64/DeviceTypeManagerView.o -o /Users/runner/Library/Developer/Xcode/DerivedData/iosApp-futeksqscqzjpibtkonmeslsyvzw/Build/Intermediates.noindex/ArchiveIntermediates/iosApp/IntermediateBuildFilesPath/iosApp.build/Release-iphoneos/iosApp.build/Objects-normal/arm64/SpecialistTeamManagerView.o -o /Users/runner/Library/Developer/Xcode/DerivedData/iosApp-futeksqscqzjpibtkonmeslsyvzw/Build/Intermediates.noindex/ArchiveIntermediates/iosApp/IntermediateBuildFilesPath/iosApp.build/Release-iphoneos/iosApp.build/Objects-normal/arm64/SupportRatingReportView.o -o /Users/runner/Library/Developer/Xcode/DerivedData/iosApp-futeksqscqzjpibtkonmeslsyvzw/Build/Intermediates.noindex/ArchiveIntermediates/iosApp/IntermediateBuildFilesPath/iosApp.build/Release-iphoneos/iosApp.build/Objects-normal/arm64/OnlineKtvMonitorView.o -o /Users/runner/Library/Developer/Xcode/DerivedData/iosApp-futeksqscqzjpibtkonmeslsyvzw/Build/Intermediates.noindex/ArchiveIntermediates/iosApp/IntermediateBuildFilesPath/iosApp.build/Release-iphoneos/iosApp.build/Objects-normal/arm64/StaffSupportView.o -o /Users/runner/Library/Developer/Xcode/DerivedData/iosApp-futeksqscqzjpibtkonmeslsyvzw/Build/Intermediates.noindex/ArchiveIntermediates/iosApp/IntermediateBuildFilesPath/iosApp.build/Release-iphoneos/iosApp.build/Objects-normal/arm64/PendingApprovalView.o -o /Users/runner/Library/Developer/Xcode/DerivedData/iosApp-futeksqscqzjpibtkonmeslsyvzw/Build/Intermediates.noindex/ArchiveIntermediates/iosApp/IntermediateBuildFilesPath/iosApp.build/Release-iphoneos/iosApp.build/Objects-normal/arm64/AttendanceHistoryView.o -o /Users/runner/Library/Developer/Xcode/DerivedData/iosApp-futeksqscqzjpibtkonmeslsyvzw/Build/Intermediates.noindex/ArchiveIntermediates/iosApp/IntermediateBuildFilesPath/iosApp.build/Release-iphoneos/iosApp.build/Objects-normal/arm64/InfoView.o -o /Users/runner/Library/Developer/Xcode/DerivedData/iosApp-futeksqscqzjpibtkonmeslsyvzw/Build/Intermediates.noindex/ArchiveIntermediates/iosApp/IntermediateBuildFilesPath/iosApp.build/Release-iphoneos/iosApp.build/Objects-normal/arm64/AttendanceReportView.o -o /Users/runner/Library/Developer/Xcode/DerivedData/iosApp-futeksqscqzjpibtkonmeslsyvzw/Build/Intermediates.noindex/ArchiveIntermediates/iosApp/IntermediateBuildFilesPath/iosApp.build/Release-iphoneos/iosApp.build/Objects-normal/arm64/AdminTicketListView.o -o /Users/runner/Library/Developer/Xcode/DerivedData/iosApp-futeksqscqzjpibtkonmeslsyvzw/Build/Intermediates.noindex/ArchiveIntermediates/iosApp/IntermediateBuildFilesPath/iosApp.build/Release-iphoneos/iosApp.build/Objects-normal/arm64/HelpView.o -o /Users/runner/Library/Developer/Xcode/DerivedData/iosApp-futeksqscqzjpibtkonmeslsyvzw/Build/Intermediates.noindex/ArchiveIntermediates/iosApp/IntermediateBuildFilesPath/iosApp.build/Release-iphoneos/iosApp.build/Objects-normal/arm64/LichSuView.o -o /Users/runner/Library/Developer/Xcode/DerivedData/iosApp-futeksqscqzjpibtkonmeslsyvzw/Build/Intermediates.noindex/ArchiveIntermediates/iosApp/IntermediateBuildFilesPath/iosApp.build/Release-iphoneos/iosApp.build/Objects-normal/arm64/SuperAdminPortalView.o -o /Users/runner/Library/Developer/Xcode/DerivedData/iosApp-futeksqscqzjpibtkonmeslsyvzw/Build/Intermediates.noindex/ArchiveIntermediates/iosApp/IntermediateBuildFilesPath/iosApp.build/Release-iphoneos/iosApp.build/Objects-normal/arm64/ResetPasswordView.o -o /Users/runner/Library/Developer/Xcode/DerivedData/iosApp-futeksqscqzjpibtkonmeslsyvzw/Build/Intermediates.noindex/ArchiveIntermediates/iosApp/IntermediateBuildFilesPath/iosApp.build/Release-iphoneos/iosApp.build/Objects-normal/arm64/GeneratedAssetSymbols.o -index-unit-output-path /iosApp.build/Release-iphoneos/iosApp.build/Objects-normal/arm64/iOSApp.o -index-unit-output-path /iosApp.build/Release-iphoneos/iosApp.build/Objects-normal/arm64/MainContainerView.o -index-unit-output-path /iosApp.build/Release-iphoneos/iosApp.build/Objects-normal/arm64/AppColors.o -index-unit-output-path /iosApp.build/Release-iphoneos/iosApp.build/Objects-normal/arm64/UserModels.o -index-unit-output-path /iosApp.build/Release-iphoneos/iosApp.build/Objects-normal/arm64/DeviceModels.o -index-unit-output-path /iosApp.build/Release-iphoneos/iosApp.build/Objects-normal/arm64/TicketModels.o -index-unit-output-path /iosApp.build/Release-iphoneos/iosApp.build/Objects-normal/arm64/AttendanceModels.o -index-unit-output-path /iosApp.build/Release-iphoneos/iosApp.build/Objects-normal/arm64/ShiftModels.o -index-unit-output-path /iosApp.build/Release-iphoneos/iosApp.build/Objects-normal/arm64/OrganizationModels.o -index-unit-output-path /iosApp.build/Release-iphoneos/iosApp.build/Objects-normal/arm64/FirebaseConfig.o -index-unit-output-path /iosApp.build/Release-iphoneos/iosApp.build/Objects-normal/arm64/FirestoreHelper.o -index-unit-output-path /iosApp.build/Release-iphoneos/iosApp.build/Objects-normal/arm64/AuthService.o -index-unit-output-path /iosApp.build/Release-iphoneos/iosApp.build/Objects-normal/arm64/AuthViewModel.o -index-unit-output-path /iosApp.build/Release-iphoneos/iosApp.build/Objects-normal/arm64/HomeViewModel.o -index-unit-output-path /iosApp.build/Release-iphoneos/iosApp.build/Objects-normal/arm64/DeviceViewModel.o -index-unit-output-path /iosApp.build/Release-iphoneos/iosApp.build/Objects-normal/arm64/SupportViewModel.o -index-unit-output-path /iosApp.build/Release-iphoneos/iosApp.build/Objects-normal/arm64/AttendanceViewModel.o -index-unit-output-path /iosApp.build/Release-iphoneos/iosApp.build/Objects-normal/arm64/ShiftViewModel.o -index-unit-output-path /iosApp.build/Release-iphoneos/iosApp.build/Objects-normal/arm64/LoginView.o -index-unit-output-path /iosApp.build/Release-iphoneos/iosApp.build/Objects-normal/arm64/AppSidebarDrawer.o -index-unit-output-path /iosApp.build/Release-iphoneos/iosApp.build/Objects-normal/arm64/HomeScreenView.o -index-unit-output-path /iosApp.build/Release-iphoneos/iosApp.build/Objects-normal/arm64/DeviceListView.o -index-unit-output-path /iosApp.build/Release-iphoneos/iosApp.build/Objects-normal/arm64/SupportHubView.o -index-unit-output-path /iosApp.build/Release-iphoneos/iosApp.build/Objects-normal/arm64/TicketChatDetailView.o -index-unit-output-path /iosApp.build/Release-iphoneos/iosApp.build/Objects-normal/arm64/AttendanceCheckInView.o -index-unit-output-path /iosApp.build/Release-iphoneos/iosApp.build/Objects-normal/arm64/ShiftScheduleView.o -index-unit-output-path /iosApp.build/Release-iphoneos/iosApp.build/Objects-normal/arm64/PeripheralsView.o -index-unit-output-path /iosApp.build/Release-iphoneos/iosApp.build/Objects-normal/arm64/AssetStatisticsView.o -index-unit-output-path /iosApp.build/Release-iphoneos/iosApp.build/Objects-normal/arm64/QRScannerView.o -index-unit-output-path /iosApp.build/Release-iphoneos/iosApp.build/Objects-normal/arm64/AddDeviceView.o -index-unit-output-path /iosApp.build/Release-iphoneos/iosApp.build/Objects-normal/arm64/PrintQrLabelView.o -index-unit-output-path /iosApp.build/Release-iphoneos/iosApp.build/Objects-normal/arm64/SystemNotificationsView.o -index-unit-output-path /iosApp.build/Release-iphoneos/iosApp.build/Objects-normal/arm64/SystemSettingsView.o -index-unit-output-path /iosApp.build/Release-iphoneos/iosApp.build/Objects-normal/arm64/CompanyBannerTickerView.o -index-unit-output-path /iosApp.build/Release-iphoneos/iosApp.build/Objects-normal/arm64/AdminViewModel.o -index-unit-output-path /iosApp.build/Release-iphoneos/iosApp.build/Objects-normal/arm64/UserManagementView.o -index-unit-output-path /iosApp.build/Release-iphoneos/iosApp.build/Objects-normal/arm64/ApproveStaffView.o -index-unit-output-path /iosApp.build/Release-iphoneos/iosApp.build/Objects-normal/arm64/DepartmentManagerView.o -index-unit-output-path /iosApp.build/Release-iphoneos/iosApp.build/Objects-normal/arm64/UnitRegionManagerView.o -index-unit-output-path /iosApp.build/Release-iphoneos/iosApp.build/Objects-normal/arm64/PaywallLicenseView.o -index-unit-output-path /iosApp.build/Release-iphoneos/iosApp.build/Objects-normal/arm64/DeviceTypeManagerView.o -index-unit-output-path /iosApp.build/Release-iphoneos/iosApp.build/Objects-normal/arm64/SpecialistTeamManagerView.o -index-unit-output-path /iosApp.build/Release-iphoneos/iosApp.build/Objects-normal/arm64/SupportRatingReportView.o -index-unit-output-path /iosApp.build/Release-iphoneos/iosApp.build/Objects-normal/arm64/OnlineKtvMonitorView.o -index-unit-output-path /iosApp.build/Release-iphoneos/iosApp.build/Objects-normal/arm64/StaffSupportView.o -index-unit-output-path /iosApp.build/Release-iphoneos/iosApp.build/Objects-normal/arm64/PendingApprovalView.o -index-unit-output-path /iosApp.build/Release-iphoneos/iosApp.build/Objects-normal/arm64/AttendanceHistoryView.o -index-unit-output-path /iosApp.build/Release-iphoneos/iosApp.build/Objects-normal/arm64/InfoView.o -index-unit-output-path /iosApp.build/Release-iphoneos/iosApp.build/Objects-normal/arm64/AttendanceReportView.o -index-unit-output-path /iosApp.build/Release-iphoneos/iosApp.build/Objects-normal/arm64/AdminTicketListView.o -index-unit-output-path /iosApp.build/Release-iphoneos/iosApp.build/Objects-normal/arm64/HelpView.o -index-unit-output-path /iosApp.build/Release-iphoneos/iosApp.build/Objects-normal/arm64/LichSuView.o -index-unit-output-path /iosApp.build/Release-iphoneos/iosApp.build/Objects-normal/arm64/SuperAdminPortalView.o -index-unit-output-path /iosApp.build/Release-iphoneos/iosApp.build/Objects-normal/arm64/ResetPasswordView.o -index-unit-output-path /iosApp.build/Release-iphoneos/iosApp.build/Objects-normal/arm64/GeneratedAssetSymbols.o
2026-09-26T20:12:34.5220250Z Command CompileSwift failed with a nonzero exit code
2026-09-26T20:12:34.5222210Z 
2026-09-26T20:12:34.5674680Z error: Invalid Swift parseable output message (malformed JSON): `[123, 10, 32, 32, 34, 107, 105, 110, 100, 34, 58, 32, 34, 102, 105, 110, 105, 115, 104, 101, 100, 34, 44, 10, 32, 32, 34, 110, 97, 109, 101, 34, 58, 32, 34, 99, 111, 109, 112, 105, 108, 101, 34, 44, 10, 32, 32, 34, 112, 105, 100, 34, 58, 32, 49, 56, 54, 55, 52, 44, 10, 32, 32, 34, 111, 117, 116, 112, 117, 116, 34, 58, 32, 34, 92, 47, 85, 115, 101, 114, 115, 92, 47, 114, 117, 110, 110, 101, 114, 92, 47, 119, 111, 114, 107, 92, 47, 105, 111, 115, 65, 112, 112, 92, 47, 105, 111, 115, 65, 112, 112, 92, 47, 105, 111, 115, 65, 112, 112, 92, 47, 86, 105, 101, 119, 115, 92, 47, 83, 99, 114, 101, 101, 110, 115, 92, 47, 65, 116, 116, 101, 110, 100, 97, 110, 99, 101, 92, 47, 65, 116, 116, 101, 110, 100, 97, 110, 99, 101, 67, 104, 101, 99, 107, 73, 110, 86, 105, 101, 119, 46, 115, 119, 105, 102, 116, 58, 51, 49, 58, 53, 50, 58, 32, 101, 114, 114, 111, 114, 58, 32, 101, 120, 112, 101, 99, 116, 101, 100, 32, 116, 121, 112, 101, 32, 97, 102, 116, 101, 114, 32, 39, 97, 115, 39, 92, 110, 32, 32, 32, 32, 32, 32, 32, 32, 32, 32, 32, 32, 105, 102, 32, 108, 101, 116, 32, 105, 109, 97, 103, 101, 32, 61, 32, 105, 110, 102, 111, 91, 46, 111, 114, 105, 103, 105, 110, 97, 108, 73, 109, 97, 103, 101, 93, 32, 97, 115, 32, 63, 32, 85, 73, 73, 109, 97, 103, 101, 32, 123, 92, 110, 32, 32, 32, 32, 32, 32, 32, 32, 32, 32, 32, 32, 32, 32, 32, 32, 32, 32, 32, 32, 32, 32, 32, 32, 32, 32, 32, 32, 32, 32, 32, 32, 32, 32, 32, 32, 32, 32, 32, 32, 32, 32, 32, 32, 32, 32, 32, 32, 32, 32, 32, 94, 92, 110, 92, 47, 85, 115, 101, 114, 115, 92, 47, 114, 117, 110, 110, 101, 114, 92, 47, 119, 111, 114, 107, 92, 47, 105, 111, 115, 65, 112, 112, 92, 47, 105, 111, 115, 65, 112, 112, 92, 47, 105, 111, 115, 65, 112, 112, 92, 47, 86, 105, 101, 119, 115, 92, 47, 83, 99, 114, 101, 101, 110, 115, 92, 47, 65, 116, 116, 101, 110, 100, 97, 110, 99, 101, 92, 47, 65, 116, 116, 101, 110, 100, 97, 110, 99, 101, 67, 104, 101, 99, 107, 73, 110, 86, 105, 101, 119, 46, 115, 119, 105, 102, 116, 58, 51, 49, 58, 53, 50, 58, 32, 101, 114, 114, 111, 114, 58, 32, 101, 120, 112, 101, 99, 116, 101, 100, 32, 39, 123, 39, 32, 97, 102, 116, 101, 114, 32, 39, 105, 102, 39, 32, 99, 111, 110, 100, 105, 116, 105, 111, 110, 92, 110, 32, 32, 32, 32, 32, 32, 32, 32, 32, 32, 32, 32, 105, 102, 32, 108, 101, 116, 32, 105, 109, 97, 103, 101, 32, 61, 32, 105, 110, 102, 111, 91, 46, 111, 114, 105, 103, 105, 110, 97, 108, 73, 109, 97, 103, 101, 93, 32, 97, 115, 32, 63, 32, 85, 73, 73, 109, 97, 103, 101, 32, 123, 92, 110, 32, 32, 32, 32, 32, 32, 32, 32, 32, 32, 32, 32, 32, 32, 32, 32, 32, 32, 32, 32, 32, 32, 32, 32, 32, 32, 32, 32, 32, 32, 32, 32, 32, 32, 32, 32, 32, 32, 32, 32, 32, 32, 32, 32, 32, 32, 32, 32, 32, 32, 32, 94, 92, 110, 92, 47, 85, 115, 101, 114, 115, 92, 47, 114, 117, 110, 110, 101, 114, 92, 47, 119, 111, 114, 107, 92, 47, 105, 111, 115, 65, 112, 112, 92, 47, 105, 111, 115, 65, 112, 112, 92, 47, 105, 111, 115, 65, 112, 112, 92, 47, 86, 105, 101, 119, 115, 92, 47, 83, 99, 114, 101, 101, 110, 115, 92, 47, 65, 116, 116, 101, 110, 100, 97, 110, 99, 101, 92, 47, 65, 116, 116, 101, 110, 100, 97, 110, 99, 101, 67, 104, 101, 99, 107, 73, 110, 86, 105, 101, 119, 46, 115, 119, 105, 102, 116, 58, 49, 49, 53, 58, 57, 57, 58, 32, 101, 114, 114, 111, 114, 58, 32, 105, 110, 118, 97, 108, 105, 100, 32, 85, 84, 70, 45, 56, 32, 102, 111, 117, 110, 100, 32, 105, 110, 32, 115, 111, 117, 114, 99, 101, 32, 102, 105, 108, 101, 92, 110, 32, 32, 32, 32, 32, 32, 32, 32, 32, 32, 32, 32, 32, 32, 32, 32, 32, 32, 32, 32, 32, 32, 32, 32, 32, 32, 32, 32, 32, 32, 32, 32, 32, 32, 32, 32, 32, 32, 32, 32, 84, 101, 120, 116, 40, 92, 34, 92, 92, 40, 73, 110, 116, 40, 118, 105, 101, 119, 77, 111, 100, 101, 108, 46, 116, 114, 97, 118, 101, 108, 67, 111, 110, 102, 105, 103, 46, 103, 101, 111, 102, 101, 110, 99, 101, 82, 97, 100, 105, 117, 115, 77, 101, 116, 101, 114, 115, 41, 41, 109, 189, 92, 34, 41, 92, 110, 92, 47, 85, 115, 101, 114, 115, 92, 47, 114, 117, 110, 110, 101, 114, 92, 47, 119, 111, 114, 107, 92, 47, 105, 111, 115, 65, 112, 112, 92, 47, 105, 111, 115, 65, 112, 112, 92, 47, 105, 111, 115, 65, 112, 112, 92, 47, 86, 105, 101, 119, 115, 92, 47, 83, 99, 114, 101, 101, 110, 115, 92, 47, 65, 116, 116, 101, 110, 100, 97, 110, 99, 101, 92, 47, 65, 116, 116, 101, 110, 100, 97, 110, 99, 101, 67, 104, 101, 99, 107, 73, 110, 86, 105, 101, 119, 46, 115, 119, 105, 102, 116, 58, 49, 55, 56, 58, 53, 57, 58, 32, 101, 114, 114, 111, 114, 58, 32, 105, 110, 118, 97, 108, 105, 100, 32, 85, 84, 70, 45, 56, 32, 102, 111, 117, 110, 100, 32, 105, 110, 32, 115, 111, 117, 114, 99, 101, 32, 102, 105, 108, 101, 92, 110, 32, 32, 32, 32, 32, 32, 32, 32, 32, 32, 32, 32, 32, 32, 32, 32, 32, 32, 32, 32, 32, 32, 32, 32, 32, 32, 32, 32, 32, 32, 32, 32, 32, 32, 32, 32, 83, 104, 105, 102, 116, 66, 117, 116, 116, 111, 110, 40, 116, 105, 116, 108, 101, 58, 32, 92, 34, 72, 112, 232, 110, 104, 32, 99, 104, 195, 173, 110, 104, 92, 34, 44, 32, 116, 97, 103, 58, 32, 92, 34, 72, 67, 92, 34, 44, 32, 115, 101, 108, 101, 99, 116, 101, 100, 84, 97, 103, 58, 32, 36, 118, 105, 101, 119, 77, 111, 100, 101, 108, 46, 115, 101, 108, 101, 99, 116, 101, 100, 83, 104, 105, 102, 116, 84, 121, 112, 101, 41, 92, 110, 92, 47, 85, 115, 101, 114, 115, 92, 47, 114, 117, 110, 110, 101, 114, 92, 47, 119, 111, 114, 107, 92, 47, 105, 111, 115, 65, 112, 112, 92, 47, 105, 111, 115, 65, 112, 112, 92, 47, 105, 111, 115, 65, 112, 112, 92, 47, 86, 105, 101, 119, 115, 92, 47, 83, 99, 114, 101, 101, 110, 115, 92, 47, 65, 116, 116, 101, 110, 100, 97, 110, 99, 101, 92, 47, 65, 116, 116, 101, 110, 100, 97, 110, 99, 101, 67, 104, 101, 99, 107, 73, 110, 86, 105, 101, 119, 46, 115, 119, 105, 102, 116, 58, 51, 51, 54, 58, 50, 57, 58, 32, 101, 114, 114, 111, 114, 58, 32, 101, 120, 112, 101, 99, 116, 101, 100, 32, 112, 97, 114, 97, 109, 101, 116, 101, 114, 32, 110, 97, 109, 101, 32, 102, 111, 108, 108, 111, 119, 101, 100, 32, 98, 121, 32, 39, 58, 39, 92, 110, 32, 32, 32, 32, 112, 114, 105, 118, 97, 116, 101, 32, 102, 117, 110, 99, 32, 102, 111, 114, 109, 97, 116, 84, 105, 109, 101, 40, 92, 92, 32, 116, 105, 109, 101, 115, 116, 97, 109, 112, 58, 32, 73, 110, 116, 54, 52, 63, 41, 32, 45, 62, 32, 83, 116, 114, 105, 110, 103, 32, 123, 92, 110, 32, 32, 32, 32, 32, 32, 32, 32, 32, 32, 32, 32, 32, 32, 32, 32, 32, 32, 32, 32, 32, 32, 32, 32, 32, 32, 32, 32, 94, 92, 110, 92, 47, 85, 115, 101, 114, 115, 92, 47, 114, 117, 110, 110, 101, 114, 92, 47, 119, 111, 114, 107, 92, 47, 105, 111, 115, 65, 112, 112, 92, 47, 105, 111, 115, 65, 112, 112, 92, 47, 105, 111, 115, 65, 112, 112, 92, 47, 86, 105, 101, 119, 115, 92, 47, 83, 99, 114, 101, 101, 110, 115, 92, 47, 65, 116, 116, 101, 110, 100, 97, 110, 99, 101, 92, 47, 65, 116, 116, 101, 110, 100, 97, 110, 99, 101, 67, 104, 101, 99, 107, 73, 110, 86, 105, 101, 119, 46, 115, 119, 105, 102, 116, 58, 51, 56, 50, 58, 50, 53, 58, 32, 101, 114, 114, 111, 114, 58, 32, 101, 120, 112, 101, 99, 116, 101, 100, 32, 39, 58, 39, 32, 97, 102, 116, 101, 114, 32, 39, 63, 32, 46, 46, 46, 39, 32, 105, 110, 32, 116, 101, 114, 110, 97, 114, 121, 32, 101, 120, 112, 114, 101, 115, 115, 105, 111, 110, 92, 110, 32, 32, 32, 32, 32, 32, 32, 32, 32, 32, 32, 32, 84, 101, 120, 116, 40, 105, 115, 68, 111, 110, 101, 32, 63, 32, 32, 196, 144, 195, 163, 32, 103, 104, 105, 32, 110, 104, 225, 186, 173, 110, 92, 34, 32, 58, 32, 92, 34, 67, 104, 198, 176, 97, 32, 99, 195, 179, 32, 100, 225, 187, 175, 32, 108, 105, 225, 187, 135, 117, 92, 34, 41, 92, 110, 92, 47, 85, 115, 101, 114, 115, 92, 47, 114, 117, 110, 110, 101, 114, 92, 47, 119, 111, 114, 107, 92, 47, 105, 111, 115, 65, 112, 112, 92, 47, 105, 111, 115, 65, 112, 112, 92, 47, 105, 111, 115, 65, 112, 112, 92, 47, 86, 105, 101, 119, 115, 92, 47, 83, 99, 114, 101, 101, 110, 115, 92, 47, 65, 116, 116, 101, 110, 100, 97, 110, 99, 101, 92, 47, 65, 116, 116, 101, 110, 100, 97, 110, 99, 101, 67, 104, 101, 99, 107, 73, 110, 86, 105, 101, 119, 46, 115, 119, 105, 102, 116, 58, 51, 56, 50, 58, 54, 57, 58, 32, 101, 114, 114, 111, 114, 58, 32, 117, 110, 116, 101, 114, 109, 105, 110, 97, 116, 101, 100, 32, 115, 116, 114, 105, 110, 103, 32, 108, 105, 116, 101, 114, 97, 108, 92, 110, 32, 32, 32, 32, 32, 32, 32, 32, 32, 32, 32, 32, 84, 101, 120, 116, 40, 105, 115, 68, 111, 110, 101, 32, 63, 32, 32, 196, 144, 195, 163, 32, 103, 104, 105, 32, 110, 104, 225, 186, 173, 110, 92, 34, 32, 58, 32, 92, 34, 67, 104, 198, 176, 97, 32, 99, 195, 179, 32, 100, 225, 187, 175, 32, 108, 105, 225, 187, 135, 117, 92, 34, 41, 92, 110, 92, 47, 85, 115, 101, 114, 115, 92, 47, 114, 117, 110, 110, 101, 114, 92, 47, 119, 111, 114, 107, 92, 47, 105, 111, 115, 65, 112, 112, 92, 47, 105, 111, 115, 65, 112, 112, 92, 47, 105, 111, 115, 65, 112, 112, 92, 47, 86, 105, 101, 119, 77, 111, 100, 101, 108, 115, 92, 47, 65, 100, 109, 105, 110, 86, 105, 101, 119, 77, 111, 100, 101, 108, 46, 115, 119, 105, 102, 116, 58, 55, 51, 49, 58, 49, 58, 32, 101, 114, 114, 111, 114, 58, 32, 101, 120, 116, 114, 97, 110, 101, 111, 117, 115, 32, 39, 125, 39, 32, 97, 116, 32, 116, 111, 112, 32, 108, 101, 118, 101, 108, 92, 110, 125, 92, 110, 94, 92, 110, 92, 47, 85, 115, 101, 114, 115, 92, 47, 114, 117, 110, 110, 101, 114, 92, 47, 119, 111, 114, 107, 92, 47, 105, 111, 115, 65, 112, 112, 92, 47, 105, 111, 115, 65, 112, 112, 92, 47, 105, 111, 115, 65, 112, 112, 92, 47, 86, 105, 101, 119, 115, 92, 47, 83, 99, 114, 101, 101, 110, 115, 92, 47, 83, 117, 112, 112, 111, 114, 116, 92, 47, 79, 110, 108, 105, 110, 101, 75, 116, 118, 77, 111, 110, 105, 116, 111, 114, 86, 105, 101, 119, 46, 115, 119, 105, 102, 116, 58, 52, 52, 48, 58, 57, 58, 32, 101, 114, 114, 111, 114, 58, 32, 101, 120, 112, 101, 99, 116, 101, 100, 32, 100, 101, 99, 108, 97, 114, 97, 116, 105, 111, 110, 92, 110, 32, 32, 32, 32, 32, 32, 32, 32, 46, 102, 117, 108, 108, 83, 99, 114, 101, 101, 110, 67, 111, 118, 101, 114, 40, 105, 115, 80, 114, 101, 115, 101, 110, 116, 101, 100, 58, 32, 36, 115, 104, 111, 119, 67, 97, 108, 108, 86, 105, 101, 119, 41, 32, 123, 92, 110, 32, 32, 32, 32, 32, 32, 32, 32, 94, 92, 110, 92, 47, 85, 115, 101, 114, 115, 92, 47, 114, 117, 110, 110, 101, 114, 92, 47, 119, 111, 114, 107, 92, 47, 105, 111, 115, 65, 112, 112, 92, 47, 105, 111, 115, 65, 112, 112, 92, 47, 105, 111, 115, 65, 112, 112, 92, 47, 86, 105, 101, 119, 115, 92, 47, 83, 99, 114, 101, 101, 110, 115, 92, 47, 83, 117, 112, 112, 111, 114, 116, 92, 47, 79, 110, 108, 105, 110, 101, 75, 116, 118, 77, 111, 110, 105, 116, 111, 114, 86, 105, 101, 119, 46, 115, 119, 105, 102, 116, 58, 51, 50, 48, 58, 56, 58, 32, 110, 111, 116, 101, 58, 32, 105, 110, 32, 100, 101, 99, 108, 97, 114, 97, 116, 105, 111, 110, 32, 111, 102, 32, 39, 75, 116, 118, 68, 101, 116, 97, 105, 108, 83, 104, 101, 101, 116, 39, 92, 110, 115, 116, 114, 117, 99, 116, 32, 75, 116, 118, 68, 101, 116, 97, 105, 108, 83, 104, 101, 101, 116, 58, 32, 86, 105, 101, 119, 32, 123, 92, 110, 32, 32, 32, 32, 32, 32, 32, 94, 92, 110, 92, 47, 85, 115, 101, 114, 115, 92, 47, 114, 117, 110, 110, 101, 114, 92, 47, 119, 111, 114, 107, 92, 47, 105, 111, 115, 65, 112, 112, 92, 47, 105, 111, 115, 65, 112, 112, 92, 47, 105, 111, 115, 65, 112, 112, 92, 47, 86, 105, 101, 119, 115, 92, 47, 83, 99, 114, 101, 101, 110, 115, 92, 47, 83, 117, 112, 112, 111, 114, 116, 92, 47, 79, 110, 108, 105, 110, 101, 75, 116, 118, 77, 111, 110, 105, 116, 111, 114, 86, 105, 101, 119, 46, 115, 119, 105, 102, 116, 58, 52, 53, 55, 58, 49, 58, 32, 101, 114, 114, 111, 114, 58, 32, 101, 120, 116, 114, 97, 110, 101, 111, 117, 115, 32, 39, 125, 39, 32, 97, 116, 32, 116, 111, 112, 32, 108, 101, 118, 101, 108, 92, 110, 125, 92, 110, 94, 92, 110, 92, 47, 85, 115, 101, 114, 115, 92, 47, 114, 117, 110, 110, 101, 114, 92, 47, 119, 111, 114, 107, 92, 47, 105, 111, 115, 65, 112, 112, 92, 47, 105, 111, 115, 65, 112, 112, 92, 47, 105, 111, 115, 65, 112, 112, 92, 47, 65, 112, 112, 92, 47, 77, 97, 105, 110, 67, 111, 110, 116, 97, 105, 110, 101, 114, 86, 105, 101, 119, 46, 115, 119, 105, 102, 116, 58, 51, 49, 58, 50, 49, 58, 32, 101, 114, 114, 111, 114, 58, 32, 110, 111, 32, 101, 120, 97, 99, 116, 32, 109, 97, 116, 99, 104, 101, 115, 32, 105, 110, 32, 114, 101, 102, 101, 114, 101, 110, 99, 101, 32, 116, 111, 32, 115, 116, 97, 116, 105, 99, 32, 109, 101, 116, 104, 111, 100, 32, 39, 98, 117, 105, 108, 100, 69, 120, 112, 114, 101, 115, 115, 105, 111, 110, 39, 92, 110, 32, 32, 32, 32, 32, 32, 32, 32, 32, 32, 32, 32, 32, 32, 32, 32, 32, 32, 32, 32, 76, 111, 103, 105, 110, 86, 105, 101, 119, 40, 118, 105, 101, 119, 77, 111, 100, 101, 108, 58, 32, 97, 117, 116, 104, 86, 105, 101, 119, 77, 111, 100, 101, 108, 41, 32, 123, 92, 110, 32, 32, 32, 32, 32, 32, 32, 32, 32, 32, 32, 32, 32, 32, 32, 32, 32, 32, 32, 32, 94, 92, 110, 83, 119, 105, 102, 116, 85, 73, 46, 84, 111, 111, 108, 98, 97, 114, 67, 111, 110, 116, 101, 110, 116, 66, 117, 105, 108, 100, 101, 114, 58, 54, 58, 50, 52, 58, 32, 110, 111, 116, 101, 58, 32, 99, 97, 110, 100, 105, 100, 97, 116, 101, 32, 114, 101, 113, 117, 105, 114, 101, 115, 32, 116, 104, 97, 116, 32, 39, 76, 111, 103, 105, 110, 86, 105, 101, 119, 39, 32, 99, 111, 110, 102, 111, 114, 109, 32, 116, 111, 32, 39, 67, 117, 115, 116, 111, 109, 105, 122, 97, 98, 108, 101, 84, 111, 111, 108, 98, 97, 114, 67, 111, 110, 116, 101, 110, 116, 39, 32, 40, 114, 101, 113, 117, 105, 114, 101, 109, 101, 110, 116, 32, 115, 112, 101, 99, 105, 102, 105, 101, 100, 32, 97, 115, 32, 39, 67, 111, 110, 116, 101, 110, 116, 39, 32, 58, 32, 39, 67, 117, 115, 116, 111, 109, 105, 122, 97, 98, 108, 101, 84, 111, 111, 108, 98, 97, 114, 67, 111, 110, 116, 101, 110, 116, 39, 41, 92, 110, 32, 32, 32, 32, 112, 117, 98, 108, 105, 99, 32, 115, 116, 97, 116, 105, 99, 32, 102, 117, 110, 99, 32, 98, 117, 105, 108, 100, 69, 120, 112, 114, 101, 115, 115, 105, 111, 110, 60, 67, 111, 110, 116, 101, 110, 116, 62, 40, 95, 32, 99, 111, 110, 116, 101, 110, 116, 58, 32, 67, 111, 110, 116, 101, 110, 116, 41, 32, 45, 62, 32, 67, 111, 110, 116, 101, 110, 116, 32, 119, 104, 101, 114, 101, 32, 67, 111, 110, 116, 101, 110, 116, 32, 58, 32, 67, 117, 115, 116, 111, 109, 105, 122, 97, 98, 108, 101, 84, 111, 111, 108, 98, 97, 114, 67, 111, 110, 116, 101, 110, 116, 92, 110, 32, 32, 32, 32, 32, 32, 32, 32, 32, 32, 32, 32, 32, 32, 32, 32, 32, 32, 32, 32, 32, 32, 32, 94, 92, 110, 83, 119, 105, 102, 116, 85, 73, 46, 84, 111, 111, 108, 98, 97, 114, 67, 111, 110, 116, 101, 110, 116, 66, 117, 105, 108, 100, 101, 114, 58, 54, 58, 50, 52, 58, 32, 110, 111, 116, 101, 58, 32, 99, 97, 110, 100, 105, 100, 97, 116, 101, 32, 114, 101, 113, 117, 105, 114, 101, 115, 32, 116, 104, 97, 116, 32, 39, 76, 111, 103, 105, 110, 86, 105, 101, 119, 39, 32, 99, 111, 110, 102, 111, 114, 109, 32, 116, 111, 32, 39, 67, 117, 115, 116, 111, 109, 105, 122, 97, 98, 108, 101, 84, 111, 111, 108, 98, 97, 114, 67, 111, 110, 116, 101, 110, 116, 39, 32, 40, 114, 101, 113, 117, 105, 114, 101, 109, 101, 110, 116, 32, 115, 112, 101, 99, 105, 102, 105, 101, 100, 32, 97, 115, 32, 39, 67, 111, 110, 116, 101, 110, 116, 39, 32, 58, 32, 39, 67, 117, 115, 116, 111, 109, 105, 122, 97, 98, 108, 101, 84, 111, 111, 108, 98, 97, 114, 67, 111, 110, 116, 101, 110, 116, 39, 41, 92, 110, 32, 32, 32, 32, 112, 117, 98, 108, 105, 99, 32, 115, 116, 97, 116, 105, 99, 32, 102, 117, 110, 99, 32, 98, 117, 105, 108, 100, 69, 120, 112, 114, 101, 115, 115, 105, 111, 110, 60, 67, 111, 110, 116, 101, 110, 116, 62, 40, 95, 32, 99, 111, 110, 116, 101, 110, 116, 58, 32, 67, 111, 110, 116, 101, 110, 116, 41, 32, 45, 62, 32, 67, 111, 110, 116, 101, 110, 116, 32, 119, 104, 101, 114, 101, 32, 67, 111, 110, 116, 101, 110, 116, 32, 58, 32, 67, 117, 115, 116, 111, 109, 105, 122, 97, 98, 108, 101, 84, 111, 111, 108, 98, 97, 114, 67, 111, 110, 116, 101, 110, 116, 92, 110, 32, 32, 32, 32, 32, 32, 32, 32, 32, 32, 32, 32, 32, 32, 32, 32, 32, 32, 32, 32, 32, 32, 32, 94, 92, 110, 83, 119, 105, 102, 116, 85, 73, 46, 67, 111, 109, 109, 97, 110, 100, 115, 66, 117, 105, 108, 100, 101, 114, 58, 53, 58, 50, 52, 58, 32, 110, 111, 116, 101, 58, 32, 99, 97, 110, 100, 105, 100, 97, 116, 101, 32, 114, 101, 113, 117, 105, 114, 101, 115, 32, 116, 104, 97, 116, 32, 39, 76, 111, 103, 105, 110, 86, 105, 101, 119, 39, 32, 99, 111, 110, 102, 111, 114, 109, 32, 116, 111, 32, 39, 67, 111, 109, 109, 97, 110, 100, 115, 39, 32, 40, 114, 101, 113, 117, 105, 114, 101, 109, 101, 110, 116, 32, 115, 112, 101, 99, 105, 102, 105, 101, 100, 32, 97, 115, 32, 39, 67, 111, 110, 116, 101, 110, 116, 39, 32, 58, 32, 39, 67, 111, 109, 109, 97, 110, 100, 115, 39, 41, 92, 110, 32, 32, 32, 32, 112, 117, 98, 108, 105, 99, 32, 115, 116, 97, 116, 105, 99, 32, 102, 117, 110, 99, 32, 98, 117, 105, 108, 100, 69, 120, 112, 114, 101, 115, 115, 105, 111, 110, 60, 67, 111, 110, 116, 101, 110, 116, 62, 40, 95, 32, 99, 111, 110, 116, 101, 110, 116, 58, 32, 67, 111, 110, 116, 101, 110, 116, 41, 32, 45, 62, 32, 67, 111, 110, 116, 101, 110, 116, 32, 119, 104, 101, 114, 101, 32, 67, 111, 110, 116, 101, 110, 116, 32, 58, 32, 67, 111, 109, 109, 97, 110, 100, 115, 92, 110, 32, 32, 32, 32, 32, 32, 32, 32, 32, 32, 32, 32, 32, 32, 32, 32, 32, 32, 32, 32, 32, 32, 32, 94, 92, 110, 92, 47, 85, 115, 101, 114, 115, 92, 47, 114, 117, 110, 110, 101, 114, 92, 47, 119, 111, 114, 107, 92, 47, 105, 111, 115, 65, 112, 112, 92, 47, 105, 111, 115, 65, 112, 112, 92, 47, 105, 111, 115, 65, 112, 112, 92, 47, 84, 104, 101, 109, 101, 92, 47, 65, 112, 112, 67, 111, 108, 111, 114, 115, 46, 115, 119, 105, 102, 116, 58, 49, 53, 58, 52, 49, 58, 32, 101, 114, 114, 111, 114, 58, 32, 97, 109, 98, 105, 103, 117, 111, 117, 115, 32, 117, 115, 101, 32, 111, 102, 32, 39, 105, 110, 105, 116, 40, 104, 101, 120, 58, 41, 39, 92, 110, 32, 32, 32, 32, 115, 116, 97, 116, 105, 99, 32, 108, 101, 116, 32, 97, 112, 112, 66, 111, 116, 116, 111, 109, 66, 97, 114, 66, 97, 99, 107, 103, 114, 111, 117, 110, 100, 32, 61, 32, 67, 111, 108, 111, 114, 40, 104, 101, 120, 58, 32, 92, 34, 35, 48, 65, 49, 57, 50, 70, 92, 34, 41, 32, 32, 92, 47, 92, 47, 32, 88, 97, 110, 104, 32, 196, 144, 225, 186, 173, 109, 32, 196, 144, 195, 170, 109, 32, 40, 84, 104, 97, 110, 104, 32, 100, 198, 176, 225, 187, 155, 105, 41, 92, 110, 92, 47, 85, 115, 101, 114, 115, 92, 47, 114, 117, 110, 110, 101, 114, 92, 47, 119, 111, 114, 107, 92, 47, 105, 111, 115, 65, 112, 112, 92, 47, 105, 111, 115, 65, 112, 112, 92, 47, 105, 111, 115, 65, 112, 112, 92, 47, 84, 104, 101, 109, 101, 92, 47, 65, 112, 112, 67, 111, 108, 111, 114, 115, 46, 115, 119, 105, 102, 116, 58, 52, 54, 58, 53, 58, 32, 110, 111, 116, 101, 58, 32, 102, 111, 117, 110, 100, 32, 116, 104, 105, 115, 32, 99, 97, 110, 100, 105, 100, 97, 116, 101, 92, 110, 32, 32, 32, 32, 105, 110, 105, 116, 40, 104, 101, 120, 58, 32, 83, 116, 114, 105, 110, 103, 41, 32, 123, 92, 110, 32, 32, 32, 32, 94, 92, 110, 92, 47, 85, 115, 101, 114, 115, 92, 47, 114, 117, 110, 110, 101, 114, 92, 47, 119, 111, 114, 107, 92, 47, 105, 111, 115, 65, 112, 112, 92, 47, 105, 111, 115, 65, 112, 112, 92, 47, 105, 111, 115, 65, 112, 112, 92, 47, 86, 105, 101, 119, 115, 92, 47, 83, 99, 114, 101, 101, 110, 115, 92, 47, 65, 100, 109, 105, 110, 92, 47, 83, 117, 112, 101, 114, 65, 100, 109, 105, 110, 80, 111, 114, 116, 97, 108, 86, 105, 101, 119, 46, 115, 119, 105, 102, 116, 58, 53, 52, 54, 58, 53, 58, 32, 110, 111, 116, 101, 58, 32, 102, 111, 117, 110, 100, 32, 116, 104, 105, 115, 32, 99, 97, 110, 100, 105, 100, 97, 116, 101, 92, 110, 32, 32, 32, 32, 105, 110, 105, 116, 40, 104, 101, 120, 58, 32, 83, 116, 114, 105, 110, 103, 41, 32, 123, 92, 110, 32, 32, 32, 32, 94, 92, 110, 92, 47, 85, 115, 101, 114, 115, 92, 47, 114, 117, 110, 110, 101, 114, 92, 47, 119, 111, 114, 107, 92, 47, 105, 111, 115, 65, 112, 112, 92, 47, 105, 111, 115, 65, 112, 112, 92, 47, 105, 111, 115, 65, 112, 112, 92, 47, 84, 104, 101, 109, 101, 92, 47, 65, 112, 112, 67, 111, 108, 111, 114, 115, 46, 115, 119, 105, 102, 116, 58, 49, 54, 58, 51, 57, 58, 32, 101, 114, 114, 111, 114, 58, 32, 97, 109, 98, 105, 103, 117, 111, 117, 115, 32, 117, 115, 101, 32, 111, 102, 32, 39, 105, 110, 105, 116, 40, 104, 101, 120, 58, 41, 39, 92, 110, 32, 32, 32, 32, 115, 116, 97, 116, 105, 99, 32, 108, 101, 116, 32, 97, 112, 112, 66, 111, 116, 116, 111, 109, 66, 97, 114, 83, 101, 108, 101, 99, 116, 101, 100, 32, 61, 32, 67, 111, 108, 111, 114, 40, 104, 101, 120, 58, 32, 92, 34, 35, 70, 52, 48, 50, 54, 54, 92, 34, 41, 32, 32, 32, 32, 92, 47, 92, 47, 32, 72, 225, 187, 147, 110, 103, 32, 72, 105, 103, 104, 108, 105, 103, 104, 116, 32, 107, 104, 105, 32, 99, 104, 225, 187, 141, 110, 92, 110, 92, 47, 85, 115, 101, 114, 115, 92, 47, 114, 117, 110, 110, 101, 114, 92, 47, 119, 111, 114, 107, 92, 47, 105, 111, 115, 65, 112, 112, 92, 47, 105, 111, 115, 65, 112, 112, 92, 47, 105, 111, 115, 65, 112, 112, 92, 47, 84, 104, 101, 109, 101, 92, 47, 65, 112, 112, 67, 111, 108, 111, 114, 115, 46, 115, 119, 105, 102, 116, 58, 52, 54, 58, 53, 58, 32, 110, 111, 116, 101, 58, 32, 102, 111, 117, 110, 100, 32, 116, 104, 105, 115, 32, 99, 97, 110, 100, 105, 100, 97, 116, 101, 92, 110, 32, 32, 32, 32, 105, 110, 105, 116, 40, 104, 101, 120, 58, 32, 83, 116, 114, 105, 110, 103, 41, 32, 123, 92, 110, 32, 32, 32, 32, 94, 92, 110, 92, 47, 85, 115, 101, 114, 115, 92, 47, 114, 117, 110, 110, 101, 114, 92, 47, 119, 111, 114, 107, 92, 47, 105, 111, 115, 65, 112, 112, 92, 47, 105, 111, 115, 65, 112, 112, 92, 47, 105, 111, 115, 65, 112, 112, 92, 47, 86, 105, 101, 119, 115, 92, 47, 83, 99, 114, 101, 101, 110, 115, 92, 47, 65, 100, 109, 105, 110, 92, 47, 83, 117, 112, 101, 114, 65, 100, 109, 105, 110, 80, 111, 114, 116, 97, 108, 86, 105, 101, 119, 46, 115, 119, 105, 102, 116, 58, 53, 52, 54, 58, 53, 58, 32, 110, 111, 116, 101, 58, 32, 102, 111, 117, 110, 100, 32, 116, 104, 105, 115, 32, 99, 97, 110, 100, 105, 100, 97, 116, 101, 92, 110, 32, 32, 32, 32, 105, 110, 105, 116, 40, 104, 101, 120, 58, 32, 83, 116, 114, 105, 110, 103, 41, 32, 123, 92, 110, 32, 32, 32, 32, 94, 92, 110, 92, 47, 85, 115, 101, 114, 115, 92, 47, 114, 117, 110, 110, 101, 114, 92, 47, 119, 111, 114, 107, 92, 47, 105, 111, 115, 65, 112, 112, 92, 47, 105, 111, 115, 65, 112, 112, 92, 47, 105, 111, 115, 65, 112, 112, 92, 47, 84, 104, 101, 109, 101, 92, 47, 65, 112, 112, 67, 111, 108, 111, 114, 115, 46, 115, 119, 105, 102, 116, 58, 49, 55, 58, 52, 49, 58, 32, 101, 114, 114, 111, 114, 58, 32, 97, 109, 98, 105, 103, 117, 111, 117, 115, 32, 117, 115, 101, 32, 111, 102, 32, 39, 105, 110, 105, 116, 40, 104, 101, 120, 58, 41, 39, 92, 110, 32, 32, 32, 32, 115, 116, 97, 116, 105, 99, 32, 108, 101, 116, 32, 97, 112, 112, 66, 111, 116, 116, 111, 109, 66, 97, 114, 85, 110, 115, 101, 108, 101, 99, 116, 101, 100, 32, 61, 32, 67, 111, 108, 111, 114, 40, 104, 101, 120, 58, 32, 92, 34, 35, 57, 52, 65, 51, 66, 56, 92, 34, 41, 32, 32, 92, 47, 92, 47, 32, 83, 108, 97, 116, 101, 32, 77, 117, 116, 101, 100, 92, 110, 32, 32, 32, 32, 32, 32, 32, 32, 32, 32, 32, 32, 32, 32, 32, 32, 32, 32, 32, 32, 32, 32, 32, 32, 32, 32, 32, 32, 32, 32, 32, 32, 32, 32, 32, 32, 32, 32, 32, 32, 94, 92, 110, 92, 47, 85, 115, 101, 114, 115, 92, 47, 114, 117, 110, 110, 101, 114, 92, 47, 119, 111, 114, 107, 92, 47, 105, 111, 115, 65, 112, 112, 92, 47, 105, 111, 115, 65, 112, 112, 92, 47, 105, 111, 115, 65, 112, 112, 92, 47, 84, 104, 101, 109, 101, 92, 47, 65, 112, 112, 67, 111, 108, 111, 114, 115, 46, 115, 119, 105, 102, 116, 58, 52, 54, 58, 53, 58, 32, 110, 111, 116, 101, 58, 32, 102, 111, 117, 110, 100, 32, 116, 104, 105, 115, 32, 99, 97, 110, 100, 105, 100, 97, 116, 101, 92, 110, 32, 32, 32, 32, 105, 110, 105, 116, 40, 104, 101, 120, 58, 32, 83, 116, 114, 105, 110, 103, 41, 32, 123, 92, 110, 32, 32, 32, 32, 94, 92, 110, 92, 47, 85, 115, 101, 114, 115, 92, 47, 114, 117, 110, 110, 101, 114, 92, 47, 119, 111, 114, 107, 92, 47, 105, 111, 115, 65, 112, 112, 92, 47, 105, 111, 115, 65, 112, 112, 92, 47, 105, 111, 115, 65, 112, 112, 92, 47, 86, 105, 101, 119, 115, 92, 47, 83, 99, 114, 101, 101, 110, 115, 92, 47, 65, 100, 109, 105, 110, 92, 47, 83, 117, 112, 101, 114, 65, 100, 109, 105, 110, 80, 111, 114, 116, 97, 108, 86, 105, 101, 119, 46, 115, 119, 105, 102, 116, 58, 53, 52, 54, 58, 53, 58, 32, 110, 111, 116, 101, 58, 32, 102, 111, 117, 110, 100, 32, 116, 104, 105, 115, 32, 99, 97, 110, 100, 105, 100, 97, 116, 101, 92, 110, 32, 32, 32, 32, 105, 110, 105, 116, 40, 104, 101, 120, 58, 32, 83, 116, 114, 105, 110, 103, 41, 32, 123, 92, 110, 32, 32, 32, 32, 94, 92, 110, 92, 47, 85, 115, 101, 114, 115, 92, 47, 114, 117, 110, 110, 101, 114, 92, 47, 119, 111, 114, 107, 92, 47, 105, 111, 115, 65, 112, 112, 92, 47, 105, 111, 115, 65, 112, 112, 92, 47, 105, 111, 115, 65, 112, 112, 92, 47, 84, 104, 101, 109, 101, 92, 47, 65, 112, 112, 67, 111, 108, 111, 114, 115, 46, 115, 119, 105, 102, 116, 58, 49, 56, 58, 51, 48, 58, 32, 101, 114, 114, 111, 114, 58, 32, 97, 109, 98, 105, 103, 117, 111, 117, 115, 32, 117, 115, 101, 32, 111, 102, 32, 39, 105, 110, 105, 116, 40, 104, 101, 120, 58, 41, 39, 92, 110, 32, 32, 32, 32, 115, 116, 97, 116, 105, 99, 32, 108, 101, 116, 32, 97, 112, 112, 70, 97, 98, 71, 114, 101, 101, 110, 32, 61, 32, 67, 111, 108, 111, 114, 40, 104, 101, 120, 58, 32, 92, 34, 35, 50, 69, 55, 68, 51, 50, 92, 34, 41, 32, 32, 32, 32, 32, 32, 32, 32, 32, 32, 32, 32, 32, 92, 47, 92, 47, 32, 88, 97, 110, 104, 32, 108, 195, 161, 32, 110, 195, 186, 116, 32, 110, 225, 187, 149, 105, 32, 72, 225, 187, 151, 32, 116, 114, 225, 187, 163, 32, 40, 70, 65, 66, 41, 92, 110, 92, 47, 85, 115, 101, 114, 115, 92, 47, 114, 117, 110, 110, 101, 114, 92, 47, 119, 111, 114, 107, 92, 47, 105, 111, 115, 65, 112, 112, 92, 47, 105, 111, 115, 65, 112, 112, 92, 47, 105, 111, 115, 65, 112, 112, 92, 47, 84, 104, 101, 109, 101, 92, 47, 65, 112, 112, 67, 111, 108, 111, 114, 115, 46, 115, 119, 105, 102, 116, 58, 52, 54, 58, 53, 58, 32, 110, 111, 116, 101, 58, 32, 102, 111, 117, 110, 100, 32, 116, 104, 105, 115, 32, 99, 97, 110, 100, 105, 100, 97, 116, 101, 92, 110, 32, 32, 32, 32, 105, 110, 105, 116, 40, 104, 101, 120, 58, 32, 83, 116, 114, 105, 110, 103, 41, 32, 123, 92, 110, 32, 32, 32, 32, 94, 92, 110, 92, 47, 85, 115, 101, 114, 115, 92, 47, 114, 117, 110, 110, 101, 114, 92, 47, 119, 111, 114, 107, 92, 47, 105, 111, 115, 65, 112, 112, 92, 47, 105, 111, 115, 65, 112, 112, 92, 47, 105, 111, 115, 65, 112, 112, 92, 47, 86, 105, 101, 119, 115, 92, 47, 83, 99, 114, 101, 101, 110, 115, 92, 47, 65, 100, 109, 105, 110, 92, 47, 83, 117, 112, 101, 114, 65, 100, 109, 105, 110, 80, 111, 114, 116, 97, 108, 86, 105, 101, 119, 46, 115, 119, 105, 102, 116, 58, 53, 52, 54, 58, 53, 58, 32, 110, 111, 116, 101, 58, 32, 102, 111, 117, 110, 100, 32, 116, 104, 105, 115, 32, 99, 97, 110, 100, 105, 100, 97, 116, 101, 92, 110, 32, 32, 32, 32, 105, 110, 105, 116, 40, 104, 101, 120, 58, 32, 83, 116, 114, 105, 110, 103, 41, 32, 123, 92, 110, 32, 32, 32, 32, 94, 92, 110, 92, 47, 85, 115, 101, 114, 115, 92, 47, 114, 117, 110, 110, 101, 114, 92, 47, 119, 111, 114, 107, 92, 47, 105, 111, 115, 65, 112, 112, 92, 47, 105, 111, 115, 65, 112, 112, 92, 47, 105, 111, 115, 65, 112, 112, 92, 47, 65, 112, 112, 92, 47, 77, 97, 105, 110, 67, 111, 110, 116, 97, 105, 110, 101, 114, 86, 105, 101, 119, 46, 115, 119, 105, 102, 116, 58, 50, 54, 54, 58, 51, 50, 58, 32, 101, 114, 114, 111, 114, 58, 32, 101, 120, 116, 114, 97, 32, 97, 114, 103, 117, 109, 101, 110, 116, 32, 39, 111, 110, 68, 105, 115, 109, 105, 115, 115, 39, 32, 105, 110, 32, 99, 97, 108, 108, 92, 110, 32, 32, 32, 32, 32, 32, 32, 32, 32, 32, 32, 32, 32, 32, 32, 32, 32, 32, 32, 32, 111, 110, 68, 105, 115, 109, 105, 115, 115, 58, 32, 123, 32, 115, 104, 111, 119, 65, 100, 100, 68, 101, 118, 105, 99, 101, 83, 104, 101, 101, 116, 32, 61, 32, 102, 97, 108, 115, 101, 32, 125, 92, 110, 126, 126, 126, 126, 126, 126, 126, 126, 126, 126, 126, 126, 126, 126, 126, 126, 126, 126, 126, 126, 126, 126, 126, 126, 126, 126, 126, 126, 126, 126, 126, 94, 126, 126, 126, 126, 126, 126, 126, 126, 126, 126, 126, 126, 126, 126, 126, 126, 126, 126, 126, 126, 126, 126, 126, 126, 126, 126, 126, 126, 126, 92, 110, 92, 47, 85, 115, 101, 114, 115, 92, 47, 114, 117, 110, 110, 101, 114, 92, 47, 119, 111, 114, 107, 92, 47, 105, 111, 115, 65, 112, 112, 92, 47, 105, 111, 115, 65, 112, 112, 92, 47, 105, 111, 115, 65, 112, 112, 92, 47, 65, 112, 112, 92, 47, 77, 97, 105, 110, 67, 111, 110, 116, 97, 105, 110, 101, 114, 86, 105, 101, 119, 46, 115, 119, 105, 102, 116, 58, 50, 54, 53, 58, 57, 52, 58, 32, 101, 114, 114, 111, 114, 58, 32, 109, 105, 115, 115, 105, 110, 103, 32, 97, 114, 103, 117, 109, 101, 110, 116, 32, 102, 111, 114, 32, 112, 97, 114, 97, 109, 101, 116, 101, 114, 32, 39, 111, 110, 66, 97, 99, 107, 39, 32, 105, 110, 32, 99, 97, 108, 108, 92, 110, 32, 32, 32, 32, 32, 32, 32, 32, 32, 32, 32, 32, 32, 32, 32, 32, 32, 32, 32, 32, 118, 105, 101, 119, 77, 111, 100, 101, 108, 58, 32, 68, 101, 118, 105, 99, 101, 86, 105, 101, 119, 77, 111, 100, 101, 108, 40, 117, 115, 101, 114, 58, 32, 117, 115, 101, 114, 44, 32, 99, 111, 109, 112, 97, 110, 121, 73, 100, 58, 32, 99, 111, 109, 112, 73, 100, 44, 32, 105, 100, 84, 111, 107, 101, 110, 58, 32, 116, 111, 107, 101, 110, 41, 44, 92, 110, 32, 32, 32, 32, 32, 32, 32, 32, 32, 32, 32, 32, 32, 32, 32, 32, 32, 32, 32, 32, 32, 32, 32, 32, 32, 32, 32, 32, 32, 32, 32, 32, 32, 32, 32, 32, 32, 32, 32, 32, 32, 32, 32, 32, 32, 32, 32, 32, 32, 32, 32, 32, 32, 32, 32, 32, 32, 32, 32, 32, 32, 32, 32, 32, 32, 32, 32, 32, 32, 32, 32, 32, 32, 32, 32, 32, 32, 32, 32, 32, 32, 32, 32, 32, 32, 32, 32, 32, 32, 32, 32, 32, 32, 94, 92, 110, 32, 32, 32, 32, 32, 32, 32, 32, 32, 32, 32, 32, 32, 32, 32, 32, 32, 32, 32, 32, 32, 32, 32, 32, 32, 32, 32, 32, 32, 32, 32, 32, 32, 32, 32, 32, 32, 32, 32, 32, 32, 32, 32, 32, 32, 32, 32, 32, 32, 32, 32, 32, 32, 32, 32, 32, 32, 32, 32, 32, 32, 32, 32, 32, 32, 32, 32, 32, 32, 32, 32, 32, 32, 32, 32, 32, 32, 32, 32, 32, 32, 32, 32, 32, 32, 32, 32, 32, 32, 32, 32, 32, 32, 44, 32, 111, 110, 66, 97, 99, 107, 58, 32, 60, 35, 40, 41, 32, 45, 62, 32, 86, 111, 105, 100, 35, 62, 92, 110, 92, 47, 85, 115, 101, 114, 115, 92, 47, 114, 117, 110, 110, 101, 114, 92, 47, 119, 111, 114, 107, 92, 47, 105, 111, 115, 65, 112, 112, 92, 47, 105, 111, 115, 65, 112, 112, 92, 47, 105, 111, 115, 65, 112, 112, 92, 47, 86, 105, 101, 119, 115, 92, 47, 83, 99, 114, 101, 101, 110, 115, 92, 47, 68, 101, 118, 105, 99, 101, 115, 92, 47, 65, 100, 100, 68, 101, 118, 105, 99, 101, 86, 105, 101, 119, 46, 115, 119, 105, 102, 116, 58, 50, 57, 58, 49, 50, 58, 32, 110, 111, 116, 101, 58, 32, 39, 105, 110, 105, 116, 40, 118, 105, 101, 119, 77, 111, 100, 101, 108, 58, 111, 110, 66, 97, 99, 107, 58, 111, 110, 83, 117, 99, 99, 101, 115, 115, 58, 41, 39, 32, 100, 101, 99, 108, 97, 114, 101, 100, 32, 104, 101, 114, 101, 92, 110, 32, 32, 32, 32, 112, 117, 98, 108, 105, 99, 32, 105, 110, 105, 116, 40, 118, 105, 101, 119, 77, 111, 100, 101, 108, 58, 32, 68, 101, 118, 105, 99, 101, 86, 105, 101, 119, 77, 111, 100, 101, 108, 44, 32, 111, 110, 66, 97, 99, 107, 58, 32, 64, 101, 115, 99, 97, 112, 105, 110, 103, 32, 40, 41, 32, 45, 62, 32, 86, 111, 105, 100, 44, 32, 111, 110, 83, 117, 99, 99, 101, 115, 115, 58, 32, 40, 40, 83, 116, 114, 105, 110, 103, 41, 32, 45, 62, 32, 86, 111, 105, 100, 41, 63, 32, 61, 32, 110, 105, 108, 41, 32, 123, 92, 110, 32, 32, 32, 32, 32, 32, 32, 32, 32, 32, 32, 94, 92, 110, 92, 47, 85, 115, 101, 114, 115, 92, 47, 114, 117, 110, 110, 101, 114, 92, 47, 119, 111, 114, 107, 92, 47, 105, 111, 115, 65, 112, 112, 92, 47, 105, 111, 115, 65, 112, 112, 92, 47, 105, 111, 115, 65, 112, 112, 92, 47, 84, 104, 101, 109, 101, 92, 47, 65, 112, 112, 67, 111, 108, 111, 114, 115, 46, 115, 119, 105, 102, 116, 58, 54, 58, 51, 51, 58, 32, 101, 114, 114, 111, 114, 58, 32, 97, 109, 98, 105, 103, 117, 111, 117, 115, 32, 117, 115, 101, 32, 111, 102, 32, 39, 105, 110, 105, 116, 40, 104, 101, 120, 58, 41, 39, 92, 110, 32, 32, 32, 32, 115, 116, 97, 116, 105, 99, 32, 108, 101, 116, 32, 97, 112, 112, 80, 114, 105, 109, 97, 114, 121, 80, 105, 110, 107, 32, 61, 32, 67, 111, 108, 111, 114, 40, 104, 101, 120, 58, 32, 92, 34, 35, 70, 52, 48, 50, 54, 54, 92, 34, 41, 32, 32, 32, 32, 32, 32, 32, 32, 32, 32, 92, 47, 92, 47, 32, 72, 225, 187, 147, 110, 103, 32, 114, 225, 187, 177, 99, 32, 114, 225, 187, 161, 32, 116, 104, 198, 176, 198, 161, 110, 103, 32, 104, 105, 225, 187, 135, 117, 92, 110, 92, 47, 85, 115, 101, 114, 115, 92, 47, 114, 117, 110, 110, 101, 114, 92, 47, 119, 111, 114, 107, 92, 47, 105, 111, 115, 65, 112, 112, 92, 47, 105, 111, 115, 65, 112, 112, 92, 47, 105, 111, 115, 65, 112, 112, 92, 47, 84, 104, 101, 109, 101, 92, 47, 65, 112, 112, 67, 111, 108, 111, 114, 115, 46, 115, 119, 105, 102, 116, 58, 52, 54, 58, 53, 58, 32, 110, 111, 116, 101, 58, 32, 102, 111, 117, 110, 100, 32, 116, 104, 105, 115, 32, 99, 97, 110, 100, 105, 100, 97, 116, 101, 92, 110, 32, 32, 32, 32, 105, 110, 105, 116, 40, 104, 101, 120, 58, 32, 83, 116, 114, 105, 110, 103, 41, 32, 123, 92, 110, 32, 32, 32, 32, 94, 92, 110, 92, 47, 85, 115, 101, 114, 115, 92, 47, 114, 117, 110, 110, 101, 114, 92, 47, 119, 111, 114, 107, 92, 47, 105, 111, 115, 65, 112, 112, 92, 47, 105, 111, 115, 65, 112, 112, 92, 47, 105, 111, 115, 65, 112, 112, 92, 47, 86, 105, 101, 119, 115, 92, 47, 83, 99, 114, 101, 101, 110, 115, 92, 47, 65, 100, 109, 105, 110, 92, 47, 83, 117, 112, 101, 114, 65, 100, 109, 105, 110, 80, 111, 114, 116, 97, 108, 86, 105, 101, 119, 46, 115, 119, 105, 102, 116, 58, 53, 52, 54, 58, 53, 58, 32, 110, 111, 116, 101, 58, 32, 102, 111, 117, 110, 100, 32, 116, 104, 105, 115, 32, 99, 97, 110, 100, 105, 100, 97, 116, 101, 92, 110, 32, 32, 32, 32, 105, 110, 105, 116, 40, 104, 101, 120, 58, 32, 83, 116, 114, 105, 110, 103, 41, 32, 123, 92, 110, 32, 32, 32, 32, 94, 92, 110, 92, 47, 85, 115, 101, 114, 115, 92, 47, 114, 117, 110, 110, 101, 114, 92, 47, 119, 111, 114, 107, 92, 47, 105, 111, 115, 65, 112, 112, 92, 47, 105, 111, 115, 65, 112, 112, 92, 47, 105, 111, 115, 65, 112, 112, 92, 47, 84, 104, 101, 109, 101, 92, 47, 65, 112, 112, 67, 111, 108, 111, 114, 115, 46, 115, 119, 105, 102, 116, 58, 55, 58, 51, 56, 58, 32, 101, 114, 114, 111, 114, 58, 32, 97, 109, 98, 105, 103, 117, 111, 117, 115, 32, 117, 115, 101, 32, 111, 102, 32, 39, 105, 110, 105, 116, 40, 104, 101, 120, 58, 41, 39, 92, 110, 32, 32, 32, 32, 115, 116, 97, 116, 105, 99, 32, 108, 101, 116, 32, 97, 112, 112, 80, 114, 105, 109, 97, 114, 121, 80, 105, 110, 107, 76, 105, 103, 104, 116, 32, 61, 32, 67, 111, 108, 111, 114, 40, 104, 101, 120, 58, 32, 92, 34, 35, 70, 70, 52, 48, 56, 49, 92, 34, 41, 32, 32, 32, 32, 32, 92, 47, 92, 47, 32, 72, 225, 187, 147, 110, 103, 32, 115, 195, 161, 110, 103, 92, 110, 92, 47, 85, 115, 101, 114, 115, 92, 47, 114, 117, 110, 110, 101, 114, 92, 47, 119, 111, 114, 107, 92, 47, 105, 111, 115, 65, 112, 112, 92, 47, 105, 111, 115, 65, 112, 112, 92, 47, 105, 111, 115, 65, 112, 112, 92, 47, 84, 104, 101, 109, 101, 92, 47, 65, 112, 112, 67, 111, 108, 111, 114, 115, 46, 115, 119, 105, 102, 116, 58, 52, 54, 58, 53, 58, 32, 110, 111, 116, 101, 58, 32, 102, 111, 117, 110, 100, 32, 116, 104, 105, 115, 32, 99, 97, 110, 100, 105, 100, 97, 116, 101, 92, 110, 32, 32, 32, 32, 105, 110, 105, 116, 40, 104, 101, 120, 58, 32, 83, 116, 114, 105, 110, 103, 41, 32, 123, 92, 110, 32, 32, 32, 32, 94, 92, 110, 92, 47, 85, 115, 101, 114, 115, 92, 47, 114, 117, 110, 110, 101, 114, 92, 47, 119, 111, 114, 107, 92, 47, 105, 111, 115, 65, 112, 112, 92, 47, 105, 111, 115, 65, 112, 112, 92, 47, 105, 111, 115, 65, 112, 112, 92, 47, 86, 105, 101, 119, 115, 92, 47, 83, 99, 114, 101, 101, 110, 115, 92, 47, 65, 100, 109, 105, 110, 92, 47, 83, 117, 112, 101, 114, 65, 100, 109, 105, 110, 80, 111, 114, 116, 97, 108, 86, 105, 101, 119, 46, 115, 119, 105, 102, 116, 58, 53, 52, 54, 58, 53, 58, 32, 110, 111, 116, 101, 58, 32, 102, 111, 117, 110, 100, 32, 116, 104, 105, 115, 32, 99, 97, 110, 100, 105, 100, 97, 116, 101, 92, 110, 32, 32, 32, 32, 105, 110, 105, 116, 40, 104, 101, 120, 58, 32, 83, 116, 114, 105, 110, 103, 41, 32, 123, 92, 110, 32, 32, 32, 32, 94, 92, 110, 92, 47, 85, 115, 101, 114, 115, 92, 47, 114, 117, 110, 110, 101, 114, 92, 47, 119, 111, 114, 107, 92, 47, 105, 111, 115, 65, 112, 112, 92, 47, 105, 111, 115, 65, 112, 112, 92, 47, 105, 111, 115, 65, 112, 112, 92, 47, 84, 104, 101, 109, 101, 92, 47, 65, 112, 112, 67, 111, 108, 111, 114, 115, 46, 115, 119, 105, 102, 116, 58, 56, 58, 52, 50, 58, 32, 101, 114, 114, 111, 114, 58, 32, 97, 109, 98, 105, 103, 117, 111, 117, 115, 32, 117, 115, 101, 32, 111, 102, 32, 39, 105, 110, 105, 116, 40, 104, 101, 120, 58, 41, 39, 92, 110, 32, 32, 32, 32, 115, 116, 97, 116, 105, 99, 32, 108, 101, 116, 32, 97, 112, 112, 80, 114, 105, 109, 97, 114, 121, 80, 105, 110, 107, 67, 111, 110, 116, 97, 105, 110, 101, 114, 32, 61, 32, 67, 111, 108, 111, 114, 40, 104, 101, 120, 58, 32, 92, 34, 35, 70, 67, 69, 52, 69, 67, 92, 34, 41, 32, 92, 47, 92, 47, 32, 72, 225, 187, 147, 110, 103, 32, 110, 104, 225, 186, 161, 116, 32, 99, 111, 110, 116, 97, 105, 110, 101, 114, 92, 110, 92, 47, 85, 115, 101, 114, 115, 92, 47, 114, 117, 110, 110, 101, 114, 92, 47, 119, 111, 114, 107, 92, 47, 105, 111, 115, 65, 112, 112, 92, 47, 105, 111, 115, 65, 112, 112, 92, 47, 105, 111, 115, 65, 112, 112, 92, 47, 84, 104, 101, 109, 101, 92, 47, 65, 112, 112, 67, 111, 108, 111, 114, 115, 46, 115, 119, 105, 102, 116, 58, 52, 54, 58, 53, 58, 32, 110, 111, 116, 101, 58, 32, 102, 111, 117, 110, 100, 32, 116, 104, 105, 115, 32, 99, 97, 110, 100, 105, 100, 97, 116, 101, 92, 110, 32, 32, 32, 32, 105, 110, 105, 116, 40, 104, 101, 120, 58, 32, 83, 116, 114, 105, 110, 103, 41, 32, 123, 92, 110, 32, 32, 32, 32, 94, 92, 110, 92, 47, 85, 115, 101, 114, 115, 92, 47, 114, 117, 110, 110, 101, 114, 92, 47, 119, 111, 114, 107, 92, 47, 105, 111, 115, 65, 112, 112, 92, 47, 105, 111, 115, 65, 112, 112, 92, 47, 105, 111, 115, 65, 112, 112, 92, 47, 86, 105, 101, 119, 115, 92, 47, 83, 99, 114, 101, 101, 110, 115, 92, 47, 65, 100, 109, 105, 110, 92, 47, 83, 117, 112, 101, 114, 65, 100, 109, 105, 110, 80, 111, 114, 116, 97, 108, 86, 105, 101, 119, 46, 115, 119, 105, 102, 116, 58, 53, 52, 54, 58, 53, 58, 32, 110, 111, 116, 101, 58, 32, 102, 111, 117, 110, 100, 32, 116, 104, 105, 115, 32, 99, 97, 110, 100, 105, 100, 97, 116, 101, 92, 110, 32, 32, 32, 32, 105, 110, 105, 116, 40, 104, 101, 120, 58, 32, 83, 116, 114, 105, 110, 103, 41, 32, 123, 92, 110, 32, 32, 32, 32, 94, 92, 110, 92, 47, 85, 115, 101, 114, 115, 92, 47, 114, 117, 110, 110, 101, 114, 92, 47, 119, 111, 114, 107, 92, 47, 105, 111, 115, 65, 112, 112, 92, 47, 105, 111, 115, 65, 112, 112, 92, 47, 105, 111, 115, 65, 112, 112, 92, 47, 84, 104, 101, 109, 101, 92, 47, 65, 112, 112, 67, 111, 108, 111, 114, 115, 46, 115, 119, 105, 102, 116, 58, 57, 58, 51, 57, 58, 32, 101, 114, 114, 111, 114, 58, 32, 97, 109, 98, 105, 103, 117, 111, 117, 115, 32, 117, 115, 101, 32, 111, 102, 32, 39, 105, 110, 105, 116, 40, 104, 101, 120, 58, 41, 39, 92, 110, 32, 32, 32, 32, 115, 116, 97, 116, 105, 99, 32, 108, 101, 116, 32, 97, 112, 112, 83, 101, 99, 111, 110, 100, 97, 114, 121, 68, 97, 114, 107, 66, 108, 117, 101, 32, 61, 32, 67, 111, 108, 111, 114, 40, 104, 101, 120, 58, 32, 92, 34, 35, 48, 48, 50, 65, 56, 70, 92, 34, 41, 32, 32, 32, 92, 47, 92, 47, 32, 88, 97, 110, 104, 32, 196, 144, 225, 186, 173, 109, 32, 92, 47, 32, 68, 97, 114, 107, 32, 78, 97, 118, 121, 32, 66, 108, 117, 101, 92, 110, 92, 47, 85, 115, 101, 114, 115, 92, 47, 114, 117, 110, 110, 101, 114, 92, 47, 119, 111, 114, 107, 92, 47, 105, 111, 115, 65, 112, 112, 92, 47, 105, 111, 115, 65, 112, 112, 92, 47, 105, 111, 115, 65, 112, 112, 92, 47, 84, 104, 101, 109, 101, 92, 47, 65, 112, 112, 67, 111, 108, 111, 114, 115, 46, 115, 119, 105, 102, 116, 58, 52, 54, 58, 53, 58, 32, 110, 111, 116, 101, 58, 32, 102, 111, 117, 110, 100, 32, 116, 104, 105, 115, 32, 99, 97, 110, 100, 105, 100, 97, 116, 101, 92, 110, 32, 32, 32, 32, 105, 110, 105, 116, 40, 104, 101, 120, 58, 32, 83, 116, 114, 105, 110, 103, 41, 32, 123, 92, 110, 32, 32, 32, 32, 94, 92, 110, 92, 47, 85, 115, 101, 114, 115, 92, 47, 114, 117, 110, 110, 101, 114, 92, 47, 119, 111, 114, 107, 92, 47, 105, 111, 115, 65, 112, 112, 92, 47, 105, 111, 115, 65, 112, 112, 92, 47, 105, 111, 115, 65, 112, 112, 92, 47, 86, 105, 101, 119, 115, 92, 47, 83, 99, 114, 101, 101, 110, 115, 92, 47, 65, 100, 109, 105, 110, 92, 47, 83, 117, 112, 101, 114, 65, 100, 109, 105, 110, 80, 111, 114, 116, 97, 108, 86, 105, 101, 119, 46, 115, 119, 105, 102, 116, 58, 53, 52, 54, 58, 53, 58, 32, 110, 111, 116, 101, 58, 32, 102, 111, 117, 110, 100, 32, 116, 104, 105, 115, 32, 99, 97, 110, 100, 105, 100, 97, 116, 101, 92, 110, 32, 32, 32, 32, 105, 110, 105, 116, 40, 104, 101, 120, 58, 32, 83, 116, 114, 105, 110, 103, 41, 32, 123, 92, 110, 32, 32, 32, 32, 94, 92, 110, 92, 47, 85, 115, 101, 114, 115, 92, 47, 114, 117, 110, 110, 101, 114, 92, 47, 119, 111, 114, 107, 92, 47, 105, 111, 115, 65, 112, 112, 92, 47, 105, 111, 115, 65, 112, 112, 92, 47, 105, 111, 115, 65, 112, 112, 92, 47, 84, 104, 101, 109, 101, 92, 47, 65, 112, 112, 67, 111, 108, 111, 114, 115, 46, 115, 119, 105, 102, 116, 58, 49, 48, 58, 51, 57, 58, 32, 101, 114, 114, 111, 114, 58, 32, 97, 109, 98, 105, 103, 117, 111, 117, 115, 32, 117, 115, 101, 32, 111, 102, 32, 39, 105, 110, 105, 116, 40, 104, 101, 120, 58, 41, 39, 92, 110, 32, 32, 32, 32, 115, 116, 97, 116, 105, 99, 32, 108, 101, 116, 32, 97, 112, 112, 68, 97, 114, 107, 66, 108, 117, 101, 67, 111, 110, 116, 97, 105, 110, 101, 114, 32, 61, 32, 67, 111, 108, 111, 114, 40, 104, 101, 120, 58, 32, 92, 34, 35, 69, 56, 69, 65, 70, 54, 92, 34, 41, 32, 32, 32, 32, 92, 47, 92, 47, 32, 88, 97, 110, 104, 32, 196, 145, 225, 186, 173, 109, 32, 99, 111, 110, 116, 97, 105, 110, 101, 114, 32, 110, 104, 225, 186, 161, 116, 92, 110, 92, 47, 85, 115, 101, 114, 115, 92, 47, 114, 117, 110, 110, 101, 114, 92, 47, 119, 111, 114, 107, 92, 47, 105, 111, 115, 65, 112, 112, 92, 47, 105, 111, 115, 65, 112, 112, 92, 47, 105, 111, 115, 65, 112, 112, 92, 47, 84, 104, 101, 109, 101, 92, 47, 65, 112, 112, 67, 111, 108, 111, 114, 115, 46, 115, 119, 105, 102, 116, 58, 52, 54, 58, 53, 58, 32, 110, 111, 116, 101, 58, 32, 102, 111, 117, 110, 100, 32, 116, 104, 105, 115, 32, 99, 97, 110, 100, 105, 100, 97, 116, 101, 92, 110, 32, 32, 32, 32, 105, 110, 105, 116, 40, 104, 101, 120, 58, 32, 83, 116, 114, 105, 110, 103, 41, 32, 123, 92, 110, 32, 32, 32, 32, 94, 92, 110, 92, 47, 85, 115, 101, 114, 115, 92, 47, 114, 117, 110, 110, 101, 114, 92, 47, 119, 111, 114, 107, 92, 47, 105, 111, 115, 65, 112, 112, 92, 47, 105, 111, 115, 65, 112, 112, 92, 47, 105, 111, 115, 65, 112, 112, 92, 47, 86, 105, 101, 119, 115, 92, 47, 83, 99, 114, 101, 101, 110, 115, 92, 47, 65, 100, 109, 105, 110, 92, 47, 83, 117, 112, 101, 114, 65, 100, 109, 105, 110, 80, 111, 114, 116, 97, 108, 86, 105, 101, 119, 46, 115, 119, 105, 102, 116, 58, 53, 52, 54, 58, 53, 58, 32, 110, 111, 116, 101, 58, 32, 102, 111, 117, 110, 100, 32, 116, 104, 105, 115, 32, 99, 97, 110, 100, 105, 100, 97, 116, 101, 92, 110, 32, 32, 32, 32, 105, 110, 105, 116, 40, 104, 101, 120, 58, 32, 83, 116, 114, 105, 110, 103, 41, 32, 123, 92, 110, 32, 32, 32, 32, 94, 92, 110, 92, 47, 85, 115, 101, 114, 115, 92, 47, 114, 117, 110, 110, 101, 114, 92, 47, 119, 111, 114, 107, 92, 47, 105, 111, 115, 65, 112, 112, 92, 47, 105, 111, 115, 65, 112, 112, 92, 47, 105, 111, 115, 65, 112, 112, 92, 47, 84, 104, 101, 109, 101, 92, 47, 65, 112, 112, 67, 111, 108, 111, 114, 115, 46, 115, 119, 105, 102, 116, 58, 49, 49, 58, 51, 51, 58, 32, 101, 114, 114, 111, 114, 58, 32, 97, 109, 98, 105, 103, 117, 111, 117, 115, 32, 117, 115, 101, 32, 111, 102, 32, 39, 105, 110, 105, 116, 40, 104, 101, 120, 58, 41, 39, 92, 110, 32, 32, 32, 32, 115, 116, 97, 116, 105, 99, 32, 108, 101, 116, 32, 97, 112, 112, 84, 111, 112, 66, 97, 114, 67, 111, 108, 111, 114, 32, 61, 32, 67, 111, 108, 111, 114, 40, 104, 101, 120, 58, 32, 92, 34, 35, 48, 48, 50, 65, 56, 70, 92, 34, 41, 32, 32, 32, 32, 32, 32, 32, 32, 32, 32, 92, 47, 92, 47, 32, 88, 97, 110, 104, 32, 196, 144, 225, 186, 173, 109, 32, 40, 84, 104, 97, 110, 104, 32, 116, 114, 195, 170, 110, 41, 92, 110, 92, 47, 85, 115, 101, 114, 115, 92, 47, 114, 117, 110, 110, 101, 114, 92, 47, 119, 111, 114, 107, 92, 47, 105, 111, 115, 65, 112, 112, 92, 47, 105, 111, 115, 65, 112, 112, 92, 47, 105, 111, 115, 65, 112, 112, 92, 47, 84, 104, 101, 109, 101, 92, 47, 65, 112, 112, 67, 111, 108, 111, 114, 115, 46, 115, 119, 105, 102, 116, 58, 52, 54, 58, 53, 58, 32, 110, 111, 116, 101, 58, 32, 102, 111, 117, 110, 100, 32, 116, 104, 105, 115, 32, 99, 97, 110, 100, 105, 100, 97, 116, 101, 92, 110, 32, 32, 32, 32, 105, 110, 105, 116, 40, 104, 101, 120, 58, 32, 83, 116, 114, 105, 110, 103, 41, 32, 123, 92, 110, 32, 32, 32, 32, 94, 92, 110, 92, 47, 85, 115, 101, 114, 115, 92, 47, 114, 117, 110, 110, 101, 114, 92, 47, 119, 111, 114, 107, 92, 47, 105, 111, 115, 65, 112, 112, 92, 47, 105, 111, 115, 65, 112, 112, 92, 47, 105, 111, 115, 65, 112, 112, 92, 47, 86, 105, 101, 119, 115, 92, 47, 83, 99, 114, 101, 101, 110, 115, 92, 47, 65, 100, 109, 105, 110, 92, 47, 83, 117, 112, 101, 114, 65, 100, 109, 105, 110, 80, 111, 114, 116, 97, 108, 86, 105, 101, 119, 46, 115, 119, 105, 102, 116, 58, 53, 52, 54, 58, 53, 58, 32, 110, 111, 116, 101, 58, 32, 102, 111, 117, 110, 100, 32, 116, 104, 105, 115, 32, 99, 97, 110, 100, 105, 100, 97, 116, 101, 92, 110, 32, 32, 32, 32, 105, 110, 105, 116, 40, 104, 101, 120, 58, 32, 83, 116, 114, 105, 110, 103, 41, 32, 123, 92, 110, 32, 32, 32, 32, 94, 92, 110, 92, 47, 85, 115, 101, 114, 115, 92, 47, 114, 117, 110, 110, 101, 114, 92, 47, 119, 111, 114, 107, 92, 47, 105, 111, 115, 65, 112, 112, 92, 47, 105, 111, 115, 65, 112, 112, 92, 47, 105, 111, 115, 65, 112, 112, 92, 47, 84, 104, 101, 109, 101, 92, 47, 65, 112, 112, 67, 111, 108, 111, 114, 115, 46, 115, 119, 105, 102, 116, 58, 49, 50, 58, 50, 57, 58, 32, 101, 114, 114, 111, 114, 58, 32, 97, 109, 98, 105, 103, 117, 111, 117, 115, 32, 117, 115, 101, 32, 111, 102, 32, 39, 105, 110, 105, 116, 40, 104, 101, 120, 58, 41, 39, 92, 110, 32, 32, 32, 32, 115, 116, 97, 116, 105, 99, 32, 108, 101, 116, 32, 97, 112, 112, 80, 114, 105, 109, 97, 114, 121, 32, 61, 32, 67, 111, 108, 111, 114, 40, 104, 101, 120, 58, 32, 92, 34, 35, 48, 48, 50, 65, 56, 70, 92, 34, 41, 32, 32, 32, 32, 32, 32, 32, 32, 32, 32, 32, 32, 32, 32, 92, 47, 92, 47, 32, 88, 97, 110, 104, 32, 196, 144, 225, 186, 173, 109, 32, 80, 114, 105, 109, 97, 114, 121, 92, 110, 92, 47, 85, 115, 101, 114, 115, 92, 47, 114, 117, 110, 110, 101, 114, 92, 47, 119, 111, 114, 107, 92, 47, 105, 111, 115, 65, 112, 112, 92, 47, 105, 111, 115, 65, 112, 112, 92, 47, 105, 111, 115, 65, 112, 112, 92, 47, 84, 104, 101, 109, 101, 92, 47, 65, 112, 112, 67, 111, 108, 111, 114, 115, 46, 115, 119, 105, 102, 116, 58, 52, 54, 58, 53, 58, 32, 110, 111, 116, 101, 58, 32, 102, 111, 117, 110, 100, 32, 116, 104, 105, 115, 32, 99, 97, 110, 100, 105, 100, 97, 116, 101, 92, 110, 32, 32, 32, 32, 105, 110, 105, 116, 40, 104, 101, 120, 58, 32, 83, 116, 114, 105, 110, 103, 41, 32, 123, 92, 110, 32, 32, 32, 32, 94, 92, 110, 92, 47, 85, 115, 101, 114, 115, 92, 47, 114, 117, 110, 110, 101, 114, 92, 47, 119, 111, 114, 107, 92, 47, 105, 111, 115, 65, 112, 112, 92, 47, 105, 111, 115, 65, 112, 112, 92, 47, 105, 111, 115, 65, 112, 112, 92, 47, 86, 105, 101, 119, 115, 92, 47, 83, 99, 114, 101, 101, 110, 115, 92, 47, 65, 100, 109, 105, 110, 92, 47, 83, 117, 112, 101, 114, 65, 100, 109, 105, 110, 80, 111, 114, 116, 97, 108, 86, 105, 101, 119, 46, 115, 119, 105, 102, 116, 58, 53, 52, 54, 58, 53, 58, 32, 110, 111, 116, 101, 58, 32, 102, 111, 117, 110, 100, 32, 116, 104, 105, 115, 32, 99, 97, 110, 100, 105, 100, 97, 116, 101, 92, 110, 32, 32, 32, 32, 105, 110, 105, 116, 40, 104, 101, 120, 58, 32, 83, 116, 114, 105, 110, 103, 41, 32, 123, 92, 110, 32, 32, 32, 32, 94, 92, 110, 92, 47, 85, 115, 101, 114, 115, 92, 47, 114, 117, 110, 110, 101, 114, 92, 47, 119, 111, 114, 107, 92, 47, 105, 111, 115, 65, 112, 112, 92, 47, 105, 111, 115, 65, 112, 112, 92, 47, 105, 111, 115, 65, 112, 112, 92, 47, 84, 104, 101, 109, 101, 92, 47, 65, 112, 112, 67, 111, 108, 111, 114, 115, 46, 115, 119, 105, 102, 116, 58, 50, 49, 58, 51, 50, 58, 32, 101, 114, 114, 111, 114, 58, 32, 97, 109, 98, 105, 103, 117, 111, 117, 115, 32, 117, 115, 101, 32, 111, 102, 32, 39, 105, 110, 105, 116, 40, 104, 101, 120, 58, 41, 39, 92, 110, 32, 32, 32, 32, 115, 116, 97, 116, 105, 99, 32, 108, 101, 116, 32, 97, 112, 112, 66, 97, 99, 107, 103, 114, 111, 117, 110, 100, 32, 61, 32, 67, 111, 108, 111, 114, 40, 104, 101, 120, 58, 32, 92, 34, 35, 70, 56, 70, 65, 70, 67, 92, 34, 41, 92, 110, 32, 32, 32, 32, 32, 32, 32, 32, 32, 32, 32, 32, 32, 32, 32, 32, 32, 32, 32, 32, 32, 32, 32, 32, 32, 32, 32, 32, 32, 32, 32, 94, 92, 110, 92, 47, 85, 115, 101, 114, 115, 92, 47, 114, 117, 110, 110, 101, 114, 92, 47, 119, 111, 114, 107, 92, 47, 105, 111, 115, 65, 112, 112, 92, 47, 105, 111, 115, 65, 112, 112, 92, 47, 105, 111, 115, 65, 112, 112, 92, 47, 84, 104, 101, 109, 101, 92, 47, 65, 112, 112, 67, 111, 108, 111, 114, 115, 46, 115, 119, 105, 102, 116, 58, 52, 54, 58, 53, 58, 32, 110, 111, 116, 101, 58, 32, 102, 111, 117, 110, 100, 32, 116, 104, 105, 115, 32, 99, 97, 110, 100, 105, 100, 97, 116, 101, 92, 110, 32, 32, 32, 32, 105, 110, 105, 116, 40, 104, 101, 120, 58, 32, 83, 116, 114, 105, 110, 103, 41, 32, 123, 92, 110, 32, 32, 32, 32, 94, 92, 110, 92, 47, 85, 115, 101, 114, 115, 92, 47, 114, 117, 110, 110, 101, 114, 92, 47, 119, 111, 114, 107, 92, 47, 105, 111, 115, 65, 112, 112, 92, 47, 105, 111, 115, 65, 112, 112, 92, 47, 105, 111, 115, 65, 112, 112, 92, 47, 86, 105, 101, 119, 115, 92, 47, 83, 99, 114, 101, 101, 110, 115, 92, 47, 65, 100, 109, 105, 110, 92, 47, 83, 117, 112, 101, 114, 65, 100, 109, 105, 110, 80, 111, 114, 116, 97, 108, 86, 105, 101, 119, 46, 115, 119, 105, 102, 116, 58, 53, 52, 54, 58, 53, 58, 32, 110, 111, 116, 101, 58, 32, 102, 111, 117, 110, 100, 32, 116, 104, 105, 115, 32, 99, 97, 110, 100, 105, 100, 97, 116, 101, 92, 110, 32, 32, 32, 32, 105, 110, 105, 116, 40, 104, 101, 120, 58, 32, 83, 116, 114, 105, 110, 103, 41, 32, 123, 92, 110, 32, 32, 32, 32, 94, 92, 110, 92, 47, 85, 115, 101, 114, 115, 92, 47, 114, 117, 110, 110, 101, 114, 92, 47, 119, 111, 114, 107, 92, 47, 105, 111, 115, 65, 112, 112, 92, 47, 105, 111, 115, 65, 112, 112, 92, 47, 105, 111, 115, 65, 112, 112, 92, 47, 84, 104, 101, 109, 101, 92, 47, 65, 112, 112, 67, 111, 108, 111, 114, 115, 46, 115, 119, 105, 102, 116, 58, 50, 51, 58, 51, 54, 58, 32, 101, 114, 114, 111, 114, 58, 32, 97, 109, 98, 105, 103, 117, 111, 117, 115, 32, 117, 115, 101, 32, 111, 102, 32, 39, 105, 110, 105, 116, 40, 104, 101, 120, 58, 41, 39, 92, 110, 32, 32, 32, 32, 115, 116, 97, 116, 105, 99, 32, 108, 101, 116, 32, 97, 112, 112, 83, 117, 114, 102, 97, 99, 101, 86, 97, 114, 105, 97, 110, 116, 32, 61, 32, 67, 111, 108, 111, 114, 40, 104, 101, 120, 58, 32, 92, 34, 35, 70, 49, 70, 53, 70, 57, 92, 34, 41, 92, 110, 32, 32, 32, 32, 32, 32, 32, 32, 32, 32, 32, 32, 32, 32, 32, 32, 32, 32, 32, 32, 32, 32, 32, 32, 32, 32, 32, 32, 32, 32, 32, 32, 32, 32, 32, 94, 92, 110, 92, 47, 85, 115, 101, 114, 115, 92, 47, 114, 117, 110, 110, 101, 114, 92, 47, 119, 111, 114, 107, 92, 47, 105, 111, 115, 65, 112, 112, 92, 47, 105, 111, 115, 65, 112, 112, 92, 47, 105, 111, 115, 65, 112, 112, 92, 47, 84, 104, 101, 109, 101, 92, 47, 65, 112, 112, 67, 111, 108, 111, 114, 115, 46, 115, 119, 105, 102, 116, 58, 52, 54, 58, 53, 58, 32, 110, 111, 116, 101, 58, 32, 102, 111, 117, 110, 100, 32, 116, 104, 105, 115, 32, 99, 97, 110, 100, 105, 100, 97, 116, 101, 92, 110, 32, 32, 32, 32, 105, 110, 105, 116, 40, 104, 101, 120, 58, 32, 83, 116, 114, 105, 110, 103, 41, 32, 123, 92, 110, 32, 32, 32, 32, 94, 92, 110, 92, 47, 85, 115, 101, 114, 115, 92, 47, 114, 117, 110, 110, 101, 114, 92, 47, 119, 111, 114, 107, 92, 47, 105, 111, 115, 65, 112, 112, 92, 47, 105, 111, 115, 65, 112, 112, 92, 47, 105, 111, 115, 65, 112, 112, 92, 47, 86, 105, 101, 119, 115, 92, 47, 83, 99, 114, 101, 101, 110, 115, 92, 47, 65, 100, 109, 105, 110, 92, 47, 83, 117, 112, 101, 114, 65, 100, 109, 105, 110, 80, 111, 114, 116, 97, 108, 86, 105, 101, 119, 46, 115, 119, 105, 102, 116, 58, 53, 52, 54, 58, 53, 58, 32, 110, 111, 116, 101, 58, 32, 102, 111, 117, 110, 100, 32, 116, 104, 105, 115, 32, 99, 97, 110, 100, 105, 100, 97, 116, 101, 92, 110, 32, 32, 32, 32, 105, 110, 105, 116, 40, 104, 101, 120, 58, 32, 83, 116, 114, 105, 110, 103, 41, 32, 123, 92, 110, 32, 32, 32, 32, 94, 92, 110, 92, 47, 85, 115, 101, 114, 115, 92, 47, 114, 117, 110, 110, 101, 114, 92, 47, 119, 111, 114, 107, 92, 47, 105, 111, 115, 65, 112, 112, 92, 47, 105, 111, 115, 65, 112, 112, 92, 47, 105, 111, 115, 65, 112, 112, 92, 47, 84, 104, 101, 109, 101, 92, 47, 65, 112, 112, 67, 111, 108, 111, 114, 115, 46, 115, 119, 105, 102, 116, 58, 50, 52, 58, 51, 50, 58, 32, 101, 114, 114, 111, 114, 58, 32, 97, 109, 98, 105, 103, 117, 111, 117, 115, 32, 117, 115, 101, 32, 111, 102, 32, 39, 105, 110, 105, 116, 40, 104, 101, 120, 58, 41, 39, 92, 110, 32, 32, 32, 32, 115, 116, 97, 116, 105, 99, 32, 108, 101, 116, 32, 97, 112, 112, 67, 97, 114, 100, 66, 111, 114, 100, 101, 114, 32, 61, 32, 67, 111, 108, 111, 114, 40, 104, 101, 120, 58, 32, 92, 34, 35, 69, 50, 69, 56, 70, 48, 92, 34, 41, 92, 110, 32, 32, 32, 32, 32, 32, 32, 32, 32, 32, 32, 32, 32, 32, 32, 32, 32, 32, 32, 32, 32, 32, 32, 32, 32, 32, 32, 32, 32, 32, 32, 94, 92, 110, 92, 47, 85, 115, 101, 114, 115, 92, 47, 114, 117, 110, 110, 101, 114, 92, 47, 119, 111, 114, 107, 92, 47, 105, 111, 115, 65, 112, 112, 92, 47, 105, 111, 115, 65, 112, 112, 92, 47, 105, 111, 115, 65, 112, 112, 92, 47, 84, 104, 101, 109, 101, 92, 47, 65, 112, 112, 67, 111, 108, 111, 114, 115, 46, 115, 119, 105, 102, 116, 58, 52, 54, 58, 53, 58, 32, 110, 111, 116, 101, 58, 32, 102, 111, 117, 110, 100, 32, 116, 104, 105, 115, 32, 99, 97, 110, 100, 105, 100, 97, 116, 101, 92, 110, 32, 32, 32, 32, 105, 110, 105, 116, 40, 104, 101, 120, 58, 32, 83, 116, 114, 105, 110, 103, 41, 32, 123, 92, 110, 32, 32, 32, 32, 94, 92, 110, 92, 47, 85, 115, 101, 114, 115, 92, 47, 114, 117, 110, 110, 101, 114, 92, 47, 119, 111, 114, 107, 92, 47, 105, 111, 115, 65, 112, 112, 92, 47, 105, 111, 115, 65, 112, 112, 92, 47, 105, 111, 115, 65, 112, 112, 92, 47, 86, 105, 101, 119, 115, 92, 47, 83, 99, 114, 101, 101, 110, 115, 92, 47, 65, 100, 109, 105, 110, 92, 47, 83, 117, 112, 101, 114, 65, 100, 109, 105, 110, 80, 111, 114, 116, 97, 108, 86, 105, 101, 119, 46, 115, 119, 105, 102, 116, 58, 53, 52, 54, 58, 53, 58, 32, 110, 111, 116, 101, 58, 32, 102, 111, 117, 110, 100, 32, 116, 104, 105, 115, 32, 99, 97, 110, 100, 105, 100, 97, 116, 101, 92, 110, 32, 32, 32, 32, 105, 110, 105, 116, 40, 104, 101, 120, 58, 32, 83, 116, 114, 105, 110, 103, 41, 32, 123, 92, 110, 32, 32, 32, 32, 94, 92, 110, 92, 47, 85, 115, 101, 114, 115, 92, 47, 114, 117, 110, 110, 101, 114, 92, 47, 119, 111, 114, 107, 92, 47, 105, 111, 115, 65, 112, 112, 92, 47, 105, 111, 115, 65, 112, 112, 92, 47, 105, 111, 115, 65, 112, 112, 92, 47, 84, 104, 101, 109, 101, 92, 47, 65, 112, 112, 67, 111, 108, 111, 114, 115, 46, 115, 119, 105, 102, 116, 58, 50, 53, 58, 51, 51, 58, 32, 101, 114, 114, 111, 114, 58, 32, 97, 109, 98, 105, 103, 117, 111, 117, 115, 32, 117, 115, 101, 32, 111, 102, 32, 39, 105, 110, 105, 116, 40, 104, 101, 120, 58, 41, 39, 92, 110, 32, 32, 32, 32, 115, 116, 97, 116, 105, 99, 32, 108, 101, 116, 32, 97, 112, 112, 84, 101, 120, 116, 80, 114, 105, 109, 97, 114, 121, 32, 61, 32, 67, 111, 108, 111, 114, 40, 104, 101, 120, 58, 32, 92, 34, 35, 48, 70, 49, 55, 50, 65, 92, 34, 41, 92, 110, 32, 32, 32, 32, 32, 32, 32, 32, 32, 32, 32, 32, 32, 32, 32, 32, 32, 32, 32, 32, 32, 32, 32, 32, 32, 32, 32, 32, 32, 32, 32, 32, 94, 92, 110, 92, 47, 85, 115, 101, 114, 115, 92, 47, 114, 117, 110, 110, 101, 114, 92, 47, 119, 111, 114, 107, 92, 47, 105, 111, 115, 65, 112, 112, 92, 47, 105, 111, 115, 65, 112, 112, 92, 47, 105, 111, 115, 65, 112, 112, 92, 47, 84, 104, 101, 109, 101, 92, 47, 65, 112, 112, 67, 111, 108, 111, 114, 115, 46, 115, 119, 105, 102, 116, 58, 52, 54, 58, 53, 58, 32, 110, 111, 116, 101, 58, 32, 102, 111, 117, 110, 100, 32, 116, 104, 105, 115, 32, 99, 97, 110, 100, 105, 100, 97, 116, 101, 92, 110, 32, 32, 32, 32, 105, 110, 105, 116, 40, 104, 101, 120, 58, 32, 83, 116, 114, 105, 110, 103, 41, 32, 123, 92, 110, 32, 32, 32, 32, 94, 92, 110, 92, 47, 85, 115, 101, 114, 115, 92, 47, 114, 117, 110, 110, 101, 114, 92, 47, 119, 111, 114, 107, 92, 47, 105, 111, 115, 65, 112, 112, 92, 47, 105, 111, 115, 65, 112, 112, 92, 47, 105, 111, 115, 65, 112, 112, 92, 47, 86, 105, 101, 119, 115, 92, 47, 83, 99, 114, 101, 101, 110, 115, 92, 47, 65, 100, 109, 105, 110, 92, 47, 83, 117, 112, 101, 114, 65, 100, 109, 105, 110, 80, 111, 114, 116, 97, 108, 86, 105, 101, 119, 46, 115, 119, 105, 102, 116, 58, 53, 52, 54, 58, 53, 58, 32, 110, 111, 116, 101, 58, 32, 102, 111, 117, 110, 100, 32, 116, 104, 105, 115, 32, 99, 97, 110, 100, 105, 100, 97, 116, 101, 92, 110, 32, 32, 32, 32, 105, 110, 105, 116, 40, 104, 101, 120, 58, 32, 83, 116, 114, 105, 110, 103, 41, 32, 123, 92, 110, 32, 32, 32, 32, 94, 92, 110, 92, 47, 85, 115, 101, 114, 115, 92, 47, 114, 117, 110, 110, 101, 114, 92, 47, 119, 111, 114, 107, 92, 47, 105, 111, 115, 65, 112, 112, 92, 47, 105, 111, 115, 65, 112, 112, 92, 47, 105, 111, 115, 65, 112, 112, 92, 47, 84, 104, 101, 109, 101, 92, 47, 65, 112, 112, 67, 111, 108, 111, 114, 115, 46, 115, 119, 105, 102, 116, 58, 50, 54, 58, 51, 53, 58, 32, 101, 114, 114, 111, 114, 58, 32, 97, 109, 98, 105, 103, 117, 111, 117, 115, 32, 117, 115, 101, 32, 111, 102, 32, 39, 105, 110, 105, 116, 40, 104, 101, 120, 58, 41, 39, 92, 110, 32, 32, 32, 32, 115, 116, 97, 116, 105, 99, 32, 108, 101, 116, 32, 97, 112, 112, 84, 101, 120, 116, 83, 101, 99, 111, 110, 100, 97, 114, 121, 32, 61, 32, 67, 111, 108, 111, 114, 40, 104, 101, 120, 58, 32, 92, 34, 35, 52, 55, 53, 53, 54, 57, 92, 34, 41, 92, 110, 32, 32, 32, 32, 32, 32, 32, 32, 32, 32, 32, 32, 32, 32, 32, 32, 32, 32, 32, 32, 32, 32, 32, 32, 32, 32, 32, 32, 32, 32, 32, 32, 32, 32, 94, 92, 110, 92, 47, 85, 115, 101, 114, 115, 92, 47, 114, 117, 110, 110, 101, 114, 92, 47, 119, 111, 114, 107, 92, 47, 105, 111, 115, 65, 112, 112, 92, 47, 105, 111, 115, 65, 112, 112, 92, 47, 105, 111, 115, 65, 112, 112, 92, 47, 84, 104, 101, 109, 101, 92, 47, 65, 112, 112, 67, 111, 108, 111, 114, 115, 46, 115, 119, 105, 102, 116, 58, 52, 54, 58, 53, 58, 32, 110, 111, 116, 101, 58, 32, 102, 111, 117, 110, 100, 32, 116, 104, 105, 115, 32, 99, 97, 110, 100, 105, 100, 97, 116, 101, 92, 110, 32, 32, 32, 32, 105, 110, 105, 116, 40, 104, 101, 120, 58, 32, 83, 116, 114, 105, 110, 103, 41, 32, 123, 92, 110, 32, 32, 32, 32, 94, 92, 110, 92, 47, 85, 115, 101, 114, 115, 92, 47, 114, 117, 110, 110, 101, 114, 92, 47, 119, 111, 114, 107, 92, 47, 105, 111, 115, 65, 112, 112, 92, 47, 105, 111, 115, 65, 112, 112, 92, 47, 105, 111, 115, 65, 112, 112, 92, 47, 86, 105, 101, 119, 115, 92, 47, 83, 99, 114, 101, 101, 110, 115, 92, 47, 65, 100, 109, 105, 110, 92, 47, 83, 117, 112, 101, 114, 65, 100, 109, 105, 110, 80, 111, 114, 116, 97, 108, 86, 105, 101, 119, 46, 115, 119, 105, 102, 116, 58, 53, 52, 54, 58, 53, 58, 32, 110, 111, 116, 101, 58, 32, 102, 111, 117, 110, 100, 32, 116, 104, 105, 115, 32, 99, 97, 110, 100, 105, 100, 97, 116, 101, 92, 110, 32, 32, 32, 32, 105, 110, 105, 116, 40, 104, 101, 120, 58, 32, 83, 116, 114, 105, 110, 103, 41, 32, 123, 92, 110, 32, 32, 32, 32, 94, 92, 110, 92, 47, 85, 115, 101, 114, 115, 92, 47, 114, 117, 110, 110, 101, 114, 92, 47, 119, 111, 114, 107, 92, 47, 105, 111, 115, 65, 112, 112, 92, 47, 105, 111, 115, 65, 112, 112, 92, 47, 105, 111, 115, 65, 112, 112, 92, 47, 84, 104, 101, 109, 101, 92, 47, 65, 112, 112, 67, 111, 108, 111, 114, 115, 46, 115, 119, 105, 102, 116, 58, 50, 55, 58, 51, 49, 58, 32, 101, 114, 114, 111, 114, 58, 32, 97, 109, 98, 105, 103, 117, 111, 117, 115, 32, 117, 115, 101, 32, 111, 102, 32, 39, 105, 110, 105, 116, 40, 104, 101, 120, 58, 41, 39, 92, 110, 32, 32, 32, 32, 115, 116, 97, 116, 105, 99, 32, 108, 101, 116, 32, 97, 112, 112, 84, 101, 120, 116, 77, 117, 116, 101, 100, 32, 61, 32, 67, 111, 108, 111, 114, 40, 104, 101, 120, 58, 32, 92, 34, 35, 57, 52, 65, 51, 66, 56, 92, 34, 41, 92, 110, 32, 32, 32, 32, 32, 32, 32, 32, 32, 32, 32, 32, 32, 32, 32, 32, 32, 32, 32, 32, 32, 32, 32, 32, 32, 32, 32, 32, 32, 32, 94, 92, 110, 92, 47, 85, 115, 101, 114, 115, 92, 47, 114, 117, 110, 110, 101, 114, 92, 47, 119, 111, 114, 107, 92, 47, 105, 111, 115, 65, 112, 112, 92, 47, 105, 111, 115, 65, 112, 112, 92, 47, 105, 111, 115, 65, 112, 112, 92, 47, 84, 104, 101, 109, 101, 92, 47, 65, 112, 112, 67, 111, 108, 111, 114, 115, 46, 115, 119, 105, 102, 116, 58, 52, 54, 58, 53, 58, 32, 110, 111, 116, 101, 58, 32, 102, 111, 117, 110, 100, 32, 116, 104, 105, 115, 32, 99, 97, 110, 100, 105, 100, 97, 116, 101, 92, 110, 32, 32, 32, 32, 105, 110, 105, 116, 40, 104, 101, 120, 58, 32, 83, 116, 114, 105, 110, 103, 41, 32, 123, 92, 110, 32, 32, 32, 32, 94, 92, 110, 92, 47, 85, 115, 101, 114, 115, 92, 47, 114, 117, 110, 110, 101, 114, 92, 47, 119, 111, 114, 107, 92, 47, 105, 111, 115, 65, 112, 112, 92, 47, 105, 111, 115, 65, 112, 112, 92, 47, 105, 111, 115, 65, 112, 112, 92, 47, 86, 105, 101, 119, 115, 92, 47, 83, 99, 114, 101, 101, 110, 115, 92, 47, 65, 100, 109, 105, 110, 92, 47, 83, 117, 112, 101, 114, 65, 100, 109, 105, 110, 80, 111, 114, 116, 97, 108, 86, 105, 101, 119, 46, 115, 119, 105, 102, 116, 58, 53, 52, 54, 58, 53, 58, 32, 110, 111, 116, 101, 58, 32, 102, 111, 117, 110, 100, 32, 116, 104, 105, 115, 32, 99, 97, 110, 100, 105, 100, 97, 116, 101, 92, 110, 32, 32, 32, 32, 105, 110, 105, 116, 40, 104, 101, 120, 58, 32, 83, 116, 114, 105, 110, 103, 41, 32, 123, 92, 110, 32, 32, 32, 32, 94, 92, 110, 92, 47, 85, 115, 101, 114, 115, 92, 47, 114, 117, 110, 110, 101, 114, 92, 47, 119, 111, 114, 107, 92, 47, 105, 111, 115, 65, 112, 112, 92, 47, 105, 111, 115, 65, 112, 112, 92, 47, 105, 111, 115, 65, 112, 112, 92, 47, 84, 104, 101, 109, 101, 92, 47, 65, 112, 112, 67, 111, 108, 111, 114, 115, 46, 115, 119, 105, 102, 116, 58, 50, 56, 58, 50, 57, 58, 32, 101, 114, 114, 111, 114, 58, 32, 97, 109, 98, 105, 103, 117, 111, 117, 115, 32, 117, 115, 101, 32, 111, 102, 32, 39, 105, 110, 105, 116, 40, 104, 101, 120, 58, 41, 39, 92, 110, 32, 32, 32, 32, 115, 116, 97, 116, 105, 99, 32, 108, 101, 116, 32, 97, 112, 112, 68, 105, 118, 105, 100, 101, 114, 32, 61, 32, 67, 111, 108, 111, 114, 40, 104, 101, 120, 58, 32, 92, 34, 35, 67, 66, 68, 53, 69, 49, 92, 34, 41, 92, 110, 32, 32, 32, 32, 32, 32, 32, 32, 32, 32, 32, 32, 32, 32, 32, 32, 32, 32, 32, 32, 32, 32, 32, 32, 32, 32, 32, 32, 94, 92, 110, 92, 47, 85, 115, 101, 114, 115, 92, 47, 114, 117, 110, 110, 101, 114, 92, 47, 119, 111, 114, 107, 92, 47, 105, 111, 115, 65, 112, 112, 92, 47, 105, 111, 115, 65, 112, 112, 92, 47, 105, 111, 115, 65, 112, 112, 92, 47, 84, 104, 101, 109, 101, 92, 47, 65, 112, 112, 67, 111, 108, 111, 114, 115, 46, 115, 119, 105, 102, 116, 58, 52, 54, 58, 53, 58, 32, 110, 111, 116, 101, 58, 32, 102, 111, 117, 110, 100, 32, 116, 104, 105, 115, 32, 99, 97, 110, 100, 105, 100, 97, 116, 101, 92, 110, 32, 32, 32, 32, 105, 110, 105, 116, 40, 104, 101, 120, 58, 32, 83, 116, 114, 105, 110, 103, 41, 32, 123, 92, 110, 32, 32, 32, 32, 94, 92, 110, 92, 47, 85, 115, 101, 114, 115, 92, 47, 114, 117, 110, 110, 101, 114, 92, 47, 119, 111, 114, 107, 92, 47, 105, 111, 115, 65, 112, 112, 92, 47, 105, 111, 115, 65, 112, 112, 92, 47, 105, 111, 115, 65, 112, 112, 92, 47, 86, 105, 101, 119, 115, 92, 47, 83, 99, 114, 101, 101, 110, 115, 92, 47, 65, 100, 109, 105, 110, 92, 47, 83, 117, 112, 101, 114, 65, 100, 109, 105, 110, 80, 111, 114, 116, 97, 108, 86, 105, 101, 119, 46, 115, 119, 105, 102, 116, 58, 53, 52, 54, 58, 53, 58, 32, 110, 111, 116, 101, 58, 32, 102, 111, 117, 110, 100, 32, 116, 104, 105, 115, 32, 99, 97, 110, 100, 105, 100, 97, 116, 101, 92, 110, 32, 32, 32, 32, 105, 110, 105, 116, 40, 104, 101, 120, 58, 32, 83, 116, 114, 105, 110, 103, 41, 32, 123, 92, 110, 32, 32, 32, 32, 94, 92, 110, 92, 47, 85, 115, 101, 114, 115, 92, 47, 114, 117, 110, 110, 101, 114, 92, 47, 119, 111, 114, 107, 92, 47, 105, 111, 115, 65, 112, 112, 92, 47, 105, 111, 115, 65, 112, 112, 92, 47, 105, 111, 115, 65, 112, 112, 92, 47, 84, 104, 101, 109, 101, 92, 47, 65, 112, 112, 67, 111, 108, 111, 114, 115, 46, 115, 119, 105, 102, 116, 58, 51, 49, 58, 50, 57, 58, 32, 101, 114, 114, 111, 114, 58, 32, 97, 109, 98, 105, 103, 117, 111, 117, 115, 32, 117, 115, 101, 32, 111, 102, 32, 39, 105, 110, 105, 116, 40, 104, 101, 120, 58, 41, 39, 92, 110, 32, 32, 32, 32, 115, 116, 97, 116, 105, 99, 32, 108, 101, 116, 32, 97, 112, 112, 83, 117, 99, 99, 101, 115, 115, 32, 61, 32, 67, 111, 108, 111, 114, 40, 104, 101, 120, 58, 32, 92, 34, 35, 49, 48, 66, 57, 56, 49, 92, 34, 41, 92, 110, 32, 32, 32, 32, 32, 32, 32, 32, 32, 32, 32, 32, 32, 32, 32, 32, 32, 32, 32, 32, 32, 32, 32, 32, 32, 32, 32, 32, 94, 92, 110, 92, 47, 85, 115, 101, 114, 115, 92, 47, 114, 117, 110, 110, 101, 114, 92, 47, 119, 111, 114, 107, 92, 47, 105, 111, 115, 65, 112, 112, 92, 47, 105, 111, 115, 65, 112, 112, 92, 47, 105, 111, 115, 65, 112, 112, 92, 47, 84, 104, 101, 109, 101, 92, 47, 65, 112, 112, 67, 111, 108, 111, 114, 115, 46, 115, 119, 105, 102, 116, 58, 52, 54, 58, 53, 58, 32, 110, 111, 116, 101, 58, 32, 102, 111, 117, 110, 100, 32, 116, 104, 105, 115, 32, 99, 97, 110, 100, 105, 100, 97, 116, 101, 92, 110, 32, 32, 32, 32, 105, 110, 105, 116, 40, 104, 101, 120, 58, 32, 83, 116, 114, 105, 110, 103, 41, 32, 123, 92, 110, 32, 32, 32, 32, 94, 92, 110, 92, 47, 85, 115, 101, 114, 115, 92, 47, 114, 117, 110, 110, 101, 114, 92, 47, 119, 111, 114, 107, 92, 47, 105, 111, 115, 65, 112, 112, 92, 47, 105, 111, 115, 65, 112, 112, 92, 47, 105, 111, 115, 65, 112, 112, 92, 47, 86, 105, 101, 119, 115, 92, 47, 83, 99, 114, 101, 101, 110, 115, 92, 47, 65, 100, 109, 105, 110, 92, 47, 83, 117, 112, 101, 114, 65, 100, 109, 105, 110, 80, 111, 114, 116, 97, 108, 86, 105, 101, 119, 46, 115, 119, 105, 102, 116, 58, 53, 52, 54, 58, 53, 58, 32, 110, 111, 116, 101, 58, 32, 102, 111, 117, 110, 100, 32, 116, 104, 105, 115, 32, 99, 97, 110, 100, 105, 100, 97, 116, 101, 92, 110, 32, 32, 32, 32, 105, 110, 105, 116, 40, 104, 101, 120, 58, 32, 83, 116, 114, 105, 110, 103, 41, 32, 123, 92, 110, 32, 32, 32, 32, 94, 92, 110, 92, 47, 85, 115, 101, 114, 115, 92, 47, 114, 117, 110, 110, 101, 114, 92, 47, 119, 111, 114, 107, 92, 47, 105, 111, 115, 65, 112, 112, 92, 47, 105, 111, 115, 65, 112, 112, 92, 47, 105, 111, 115, 65, 112, 112, 92, 47, 84, 104, 101, 109, 101, 92, 47, 65, 112, 112, 67, 111, 108, 111, 114, 115, 46, 115, 119, 105, 102, 116, 58, 51, 50, 58, 50, 57, 58, 32, 101, 114, 114, 111, 114, 58, 32, 97, 109, 98, 105, 103, 117, 111, 117, 115, 32, 117, 115, 101, 32, 111, 102, 32, 39, 105, 110, 105, 116, 40, 104, 101, 120, 58, 41, 39, 92, 110, 32, 32, 32, 32, 115, 116, 97, 116, 105, 99, 32, 108, 101, 116, 32, 97, 112, 112, 87, 97, 114, 110, 105, 110, 103, 32, 61, 32, 67, 111, 108, 111, 114, 40, 104, 101, 120, 58, 32, 92, 34, 35, 70, 53, 57, 69, 48, 66, 92, 34, 41, 92, 110, 32, 32, 32, 32, 32, 32, 32, 32, 32, 32, 32, 32, 32, 32, 32, 32, 32, 32, 32, 32, 32, 32, 32, 32, 32, 32, 32, 32, 94, 92, 110, 92, 47, 85, 115, 101, 114, 115, 92, 47, 114, 117, 110, 110, 101, 114, 92, 47, 119, 111, 114, 107, 92, 47, 105, 111, 115, 65, 112, 112, 92, 47, 105, 111, 115, 65, 112, 112, 92, 47, 105, 111, 115, 65, 112, 112, 92, 47, 84, 104, 101, 109, 101, 92, 47, 65, 112, 112, 67, 111, 108, 111, 114, 115, 46, 115, 119, 105, 102, 116, 58, 52, 54, 58, 53, 58, 32, 110, 111, 116, 101, 58, 32, 102, 111, 117, 110, 100, 32, 116, 104, 105, 115, 32, 99, 97, 110, 100, 105, 100, 97, 116, 101, 92, 110, 32, 32, 32, 32, 105, 110, 105, 116, 40, 104, 101, 120, 58, 32, 83, 116, 114, 105, 110, 103, 41, 32, 123, 92, 110, 32, 32, 32, 32, 94, 92, 110, 92, 47, 85, 115, 101, 114, 115, 92, 47, 114, 117, 110, 110, 101, 114, 92, 47, 119, 111, 114, 107, 92, 47, 105, 111, 115, 65, 112, 112, 92, 47, 105, 111, 115, 65, 112, 112, 92, 47, 105, 111, 115, 65, 112, 112, 92, 47, 86, 105, 101, 119, 115, 92, 47, 83, 99, 114, 101, 101, 110, 115, 92, 47, 65, 100, 109, 105, 110, 92, 47, 83, 117, 112, 101, 114, 65, 100, 109, 105, 110, 80, 111, 114, 116, 97, 108, 86, 105, 101, 119, 46, 115, 119, 105, 102, 116, 58, 53, 52, 54, 58, 53, 58, 32, 110, 111, 116, 101, 58, 32, 102, 111, 117, 110, 100, 32, 116, 104, 105, 115, 32, 99, 97, 110, 100, 105, 100, 97, 116, 101, 92, 110, 32, 32, 32, 32, 105, 110, 105, 116, 40, 104, 101, 120, 58, 32, 83, 116, 114, 105, 110, 103, 41, 32, 123, 92, 110, 32, 32, 32, 32, 94, 92, 110, 92, 47, 85, 115, 101, 114, 115, 92, 47, 114, 117, 110, 110, 101, 114, 92, 47, 119, 111, 114, 107, 92, 47, 105, 111, 115, 65, 112, 112, 92, 47, 105, 111, 115, 65, 112, 112, 92, 47, 105, 111, 115, 65, 112, 112, 92, 47, 84, 104, 101, 109, 101, 92, 47, 65, 112, 112, 67, 111, 108, 111, 114, 115, 46, 115, 119, 105, 102, 116, 58, 51, 51, 58, 50, 56, 58, 32, 101, 114, 114, 111, 114, 58, 32, 97, 109, 98, 105, 103, 117, 111, 117, 115, 32, 117, 115, 101, 32, 111, 102, 32, 39, 105, 110, 105, 116, 40, 104, 101, 120, 58, 41, 39, 92, 110, 32, 32, 32, 32, 115, 116, 97, 116, 105, 99, 32, 108, 101, 116, 32, 97, 112, 112, 68, 97, 110, 103, 101, 114, 32, 61, 32, 67, 111, 108, 111, 114, 40, 104, 101, 120, 58, 32, 92, 34, 35, 69, 70, 52, 52, 52, 52, 92, 34, 41, 92, 110, 32, 32, 32, 32, 32, 32, 32, 32, 32, 32, 32, 32, 32, 32, 32, 32, 32, 32, 32, 32, 32, 32, 32, 32, 32, 32, 32, 94, 92, 110, 92, 47, 85, 115, 101, 114, 115, 92, 47, 114, 117, 110, 110, 101, 114, 92, 47, 119, 111, 114, 107, 92, 47, 105, 111, 115, 65, 112, 112, 92, 47, 105, 111, 115, 65, 112, 112, 92, 47, 105, 111, 115, 65, 112, 112, 92, 47, 84, 104, 101, 109, 101, 92, 47, 65, 112, 112, 67, 111, 108, 111, 114, 115, 46, 115, 119, 105, 102, 116, 58, 52, 54, 58, 53, 58, 32, 110, 111, 116, 101, 58, 32, 102, 111, 117, 110, 100, 32, 116, 104, 105, 115, 32, 99, 97, 110, 100, 105, 100, 97, 116, 101, 92, 110, 32, 32, 32, 32, 105, 110, 105, 116, 40, 104, 101, 120, 58, 32, 83, 116, 114, 105, 110, 103, 41, 32, 123, 92, 110, 32, 32, 32, 32, 94, 92, 110, 92, 47, 85, 115, 101, 114, 115, 92, 47, 114, 117, 110, 110, 101, 114, 92, 47, 119, 111, 114, 107, 92, 47, 105, 111, 115, 65, 112, 112, 92, 47, 105, 111, 115, 65, 112, 112, 92, 47, 105, 111, 115, 65, 112, 112, 92, 47, 86, 105, 101, 119, 115, 92, 47, 83, 99, 114, 101, 101, 110, 115, 92, 47, 65, 100, 109, 105, 110, 92, 47, 83, 117, 112, 101, 114, 65, 100, 109, 105, 110, 80, 111, 114, 116, 97, 108, 86, 105, 101, 119, 46, 115, 119, 105, 102, 116, 58, 53, 52, 54, 58, 53, 58, 32, 110, 111, 116, 101, 58, 32, 102, 111, 117, 110, 100, 32, 116, 104, 105, 115, 32, 99, 97, 110, 100, 105, 100, 97, 116, 101, 92, 110, 32, 32, 32, 32, 105, 110, 105, 116, 40, 104, 101, 120, 58, 32, 83, 116, 114, 105, 110, 103, 41, 32, 123, 92, 110, 32, 32, 32, 32, 94, 92, 110, 92, 47, 85, 115, 101, 114, 115, 92, 47, 114, 117, 110, 110, 101, 114, 92, 47, 119, 111, 114, 107, 92, 47, 105, 111, 115, 65, 112, 112, 92, 47, 105, 111, 115, 65, 112, 112, 92, 47, 105, 111, 115, 65, 112, 112, 92, 47, 84, 104, 101, 109, 101, 92, 47, 65, 112, 112, 67, 111, 108, 111, 114, 115, 46, 115, 119, 105, 102, 116, 58, 51, 52, 58, 50, 54, 58, 32, 101, 114, 114, 111, 114, 58, 32, 97, 109, 98, 105, 103, 117, 111, 117, 115, 32, 117, 115, 101, 32, 111, 102, 32, 39, 105, 110, 105, 116, 40, 104, 101, 120, 58, 41, 39, 92, 110, 32, 32, 32, 32, 115, 116, 97, 116, 105, 99, 32, 108, 101, 116, 32, 97, 112, 112, 73, 110, 102, 111, 32, 61, 32, 67, 111, 108, 111, 114, 40, 104, 101, 120, 58, 32, 92, 34, 35, 51, 66, 56, 50, 70, 54, 92, 34, 41, 92, 110, 32, 32, 32, 32, 32, 32, 32, 32, 32, 32, 32, 32, 32, 32, 32, 32, 32, 32, 32, 32, 32, 32, 32, 32, 32, 94, 92, 110, 92, 47, 85, 115, 101, 114, 115, 92, 47, 114, 117, 110, 110, 101, 114, 92, 47, 119, 111, 114, 107, 92, 47, 105, 111, 115, 65, 112, 112, 92, 47, 105, 111, 115, 65, 112, 112, 92, 47, 105, 111, 115, 65, 112, 112, 92, 47, 84, 104, 101, 109, 101, 92, 47, 65, 112, 112, 67, 111, 108, 111, 114, 115, 46, 115, 119, 105, 102, 116, 58, 52, 54, 58, 53, 58, 32, 110, 111, 116, 101, 58, 32, 102, 111, 117, 110, 100, 32, 116, 104, 105, 115, 32, 99, 97, 110, 100, 105, 100, 97, 116, 101, 92, 110, 32, 32, 32, 32, 105, 110, 105, 116, 40, 104, 101, 120, 58, 32, 83, 116, 114, 105, 110, 103, 41, 32, 123, 92, 110, 32, 32, 32, 32, 94, 92, 110, 92, 47, 85, 115, 101, 114, 115, 92, 47, 114, 117, 110, 110, 101, 114, 92, 47, 119, 111, 114, 107, 92, 47, 105, 111, 115, 65, 112, 112, 92, 47, 105, 111, 115, 65, 112, 112, 92, 47, 105, 111, 115, 65, 112, 112, 92, 47, 86, 105, 101, 119, 115, 92, 47, 83, 99, 114, 101, 101, 110, 115, 92, 47, 65, 100, 109, 105, 110, 92, 47, 83, 117, 112, 101, 114, 65, 100, 109, 105, 110, 80, 111, 114, 116, 97, 108, 86, 105, 101, 119, 46, 115, 119, 105, 102, 116, 58, 53, 52, 54, 58, 53, 58, 32, 110, 111, 116, 101, 58, 32, 102, 111, 117, 110, 100, 32, 116, 104, 105, 115, 32, 99, 97, 110, 100, 105, 100, 97, 116, 101, 92, 110, 32, 32, 32, 32, 105, 110, 105, 116, 40, 104, 101, 120, 58, 32, 83, 116, 114, 105, 110, 103, 41, 32, 123, 92, 110, 32, 32, 32, 32, 94, 92, 110, 92, 47, 85, 115, 101, 114, 115, 92, 47, 114, 117, 110, 110, 101, 114, 92, 47, 119, 111, 114, 107, 92, 47, 105, 111, 115, 65, 112, 112, 92, 47, 105, 111, 115, 65, 112, 112, 92, 47, 105, 111, 115, 65, 112, 112, 92, 47, 84, 104, 101, 109, 101, 92, 47, 65, 112, 112, 67, 111, 108, 111, 114, 115, 46, 115, 119, 105, 102, 116, 58, 51, 55, 58, 50, 56, 58, 32, 101, 114, 114, 111, 114, 58, 32, 97, 109, 98, 105, 103, 117, 111, 117, 115, 32, 117, 115, 101, 32, 111, 102, 32, 39, 105, 110, 105, 116, 40, 104, 101, 120, 58, 41, 39, 92, 110, 32, 32, 32, 32, 115, 116, 97, 116, 105, 99, 32, 108, 101, 116, 32, 115, 116, 97, 116, 117, 115, 78, 101, 119, 32, 61, 32, 67, 111, 108, 111, 114, 40, 104, 101, 120, 58, 32, 92, 34, 35, 51, 66, 56, 50, 70, 54, 92, 34, 41, 32, 32, 32, 32, 32, 32, 32, 32, 32, 32, 92, 47, 92, 47, 32, 77, 225, 187, 155, 105, 32, 110, 104, 225, 186, 173, 112, 32, 45, 32, 88, 97, 110, 104, 32, 100, 198, 176, 198, 161, 110, 103, 92, 110, 92, 47, 85, 115, 101, 114, 115, 92, 47, 114, 117, 110, 110, 101, 114, 92, 47, 119, 111, 114, 107, 92, 47, 105, 111, 115, 65, 112, 112, 92, 47, 105, 111, 115, 65, 112, 112, 92, 47, 105, 111, 115, 65, 112, 112, 92, 47, 84, 104, 101, 109, 101, 92, 47, 65, 112, 112, 67, 111, 108, 111, 114, 115, 46, 115, 119, 105, 102, 116, 58, 52, 54, 58, 53, 58, 32, 110, 111, 116, 101, 58, 32, 102, 111, 117, 110, 100, 32, 116, 104, 105, 115, 32, 99, 97, 110, 100, 105, 100, 97, 116, 101, 92, 110, 32, 32, 32, 32, 105, 110, 105, 116, 40, 104, 101, 120, 58, 32, 83, 116, 114, 105, 110, 103, 41, 32, 123, 92, 110, 32, 32, 32, 32, 94, 92, 110, 92, 47, 85, 115, 101, 114, 115, 92, 47, 114, 117, 110, 110, 101, 114, 92, 47, 119, 111, 114, 107, 92, 47, 105, 111, 115, 65, 112, 112, 92, 47, 105, 111, 115, 65, 112, 112, 92, 47, 105, 111, 115, 65, 112, 112, 92, 47, 86, 105, 101, 119, 115, 92, 47, 83, 99, 114, 101, 101, 110, 115, 92, 47, 65, 100, 109, 105, 110, 92, 47, 83, 117, 112, 101, 114, 65, 100, 109, 105, 110, 80, 111, 114, 116, 97, 108, 86, 105, 101, 119, 46, 115, 119, 105, 102, 116, 58, 53, 52, 54, 58, 53, 58, 32, 110, 111, 116, 101, 58, 32, 102, 111, 117, 110, 100, 32, 116, 104, 105, 115, 32, 99, 97, 110, 100, 105, 100, 97, 116, 101, 92, 110, 32, 32, 32, 32, 105, 110, 105, 116, 40, 104, 101, 120, 58, 32, 83, 116, 114, 105, 110, 103, 41, 32, 123, 92, 110, 32, 32, 32, 32, 94, 92, 110, 92, 47, 85, 115, 101, 114, 115, 92, 47, 114, 117, 110, 110, 101, 114, 92, 47, 119, 111, 114, 107, 92, 47, 105, 111, 115, 65, 112, 112, 92, 47, 105, 111, 115, 65, 112, 112, 92, 47, 105, 111, 115, 65, 112, 112, 92, 47, 84, 104, 101, 109, 101, 92, 47, 65, 112, 112, 67, 111, 108, 111, 114, 115, 46, 115, 119, 105, 102, 116, 58, 51, 56, 58, 51, 50, 58, 32, 101, 114, 114, 111, 114, 58, 32, 97, 109, 98, 105, 103, 117, 111, 117, 115, 32, 117, 115, 101, 32, 111, 102, 32, 39, 105, 110, 105, 116, 40, 104, 101, 120, 58, 41, 39, 92, 110, 32, 32, 32, 32, 115, 116, 97, 116, 105, 99, 32, 108, 101, 116, 32, 115, 116, 97, 116, 117, 115, 73, 110, 83, 116, 111, 99, 107, 32, 61, 32, 67, 111, 108, 111, 114, 40, 104, 101, 120, 58, 32, 92, 34, 35, 49, 48, 66, 57, 56, 49, 92, 34, 41, 32, 32, 32, 32, 32, 92, 47, 92, 47, 32, 84, 114, 111, 110, 103, 32, 107, 104, 111, 32, 40, 83, 225, 186, 181, 110, 32, 115, 195, 160, 110, 103, 41, 32, 45, 32, 88, 97, 110, 104, 32, 108, 195, 161, 92, 110, 92, 47, 85, 115, 101, 114, 115, 92, 47, 114, 117, 110, 110, 101, 114, 92, 47, 119, 111, 114, 107, 92, 47, 105, 111, 115, 65, 112, 112, 92, 47, 105, 111, 115, 65, 112, 112, 92, 47, 105, 111, 115, 65, 112, 112, 92, 47, 84, 104, 101, 109, 101, 92, 47, 65, 112, 112, 67, 111, 108, 111, 114, 115, 46, 115, 119, 105, 102, 116, 58, 52, 54, 58, 53, 58, 32, 110, 111, 116, 101, 58, 32, 102, 111, 117, 110, 100, 32, 116, 104, 105, 115, 32, 99, 97, 110, 100, 105, 100, 97, 116, 101, 92, 110, 32, 32, 32, 32, 105, 110, 105, 116, 40, 104, 101, 120, 58, 32, 83, 116, 114, 105, 110, 103, 41, 32, 123, 92, 110, 32, 32, 32, 32, 94, 92, 110, 92, 47, 85, 115, 101, 114, 115, 92, 47, 114, 117, 110, 110, 101, 114, 92, 47, 119, 111, 114, 107, 92, 47, 105, 111, 115, 65, 112, 112, 92, 47, 105, 111, 115, 65, 112, 112, 92, 47, 105, 111, 115, 65, 112, 112, 92, 47, 86, 105, 101, 119, 115, 92, 47, 83, 99, 114, 101, 101, 110, 115, 92, 47, 65, 100, 109, 105, 110, 92, 47, 83, 117, 112, 101, 114, 65, 100, 109, 105, 110, 80, 111, 114, 116, 97, 108, 86, 105, 101, 119, 46, 115, 119, 105, 102, 116, 58, 53, 52, 54, 58, 53, 58, 32, 110, 111, 116, 101, 58, 32, 102, 111, 117, 110, 100, 32, 116, 104, 105, 115, 32, 99, 97, 110, 100, 105, 100, 97, 116, 101, 92, 110, 32, 32, 32, 32, 105, 110, 105, 116, 40, 104, 101, 120, 58, 32, 83, 116, 114, 105, 110, 103, 41, 32, 123, 92, 110, 32, 32, 32, 32, 94, 92, 110, 92, 47, 85, 115, 101, 114, 115, 92, 47, 114, 117, 110, 110, 101, 114, 92, 47, 119, 111, 114, 107, 92, 47, 105, 111, 115, 65, 112, 112, 92, 47, 105, 111, 115, 65, 112, 112, 92, 47, 105, 111, 115, 65, 112, 112, 92, 47, 84, 104, 101, 109, 101, 92, 47, 65, 112, 112, 67, 111, 108, 111, 114, 115, 46, 115, 119, 105, 102, 116, 58, 51, 57, 58, 51, 48, 58, 32, 101, 114, 114, 111, 114, 58, 32, 97, 109, 98, 105, 103, 117, 111, 117, 115, 32, 117, 115, 101, 32, 111, 102, 32, 39, 105, 110, 105, 116, 40, 104, 101, 120, 58, 41, 39, 92, 110, 32, 32, 32, 32, 115, 116, 97, 116, 105, 99, 32, 108, 101, 116, 32, 115, 116, 97, 116, 117, 115, 73, 110, 85, 115, 101, 32, 61, 32, 67, 111, 108, 111, 114, 40, 104, 101, 120, 58, 32, 92, 34, 35, 56, 66, 53, 67, 70, 54, 92, 34, 41, 32, 32, 32, 32, 32, 32, 32, 92, 47, 92, 47, 32, 196, 144, 97, 110, 103, 32, 115, 225, 187, 173, 32, 100, 225, 187, 165, 110, 103, 32, 45, 32, 84, 195, 173, 109, 92, 110, 92, 47, 85, 115, 101, 114, 115, 92, 47, 114, 117, 110, 110, 101, 114, 92, 47, 119, 111, 114, 107, 92, 47, 105, 111, 115, 65, 112, 112, 92, 47, 105, 111, 115, 65, 112, 112, 92, 47, 105, 111, 115, 65, 112, 112, 92, 47, 84, 104, 101, 109, 101, 92, 47, 65, 112, 112, 67, 111, 108, 111, 114, 115, 46, 115, 119, 105, 102, 116, 58, 52, 54, 58, 53, 58, 32, 110, 111, 116, 101, 58, 32, 102, 111, 117, 110, 100, 32, 116, 104, 105, 115, 32, 99, 97, 110, 100, 105, 100, 97, 116, 101, 92, 110, 32, 32, 32, 32, 105, 110, 105, 116, 40, 104, 101, 120, 58, 32, 83, 116, 114, 105, 110, 103, 41, 32, 123, 92, 110, 32, 32, 32, 32, 94, 92, 110, 92, 47, 85, 115, 101, 114, 115, 92, 47, 114, 117, 110, 110, 101, 114, 92, 47, 119, 111, 114, 107, 92, 47, 105, 111, 115, 65, 112, 112, 92, 47, 105, 111, 115, 65, 112, 112, 92, 47, 105, 111, 115, 65, 112, 112, 92, 47, 86, 105, 101, 119, 115, 92, 47, 83, 99, 114, 101, 101, 110, 115, 92, 47, 65, 100, 109, 105, 110, 92, 47, 83, 117, 112, 101, 114, 65, 100, 109, 105, 110, 80, 111, 114, 116, 97, 108, 86, 105, 101, 119, 46, 115, 119, 105, 102, 116, 58, 53, 52, 54, 58, 53, 58, 32, 110, 111, 116, 101, 58, 32, 102, 111, 117, 110, 100, 32, 116, 104, 105, 115, 32, 99, 97, 110, 100, 105, 100, 97, 116, 101, 92, 110, 32, 32, 32, 32, 105, 110, 105, 116, 40, 104, 101, 120, 58, 32, 83, 116, 114, 105, 110, 103, 41, 32, 123, 92, 110, 32, 32, 32, 32, 94, 92, 110, 92, 47, 85, 115, 101, 114, 115, 92, 47, 114, 117, 110, 110, 101, 114, 92, 47, 119, 111, 114, 107, 92, 47, 105, 111, 115, 65, 112, 112, 92, 47, 105, 111, 115, 65, 112, 112, 92, 47, 105, 111, 115, 65, 112, 112, 92, 47, 84, 104, 101, 109, 101, 92, 47, 65, 112, 112, 67, 111, 108, 111, 114, 115, 46, 115, 119, 105, 102, 116, 58, 52, 48, 58, 51, 49, 58, 32, 101, 114, 114, 111, 114, 58, 32, 97, 109, 98, 105, 103, 117, 111, 117, 115, 32, 117, 115, 101, 32, 111, 102, 32, 39, 105, 110, 105, 116, 40, 104, 101, 120, 58, 41, 39, 92, 110, 32, 32, 32, 32, 115, 116, 97, 116, 105, 99, 32, 108, 101, 116, 32, 115, 116, 97, 116, 117, 115, 79, 110, 76, 111, 97, 110, 32, 61, 32, 67, 111, 108, 111, 114, 40, 104, 101, 120, 58, 32, 92, 34, 35, 69, 67, 52, 56, 57, 57, 92, 34, 41, 32, 32, 32, 32, 32, 32, 92, 47, 92, 47, 32, 196, 144, 97, 110, 103, 32, 99, 104, 111, 32, 109, 198, 176, 225, 187, 163, 110, 32, 45, 32, 72, 225, 187, 147, 110, 103, 32, 196, 145, 225, 186, 173, 109, 92, 110, 92, 47, 85, 115, 101, 114, 115, 92, 47, 114, 117, 110, 110, 101, 114, 92, 47, 119, 111, 114, 107, 92, 47, 105, 111, 115, 65, 112, 112, 92, 47, 105, 111, 115, 65, 112, 112, 92, 47, 105, 111, 115, 65, 112, 112, 92, 47, 84, 104, 101, 109, 101, 92, 47, 65, 112, 112, 67, 111, 108, 111, 114, 115, 46, 115, 119, 105, 102, 116, 58, 52, 54, 58, 53, 58, 32, 110, 111, 116, 101, 58, 32, 102, 111, 117, 110, 100, 32, 116, 104, 105, 115, 32, 99, 97, 110, 100, 105, 100, 97, 116, 101, 92, 110, 32, 32, 32, 32, 105, 110, 105, 116, 40, 104, 101, 120, 58, 32, 83, 116, 114, 105, 110, 103, 41, 32, 123, 92, 110, 32, 32, 32, 32, 94, 92, 110, 92, 47, 85, 115, 101, 114, 115, 92, 47, 114, 117, 110, 110, 101, 114, 92, 47, 119, 111, 114, 107, 92, 47, 105, 111, 115, 65, 112, 112, 92, 47, 105, 111, 115, 65, 112, 112, 92, 47, 105, 111, 115, 65, 112, 112, 92, 47, 86, 105, 101, 119, 115, 92, 47, 83, 99, 114, 101, 101, 110, 115, 92, 47, 65, 100, 109, 105, 110, 92, 47, 83, 117, 112, 101, 114, 65, 100, 109, 105, 110, 80, 111, 114, 116, 97, 108, 86, 105, 101, 119, 46, 115, 119, 105, 102, 116, 58, 53, 52, 54, 58, 53, 58, 32, 110, 111, 116, 101, 58, 32, 102, 111, 117, 110, 100, 32, 116, 104, 105, 115, 32, 99, 97, 110, 100, 105, 100, 97, 116, 101, 92, 110, 32, 32, 32, 32, 105, 110, 105, 116, 40, 104, 101, 120, 58, 32, 83, 116, 114, 105, 110, 103, 41, 32, 123, 92, 110, 32, 32, 32, 32, 94, 92, 110, 92, 47, 85, 115, 101, 114, 115, 92, 47, 114, 117, 110, 110, 101, 114, 92, 47, 119, 111, 114, 107, 92, 47, 105, 111, 115, 65, 112, 112, 92, 47, 105, 111, 115, 65, 112, 112, 92, 47, 105, 111, 115, 65, 112, 112, 92, 47, 84, 104, 101, 109, 101, 92, 47, 65, 112, 112, 67, 111, 108, 111, 114, 115, 46, 115, 119, 105, 102, 116, 58, 52, 49, 58, 51, 49, 58, 32, 101, 114, 114, 111, 114, 58, 32, 97, 109, 98, 105, 103, 117, 111, 117, 115, 32, 117, 115, 101, 32, 111, 102, 32, 39, 105, 110, 105, 116, 40, 104, 101, 120, 58, 41, 39, 92, 110, 32, 32, 32, 32, 115, 116, 97, 116, 105, 99, 32, 108, 101, 116, 32, 115, 116, 97, 116, 117, 115, 82, 101, 112, 97, 105, 114, 32, 61, 32, 67, 111, 108, 111, 114, 40, 104, 101, 120, 58, 32, 92, 34, 35, 70, 53, 57, 69, 48, 66, 92, 34, 41, 32, 32, 32, 32, 32, 32, 92, 47, 92, 47, 32, 196, 144, 97, 110, 103, 32, 115, 225, 187, 173, 97, 32, 99, 104, 225, 187, 175, 97, 32, 45, 32, 86, 195, 160, 110, 103, 32, 99, 97, 109, 92, 110, 92, 47, 85, 115, 101, 114, 115, 92, 47, 114, 117, 110, 110, 101, 114, 92, 47, 119, 111, 114, 107, 92, 47, 105, 111, 115, 65, 112, 112, 92, 47, 105, 111, 115, 65, 112, 112, 92, 47, 105, 111, 115, 65, 112, 112, 92, 47, 84, 104, 101, 109, 101, 92, 47, 65, 112, 112, 67, 111, 108, 111, 114, 115, 46, 115, 119, 105, 102, 116, 58, 52, 54, 58, 53, 58, 32, 110, 111, 116, 101, 58, 32, 102, 111, 117, 110, 100, 32, 116, 104, 105, 115, 32, 99, 97, 110, 100, 105, 100, 97, 116, 101, 92, 110, 32, 32, 32, 32, 105, 110, 105, 116, 40, 104, 101, 120, 58, 32, 83, 116, 114, 105, 110, 103, 41, 32, 123, 92, 110, 32, 32, 32, 32, 94, 92, 110, 92, 47, 85, 115, 101, 114, 115, 92, 47, 114, 117, 110, 110, 101, 114, 92, 47, 119, 111, 114, 107, 92, 47, 105, 111, 115, 65, 112, 112, 92, 47, 105, 111, 115, 65, 112, 112, 92, 47, 105, 111, 115, 65, 112, 112, 92, 47, 86, 105, 101, 119, 115, 92, 47, 83, 99, 114, 101, 101, 110, 115, 92, 47, 65, 100, 109, 105, 110, 92, 47, 83, 117, 112, 101, 114, 65, 100, 109, 105, 110, 80, 111, 114, 116, 97, 108, 86, 105, 101, 119, 46, 115, 119, 105, 102, 116, 58, 53, 52, 54, 58, 53, 58, 32, 110, 111, 116, 101, 58, 32, 102, 111, 117, 110, 100, 32, 116, 104, 105, 115, 32, 99, 97, 110, 100, 105, 100, 97, 116, 101, 92, 110, 32, 32, 32, 32, 105, 110, 105, 116, 40, 104, 101, 120, 58, 32, 83, 116, 114, 105, 110, 103, 41, 32, 123, 92, 110, 32, 32, 32, 32, 94, 92, 110, 92, 47, 85, 115, 101, 114, 115, 92, 47, 114, 117, 110, 110, 101, 114, 92, 47, 119, 111, 114, 107, 92, 47, 105, 111, 115, 65, 112, 112, 92, 47, 105, 111, 115, 65, 112, 112, 92, 47, 105, 111, 115, 65, 112, 112, 92, 47, 84, 104, 101, 109, 101, 92, 47, 65, 112, 112, 67, 111, 108, 111, 114, 115, 46, 115, 119, 105, 102, 116, 58, 52, 50, 58, 51, 49, 58, 32, 101, 114, 114, 111, 114, 58, 32, 97, 109, 98, 105, 103, 117, 111, 117, 115, 32, 117, 115, 101, 32, 111, 102, 32, 39, 105, 110, 105, 116, 40, 104, 101, 120, 58, 41, 39, 92, 110, 32, 32, 32, 32, 115, 116, 97, 116, 105, 99, 32, 108, 101, 116, 32, 115, 116, 97, 116, 117, 115, 66, 114, 111, 107, 101, 110, 32, 61, 32, 67, 111, 108, 111, 114, 40, 104, 101, 120, 58, 32, 92, 34, 35, 69, 70, 52, 52, 52, 52, 92, 34, 41, 32, 32, 32, 32, 32, 32, 92, 47, 92, 47, 32, 72, 225, 187, 143, 110, 103, 32, 92, 47, 32, 67, 104, 225, 187, 157, 32, 120, 225, 187, 173, 32, 108, 195, 189, 32, 45, 32, 196, 144, 225, 187, 143, 92, 110, 92, 47, 85, 115, 101, 114, 115, 92, 47, 114, 117, 110, 110, 101, 114, 92, 47, 119, 111, 114, 107, 92, 47, 105, 111, 115, 65, 112, 112, 92, 47, 105, 111, 115, 65, 112, 112, 92, 47, 105, 111, 115, 65, 112, 112, 92, 47, 84, 104, 101, 109, 101, 92, 47, 65, 112, 112, 67, 111, 108, 111, 114, 115, 46, 115, 119, 105, 102, 116, 58, 52, 54, 58, 53, 58, 32, 110, 111, 116, 101, 58, 32, 102, 111, 117, 110, 100, 32, 116, 104, 105, 115, 32, 99, 97, 110, 100, 105, 100, 97, 116, 101, 92, 110, 32, 32, 32, 32, 105, 110, 105, 116, 40, 104, 101, 120, 58, 32, 83, 116, 114, 105, 110, 103, 41, 32, 123, 92, 110, 32, 32, 32, 32, 94, 92, 110, 92, 47, 85, 115, 101, 114, 115, 92, 47, 114, 117, 110, 110, 101, 114, 92, 47, 119, 111, 114, 107, 92, 47, 105, 111, 115, 65, 112, 112, 92, 47, 105, 111, 115, 65, 112, 112, 92, 47, 105, 111, 115, 65, 112, 112, 92, 47, 86, 105, 101, 119, 115, 92, 47, 83, 99, 114, 101, 101, 110, 115, 92, 47, 65, 100, 109, 105, 110, 92, 47, 83, 117, 112, 101, 114, 65, 100, 109, 105, 110, 80, 111, 114, 116, 97, 108, 86, 105, 101, 119, 46, 115, 119, 105, 102, 116, 58, 53, 52, 54, 58, 53, 58, 32, 110, 111, 116, 101, 58, 32, 102, 111, 117, 110, 100, 32, 116, 104, 105, 115, 32, 99, 97, 110, 100, 105, 100, 97, 116, 101, 92, 110, 32, 32, 32, 32, 105, 110, 105, 116, 40, 104, 101, 120, 58, 32, 83, 116, 114, 105, 110, 103, 41, 32, 123, 92, 110, 32, 32, 32, 32, 94, 92, 110, 92, 47, 85, 115, 101, 114, 115, 92, 47, 114, 117, 110, 110, 101, 114, 92, 47, 119, 111, 114, 107, 92, 47, 105, 111, 115, 65, 112, 112, 92, 47, 105, 111, 115, 65, 112, 112, 92, 47, 105, 111, 115, 65, 112, 112, 92, 47, 84, 104, 101, 109, 101, 92, 47, 65, 112, 112, 67, 111, 108, 111, 114, 115, 46, 115, 119, 105, 102, 116, 58, 52, 51, 58, 51, 53, 58, 32, 101, 114, 114, 111, 114, 58, 32, 97, 109, 98, 105, 103, 117, 111, 117, 115, 32, 117, 115, 101, 32, 111, 102, 32, 39, 105, 110, 105, 116, 40, 104, 101, 120, 58, 41, 39, 92, 110, 32, 32, 32, 32, 115, 116, 97, 116, 105, 99, 32, 108, 101, 116, 32, 115, 116, 97, 116, 117, 115, 76, 105, 113, 117, 105, 100, 97, 116, 101, 100, 32, 61, 32, 67, 111, 108, 111, 114, 40, 104, 101, 120, 58, 32, 92, 34, 35, 54, 66, 55, 50, 56, 48, 92, 34, 41, 32, 32, 92, 47, 92, 47, 32, 196, 144, 195, 163, 32, 116, 104, 97, 110, 104, 32, 108, 195, 189, 32, 45, 32, 88, 195, 161, 109, 92, 110, 92, 47, 85, 115, 101, 114, 115, 92, 47, 114, 117, 110, 110, 101, 114, 92, 47, 119, 111, 114, 107, 92, 47, 105, 111, 115, 65, 112, 112, 92, 47, 105, 111, 115, 65, 112, 112, 92, 47, 105, 111, 115, 65, 112, 112, 92, 47, 84, 104, 101, 109, 101, 92, 47, 65, 112, 112, 67, 111, 108, 111, 114, 115, 46, 115, 119, 105, 102, 116, 58, 52, 54, 58, 53, 58, 32, 110, 111, 116, 101, 58, 32, 102, 111, 117, 110, 100, 32, 116, 104, 105, 115, 32, 99, 97, 110, 100, 105, 100, 97, 116, 101, 92, 110, 32, 32, 32, 32, 105, 110, 105, 116, 40, 104, 101, 120, 58, 32, 83, 116, 114, 105, 110, 103, 41, 32, 123, 92, 110, 32, 32, 32, 32, 94, 92, 110, 92, 47, 85, 115, 101, 114, 115, 92, 47, 114, 117, 110, 110, 101, 114, 92, 47, 119, 111, 114, 107, 92, 47, 105, 111, 115, 65, 112, 112, 92, 47, 105, 111, 115, 65, 112, 112, 92, 47, 105, 111, 115, 65, 112, 112, 92, 47, 86, 105, 101, 119, 115, 92, 47, 83, 99, 114, 101, 101, 110, 115, 92, 47, 65, 100, 109, 105, 110, 92, 47, 83, 117, 112, 101, 114, 65, 100, 109, 105, 110, 80, 111, 114, 116, 97, 108, 86, 105, 101, 119, 46, 115, 119, 105, 102, 116, 58, 53, 52, 54, 58, 53, 58, 32, 110, 111, 116, 101, 58, 32, 102, 111, 117, 110, 100, 32, 116, 104, 105, 115, 32, 99, 97, 110, 100, 105, 100, 97, 116, 101, 92, 110, 32, 32, 32, 32, 105, 110, 105, 116, 40, 104, 101, 120, 58, 32, 83, 116, 114, 105, 110, 103, 41, 32, 123, 92, 110, 32, 32, 32, 32, 94, 92, 110, 92, 47, 85, 115, 101, 114, 115, 92, 47, 114, 117, 110, 110, 101, 114, 92, 47, 119, 111, 114, 107, 92, 47, 105, 111, 115, 65, 112, 112, 92, 47, 105, 111, 115, 65, 112, 112, 92, 47, 105, 111, 115, 65, 112, 112, 92, 47, 84, 104, 101, 109, 101, 92, 47, 65, 112, 112, 67, 111, 108, 111, 114, 115, 46, 115, 119, 105, 102, 116, 58, 52, 54, 58, 53, 58, 32, 101, 114, 114, 111, 114, 58, 32, 105, 110, 118, 97, 108, 105, 100, 32, 114, 101, 100, 101, 99, 108, 97, 114, 97, 116, 105, 111, 110, 32, 111, 102, 32, 39, 105, 110, 105, 116, 40, 104, 101, 120, 58, 41, 39, 92, 110, 32, 32, 32, 32, 105, 110, 105, 116, 40, 104, 101, 120, 58, 32, 83, 116, 114, 105, 110, 103, 41, 32, 123, 92, 110, 32, 32, 32, 32, 94, 92, 110, 92, 47, 85, 115, 101, 114, 115, 92, 47, 114, 117, 110, 110, 101, 114, 92, 47, 119, 111, 114, 107, 92, 47, 105, 111, 115, 65, 112, 112, 92, 47, 105, 111, 115, 65, 112, 112, 92, 47, 105, 111, 115, 65, 112, 112, 92, 47, 86, 105, 101, 119, 115, 92, 47, 83, 99, 114, 101, 101, 110, 115, 92, 47, 65, 100, 109, 105, 110, 92, 47, 83, 117, 112, 101, 114, 65, 100, 109, 105, 110, 80, 111, 114, 116, 97, 108, 86, 105, 101, 119, 46, 115, 119, 105, 102, 116, 58, 53, 52, 54, 58, 53, 58, 32, 110, 111, 116, 101, 58, 32, 39, 105, 110, 105, 116, 40, 104, 101, 120, 58, 41, 39, 32, 112, 114, 101, 118, 105, 111, 117, 115, 108, 121, 32, 100, 101, 99, 108, 97, 114, 101, 100, 32, 104, 101, 114, 101, 92, 110, 32, 32, 32, 32, 105, 110, 105, 116, 40, 104, 101, 120, 58, 32, 83, 116, 114, 105, 110, 103, 41, 32, 123, 92, 110, 32, 32, 32, 32, 94, 92, 110, 92, 47, 85, 115, 101, 114, 115, 92, 47, 114, 117, 110, 110, 101, 114, 92, 47, 119, 111, 114, 107, 92, 47, 105, 111, 115, 65, 112, 112, 92, 47, 105, 111, 115, 65, 112, 112, 92, 47, 105, 111, 115, 65, 112, 112, 92, 47, 86, 105, 101, 119, 115, 92, 47, 83, 99, 114, 101, 101, 110, 115, 92, 47, 65, 100, 109, 105, 110, 92, 47, 83, 117, 112, 101, 114, 65, 100, 109, 105, 110, 80, 111, 114, 116, 97, 108, 86, 105, 101, 119, 46, 115, 119, 105, 102, 116, 58, 53, 52, 54, 58, 53, 58, 32, 110, 111, 116, 101, 58, 32, 39, 105, 110, 105, 116, 40, 104, 101, 120, 58, 41, 39, 32, 112, 114, 101, 118, 105, 111, 117, 115, 108, 121, 32, 100, 101, 99, 108, 97, 114, 101, 100, 32, 104, 101, 114, 101, 92, 110, 32, 32, 32, 32, 105, 110, 105, 116, 40, 104, 101, 120, 58, 32, 83, 116, 114, 105, 110, 103, 41, 32, 123, 92, 110, 32, 32, 32, 32, 94, 92, 110, 92, 47, 85, 115, 101, 114, 115, 92, 47, 114, 117, 110, 110, 101, 114, 92, 47, 119, 111, 114, 107, 92, 47, 105, 111, 115, 65, 112, 112, 92, 47, 105, 111, 115, 65, 112, 112, 92, 47, 105, 111, 115, 65, 112, 112, 92, 47, 86, 105, 101, 119, 77, 111, 100, 101, 108, 115, 92, 47, 68, 101, 118, 105, 99, 101, 86, 105, 101, 119, 77, 111, 100, 101, 108, 46, 115, 119, 105, 102, 116, 58, 49, 56, 57, 58, 56, 54, 58, 32, 101, 114, 114, 111, 114, 58, 32, 39, 110, 105, 108, 39, 32, 105, 115, 32, 110, 111, 116, 32, 99, 111, 109, 112, 97, 116, 105, 98, 108, 101, 32, 119, 105, 116, 104, 32, 99, 108, 111, 115, 117, 114, 101, 32, 114, 101, 115, 117, 108, 116, 32, 116, 121, 112, 101, 32, 39, 84, 104, 105, 101, 116, 66, 105, 39, 92, 110, 32, 32, 32, 32, 32, 32, 32, 32, 32, 32, 32, 32, 32, 32, 32, 32, 32, 32, 32, 32, 32, 32, 32, 32, 32, 32, 108, 101, 116, 32, 102, 105, 101, 108, 100, 115, 32, 61, 32, 100, 111, 99, 91, 92, 34, 102, 105, 101, 108, 100, 115, 92, 34, 93, 32, 97, 115, 63, 32, 91, 83, 116, 114, 105, 110, 103, 58, 32, 65, 110, 121, 93, 32, 101, 108, 115, 101, 32, 123, 32, 114, 101, 116, 117, 114, 110, 32, 110, 105, 108, 32, 125, 92, 110, 32, 32, 32, 32, 32, 32, 32, 32, 32, 32, 32, 32, 32, 32, 32, 32, 32, 32, 32, 32, 32, 32, 32, 32, 32, 32, 32, 32, 32, 32, 32, 32, 32, 32, 32, 32, 32, 32, 32, 32, 32, 32, 32, 32, 32, 32, 32, 32, 32, 32, 32, 32, 32, 32, 32, 32, 32, 32, 32, 32, 32, 32, 32, 32, 32, 32, 32, 32, 32, 32, 32, 32, 32, 32, 32, 32, 32, 32, 32, 32, 32, 32, 32, 32, 32, 94, 92, 110, 92, 47, 85, 115, 101, 114, 115, 92, 47, 114, 117, 110, 110, 101, 114, 92, 47, 119, 111, 114, 107, 92, 47, 105, 111, 115, 65, 112, 112, 92, 47, 105, 111, 115, 65, 112, 112, 92, 47, 105, 111, 115, 65, 112, 112, 92, 47, 86, 105, 101, 119, 77, 111, 100, 101, 108, 115, 92, 47, 83, 117, 112, 112, 111, 114, 116, 86, 105, 101, 119, 77, 111, 100, 101, 108, 46, 115, 119, 105, 102, 116, 58, 56, 54, 58, 49, 55, 58, 32, 101, 114, 114, 111, 114, 58, 32, 97, 114, 103, 117, 109, 101, 110, 116, 32, 39, 112, 114, 105, 111, 114, 105, 116, 121, 39, 32, 109, 117, 115, 116, 32, 112, 114, 101, 99, 101, 100, 101, 32, 97, 114, 103, 117, 109, 101, 110, 116, 32, 39, 99, 114, 101, 97, 116, 101, 100, 65, 116, 39, 92, 110, 32, 32, 32, 32, 32, 32, 32, 32, 32, 32, 32, 32, 32, 32, 32, 32, 112, 114, 105, 111, 114, 105, 116, 121, 58, 32, 70, 105, 114, 101, 115, 116, 111, 114, 101, 72, 101, 108, 112, 101, 114, 46, 103, 101, 116, 83, 116, 114, 105, 110, 103, 40, 102, 105, 101, 108, 100, 115, 91, 92, 34, 112, 114, 105, 111, 114, 105, 116, 121, 92, 34, 93, 32, 97, 115, 63, 32, 91, 83, 116, 114, 105, 110, 103, 58, 32, 65, 110, 121, 93, 41, 44, 92, 110, 126, 126, 126, 126, 126, 126, 126, 126, 126, 126, 126, 126, 126, 126, 126, 126, 94, 126, 126, 126, 126, 126, 126, 126, 126, 126, 126, 126, 126, 126, 126, 126, 126, 126, 126, 126, 126, 126, 126, 126, 126, 126, 126, 126, 126, 126, 126, 126, 126, 126, 126, 126, 126, 126, 126, 126, 126, 126, 126, 126, 126, 126, 126, 126, 126, 126, 126, 126, 126, 126, 126, 126, 126, 126, 126, 126, 126, 126, 126, 126, 126, 126, 126, 126, 126, 126, 126, 126, 126, 92, 110, 92, 47, 85, 115, 101, 114, 115, 92, 47, 114, 117, 110, 110, 101, 114, 92, 47, 119, 111, 114, 107, 92, 47, 105, 111, 115, 65, 112, 112, 92, 47, 105, 111, 115, 65, 112, 112, 92, 47, 105, 111, 115, 65, 112, 112, 92, 47, 86, 105, 101, 119, 77, 111, 100, 101, 108, 115, 92, 47, 65, 116, 116, 101, 110, 100, 97, 110, 99, 101, 86, 105, 101, 119, 77, 111, 100, 101, 108, 46, 115, 119, 105, 102, 116, 58, 49, 50, 52, 58, 50, 54, 58, 32, 119, 97, 114, 110, 105, 110, 103, 58, 32, 99, 111, 110, 115, 105, 100, 101, 114, 32, 117, 115, 105, 110, 103, 32, 97, 115, 121, 110, 99, 104, 114, 111, 110, 111, 117, 115, 32, 97, 108, 116, 101, 114, 110, 97, 116, 105, 118, 101, 32, 102, 117, 110, 99, 116, 105, 111, 110, 92, 110, 32, 32, 32, 32, 32, 32, 32, 32, 32, 32, 32, 32, 67, 76, 71, 101, 111, 99, 111, 100, 101, 114, 40, 41, 46, 114, 101, 118, 101, 114, 115, 101, 71, 101, 111, 99, 111, 100, 101, 76, 111, 99, 97, 116, 105, 111, 110, 40, 108, 111, 99, 41, 32, 123, 32, 112, 108, 97, 99, 101, 109, 97, 114, 107, 115, 44, 32, 95, 32, 105, 110, 92, 110, 32, 32, 32, 32, 32, 32, 32, 32, 32, 32, 32, 32, 32, 32, 32, 32, 32, 32, 32, 32, 32, 32, 32, 32, 32, 94, 92, 110, 67, 111, 114, 101, 76, 111, 99, 97, 116, 105, 111, 110, 46, 67, 76, 71, 101, 111, 99, 111, 100, 101, 114, 58, 55, 58, 49, 53, 58, 32, 110, 111, 116, 101, 58, 32, 39, 114, 101, 118, 101, 114, 115, 101, 71, 101, 111, 99, 111, 100, 101, 76, 111, 99, 97, 116, 105, 111, 110, 39, 32, 100, 101, 99, 108, 97, 114, 101, 100, 32, 104, 101, 114, 101, 92, 110, 32, 32, 32, 32, 111, 112, 101, 110, 32, 102, 117, 110, 99, 32, 114, 101, 118, 101, 114, 115, 101, 71, 101, 111, 99, 111, 100, 101, 76, 111, 99, 97, 116, 105, 111, 110, 40, 95, 32, 108, 111, 99, 97, 116, 105, 111, 110, 58, 32, 67, 76, 76, 111, 99, 97, 116, 105, 111, 110, 41, 32, 97, 115, 121, 110, 99, 32, 116, 104, 114, 111, 119, 115, 32, 45, 62, 32, 91, 67, 76, 80, 108, 97, 99, 101, 109, 97, 114, 107, 93, 92, 110, 32, 32, 32, 32, 32, 32, 32, 32, 32, 32, 32, 32, 32, 32, 94, 92, 110, 92, 47, 85, 115, 101, 114, 115, 92, 47, 114, 117, 110, 110, 101, 114, 92, 47, 119, 111, 114, 107, 92, 47, 105, 111, 115, 65, 112, 112, 92, 47, 105, 111, 115, 65, 112, 112, 92, 47, 105, 111, 115, 65, 112, 112, 92, 47, 86, 105, 101, 119, 115, 92, 47, 83, 99, 114, 101, 101, 110, 115, 92, 47, 72, 111, 109, 101, 92, 47, 72, 111, 109, 101, 83, 99, 114, 101, 101, 110, 86, 105, 101, 119, 46, 115, 119, 105, 102, 116, 58, 50, 48, 55, 58, 51, 55, 58, 32, 101, 114, 114, 111, 114, 58, 32, 109, 105, 115, 115, 105, 110, 103, 32, 97, 114, 103, 117, 109, 101, 110, 116, 32, 102, 111, 114, 32, 112, 97, 114, 97, 109, 101, 116, 101, 114, 32, 39, 118, 105, 101, 119, 77, 111, 100, 101, 108, 39, 32, 105, 110, 32, 99, 97, 108, 108, 92, 110, 32, 32, 32, 32, 32, 32, 32, 32, 32, 32, 32, 32, 83, 121, 115, 116, 101, 109, 78, 111, 116, 105, 102, 105, 99, 97, 116, 105, 111, 110, 115, 86, 105, 101, 119, 40, 111, 110, 66, 97, 99, 107, 58, 32, 123, 32, 115, 104, 111, 119, 78, 111, 116, 105, 102, 105, 99, 97, 116, 105, 111, 110, 115, 83, 104, 101, 101, 116, 32, 61, 32, 102, 97, 108, 115, 101, 32, 125, 41, 92, 110, 32, 32, 32, 32, 32, 32, 32, 32, 32, 32, 32, 32, 32, 32, 32, 32, 32, 32, 32, 32, 32, 32, 32, 32, 32, 32, 32, 32, 32, 32, 32, 32, 32, 32, 32, 32, 94, 92, 110, 32, 32, 32, 32, 32, 32, 32, 32, 32, 32, 32, 32, 32, 32, 32, 32, 32, 32, 32, 32, 32, 32, 32, 32, 32, 32, 32, 32, 32, 32, 32, 32, 32, 32, 32, 32, 118, 105, 101, 119, 77, 111, 100, 101, 108, 58, 32, 60, 35, 65, 100, 109, 105, 110, 86, 105, 101, 119, 77, 111, 100, 101, 108, 35, 62, 44, 32, 92, 110, 92, 47, 85, 115, 101, 114, 115, 92, 47, 114, 117, 110, 110, 101, 114, 92, 47, 119, 111, 114, 107, 92, 47, 105, 111, 115, 65, 112, 112, 92, 47, 105, 111, 115, 65, 112, 112, 92, 47, 105, 111, 115, 65, 112, 112, 92, 47, 86, 105, 101, 119, 115, 92, 47, 83, 99, 114, 101, 101, 110, 115, 92, 47, 78, 111, 116, 105, 102, 105, 99, 97, 116, 105, 111, 110, 115, 92, 47, 83, 121, 115, 116, 101, 109, 78, 111, 116, 105, 102, 105, 99, 97, 116, 105, 111, 110, 115, 86, 105, 101, 119, 46, 115, 119, 105, 102, 116, 58, 51, 57, 58, 49, 50, 58, 32, 110, 111, 116, 101, 58, 32, 39, 105, 110, 105, 116, 40, 118, 105, 101, 119, 77, 111, 100, 101, 108, 58, 111, 110, 66, 97, 99, 107, 58, 41, 39, 32, 100, 101, 99, 108, 97, 114, 101, 100, 32, 104, 101, 114, 101, 92, 110, 32, 32, 32, 32, 112, 117, 98, 108, 105, 99, 32, 105, 110, 105, 116, 40, 118, 105, 101, 119, 77, 111, 100, 101, 108, 58, 32, 65, 100, 109, 105, 110, 86, 105, 101, 119, 77, 111, 100, 101, 108, 44, 32, 111, 110, 66, 97, 99, 107, 58, 32, 64, 101, 115, 99, 97, 112, 105, 110, 103, 32, 40, 41, 32, 45, 62, 32, 86, 111, 105, 100, 41, 32, 123, 92, 110, 32, 32, 32, 32, 32, 32, 32, 32, 32, 32, 32, 94, 92, 110, 92, 47, 85, 115, 101, 114, 115, 92, 47, 114, 117, 110, 110, 101, 114, 92, 47, 119, 111, 114, 107, 92, 47, 105, 111, 115, 65, 112, 112, 92, 47, 105, 111, 115, 65, 112, 112, 92, 47, 105, 111, 115, 65, 112, 112, 92, 47, 86, 105, 101, 119, 115, 92, 47, 83, 99, 114, 101, 101, 110, 115, 92, 47, 72, 111, 109, 101, 92, 47, 72, 111, 109, 101, 83, 99, 114, 101, 101, 110, 86, 105, 101, 119, 46, 115, 119, 105, 102, 116, 58, 50, 50, 56, 58, 50, 54, 58, 32, 101, 114, 114, 111, 114, 58, 32, 105, 110, 99, 111, 114, 114, 101, 99, 116, 32, 97, 114, 103, 117, 109, 101, 110, 116, 32, 108, 97, 98, 101, 108, 32, 105, 110, 32, 99, 97, 108, 108, 32, 40, 104, 97, 118, 101, 32, 39, 118, 105, 101, 119, 77, 111, 100, 101, 108, 58, 111, 110, 68, 105, 115, 109, 105, 115, 115, 58, 111, 110, 83, 117, 99, 99, 101, 115, 115, 58, 39, 44, 32, 101, 120, 112, 101, 99, 116, 101, 100, 32, 39, 118, 105, 101, 119, 77, 111, 100, 101, 108, 58, 111, 110, 66, 97, 99, 107, 58, 111, 110, 83, 117, 99, 99, 101, 115, 115, 58, 39, 41, 92, 110, 32, 32, 32, 32, 32, 32, 32, 32, 32, 32, 32, 32, 65, 100, 100, 68, 101, 118, 105, 99, 101, 86, 105, 101, 119, 40, 92, 110, 32, 32, 32, 32, 32, 32, 32, 32, 32, 32, 32, 32, 32, 32, 32, 32, 32, 32, 32, 32, 32, 32, 32, 32, 32, 94, 92, 110, 92, 47, 85, 115, 101, 114, 115, 92, 47, 114, 117, 110, 110, 101, 114, 92, 47, 119, 111, 114, 107, 92, 47, 105, 111, 115, 65, 112, 112, 92, 47, 105, 111, 115, 65, 112, 112, 92, 47, 105, 111, 115, 65, 112, 112, 92, 47, 86, 105, 101, 119, 115, 92, 47, 83, 99, 114, 101, 101, 110, 115, 92, 47, 72, 111, 109, 101, 92, 47, 72, 111, 109, 101, 83, 99, 114, 101, 101, 110, 86, 105, 101, 119, 46, 115, 119, 105, 102, 116, 58, 50, 51, 53, 58, 50, 56, 58, 32, 101, 114, 114, 111, 114, 58, 32, 99, 111, 110, 116, 101, 120, 116, 117, 97, 108, 32, 116, 121, 112, 101, 32, 102, 111, 114, 32, 99, 108, 111, 115, 117, 114, 101, 32, 97, 114, 103, 117, 109, 101, 110, 116, 32, 108, 105, 115, 116, 32, 101, 120, 112, 101, 99, 116, 115, 32, 49, 32, 97, 114, 103, 117, 109, 101, 110, 116, 44, 32, 119, 104, 105, 99, 104, 32, 99, 97, 110, 110, 111, 116, 32, 98, 101, 32, 105, 109, 112, 108, 105, 99, 105, 116, 108, 121, 32, 105, 103, 110, 111, 114, 101, 100, 92, 110, 32, 32, 32, 32, 32, 32, 32, 32, 32, 32, 32, 32, 32, 32, 32, 32, 111, 110, 83, 117, 99, 99, 101, 115, 115, 58, 32, 123, 32, 118, 105, 101, 119, 77, 111, 100, 101, 108, 46, 108, 111, 97, 100, 68, 97, 115, 104, 98, 111, 97, 114, 100, 68, 97, 116, 97, 40, 41, 32, 125, 92, 110, 32, 32, 32, 32, 32, 32, 32, 32, 32, 32, 32, 32, 32, 32, 32, 32, 32, 32, 32, 32, 32, 32, 32, 32, 32, 32, 32, 94, 92, 110, 32, 32, 32, 32, 32, 32, 32, 32, 32, 32, 32, 32, 32, 32, 32, 32, 32, 32, 32, 32, 32, 32, 32, 32, 32, 32, 32, 32, 32, 95, 32, 105, 110, 92, 110, 92, 47, 85, 115, 101, 114, 115, 92, 47, 114, 117, 110, 110, 101, 114, 92, 47, 119, 111, 114, 107, 92, 47, 105, 111, 115, 65, 112, 112, 92, 47, 105, 111, 115, 65, 112, 112, 92, 47, 105, 111, 115, 65, 112, 112, 92, 47, 86, 105, 101, 119, 115, 92, 47, 83, 99, 114, 101, 101, 110, 115, 92, 47, 68, 101, 118, 105, 99, 101, 115, 92, 47, 68, 101, 118, 105, 99, 101, 76, 105, 115, 116, 86, 105, 101, 119, 46, 115, 119, 105, 102, 116, 58, 50, 54, 55, 58, 49, 55, 58, 32, 101, 114, 114, 111, 114, 58, 32, 99, 97, 110, 110, 111, 116, 32, 102, 105, 110, 100, 32, 39, 68, 101, 118, 105, 99, 101, 68, 101, 116, 97, 105, 108, 86, 105, 101, 119, 39, 32, 105, 110, 32, 115, 99, 111, 112, 101, 92, 110, 32, 32, 32, 32, 32, 32, 32, 32, 32, 32, 32, 32, 32, 32, 32, 32, 68, 101, 118, 105, 99, 101, 68, 101, 116, 97, 105, 108, 86, 105, 101, 119, 40, 118, 105, 101, 119, 77, 111, 100, 101, 108, 58, 32, 118, 105, 101, 119, 77, 111, 100, 101, 108, 44, 32, 100, 101, 118, 105, 99, 101, 73, 100, 58, 32, 100, 101, 118, 105, 99, 101, 73, 100, 44, 32, 111, 110, 66, 97, 99, 107, 58, 32, 123, 32, 115, 101, 108, 101, 99, 116, 101, 100, 68, 101, 118, 105, 99, 101, 70, 111, 114, 68, 101, 116, 97, 105, 108, 32, 61, 32, 110, 105, 108, 32, 125, 41, 92, 110, 32, 32, 32, 32, 32, 32, 32, 32, 32, 32, 32, 32, 32, 32, 32, 32, 94, 126, 126, 126, 126, 126, 126, 126, 126, 126, 126, 126, 126, 126, 126, 126, 92, 110, 92, 47, 85, 115, 101, 114, 115, 92, 47, 114, 117, 110, 110, 101, 114, 92, 47, 119, 111, 114, 107, 92, 47, 105, 111, 115, 65, 112, 112, 92, 47, 105, 111, 115, 65, 112, 112, 92, 47, 105, 111, 115, 65, 112, 112, 92, 47, 86, 105, 101, 119, 115, 92, 47, 83, 99, 114, 101, 101, 110, 115, 92, 47, 83, 117, 112, 112, 111, 114, 116, 92, 47, 84, 105, 99, 107, 101, 116, 67, 104, 97, 116, 68, 101, 116, 97, 105, 108, 86, 105, 101, 119, 46, 115, 119, 105, 102, 116, 58, 55, 57, 58, 51, 55, 58, 32, 101, 114, 114, 111, 114, 58, 32, 99, 97, 110, 110, 111, 116, 32, 102, 105, 110, 100, 32, 39, 87, 101, 98, 82, 116, 99, 67, 97, 108, 108, 77, 97, 110, 97, 103, 101, 114, 39, 32, 105, 110, 32, 115, 99, 111, 112, 101, 92, 110, 32, 32, 32, 32, 32, 32, 32, 32, 32, 32, 32, 32, 32, 32, 32, 32, 32, 32, 32, 32, 32, 32, 32, 32, 32, 32, 32, 32, 32, 32, 32, 32, 32, 32, 32, 32, 87, 101, 98, 82, 116, 99, 67, 97, 108, 108, 77, 97, 110, 97, 103, 101, 114, 46, 115, 104, 97, 114, 101, 100, 46, 115, 116, 97, 114, 116, 67, 97, 108, 108, 40, 116, 97, 114, 103, 101, 116, 69, 109, 97, 105, 108, 58, 32, 116, 105, 99, 107, 101, 116, 46, 99, 114, 101, 97, 116, 111, 114, 69, 109, 97, 105, 108, 44, 32, 116, 97, 114, 103, 101, 116, 78, 97, 109, 101, 58, 32, 116, 105, 99, 107, 101, 116, 46, 99, 114, 101, 97, 116, 111, 114, 78, 97, 109, 101, 44, 32, 99, 97, 108, 108, 101, 114, 78, 97, 109, 101, 58, 32, 118, 105, 101, 119, 77, 111, 100, 101, 108, 46, 117, 115, 101, 114, 46, 102, 117, 108, 108, 78, 97, 109, 101, 44, 32, 99, 97, 108, 108, 101, 114, 69, 109, 97, 105, 108, 58, 32, 118, 105, 101, 119, 77, 111, 100, 101, 108, 46, 117, 115, 101, 114, 46, 101, 109, 97, 105, 108, 41, 92, 110, 32, 32, 32, 32, 32, 32, 32, 32, 32, 32, 32, 32, 32, 32, 32, 32, 32, 32, 32, 32, 32, 32, 32, 32, 32, 32, 32, 32, 32, 32, 32, 32, 32, 32, 32, 32, 94, 126, 126, 126, 126, 126, 126, 126, 126, 126, 126, 126, 126, 126, 126, 126, 126, 92, 110, 92, 47, 85, 115, 101, 114, 115, 92, 47, 114, 117, 110, 110, 101, 114, 92, 47, 119, 111, 114, 107, 92, 47, 105, 111, 115, 65, 112, 112, 92, 47, 105, 111, 115, 65, 112, 112, 92, 47, 105, 111, 115, 65, 112, 112, 92, 47, 86, 105, 101, 119, 115, 92, 47, 83, 99, 114, 101, 101, 110, 115, 92, 47, 83, 117, 112, 112, 111, 114, 116, 92, 47, 84, 105, 99, 107, 101, 116, 67, 104, 97, 116, 68, 101, 116, 97, 105, 108, 86, 105, 101, 119, 46, 115, 119, 105, 102, 116, 58, 51, 50, 57, 58, 49, 51, 58, 32, 101, 114, 114, 111, 114, 58, 32, 99, 97, 110, 110, 111, 116, 32, 102, 105, 110, 100, 32, 39, 67, 97, 108, 108, 86, 105, 101, 119, 39, 32, 105, 110, 32, 115, 99, 111, 112, 101, 92, 110, 32, 32, 32, 32, 32, 32, 32, 32, 32, 32, 32, 32, 67, 97, 108, 108, 86, 105, 101, 119, 40, 41, 92, 110, 32, 32, 32, 32, 32, 32, 32, 32, 32, 32, 32, 32, 94, 126, 126, 126, 126, 126, 126, 126, 92, 110, 92, 47, 85, 115, 101, 114, 115, 92, 47, 114, 117, 110, 110, 101, 114, 92, 47, 119, 111, 114, 107, 92, 47, 105, 111, 115, 65, 112, 112, 92, 47, 105, 111, 115, 65, 112, 112, 92, 47, 105, 111, 115, 65, 112, 112, 92, 47, 86, 105, 101, 119, 115, 92, 47, 83, 99, 114, 101, 101, 110, 115, 92, 47, 65, 116, 116, 101, 110, 100, 97, 110, 99, 101, 92, 47, 65, 116, 116, 101, 110, 100, 97, 110, 99, 101, 67, 104, 101, 99, 107, 73, 110, 86, 105, 101, 119, 46, 115, 119, 105, 102, 116, 58, 53, 58, 56, 58, 32, 101, 114, 114, 111, 114, 58, 32, 116, 121, 112, 101, 32, 39, 73, 109, 97, 103, 101, 80, 105, 99, 107, 101, 114, 39, 32, 100, 111, 101, 115, 32, 110, 111, 116, 32, 99, 111, 110, 102, 111, 114, 109, 32, 116, 111, 32, 112, 114, 111, 116, 111, 99, 111, 108, 32, 39, 85, 73, 86, 105, 101, 119, 67, 111, 110, 116, 114, 111, 108, 108, 101, 114, 82, 101, 112, 114, 101, 115, 101, 110, 116, 97, 98, 108, 101, 39, 92, 110, 115, 116, 114, 117, 99, 116, 32, 73, 109, 97, 103, 101, 80, 105, 99, 107, 101, 114, 58, 32, 85, 73, 86, 105, 101, 119, 67, 111, 110, 116, 114, 111, 108, 108, 101, 114, 82, 101, 112, 114, 101, 115, 101, 110, 116, 97, 98, 108, 101, 32, 123, 92, 110, 32, 32, 32, 32, 32, 32, 32, 94, 92, 110, 83, 119, 105, 102, 116, 85, 73, 46, 85, 73, 86, 105, 101, 119, 67, 111, 110, 116, 114, 111, 108, 108, 101, 114, 82, 101, 112, 114, 101, 115, 101, 110, 116, 97, 98, 108, 101, 58, 55, 58, 50, 49, 58, 32, 110, 111, 116, 101, 58, 32, 112, 114, 111, 116, 111, 99, 111, 108, 32, 114, 101, 113, 117, 105, 114, 101, 115, 32, 102, 117, 110, 99, 116, 105, 111, 110, 32, 39, 117, 112, 100, 97, 116, 101, 85, 73, 86, 105, 101, 119, 67, 111, 110, 116, 114, 111, 108, 108, 101, 114, 40, 95, 58, 99, 111, 110, 116, 101, 120, 116, 58, 41, 39, 32, 119, 105, 116, 104, 32, 116, 121, 112, 101, 32, 39, 40, 85, 73, 73, 109, 97, 103, 101, 80, 105, 99, 107, 101, 114, 67, 111, 110, 116, 114, 111, 108, 108, 101, 114, 44, 32, 73, 109, 97, 103, 101, 80, 105, 99, 107, 101, 114, 46, 67, 111, 110, 116, 101, 120, 116, 41, 32, 45, 62, 32, 40, 41, 39, 32, 40, 97, 107, 97, 32, 39, 40, 85, 73, 73, 109, 97, 103, 101, 80, 105, 99, 107, 101, 114, 67, 111, 110, 116, 114, 111, 108, 108, 101, 114, 44, 32, 85, 73, 86, 105, 101, 119, 67, 111, 110, 116, 114, 111, 108, 108, 101, 114, 82, 101, 112, 114, 101, 115, 101, 110, 116, 97, 98, 108, 101, 67, 111, 110, 116, 101, 120, 116, 60, 73, 109, 97, 103, 101, 80, 105, 99, 107, 101, 114, 62, 41, 32, 45, 62, 32, 40, 41, 39, 41, 92, 110, 32, 32, 32, 32, 64, 77, 97, 105, 110, 65, 99, 116, 111, 114, 32, 102, 117, 110, 99, 32, 117, 112, 100, 97, 116, 101, 85, 73, 86, 105, 101, 119, 67, 111, 110, 116, 114, 111, 108, 108, 101, 114, 40, 95, 32, 117, 105, 86, 105, 101, 119, 67, 111, 110, 116, 114, 111, 108, 108, 101, 114, 58, 32, 83, 101, 108, 102, 46, 85, 73, 86, 105, 101, 119, 67, 111, 110, 116, 114, 111, 108, 108, 101, 114, 84, 121, 112, 101, 44, 32, 99, 111, 110, 116, 101, 120, 116, 58, 32, 83, 101, 108, 102, 46, 67, 111, 110, 116, 101, 120, 116, 41, 92, 110, 32, 32, 32, 32, 32, 32, 32, 32, 32, 32, 32, 32, 32, 32, 32, 32, 32, 32, 32, 32, 94, 92, 110, 92, 47, 85, 115, 101, 114, 115, 92, 47, 114, 117, 110, 110, 101, 114, 92, 47, 119, 111, 114, 107, 92, 47, 105, 111, 115, 65, 112, 112, 92, 47, 105, 111, 115, 65, 112, 112, 92, 47, 105, 111, 115, 65, 112, 112, 92, 47, 86, 105, 101, 119, 115, 92, 47, 83, 99, 114, 101, 101, 110, 115, 92, 47, 65, 116, 116, 101, 110, 100, 97, 110, 99, 101, 92, 47, 65, 116, 116, 101, 110, 100, 97, 110, 99, 101, 67, 104, 101, 99, 107, 73, 110, 86, 105, 101, 119, 46, 115, 119, 105, 102, 116, 58, 51, 48, 54, 58, 50, 51, 58, 32, 101, 114, 114, 111, 114, 58, 32, 118, 97, 108, 117, 101, 32, 111, 102, 32, 116, 121, 112, 101, 32, 39, 65, 116, 116, 101, 110, 100, 97, 110, 99, 101, 86, 105, 101, 119, 77, 111, 100, 101, 108, 39, 32, 104, 97, 115, 32, 110, 111, 32, 100, 121, 110, 97, 109, 105, 99, 32, 109, 101, 109, 98, 101, 114, 32, 39, 114, 101, 113, 117, 101, 115, 116, 76, 111, 99, 97, 116, 105, 111, 110, 39, 32, 117, 115, 105, 110, 103, 32, 107, 101, 121, 32, 112, 97, 116, 104, 32, 102, 114, 111, 109, 32, 114, 111, 111, 116, 32, 116, 121, 112, 101, 32, 39, 65, 116, 116, 101, 110, 100, 97, 110, 99, 101, 86, 105, 101, 119, 77, 111, 100, 101, 108, 39, 92, 110, 32, 32, 32, 32, 32, 32, 32, 32, 32, 32, 32, 32, 118, 105, 101, 119, 77, 111, 100, 101, 108, 46, 114, 101, 113, 117, 101, 115, 116, 76, 111, 99, 97, 116, 105, 111, 110, 40, 41, 92, 110, 32, 32, 32, 32, 32, 32, 32, 32, 32, 32, 32, 32, 126, 126, 126, 126, 126, 126, 126, 126, 126, 32, 94, 126, 126, 126, 126, 126, 126, 126, 126, 126, 126, 126, 126, 126, 126, 92, 110, 92, 47, 85, 115, 101, 114, 115, 92, 47, 114, 117, 110, 110, 101, 114, 92, 47, 119, 111, 114, 107, 92, 47, 105, 111, 115, 65, 112, 112, 92, 47, 105, 111, 115, 65, 112, 112, 92, 47, 105, 111, 115, 65, 112, 112, 92, 47, 86, 105, 101, 119, 115, 92, 47, 83, 99, 114, 101, 101, 110, 115, 92, 47, 65, 116, 116, 101, 110, 100, 97, 110, 99, 101, 92, 47, 65, 116, 116, 101, 110, 100, 97, 110, 99, 101, 67, 104, 101, 99, 107, 73, 110, 86, 105, 101, 119, 46, 115, 119, 105, 102, 116, 58, 51, 48, 54, 58, 49, 51, 58, 32, 101, 114, 114, 111, 114, 58, 32, 114, 101, 102, 101, 114, 101, 110, 99, 105, 110, 103, 32, 115, 117, 98, 115, 99, 114, 105, 112, 116, 32, 39, 115, 117, 98, 115, 99, 114, 105, 112, 116, 40, 100, 121, 110, 97, 109, 105, 99, 77, 101, 109, 98, 101, 114, 58, 41, 39, 32, 114, 101, 113, 117, 105, 114, 101, 115, 32, 119, 114, 97, 112, 112, 101, 114, 32, 39, 79, 98, 115, 101, 114, 118, 101, 100, 79, 98, 106, 101, 99, 116, 60, 65, 116, 116, 101, 110, 100, 97, 110, 99, 101, 86, 105, 101, 119, 77, 111, 100, 101, 108, 62, 46, 87, 114, 97, 112, 112, 101, 114, 39, 92, 110, 32, 32, 32, 32, 32, 32, 32, 32, 32, 32, 32, 32, 118, 105, 101, 119, 77, 111, 100, 101, 108, 46, 114, 101, 113, 117, 101, 115, 116, 76, 111, 99, 97, 116, 105, 111, 110, 40, 41, 92, 110, 32, 32, 32, 32, 32, 32, 32, 32, 32, 32, 32, 32, 94, 92, 110, 32, 32, 32, 32, 32, 32, 32, 32, 32, 32, 32, 32, 36, 92, 110, 92, 47, 85, 115, 101, 114, 115, 92, 47, 114, 117, 110, 110, 101, 114, 92, 47, 119, 111, 114, 107, 92, 47, 105, 111, 115, 65, 112, 112, 92, 47, 105, 111, 115, 65, 112, 112, 92, 47, 105, 111, 115, 65, 112, 112, 92, 47, 86, 105, 101, 119, 115, 92, 47, 83, 99, 114, 101, 101, 110, 115, 92, 47, 65, 116, 116, 101, 110, 100, 97, 110, 99, 101, 92, 47, 65, 116, 116, 101, 110, 100, 97, 110, 99, 101, 67, 104, 101, 99, 107, 73, 110, 86, 105, 101, 119, 46, 115, 119, 105, 102, 116, 58, 51, 48, 54, 58, 50, 51, 58, 32, 101, 114, 114, 111, 114, 58, 32, 99, 97, 110, 110, 111, 116, 32, 99, 97, 108, 108, 32, 118, 97, 108, 117, 101, 32, 111, 102, 32, 110, 111, 110, 45, 102, 117, 110, 99, 116, 105, 111, 110, 32, 116, 121, 112, 101, 32, 39, 66, 105, 110, 100, 105, 110, 103, 60, 83, 117, 98, 106, 101, 99, 116, 62, 39, 92, 110, 32, 32, 32, 32, 32, 32, 32, 32, 32, 32, 32, 32, 118, 105, 101, 119, 77, 111, 100, 101, 108, 46, 114, 101, 113, 117, 101, 115, 116, 76, 111, 99, 97, 116, 105, 111, 110, 40, 41, 92, 110, 32, 32, 32, 32, 32, 32, 32, 32, 32, 32, 32, 32, 32, 32, 32, 32, 32, 32, 32, 32, 32, 32, 94, 32, 32, 32, 32, 32, 32, 32, 32, 32, 32, 32, 32, 32, 32, 126, 126, 92, 110, 32, 32, 32, 32, 32, 32, 32, 32, 32, 32, 32, 32, 32, 32, 32, 32, 32, 32, 32, 32, 32, 32, 32, 32, 32, 32, 32, 32, 32, 32, 32, 32, 32, 32, 32, 32, 32, 92, 110, 92, 47, 85, 115, 101, 114, 115, 92, 47, 114, 117, 110, 110, 101, 114, 92, 47, 119, 111, 114, 107, 92, 47, 105, 111, 115, 65, 112, 112, 92, 47, 105, 111, 115, 65, 112, 112, 92, 47, 105, 111, 115, 65, 112, 112, 92, 47, 86, 105, 101, 119, 115, 92, 47, 83, 99, 114, 101, 101, 110, 115, 92, 47, 65, 116, 116, 101, 110, 100, 97, 110, 99, 101, 92, 47, 65, 116, 116, 101, 110, 100, 97, 110, 99, 101, 67, 104, 101, 99, 107, 73, 110, 86, 105, 101, 119, 46, 115, 119, 105, 102, 116, 58, 51, 50, 57, 58, 49, 57, 58, 32, 101, 114, 114, 111, 114, 58, 32, 99, 97, 110, 110, 111, 116, 32, 99, 97, 108, 108, 32, 118, 97, 108, 117, 101, 32, 111, 102, 32, 110, 111, 110, 45, 102, 117, 110, 99, 116, 105, 111, 110, 32, 116, 121, 112, 101, 32, 39, 66, 105, 110, 100, 105, 110, 103, 60, 83, 117, 98, 106, 101, 99, 116, 62, 39, 92, 110, 32, 32, 32, 32, 32, 32, 32, 32, 118, 105, 101, 119, 77, 111, 100, 101, 108, 46, 112, 101, 114, 102, 111, 114, 109, 67, 104, 101, 99, 107, 73, 110, 86, 50, 40, 41, 92, 110, 32, 32, 32, 32, 32, 32, 32, 32, 32, 32, 32, 32, 32, 32, 32, 32, 32, 32, 94, 32, 32, 32, 32, 32, 32, 32, 32, 32, 32, 32, 32, 32, 32, 32, 126, 126, 92, 110, 32, 32, 32, 32, 32, 32, 32, 32, 32, 32, 32, 32, 32, 32, 32, 32, 32, 32, 32, 32, 32, 32, 32, 32, 32, 32, 32, 32, 32, 32, 32, 32, 32, 32, 92, 110, 92, 47, 85, 115, 101, 114, 115, 92, 47, 114, 117, 110, 110, 101, 114, 92, 47, 119, 111, 114, 107, 92, 47, 105, 111, 115, 65, 112, 112, 92, 47, 105, 111, 115, 65, 112, 112, 92, 47, 105, 111, 115, 65, 112, 112, 92, 47, 86, 105, 101, 119, 115, 92, 47, 83, 99, 114, 101, 101, 110, 115, 92, 47, 65, 116, 116, 101, 110, 100, 97, 110, 99, 101, 92, 47, 65, 116, 116, 101, 110, 100, 97, 110, 99, 101, 67, 104, 101, 99, 107, 73, 110, 86, 105, 101, 119, 46, 115, 119, 105, 102, 116, 58, 51, 50, 57, 58, 49, 57, 58, 32, 101, 114, 114, 111, 114, 58, 32, 118, 97, 108, 117, 101, 32, 111, 102, 32, 116, 121, 112, 101, 32, 39, 65, 116, 116, 101, 110, 100, 97, 110, 99, 101, 86, 105, 101, 119, 77, 111, 100, 101, 108, 39, 32, 104, 97, 115, 32, 110, 111, 32, 100, 121, 110, 97, 109, 105, 99, 32, 109, 101, 109, 98, 101, 114, 32, 39, 112, 101, 114, 102, 111, 114, 109, 67, 104, 101, 99, 107, 73, 110, 86, 50, 39, 32, 117, 115, 105, 110, 103, 32, 107, 101, 121, 32, 112, 97, 116, 104, 32, 102, 114, 111, 109, 32, 114, 111, 111, 116, 32, 116, 121, 112, 101, 32, 39, 65, 116, 116, 101, 110, 100, 97, 110, 99, 101, 86, 105, 101, 119, 77, 111, 100, 101, 108, 39, 92, 110, 32, 32, 32, 32, 32, 32, 32, 32, 118, 105, 101, 119, 77, 111, 100, 101, 108, 46, 112, 101, 114, 102, 111, 114, 109, 67, 104, 101, 99, 107, 73, 110, 86, 50, 40, 41, 92, 110, 32, 32, 32, 32, 32, 32, 32, 32, 126, 126, 126, 126, 126, 126, 126, 126, 126, 32, 94, 126, 126, 126, 126, 126, 126, 126, 126, 126, 126, 126, 126, 126, 126, 126, 92, 110, 92, 47, 85, 115, 101, 114, 115, 92, 47, 114, 117, 110, 110, 101, 114, 92, 47, 119, 111, 114, 107, 92, 47, 105, 111, 115, 65, 112, 112, 92, 47, 105, 111, 115, 65, 112, 112, 92, 47, 105, 111, 115, 65, 112, 112, 92, 47, 86, 105, 101, 119, 115, 92, 47, 83, 99, 114, 101, 101, 110, 115, 92, 47, 65, 116, 116, 101, 110, 100, 97, 110, 99, 101, 92, 47, 65, 116, 116, 101, 110, 100, 97, 110, 99, 101, 67, 104, 101, 99, 107, 73, 110, 86, 105, 101, 119, 46, 115, 119, 105, 102, 116, 58, 51, 50, 57, 58, 57, 58, 32, 101, 114, 114, 111, 114, 58, 32, 114, 101, 102, 101, 114, 101, 110, 99, 105, 110, 103, 32, 115, 117, 98, 115, 99, 114, 105, 112, 116, 32, 39, 115, 117, 98, 115, 99, 114, 105, 112, 116, 40, 100, 121, 110, 97, 109, 105, 99, 77, 101, 109, 98, 101, 114, 58, 41, 39, 32, 114, 101, 113, 117, 105, 114, 101, 115, 32, 119, 114, 97, 112, 112, 101, 114, 32, 39, 79, 98, 115, 101, 114, 118, 101, 100, 79, 98, 106, 101, 99, 116, 60, 65, 116, 116, 101, 110, 100, 97, 110, 99, 101, 86, 105, 101, 119, 77, 111, 100, 101, 108, 62, 46, 87, 114, 97, 112, 112, 101, 114, 39, 92, 110, 32, 32, 32, 32, 32, 32, 32, 32, 118, 105, 101, 119, 77, 111, 100, 101, 108, 46, 112, 101, 114, 102, 111, 114, 109, 67, 104, 101, 99, 107, 73, 110, 86, 50, 40, 41, 92, 110, 32, 32, 32, 32, 32, 32, 32, 32, 94, 92, 110, 32, 32, 32, 32, 32, 32, 32, 32, 36, 92, 110, 92, 47, 85, 115, 101, 114, 115, 92, 47, 114, 117, 110, 110, 101, 114, 92, 47, 119, 111, 114, 107, 92, 47, 105, 111, 115, 65, 112, 112, 92, 47, 105, 111, 115, 65, 112, 112, 92, 47, 105, 111, 115, 65, 112, 112, 92, 47, 86, 105, 101, 119, 115, 92, 47, 83, 99, 114, 101, 101, 110, 115, 92, 47, 65, 116, 116, 101, 110, 100, 97, 110, 99, 101, 92, 47, 65, 116, 116, 101, 110, 100, 97, 110, 99, 101, 67, 104, 101, 99, 107, 73, 110, 86, 105, 101, 119, 46, 115, 119, 105, 102, 116, 58, 51, 51, 51, 58, 49, 57, 58, 32, 101, 114, 114, 111, 114, 58, 32, 99, 97, 110, 110, 111, 116, 32, 99, 97, 108, 108, 32, 118, 97, 108, 117, 101, 32, 111, 102, 32, 110, 111, 110, 45, 102, 117, 110, 99, 116, 105, 111, 110, 32, 116, 121, 112, 101, 32, 39, 66, 105, 110, 100, 105, 110, 103, 60, 83, 117, 98, 106, 101, 99, 116, 62, 39, 92, 110, 32, 32, 32, 32, 32, 32, 32, 32, 118, 105, 101, 119, 77, 111, 100, 101, 108, 46, 112, 101, 114, 102, 111, 114, 109, 67, 104, 101, 99, 107, 79, 117, 116, 86, 50, 40, 41, 92, 110, 32, 32, 32, 32, 32, 32, 32, 32, 32, 32, 32, 32, 32, 32, 32, 32, 32, 32, 94, 32, 32, 32, 32, 32, 32, 32, 32, 32, 32, 32, 32, 32, 32, 32, 32, 126, 126, 92, 110, 32, 32, 32, 32, 32, 32, 32, 32, 32, 32, 32, 32, 32, 32, 32, 32, 32, 32, 32, 32, 32, 32, 32, 32, 32, 32, 32, 32, 32, 32, 32, 32, 32, 32, 32, 92, 110, 92, 47, 85, 115, 101, 114, 115, 92, 47, 114, 117, 110, 110, 101, 114, 92, 47, 119, 111, 114, 107, 92, 47, 105, 111, 115, 65, 112, 112, 92, 47, 105, 111, 115, 65, 112, 112, 92, 47, 105, 111, 115, 65, 112, 112, 92, 47, 86, 105, 101, 119, 115, 92, 47, 83, 99, 114, 101, 101, 110, 115, 92, 47, 65, 116, 116, 101, 110, 100, 97, 110, 99, 101, 92, 47, 65, 116, 116, 101, 110, 100, 97, 110, 99, 101, 67, 104, 101, 99, 107, 73, 110, 86, 105, 101, 119, 46, 115, 119, 105, 102, 116, 58, 51, 51, 51, 58, 49, 57, 58, 32, 101, 114, 114, 111, 114, 58, 32, 118, 97, 108, 117, 101, 32, 111, 102, 32, 116, 121, 112, 101, 32, 39, 65, 116, 116, 101, 110, 100, 97, 110, 99, 101, 86, 105, 101, 119, 77, 111, 100, 101, 108, 39, 32, 104, 97, 115, 32, 110, 111, 32, 100, 121, 110, 97, 109, 105, 99, 32, 109, 101, 109, 98, 101, 114, 32, 39, 112, 101, 114, 102, 111, 114, 109, 67, 104, 101, 99, 107, 79, 117, 116, 86, 50, 39, 32, 117, 115, 105, 110, 103, 32, 107, 101, 121, 32, 112, 97, 116, 104, 32, 102, 114, 111, 109, 32, 114, 111, 111, 116, 32, 116, 121, 112, 101, 32, 39, 65, 116, 116, 101, 110, 100, 97, 110, 99, 101, 86, 105, 101, 119, 77, 111, 100, 101, 108, 39, 92, 110, 32, 32, 32, 32, 32, 32, 32, 32, 118, 105, 101, 119, 77, 111, 100, 101, 108, 46, 112, 101, 114, 102, 111, 114, 109, 67, 104, 101, 99, 107, 79, 117, 116, 86, 50, 40, 41, 92, 110, 32, 32, 32, 32, 32, 32, 32, 32, 126, 126, 126, 126, 126, 126, 126, 126, 126, 32, 94, 126, 126, 126, 126, 126, 126, 126, 126, 126, 126, 126, 126, 126, 126, 126, 126, 92, 110, 92, 47, 85, 115, 101, 114, 115, 92, 47, 114, 117, 110, 110, 101, 114, 92, 47, 119, 111, 114, 107, 92, 47, 105, 111, 115, 65, 112, 112, 92, 47, 105, 111, 115, 65, 112, 112, 92, 47, 105, 111, 115, 65, 112, 112, 92, 47, 86, 105, 101, 119, 115, 92, 47, 83, 99, 114, 101, 101, 110, 115, 92, 47, 65, 116, 116, 101, 110, 100, 97, 110, 99, 101, 92, 47, 65, 116, 116, 101, 110, 100, 97, 110, 99, 101, 67, 104, 101, 99, 107, 73, 110, 86, 105, 101, 119, 46, 115, 119, 105, 102, 116, 58, 51, 51, 51, 58, 57, 58, 32, 101, 114, 114, 111, 114, 58, 32, 114, 101, 102, 101, 114, 101, 110, 99, 105, 110, 103, 32, 115, 117, 98, 115, 99, 114, 105, 112, 116, 32, 39, 115, 117, 98, 115, 99, 114, 105, 112, 116, 40, 100, 121, 110, 97, 109, 105, 99, 77, 101, 109, 98, 101, 114, 58, 41, 39, 32, 114, 101, 113, 117, 105, 114, 101, 115, 32, 119, 114, 97, 112, 112, 101, 114, 32, 39, 79, 98, 115, 101, 114, 118, 101, 100, 79, 98, 106, 101, 99, 116, 60, 65, 116, 116, 101, 110, 100, 97, 110, 99, 101, 86, 105, 101, 119, 77, 111, 100, 101, 108, 62, 46, 87, 114, 97, 112, 112, 101, 114, 39, 92, 110, 32, 32, 32, 32, 32, 32, 32, 32, 118, 105, 101, 119, 77, 111, 100, 101, 108, 46, 112, 101, 114, 102, 111, 114, 109, 67, 104, 101, 99, 107, 79, 117, 116, 86, 50, 40, 41, 92, 110, 32, 32, 32, 32, 32, 32, 32, 32, 94, 92, 110, 32, 32, 32, 32, 32, 32, 32, 32, 36, 92, 110, 92, 47, 85, 115, 101, 114, 115, 92, 47, 114, 117, 110, 110, 101, 114, 92, 47, 119, 111, 114, 107, 92, 47, 105, 111, 115, 65, 112, 112, 92, 47, 105, 111, 115, 65, 112, 112, 92, 47, 105, 111, 115, 65, 112, 112, 92, 47, 86, 105, 101, 119, 115, 92, 47, 83, 99, 114, 101, 101, 110, 115, 92, 47, 65, 116, 116, 101, 110, 100, 97, 110, 99, 101, 92, 47, 65, 116, 116, 101, 110, 100, 97, 110, 99, 101, 67, 104, 101, 99, 107, 73, 110, 86, 105, 101, 119, 46, 115, 119, 105, 102, 116, 58, 51, 51, 55, 58, 50, 51, 58, 32, 101, 114, 114, 111, 114, 58, 32, 99, 97, 110, 110, 111, 116, 32, 102, 105, 110, 100, 32, 39, 116, 105, 109, 101, 115, 116, 97, 109, 112, 39, 32, 105, 110, 32, 115, 99, 111, 112, 101, 92, 110, 32, 32, 32, 32, 32, 32, 32, 32, 103, 117, 97, 114, 100, 32, 108, 101, 116, 32, 116, 32, 61, 32, 116, 105, 109, 101, 115, 116, 97, 109, 112, 44, 32, 116, 32, 62, 32, 48, 32, 101, 108, 115, 101, 32, 123, 32, 114, 101, 116, 117, 114, 110, 32, 92, 34, 45, 45, 58, 45, 45, 92, 34, 32, 125, 92, 110, 32, 32, 32, 32, 32, 32, 32, 32, 32, 32, 32, 32, 32, 32, 32, 32, 32, 32, 32, 32, 32, 32, 94, 126, 126, 126, 126, 126, 126, 126, 126, 92, 110, 92, 47, 85, 115, 101, 114, 115, 92, 47, 114, 117, 110, 110, 101, 114, 92, 47, 119, 111, 114, 107, 92, 47, 105, 111, 115, 65, 112, 112, 92, 47, 105, 111, 115, 65, 112, 112, 92, 47, 105, 111, 115, 65, 112, 112, 92, 47, 86, 105, 101, 119, 115, 92, 47, 83, 99, 114, 101, 101, 110, 115, 92, 47, 65, 116, 116, 101, 110, 100, 97, 110, 99, 101, 92, 47, 65, 116, 116, 101, 110, 100, 97, 110, 99, 101, 67, 104, 101, 99, 107, 73, 110, 86, 105, 101, 119, 46, 115, 119, 105, 102, 116, 58, 51, 53, 55, 58, 53, 55, 58, 32, 101, 114, 114, 111, 114, 58, 32, 116, 121, 112, 101, 32, 39, 67, 111, 108, 111, 114, 39, 32, 104, 97, 115, 32, 110, 111, 32, 109, 101, 109, 98, 101, 114, 32, 39, 97, 112, 112, 84, 101, 120, 116, 39, 92, 110, 32, 32, 32, 32, 32, 32, 32, 32, 32, 32, 32, 32, 32, 32, 32, 32, 46, 102, 111, 114, 101, 103, 114, 111, 117, 110, 100, 67, 111, 108, 111, 114, 40, 105, 115, 83, 101, 108, 101, 99, 116, 101, 100, 32, 63, 32, 46, 119, 104, 105, 116, 101, 32, 58, 32, 46, 97, 112, 112, 84, 101, 120, 116, 41, 92, 110, 32, 32, 32, 32, 32, 32, 32, 32, 32, 32, 32, 32, 32, 32, 32, 32, 32, 32, 32, 32, 32, 32, 32, 32, 32, 32, 32, 32, 32, 32, 32, 32, 32, 32, 32, 32, 32, 32, 32, 32, 32, 32, 32, 32, 32, 32, 32, 32, 32, 32, 32, 32, 32, 32, 32, 126, 94, 126, 126, 126, 126, 126, 126, 92, 110, 92, 47, 85, 115, 101, 114, 115, 92, 47, 114, 117, 110, 110, 101, 114, 92, 47, 119, 111, 114, 107, 92, 47, 105, 111, 115, 65, 112, 112, 92, 47, 105, 111, 115, 65, 112, 112, 92, 47, 105, 111, 115, 65, 112, 112, 92, 47, 86, 105, 101, 119, 115, 92, 47, 83, 99, 114, 101, 101, 110, 115, 92, 47, 80, 101, 114, 105, 112, 104, 101, 114, 97, 108, 115, 92, 47, 80, 101, 114, 105, 112, 104, 101, 114, 97, 108, 115, 86, 105, 101, 119, 46, 115, 119, 105, 102, 116, 58, 52, 54, 53, 58, 49, 48, 58, 32, 101, 114, 114, 111, 114, 58, 32, 105, 110, 118, 97, 108, 105, 100, 32, 114, 101, 100, 101, 99, 108, 97, 114, 97, 116, 105, 111, 110, 32, 111, 102, 32, 39, 99, 111, 114, 110, 101, 114, 82, 97, 100, 105, 117, 115, 40, 95, 58, 99, 111, 114, 110, 101, 114, 115, 58, 41, 39, 92, 110, 32, 32, 32, 32, 102, 117, 110, 99, 32, 99, 111, 114, 110, 101, 114, 82, 97, 100, 105, 117, 115, 40, 95, 32, 114, 97, 100, 105, 117, 115, 58, 32, 67, 71, 70, 108, 111, 97, 116, 44, 32, 99, 111, 114, 110, 101, 114, 115, 58, 32, 85, 73, 82, 101, 99, 116, 67, 111, 114, 110, 101, 114, 41, 32, 45, 62, 32, 115, 111, 109, 101, 32, 86, 105, 101, 119, 32, 123, 92, 110, 32, 32, 32, 32, 32, 32, 32, 32, 32, 94, 92, 110, 92, 47, 85, 115, 101, 114, 115, 92, 47, 114, 117, 110, 110, 101, 114, 92, 47, 119, 111, 114, 107, 92, 47, 105, 111, 115, 65, 112, 112, 92, 47, 105, 111, 115, 65, 112, 112, 92, 47, 105, 111, 115, 65, 112, 112, 92, 47, 86, 105, 101, 119, 115, 92, 47, 83, 99, 114, 101, 101, 110, 115, 92, 47, 65, 100, 109, 105, 110, 92, 47, 80, 97, 121, 119, 97, 108, 108, 76, 105, 99, 101, 110, 115, 101, 86, 105, 101, 119, 46, 115, 119, 105, 102, 116, 58, 53, 50, 55, 58, 49, 48, 58, 32, 110, 111, 116, 101, 58, 32, 39, 99, 111, 114, 110, 101, 114, 82, 97, 100, 105, 117, 115, 40, 95, 58, 99, 111, 114, 110, 101, 114, 115, 58, 41, 39, 32, 112, 114, 101, 118, 105, 111, 117, 115, 108, 121, 32, 100, 101, 99, 108, 97, 114, 101, 100, 32, 104, 101, 114, 101, 92, 110, 32, 32, 32, 32, 102, 117, 110, 99, 32, 99, 111, 114, 110, 101, 114, 82, 97, 100, 105, 117, 115, 40, 95, 32, 114, 97, 100, 105, 117, 115, 58, 32, 67, 71, 70, 108, 111, 97, 116, 44, 32, 99, 111, 114, 110, 101, 114, 115, 58, 32, 85, 73, 82, 101, 99, 116, 67, 111, 114, 110, 101, 114, 41, 32, 45, 62, 32, 115, 111, 109, 101, 32, 86, 105, 101, 119, 32, 123, 92, 110, 32, 32, 32, 32, 32, 32, 32, 32, 32, 94, 92, 110, 92, 47, 85, 115, 101, 114, 115, 92, 47, 114, 117, 110, 110, 101, 114, 92, 47, 119, 111, 114, 107, 92, 47, 105, 111, 115, 65, 112, 112, 92, 47, 105, 111, 115, 65, 112, 112, 92, 47, 105, 111, 115, 65, 112, 112, 92, 47, 86, 105, 101, 119, 115, 92, 47, 83, 99, 114, 101, 101, 110, 115, 92, 47, 65, 100, 109, 105, 110, 92, 47, 80, 97, 121, 119, 97, 108, 108, 76, 105, 99, 101, 110, 115, 101, 86, 105, 101, 119, 46, 115, 119, 105, 102, 116, 58, 53, 50, 55, 58, 49, 48, 58, 32, 110, 111, 116, 101, 58, 32, 39, 99, 111, 114, 110, 101, 114, 82, 97, 100, 105, 117, 115, 40, 95, 58, 99, 111, 114, 110, 101, 114, 115, 58, 41, 39, 32, 112, 114, 101, 118, 105, 111, 117, 115, 108, 121, 32, 100, 101, 99, 108, 97, 114, 101, 100, 32, 104, 101, 114, 101, 92, 110, 32, 32, 32, 32, 102, 117, 110, 99, 32, 99, 111, 114, 110, 101, 114, 82, 97, 100, 105, 117, 115, 40, 95, 32, 114, 97, 100, 105, 117, 115, 58, 32, 67, 71, 70, 108, 111, 97, 116, 44, 32, 99, 111, 114, 110, 101, 114, 115, 58, 32, 85, 73, 82, 101, 99, 116, 67, 111, 114, 110, 101, 114, 41, 32, 45, 62, 32, 115, 111, 109, 101, 32, 86, 105, 101, 119, 32, 123, 92, 110, 32, 32, 32, 32, 32, 32, 32, 32, 32, 94, 92, 110, 92, 47, 85, 115, 101, 114, 115, 92, 47, 114, 117, 110, 110, 101, 114, 92, 47, 119, 111, 114, 107, 92, 47, 105, 111, 115, 65, 112, 112, 92, 47, 105, 111, 115, 65, 112, 112, 92, 47, 105, 111, 115, 65, 112, 112, 92, 47, 86, 105, 101, 119, 115, 92, 47, 83, 99, 114, 101, 101, 110, 115, 92, 47, 80, 101, 114, 105, 112, 104, 101, 114, 97, 108, 115, 92, 47, 80, 101, 114, 105, 112, 104, 101, 114, 97, 108, 115, 86, 105, 101, 119, 46, 115, 119, 105, 102, 116, 58, 52, 55, 48, 58, 56, 58, 32, 101, 114, 114, 111, 114, 58, 32, 105, 110, 118, 97, 108, 105, 100, 32, 114, 101, 100, 101, 99, 108, 97, 114, 97, 116, 105, 111, 110, 32, 111, 102, 32, 39, 82, 111, 117, 110, 100, 101, 100, 67, 111, 114, 110, 101, 114, 39, 92, 110, 115, 116, 114, 117, 99, 116, 32, 82, 111, 117, 110, 100, 101, 100, 67, 111, 114, 110, 101, 114, 58, 32, 83, 104, 97, 112, 101, 32, 123, 92, 110, 32, 32, 32, 32, 32, 32, 32, 94, 92, 110, 92, 47, 85, 115, 101, 114, 115, 92, 47, 114, 117, 110, 110, 101, 114, 92, 47, 119, 111, 114, 107, 92, 47, 105, 111, 115, 65, 112, 112, 92, 47, 105, 111, 115, 65, 112, 112, 92, 47, 105, 111, 115, 65, 112, 112, 92, 47, 86, 105, 101, 119, 115, 92, 47, 83, 99, 114, 101, 101, 110, 115, 92, 47, 65, 100, 109, 105, 110, 92, 47, 80, 97, 121, 119, 97, 108, 108, 76, 105, 99, 101, 110, 115, 101, 86, 105, 101, 119, 46, 115, 119, 105, 102, 116, 58, 53, 51, 50, 58, 56, 58, 32, 110, 111, 116, 101, 58, 32, 39, 82, 111, 117, 110, 100, 101, 100, 67, 111, 114, 110, 101, 114, 39, 32, 112, 114, 101, 118, 105, 111, 117, 115, 108, 121, 32, 100, 101, 99, 108, 97, 114, 101, 100, 32, 104, 101, 114, 101, 92, 110, 115, 116, 114, 117, 99, 116, 32, 82, 111, 117, 110, 100, 101, 100, 67, 111, 114, 110, 101, 114, 58, 32, 83, 104, 97, 112, 101, 32, 123, 92, 110, 32, 32, 32, 32, 32, 32, 32, 94, 92, 110, 92, 47, 85, 115, 101, 114, 115, 92, 47, 114, 117, 110, 110, 101, 114, 92, 47, 119, 111, 114, 107, 92, 47, 105, 111, 115, 65, 112, 112, 92, 47, 105, 111, 115, 65, 112, 112, 92, 47, 105, 111, 115, 65, 112, 112, 92, 47, 86, 105, 101, 119, 115, 92, 47, 83, 99, 114, 101, 101, 110, 115, 92, 47, 65, 100, 109, 105, 110, 92, 47, 80, 97, 121, 119, 97, 108, 108, 76, 105, 99, 101, 110, 115, 101, 86, 105, 101, 119, 46, 115, 119, 105, 102, 116, 58, 53, 51, 50, 58, 56, 58, 32, 110, 111, 116, 101, 58, 32, 39, 82, 111, 117, 110, 100, 101, 100, 67, 111, 114, 110, 101, 114, 39, 32, 112, 114, 101, 118, 105, 111, 117, 115, 108, 121, 32, 100, 101, 99, 108, 97, 114, 101, 100, 32, 104, 101, 114, 101, 92, 110, 115, 116, 114, 117, 99, 116, 32, 82, 111, 117, 110, 100, 101, 100, 67, 111, 114, 110, 101, 114, 58, 32, 83, 104, 97, 112, 101, 32, 123, 92, 110, 32, 32, 32, 32, 32, 32, 32, 94, 92, 110, 92, 47, 85, 115, 101, 114, 115, 92, 47, 114, 117, 110, 110, 101, 114, 92, 47, 119, 111, 114, 107, 92, 47, 105, 111, 115, 65, 112, 112, 92, 47, 105, 111, 115, 65, 112, 112, 92, 47, 105, 111, 115, 65, 112, 112, 92, 47, 86, 105, 101, 119, 115, 92, 47, 83, 99, 114, 101, 101, 110, 115, 92, 47, 83, 116, 97, 116, 105, 115, 116, 105, 99, 115, 92, 47, 65, 115, 115, 101, 116, 83, 116, 97, 116, 105, 115, 116, 105, 99, 115, 86, 105, 101, 119, 46, 115, 119, 105, 102, 116, 58, 52, 52, 58, 52, 50, 58, 32, 119, 97, 114, 110, 105, 110, 103, 58, 32, 108, 101, 102, 116, 32, 115, 105, 100, 101, 32, 111, 102, 32, 110, 105, 108, 32, 99, 111, 97, 108, 101, 115, 99, 105, 110, 103, 32, 111, 112, 101, 114, 97, 116, 111, 114, 32, 39, 63, 63, 39, 32, 104, 97, 115, 32, 110, 111, 110, 45, 111, 112, 116, 105, 111, 110, 97, 108, 32, 116, 121, 112, 101, 32, 39, 83, 116, 114, 105, 110, 103, 39, 44, 32, 115, 111, 32, 116, 104, 101, 32, 114, 105, 103, 104, 116, 32, 115, 105, 100, 101, 32, 105, 115, 32, 110, 101, 118, 101, 114, 32, 117, 115, 101, 100, 92, 110, 32, 32, 32, 32, 32, 32, 32, 32, 32, 32, 32, 32, 32, 32, 32, 32, 108, 101, 116, 32, 110, 97, 109, 101, 77, 97, 116, 99, 104, 32, 61, 32, 40, 100, 101, 118, 46, 116, 101, 110, 32, 63, 63, 32, 92, 34, 92, 34, 41, 46, 108, 111, 119, 101, 114, 99, 97, 115, 101, 100, 40, 41, 46, 99, 111, 110, 116, 97, 105, 110, 115, 40, 113, 41, 92, 110, 32, 32, 32, 32, 32, 32, 32, 32, 32, 32, 32, 32, 32, 32, 32, 32, 32, 32, 32, 32, 32, 32, 32, 32, 32, 32, 32, 32, 32, 32, 32, 32, 32, 126, 126, 126, 126, 126, 126, 126, 126, 94, 126, 126, 126, 126, 92, 110, 32, 32, 32, 32, 32, 32, 32, 32, 32, 32, 32, 32, 32, 32, 32, 32, 32, 32, 32, 32, 32, 32, 32, 32, 32, 32, 32, 32, 32, 32, 32, 32, 32, 32, 32, 32, 32, 32, 32, 32, 92, 110, 92, 47, 85, 115, 101, 114, 115, 92, 47, 114, 117, 110, 110, 101, 114, 92, 47, 119, 111, 114, 107, 92, 47, 105, 111, 115, 65, 112, 112, 92, 47, 105, 111, 115, 65, 112, 112, 92, 47, 105, 111, 115, 65, 112, 112, 92, 47, 86, 105, 101, 119, 115, 92, 47, 83, 99, 114, 101, 101, 110, 115, 92, 47, 83, 116, 97, 116, 105, 115, 116, 105, 99, 115, 92, 47, 65, 115, 115, 101, 116, 83, 116, 97, 116, 105, 115, 116, 105, 99, 115, 86, 105, 101, 119, 46, 115, 119, 105, 102, 116, 58, 52, 53, 58, 52, 55, 58, 32, 119, 97, 114, 110, 105, 110, 103, 58, 32, 108, 101, 102, 116, 32, 115, 105, 100, 101, 32, 111, 102, 32, 110, 105, 108, 32, 99, 111, 97, 108, 101, 115, 99, 105, 110, 103, 32, 111, 112, 101, 114, 97, 116, 111, 114, 32, 39, 63, 63, 39, 32, 104, 97, 115, 32, 110, 111, 110, 45, 111, 112, 116, 105, 111, 110, 97, 108, 32, 116, 121, 112, 101, 32, 39, 83, 116, 114, 105, 110, 103, 39, 44, 32, 115, 111, 32, 116, 104, 101, 32, 114, 105, 103, 104, 116, 32, 115, 105, 100, 101, 32, 105, 115, 32, 110, 101, 118, 101, 114, 32, 117, 115, 101, 100, 92, 110, 32, 32, 32, 32, 32, 32, 32, 32, 32, 32, 32, 32, 32, 32, 32, 32, 108, 101, 116, 32, 117, 110, 105, 116, 77, 97, 116, 99, 104, 32, 61, 32, 40, 100, 101, 118, 46, 116, 101, 110, 68, 111, 110, 86, 105, 32, 63, 63, 32, 92, 34, 92, 34, 41, 46, 108, 111, 119, 101, 114, 99, 97, 115, 101, 100, 40, 41, 46, 99, 111, 110, 116, 97, 105, 110, 115, 40, 113, 41, 92, 110, 32, 32, 32, 32, 32, 32, 32, 32, 32, 32, 32, 32, 32, 32, 32, 32, 32, 32, 32, 32, 32, 32, 32, 32, 32, 32, 32, 32, 32, 32, 32, 32, 32, 126, 126, 126, 126, 126, 126, 126, 126, 126, 126, 126, 126, 126, 94, 126, 126, 126, 126, 92, 110, 32, 32, 32, 32, 32, 32, 32, 32, 32, 32, 32, 32, 32, 32, 32, 32, 32, 32, 32, 32, 32, 32, 32, 32, 32, 32, 32, 32, 32, 32, 32, 32, 32, 32, 32, 32, 32, 32, 32, 32, 32, 32, 32, 32, 32, 92, 110, 92, 47, 85, 115, 101, 114, 115, 92, 47, 114, 117, 110, 110, 101, 114, 92, 47, 119, 111, 114, 107, 92, 47, 105, 111, 115, 65, 112, 112, 92, 47, 105, 111, 115, 65, 112, 112, 92, 47, 105, 111, 115, 65, 112, 112, 92, 47, 86, 105, 101, 119, 115, 92, 47, 83, 99, 114, 101, 101, 110, 115, 92, 47, 83, 116, 97, 116, 105, 115, 116, 105, 99, 115, 92, 47, 65, 115, 115, 101, 116, 83, 116, 97, 116, 105, 115, 116, 105, 99, 115, 86, 105, 101, 119, 46, 115, 119, 105, 102, 116, 58, 55, 51, 58, 51, 52, 58, 32, 119, 97, 114, 110, 105, 110, 103, 58, 32, 108, 101, 102, 116, 32, 115, 105, 100, 101, 32, 111, 102, 32, 110, 105, 108, 32, 99, 111, 97, 108, 101, 115, 99, 105, 110, 103, 32, 111, 112, 101, 114, 97, 116, 111, 114, 32, 39, 63, 63, 39, 32, 104, 97, 115, 32, 110, 111, 110, 45, 111, 112, 116, 105, 111, 110, 97, 108, 32, 116, 121, 112, 101, 32, 39, 83, 116, 114, 105, 110, 103, 39, 44, 32, 115, 111, 32, 116, 104, 101, 32, 114, 105, 103, 104, 116, 32, 115, 105, 100, 101, 32, 105, 115, 32, 110, 101, 118, 101, 114, 32, 117, 115, 101, 100, 92, 110, 32, 32, 32, 32, 32, 32, 32, 32, 32, 32, 32, 32, 108, 101, 116, 32, 117, 32, 61, 32, 100, 101, 118, 46, 116, 101, 110, 68, 111, 110, 86, 105, 32, 63, 63, 32, 92, 34, 92, 34, 92, 110, 32, 32, 32, 32, 32, 32, 32, 32, 32, 32, 32, 32, 32, 32, 32, 32, 32, 32, 32, 32, 126, 126, 126, 126, 126, 126, 126, 126, 126, 126, 126, 126, 126, 94, 126, 126, 126, 126, 92, 110, 32, 32, 32, 32, 32, 32, 32, 32, 32, 32, 32, 32, 32, 32, 32, 32, 32, 32, 32, 32, 32, 32, 32, 32, 32, 32, 32, 32, 32, 32, 32, 32, 92, 110, 92, 47, 85, 115, 101, 114, 115, 92, 47, 114, 117, 110, 110, 101, 114, 92, 47, 119, 111, 114, 107, 92, 47, 105, 111, 115, 65, 112, 112, 92, 47, 105, 111, 115, 65, 112, 112, 92, 47, 105, 111, 115, 65, 112, 112, 92, 47, 86, 105, 101, 119, 115, 92, 47, 83, 99, 114, 101, 101, 110, 115, 92, 47, 68, 101, 118, 105, 99, 101, 115, 92, 47, 65, 100, 100, 68, 101, 118, 105, 99, 101, 86, 105, 101, 119, 46, 115, 119, 105, 102, 116, 58, 49, 49, 56, 58, 49, 48, 54, 58, 32, 101, 114, 114, 111, 114, 58, 32, 116, 121, 112, 101, 32, 39, 67, 111, 108, 111, 114, 39, 32, 104, 97, 115, 32, 110, 111, 32, 109, 101, 109, 98, 101, 114, 32, 39, 97, 112, 112, 84, 101, 120, 116, 39, 92, 110, 32, 32, 32, 32, 32, 32, 32, 32, 32, 32, 32, 32, 32, 32, 32, 32, 84, 101, 120, 116, 40, 92, 34, 76, 111, 225, 186, 161, 105, 32, 116, 104, 105, 225, 186, 191, 116, 32, 98, 225, 187, 139, 92, 34, 41, 46, 102, 111, 110, 116, 40, 46, 115, 121, 115, 116, 101, 109, 40, 115, 105, 122, 101, 58, 32, 49, 51, 44, 32, 119, 101, 105, 103, 104, 116, 58, 32, 46, 98, 111, 108, 100, 41, 41, 46, 102, 111, 114, 101, 103, 114, 111, 117, 110, 100, 67, 111, 108, 111, 114, 40, 67, 111, 108, 111, 114, 46, 97, 112, 112, 84, 101, 120, 116, 41, 92, 110, 92, 47, 85, 115, 101, 114, 115, 92, 47, 114, 117, 110, 110, 101, 114, 92, 47, 119, 111, 114, 107, 92, 47, 105, 111, 115, 65, 112, 112, 92, 47, 105, 111, 115, 65, 112, 112, 92, 47, 105, 111, 115, 65, 112, 112, 92, 47, 86, 105, 101, 119, 115, 92, 47, 83, 99, 114, 101, 101, 110, 115, 92, 47, 68, 101, 118, 105, 99, 101, 115, 92, 47, 65, 100, 100, 68, 101, 118, 105, 99, 101, 86, 105, 101, 119, 46, 115, 119, 105, 102, 116, 58, 49, 54, 49, 58, 56, 54, 58, 32, 101, 114, 114, 111, 114, 58, 32, 116, 121, 112, 101, 32, 39, 67, 111, 108, 111, 114, 39, 32, 104, 97, 115, 32, 110, 111, 32, 109, 101, 109, 98, 101, 114, 32, 39, 97, 112, 112, 84, 101, 120, 116, 39, 92, 110, 32, 32, 32, 32, 32, 32, 32, 32, 32, 32, 32, 32, 84, 101, 120, 116, 40, 116, 105, 116, 108, 101, 41, 46, 102, 111, 110, 116, 40, 46, 115, 121, 115, 116, 101, 109, 40, 115, 105, 122, 101, 58, 32, 49, 51, 44, 32, 119, 101, 105, 103, 104, 116, 58, 32, 46, 98, 111, 108, 100, 41, 41, 46, 102, 111, 114, 101, 103, 114, 111, 117, 110, 100, 67, 111, 108, 111, 114, 40, 67, 111, 108, 111, 114, 46, 97, 112, 112, 84, 101, 120, 116, 41, 92, 110, 32, 32, 32, 32, 32, 32, 32, 32, 32, 32, 32, 32, 32, 32, 32, 32, 32, 32, 32, 32, 32, 32, 32, 32, 32, 32, 32, 32, 32, 32, 32, 32, 32, 32, 32, 32, 32, 32, 32, 32, 32, 32, 32, 32, 32, 32, 32, 32, 32, 32, 32, 32, 32, 32, 32, 32, 32, 32, 32, 32, 32, 32, 32, 32, 32, 32, 32, 32, 32, 32, 32, 32, 32, 32, 32, 32, 32, 32, 32, 126, 126, 126, 126, 126, 32, 94, 126, 126, 126, 126, 126, 126, 92, 110, 92, 47, 85, 115, 101, 114, 115, 92, 47, 114, 117, 110, 110, 101, 114, 92, 47, 119, 111, 114, 107, 92, 47, 105, 111, 115, 65, 112, 112, 92, 47, 105, 111, 115, 65, 112, 112, 92, 47, 105, 111, 115, 65, 112, 112, 92, 47, 86, 105, 101, 119, 115, 92, 47, 83, 99, 114, 101, 101, 110, 115, 92, 47, 68, 101, 118, 105, 99, 101, 115, 92, 47, 80, 114, 105, 110, 116, 81, 114, 76, 97, 98, 101, 108, 86, 105, 101, 119, 46, 115, 119, 105, 102, 116, 58, 50, 48, 55, 58, 57, 58, 32, 101, 114, 114, 111, 114, 58, 32, 116, 104, 101, 32, 99, 111, 109, 112, 105, 108, 101, 114, 32, 105, 115, 32, 117, 110, 97, 98, 108, 101, 32, 116, 111, 32, 116, 121, 112, 101, 45, 99, 104, 101, 99, 107, 32, 116, 104, 105, 115, 32, 101, 120, 112, 114, 101, 115, 115, 105, 111, 110, 32, 105, 110, 32, 114, 101, 97, 115, 111, 110, 97, 98, 108, 101, 32, 116, 105, 109, 101, 59, 32, 116, 114, 121, 32, 98, 114, 101, 97, 107, 105, 110, 103, 32, 117, 112, 32, 116, 104, 101, 32, 101, 120, 112, 114, 101, 115, 115, 105, 111, 110, 32, 105, 110, 116, 111, 32, 100, 105, 115, 116, 105, 110, 99, 116, 32, 115, 117, 98, 45, 101, 120, 112, 114, 101, 115, 115, 105, 111, 110, 115, 92, 110, 32, 32, 32, 32, 32, 32, 32, 32, 86, 83, 116, 97, 99, 107, 40, 115, 112, 97, 99, 105, 110, 103, 58, 32, 49, 50, 41, 32, 123, 92, 110, 32, 32, 32, 32, 32, 32, 32, 32, 94, 126, 126, 126, 126, 126, 126, 126, 126, 126, 126, 126, 126, 126, 126, 126, 126, 126, 126, 126, 126, 92, 110, 92, 47, 85, 115, 101, 114, 115, 92, 47, 114, 117, 110, 110, 101, 114, 92, 47, 119, 111, 114, 107, 92, 47, 105, 111, 115, 65, 112, 112, 92, 47, 105, 111, 115, 65, 112, 112, 92, 47, 105, 111, 115, 65, 112, 112, 92, 47, 86, 105, 101, 119, 115, 92, 47, 83, 99, 114, 101, 101, 110, 115, 92, 47, 78, 111, 116, 105, 102, 105, 99, 97, 116, 105, 111, 110, 115, 92, 47, 83, 121, 115, 116, 101, 109, 78, 111, 116, 105, 102, 105, 99, 97, 116, 105, 111, 110, 115, 86, 105, 101, 119, 46, 115, 119, 105, 102, 116, 58, 50, 56, 49, 58, 56, 48, 58, 32, 101, 114, 114, 111, 114, 58, 32, 118, 97, 108, 117, 101, 32, 111, 102, 32, 116, 121, 112, 101, 32, 39, 65, 100, 109, 105, 110, 86, 105, 101, 119, 77, 111, 100, 101, 108, 39, 32, 104, 97, 115, 32, 110, 111, 32, 100, 121, 110, 97, 109, 105, 99, 32, 109, 101, 109, 98, 101, 114, 32, 39, 117, 115, 101, 114, 39, 32, 117, 115, 105, 110, 103, 32, 107, 101, 121, 32, 112, 97, 116, 104, 32, 102, 114, 111, 109, 32, 114, 111, 111, 116, 32, 116, 121, 112, 101, 32, 39, 65, 100, 109, 105, 110, 86, 105, 101, 119, 77, 111, 100, 101, 108, 39, 92, 110, 32, 32, 32, 32, 32, 32, 32, 32, 108, 101, 116, 32, 117, 114, 108, 83, 116, 114, 32, 61, 32, 92, 34, 92, 92, 40, 70, 105, 114, 101, 98, 97, 115, 101, 67, 111, 110, 102, 105, 103, 46, 102, 105, 114, 101, 115, 116, 111, 114, 101, 66, 97, 115, 101, 85, 114, 108, 41, 92, 47, 99, 111, 109, 112, 97, 110, 105, 101, 115, 92, 47, 92, 92, 40, 118, 105, 101, 119, 77, 111, 100, 101, 108, 46, 117, 115, 101, 114, 46, 99, 111, 109, 112, 97, 110, 121, 73, 100, 41, 92, 47, 110, 111, 116, 105, 102, 105, 99, 97, 116, 105, 111, 110, 115, 92, 34, 92, 110, 32, 32, 32, 32, 32, 32, 32, 32, 32, 32, 32, 32, 32, 32, 32, 32, 32, 32, 32, 32, 32, 32, 32, 32, 32, 32, 32, 32, 32, 32, 32, 32, 32, 32, 32, 32, 32, 32, 32, 32, 32, 32, 32, 32, 32, 32, 32, 32, 32, 32, 32, 32, 32, 32, 32, 32, 32, 32, 32, 32, 32, 32, 32, 32, 32, 32, 32, 32, 32, 126, 126, 126, 126, 126, 126, 126, 126, 126, 32, 94, 126, 126, 126, 92, 110, 92, 47, 85, 115, 101, 114, 115, 92, 47, 114, 117, 110, 110, 101, 114, 92, 47, 119, 111, 114, 107, 92, 47, 105, 111, 115, 65, 112, 112, 92, 47, 105, 111, 115, 65, 112, 112, 92, 47, 105, 111, 115, 65, 112, 112, 92, 47, 86, 105, 101, 119, 115, 92, 47, 83, 99, 114, 101, 101, 110, 115, 92, 47, 78, 111, 116, 105, 102, 105, 99, 97, 116, 105, 111, 110, 115, 92, 47, 83, 121, 115, 116, 101, 109, 78, 111, 116, 105, 102, 105, 99, 97, 116, 105, 111, 110, 115, 86, 105, 101, 119, 46, 115, 119, 105, 102, 116, 58, 50, 56, 49, 58, 55, 48, 58, 32, 101, 114, 114, 111, 114, 58, 32, 114, 101, 102, 101, 114, 101, 110, 99, 105, 110, 103, 32, 115, 117, 98, 115, 99, 114, 105, 112, 116, 32, 39, 115, 117, 98, 115, 99, 114, 105, 112, 116, 40, 100, 121, 110, 97, 109, 105, 99, 77, 101, 109, 98, 101, 114, 58, 41, 39, 32, 114, 101, 113, 117, 105, 114, 101, 115, 32, 119, 114, 97, 112, 112, 101, 114, 32, 39, 79, 98, 115, 101, 114, 118, 101, 100, 79, 98, 106, 101, 99, 116, 60, 65, 100, 109, 105, 110, 86, 105, 101, 119, 77, 111, 100, 101, 108, 62, 46, 87, 114, 97, 112, 112, 101, 114, 39, 92, 110, 32, 32, 32, 32, 32, 32, 32, 32, 108, 101, 116, 32, 117, 114, 108, 83, 116, 114, 32, 61, 32, 92, 34, 92, 92, 40, 70, 105, 114, 101, 98, 97, 115, 101, 67, 111, 110, 102, 105, 103, 46, 102, 105, 114, 101, 115, 116, 111, 114, 101, 66, 97, 115, 101, 85, 114, 108, 41, 92, 47, 99, 111, 109, 112, 97, 110, 105, 101, 115, 92, 47, 92, 92, 40, 118, 105, 101, 119, 77, 111, 100, 101, 108, 46, 117, 115, 101, 114, 46, 99, 111, 109, 112, 97, 110, 121, 73, 100, 41, 92, 47, 110, 111, 116, 105, 102, 105, 99, 97, 116, 105, 111, 110, 115, 92, 34, 92, 110, 32, 32, 32, 32, 32, 32, 32, 32, 32, 32, 32, 32, 32, 32, 32, 32, 32, 32, 32, 32, 32, 32, 32, 32, 32, 32, 32, 32, 32, 32, 32, 32, 32, 32, 32, 32, 32, 32, 32, 32, 32, 32, 32, 32, 32, 32, 32, 32, 32, 32, 32, 32, 32, 32, 32, 32, 32, 32, 32, 32, 32, 32, 32, 32, 32, 32, 32, 32, 32, 94, 92, 110, 32, 32, 32, 32, 32, 32, 32, 32, 32, 32, 32, 32, 32, 32, 32, 32, 32, 32, 32, 32, 32, 32, 32, 32, 32, 32, 32, 32, 32, 32, 32, 32, 32, 32, 32, 32, 32, 32, 32, 32, 32, 32, 32, 32, 32, 32, 32, 32, 32, 32, 32, 32, 32, 32, 32, 32, 32, 32, 32, 32, 32, 32, 32, 32, 32, 32, 32, 32, 32, 36, 92, 110, 92, 47, 85, 115, 101, 114, 115, 92, 47, 114, 117, 110, 110, 101, 114, 92, 47, 119, 111, 114, 107, 92, 47, 105, 111, 115, 65, 112, 112, 92, 47, 105, 111, 115, 65, 112, 112, 92, 47, 105, 111, 115, 65, 112, 112, 92, 47, 86, 105, 101, 119, 115, 92, 47, 83, 99, 114, 101, 101, 110, 115, 92, 47, 78, 111, 116, 105, 102, 105, 99, 97, 116, 105, 111, 110, 115, 92, 47, 83, 121, 115, 116, 101, 109, 78, 111, 116, 105, 102, 105, 99, 97, 116, 105, 111, 110, 115, 86, 105, 101, 119, 46, 115, 119, 105, 102, 116, 58, 50, 56, 54, 58, 52, 54, 58, 32, 101, 114, 114, 111, 114, 58, 32, 118, 97, 108, 117, 101, 32, 111, 102, 32, 116, 121, 112, 101, 32, 39, 65, 100, 109, 105, 110, 86, 105, 101, 119, 77, 111, 100, 101, 108, 39, 32, 104, 97, 115, 32, 110, 111, 32, 100, 121, 110, 97, 109, 105, 99, 32, 109, 101, 109, 98, 101, 114, 32, 39, 97, 117, 116, 104, 84, 111, 107, 101, 110, 39, 32, 117, 115, 105, 110, 103, 32, 107, 101, 121, 32, 112, 97, 116, 104, 32, 102, 114, 111, 109, 32, 114, 111, 111, 116, 32, 116, 121, 112, 101, 32, 39, 65, 100, 109, 105, 110, 86, 105, 101, 119, 77, 111, 100, 101, 108, 39, 92, 110, 32, 32, 32, 32, 32, 32, 32, 32, 114, 101, 113, 117, 101, 115, 116, 46, 115, 101, 116, 86, 97, 108, 117, 101, 40, 92, 34, 66, 101, 97, 114, 101, 114, 32, 92, 92, 40, 118, 105, 101, 119, 77, 111, 100, 101, 108, 46, 97, 117, 116, 104, 84, 111, 107, 101, 110, 41, 92, 34, 44, 32, 102, 111, 114, 72, 84, 84, 80, 72, 101, 97, 100, 101, 114, 70, 105, 101, 108, 100, 58, 32, 92, 34, 65, 117, 116, 104, 111, 114, 105, 122, 97, 116, 105, 111, 110, 92, 34, 41, 92, 110, 32, 32, 32, 32, 32, 32, 32, 32, 32, 32, 32, 32, 32, 32, 32, 32, 32, 32, 32, 32, 32, 32, 32, 32, 32, 32, 32, 32, 32, 32, 32, 32, 32, 32, 32, 126, 126, 126, 126, 126, 126, 126, 126, 126, 32, 94, 126, 126, 126, 126, 126, 126, 126, 126, 92, 110, 92, 47, 85, 115, 101, 114, 115, 92, 47, 114, 117, 110, 110, 101, 114, 92, 47, 119, 111, 114, 107, 92, 47, 105, 111, 115, 65, 112, 112, 92, 47, 105, 111, 115, 65, 112, 112, 92, 47, 105, 111, 115, 65, 112, 112, 92, 47, 86, 105, 101, 119, 115, 92, 47, 83, 99, 114, 101, 101, 110, 115, 92, 47, 78, 111, 116, 105, 102, 105, 99, 97, 116, 105, 111, 110, 115, 92, 47, 83, 121, 115, 116, 101, 109, 78, 111, 116, 105, 102, 105, 99, 97, 116, 105, 111, 110, 115, 86, 105, 101, 119, 46, 115, 119, 105, 102, 116, 58, 50, 56, 54, 58, 51, 54, 58, 32, 101, 114, 114, 111, 114, 58, 32, 114, 101, 102, 101, 114, 101, 110, 99, 105, 110, 103, 32, 115, 117, 98, 115, 99, 114, 105, 112, 116, 32, 39, 115, 117, 98, 115, 99, 114, 105, 112, 116, 40, 100, 121, 110, 97, 109, 105, 99, 77, 101, 109, 98, 101, 114, 58, 41, 39, 32, 114, 101, 113, 117, 105, 114, 101, 115, 32, 119, 114, 97, 112, 112, 101, 114, 32, 39, 79, 98, 115, 101, 114, 118, 101, 100, 79, 98, 106, 101, 99, 116, 60, 65, 100, 109, 105, 110, 86, 105, 101, 119, 77, 111, 100, 101, 108, 62, 46, 87, 114, 97, 112, 112, 101, 114, 39, 92, 110, 32, 32, 32, 32, 32, 32, 32, 32, 114, 101, 113, 117, 101, 115, 116, 46, 115, 101, 116, 86, 97, 108, 117, 101, 40, 92, 34, 66, 101, 97, 114, 101, 114, 32, 92, 92, 40, 118, 105, 101, 119, 77, 111, 100, 101, 108, 46, 97, 117, 116, 104, 84, 111, 107, 101, 110, 41, 92, 34, 44, 32, 102, 111, 114, 72, 84, 84, 80, 72, 101, 97, 100, 101, 114, 70, 105, 101, 108, 100, 58, 32, 92, 34, 65, 117, 116, 104, 111, 114, 105, 122, 97, 116, 105, 111, 110, 92, 34, 41, 92, 110, 32, 32, 32, 32, 32, 32, 32, 32, 32, 32, 32, 32, 32, 32, 32, 32, 32, 32, 32, 32, 32, 32, 32, 32, 32, 32, 32, 32, 32, 32, 32, 32, 32, 32, 32, 94, 92, 110, 32, 32, 32, 32, 32, 32, 32, 32, 32, 32, 32, 32, 32, 32, 32, 32, 32, 32, 32, 32, 32, 32, 32, 32, 32, 32, 32, 32, 32, 32, 32, 32, 32, 32, 32, 36, 92, 110, 92, 47, 85, 115, 101, 114, 115, 92, 47, 114, 117, 110, 110, 101, 114, 92, 47, 119, 111, 114, 107, 92, 47, 105, 111, 115, 65, 112, 112, 92, 47, 105, 111, 115, 65, 112, 112, 92, 47, 105, 111, 115, 65, 112, 112, 92, 47, 86, 105, 101, 119, 115, 92, 47, 83, 99, 114, 101, 101, 110, 115, 92, 47, 78, 111, 116, 105, 102, 105, 99, 97, 116, 105, 111, 110, 115, 92, 47, 83, 121, 115, 116, 101, 109, 78, 111, 116, 105, 102, 105, 99, 97, 116, 105, 111, 110, 115, 86, 105, 101, 119, 46, 115, 119, 105, 102, 116, 58, 50, 57, 53, 58, 52, 54, 58, 32, 101, 114, 114, 111, 114, 58, 32, 118, 97, 108, 117, 101, 32, 111, 102, 32, 116, 121, 112, 101, 32, 39, 65, 100, 109, 105, 110, 86, 105, 101, 119, 77, 111, 100, 101, 108, 39, 32, 104, 97, 115, 32, 110, 111, 32, 100, 121, 110, 97, 109, 105, 99, 32, 109, 101, 109, 98, 101, 114, 32, 39, 117, 115, 101, 114, 39, 32, 117, 115, 105, 110, 103, 32, 107, 101, 121, 32, 112, 97, 116, 104, 32, 102, 114, 111, 109, 32, 114, 111, 111, 116, 32, 116, 121, 112, 101, 32, 39, 65, 100, 109, 105, 110, 86, 105, 101, 119, 77, 111, 100, 101, 108, 39, 92, 110, 32, 32, 32, 32, 32, 32, 32, 32, 32, 32, 32, 32, 32, 32, 32, 32, 32, 32, 32, 32, 108, 101, 116, 32, 109, 121, 85, 115, 101, 114, 73, 100, 32, 61, 32, 118, 105, 101, 119, 77, 111, 100, 101, 108, 46, 117, 115, 101, 114, 46, 101, 109, 97, 105, 108, 32, 92, 47, 92, 47, 32, 65, 115, 115, 117, 109, 105, 110, 103, 32, 117, 115, 101, 114, 73, 100, 32, 109, 97, 112, 112, 105, 110, 103, 92, 110, 32, 32, 32, 32, 32, 32, 32, 32, 32, 32, 32, 32, 32, 32, 32, 32, 32, 32, 32, 32, 32, 32, 32, 32, 32, 32, 32, 32, 32, 32, 32, 32, 32, 32, 32, 126, 126, 126, 126, 126, 126, 126, 126, 126, 32, 94, 126, 126, 126, 92, 110, 92, 47, 85, 115, 101, 114, 115, 92, 47, 114, 117, 110, 110, 101, 114, 92, 47, 119, 111, 114, 107, 92, 47, 105, 111, 115, 65, 112, 112, 92, 47, 105, 111, 115, 65, 112, 112, 92, 47, 105, 111, 115, 65, 112, 112, 92, 47, 86, 105, 101, 119, 115, 92, 47, 83, 99, 114, 101, 101, 110, 115, 92, 47, 78, 111, 116, 105, 102, 105, 99, 97, 116, 105, 111, 110, 115, 92, 47, 83, 121, 115, 116, 101, 109, 78, 111, 116, 105, 102, 105, 99, 97, 116, 105, 111, 110, 115, 86, 105, 101, 119, 46, 115, 119, 105, 102, 116, 58, 50, 57, 53, 58, 51, 54, 58, 32, 101, 114, 114, 111, 114, 58, 32, 114, 101, 102, 101, 114, 101, 110, 99, 105, 110, 103, 32, 115, 117, 98, 115, 99, 114, 105, 112, 116, 32, 39, 115, 117, 98, 115, 99, 114, 105, 112, 116, 40, 100, 121, 110, 97, 109, 105, 99, 77, 101, 109, 98, 101, 114, 58, 41, 39, 32, 114, 101, 113, 117, 105, 114, 101, 115, 32, 119, 114, 97, 112, 112, 101, 114, 32, 39, 79, 98, 115, 101, 114, 118, 101, 100, 79, 98, 106, 101, 99, 116, 60, 65, 100, 109, 105, 110, 86, 105, 101, 119, 77, 111, 100, 101, 108, 62, 46, 87, 114, 97, 112, 112, 101, 114, 39, 92, 110, 32, 32, 32, 32, 32, 32, 32, 32, 32, 32, 32, 32, 32, 32, 32, 32, 32, 32, 32, 32, 108, 101, 116, 32, 109, 121, 85, 115, 101, 114, 73, 100, 32, 61, 32, 118, 105, 101, 119, 77, 111, 100, 101, 108, 46, 117, 115, 101, 114, 46, 101, 109, 97, 105, 108, 32, 92, 47, 92, 47, 32, 65, 115, 115, 117, 109, 105, 110, 103, 32, 117, 115, 101, 114, 73, 100, 32, 109, 97, 112, 112, 105, 110, 103, 92, 110, 32, 32, 32, 32, 32, 32, 32, 32, 32, 32, 32, 32, 32, 32, 32, 32, 32, 32, 32, 32, 32, 32, 32, 32, 32, 32, 32, 32, 32, 32, 32, 32, 32, 32, 32, 94, 92, 110, 32, 32, 32, 32, 32, 32, 32, 32, 32, 32, 32, 32, 32, 32, 32, 32, 32, 32, 32, 32, 32, 32, 32, 32, 32, 32, 32, 32, 32, 32, 32, 32, 32, 32, 32, 36, 92, 110, 92, 47, 85, 115, 101, 114, 115, 92, 47, 114, 117, 110, 110, 101, 114, 92, 47, 119, 111, 114, 107, 92, 47, 105, 111, 115, 65, 112, 112, 92, 47, 105, 111, 115, 65, 112, 112, 92, 47, 105, 111, 115, 65, 112, 112, 92, 47, 86, 105, 101, 119, 115, 92, 47, 83, 99, 114, 101, 101, 110, 115, 92, 47, 78, 111, 116, 105, 102, 105, 99, 97, 116, 105, 111, 110, 115, 92, 47, 83, 121, 115, 116, 101, 109, 78, 111, 116, 105, 102, 105, 99, 97, 116, 105, 111, 110, 115, 86, 105, 101, 119, 46, 115, 119, 105, 102, 116, 58, 51, 51, 54, 58, 56, 48, 58, 32, 101, 114, 114, 111, 114, 58, 32, 118, 97, 108, 117, 101, 32, 111, 102, 32, 116, 121, 112, 101, 32, 39, 65, 100, 109, 105, 110, 86, 105, 101, 119, 77, 111, 100, 101, 108, 39, 32, 104, 97, 115, 32, 110, 111, 32, 100, 121, 110, 97, 109, 105, 99, 32, 109, 101, 109, 98, 101, 114, 32, 39, 117, 115, 101, 114, 39, 32, 117, 115, 105, 110, 103, 32, 107, 101, 121, 32, 112, 97, 116, 104, 32, 102, 114, 111, 109, 32, 114, 111, 111, 116, 32, 116, 121, 112, 101, 32, 39, 65, 100, 109, 105, 110, 86, 105, 101, 119, 77, 111, 100, 101, 108, 39, 92, 110, 32, 32, 32, 32, 32, 32, 32, 32, 108, 101, 116, 32, 117, 114, 108, 83, 116, 114, 32, 61, 32, 92, 34, 92, 92, 40, 70, 105, 114, 101, 98, 97, 115, 101, 67, 111, 110, 102, 105, 103, 46, 102, 105, 114, 101, 115, 116, 111, 114, 101, 66, 97, 115, 101, 85, 114, 108, 41, 92, 47, 99, 111, 109, 112, 97, 110, 105, 101, 115, 92, 47, 92, 92, 40, 118, 105, 101, 119, 77, 111, 100, 101, 108, 46, 117, 115, 101, 114, 46, 99, 111, 109, 112, 97, 110, 121, 73, 100, 41, 92, 47, 110, 111, 116, 105, 102, 105, 99, 97, 116, 105, 111, 110, 115, 92, 47, 92, 92, 40, 105, 100, 41, 63, 117, 112, 100, 97, 116, 101, 77, 97, 115, 107, 46, 102, 105, 101, 108, 100, 80, 97, 116, 104, 115, 61, 105, 115, 82, 101, 97, 100, 92, 34, 92, 110, 32, 32, 32, 32, 32, 32, 32, 32, 32, 32, 32, 32, 32, 32, 32, 32, 32, 32, 32, 32, 32, 32, 32, 32, 32, 32, 32, 32, 32, 32, 32, 32, 32, 32, 32, 32, 32, 32, 32, 32, 32, 32, 32, 32, 32, 32, 32, 32, 32, 32, 32, 32, 32, 32, 32, 32, 32, 32, 32, 32, 32, 32, 32, 32, 32, 32, 32, 32, 32, 126, 126, 126, 126, 126, 126, 126, 126, 126, 32, 94, 126, 126, 126, 92, 110, 92, 47, 85, 115, 101, 114, 115, 92, 47, 114, 117, 110, 110, 101, 114, 92, 47, 119, 111, 114, 107, 92, 47, 105, 111, 115, 65, 112, 112, 92, 47, 105, 111, 115, 65, 112, 112, 92, 47, 105, 111, 115, 65, 112, 112, 92, 47, 86, 105, 101, 119, 115, 92, 47, 83, 99, 114, 101, 101, 110, 115, 92, 47, 78, 111, 116, 105, 102, 105, 99, 97, 116, 105, 111, 110, 115, 92, 47, 83, 121, 115, 116, 101, 109, 78, 111, 116, 105, 102, 105, 99, 97, 116, 105, 111, 110, 115, 86, 105, 101, 119, 46, 115, 119, 105, 102, 116, 58, 51, 51, 54, 58, 55, 48, 58, 32, 101, 114, 114, 111, 114, 58, 32, 114, 101, 102, 101, 114, 101, 110, 99, 105, 110, 103, 32, 115, 117, 98, 115, 99, 114, 105, 112, 116, 32, 39, 115, 117, 98, 115, 99, 114, 105, 112, 116, 40, 100, 121, 110, 97, 109, 105, 99, 77, 101, 109, 98, 101, 114, 58, 41, 39, 32, 114, 101, 113, 117, 105, 114, 101, 115, 32, 119, 114, 97, 112, 112, 101, 114, 32, 39, 79, 98, 115, 101, 114, 118, 101, 100, 79, 98, 106, 101, 99, 116, 60, 65, 100, 109, 105, 110, 86, 105, 101, 119, 77, 111, 100, 101, 108, 62, 46, 87, 114, 97, 112, 112, 101, 114, 39, 92, 110, 32, 32, 32, 32, 32, 32, 32, 32, 108, 101, 116, 32, 117, 114, 108, 83, 116, 114, 32, 61, 32, 92, 34, 92, 92, 40, 70, 105, 114, 101, 98, 97, 115, 101, 67, 111, 110, 102, 105, 103, 46, 102, 105, 114, 101, 115, 116, 111, 114, 101, 66, 97, 115, 101, 85, 114, 108, 41, 92, 47, 99, 111, 109, 112, 97, 110, 105, 101, 115, 92, 47, 92, 92, 40, 118, 105, 101, 119, 77, 111, 100, 101, 108, 46, 117, 115, 101, 114, 46, 99, 111, 109, 112, 97, 110, 121, 73, 100, 41, 92, 47, 110, 111, 116, 105, 102, 105, 99, 97, 116, 105, 111, 110, 115, 92, 47, 92, 92, 40, 105, 100, 41, 63, 117, 112, 100, 97, 116, 101, 77, 97, 115, 107, 46, 102, 105, 101, 108, 100, 80, 97, 116, 104, 115, 61, 105, 115, 82, 101, 97, 100, 92, 34, 92, 110, 32, 32, 32, 32, 32, 32, 32, 32, 32, 32, 32, 32, 32, 32, 32, 32, 32, 32, 32, 32, 32, 32, 32, 32, 32, 32, 32, 32, 32, 32, 32, 32, 32, 32, 32, 32, 32, 32, 32, 32, 32, 32, 32, 32, 32, 32, 32, 32, 32, 32, 32, 32, 32, 32, 32, 32, 32, 32, 32, 32, 32, 32, 32, 32, 32, 32, 32, 32, 32, 94, 92, 110, 32, 32, 32, 32, 32, 32, 32, 32, 32, 32, 32, 32, 32, 32, 32, 32, 32, 32, 32, 32, 32, 32, 32, 32, 32, 32, 32, 32, 32, 32, 32, 32, 32, 32, 32, 32, 32, 32, 32, 32, 32, 32, 32, 32, 32, 32, 32, 32, 32, 32, 32, 32, 32, 32, 32, 32, 32, 32, 32, 32, 32, 32, 32, 32, 32, 32, 32, 32, 32, 36, 92, 110, 92, 47, 85, 115, 101, 114, 115, 92, 47, 114, 117, 110, 110, 101, 114, 92, 47, 119, 111, 114, 107, 92, 47, 105, 111, 115, 65, 112, 112, 92, 47, 105, 111, 115, 65, 112, 112, 92, 47, 105, 111, 115, 65, 112, 112, 92, 47, 86, 105, 101, 119, 115, 92, 47, 83, 99, 114, 101, 101, 110, 115, 92, 47, 78, 111, 116, 105, 102, 105, 99, 97, 116, 105, 111, 110, 115, 92, 47, 83, 121, 115, 116, 101, 109, 78, 111, 116, 105, 102, 105, 99, 97, 116, 105, 111, 110, 115, 86, 105, 101, 119, 46, 115, 119, 105, 102, 116, 58, 51, 52, 49, 58, 52, 54, 58, 32, 101, 114, 114, 111, 114, 58, 32, 118, 97, 108, 117, 101, 32, 111, 102, 32, 116, 121, 112, 101, 32, 39, 65, 100, 109, 105, 110, 86, 105, 101, 119, 77, 111, 100, 101, 108, 39, 32, 104, 97, 115, 32, 110, 111, 32, 100, 121, 110, 97, 109, 105, 99, 32, 109, 101, 109, 98, 101, 114, 32, 39, 97, 117, 116, 104, 84, 111, 107, 101, 110, 39, 32, 117, 115, 105, 110, 103, 32, 107, 101, 121, 32, 112, 97, 116, 104, 32, 102, 114, 111, 109, 32, 114, 111, 111, 116, 32, 116, 121, 112, 101, 32, 39, 65, 100, 109, 105, 110, 86, 105, 101, 119, 77, 111, 100, 101, 108, 39, 92, 110, 32, 32, 32, 32, 32, 32, 32, 32, 114, 101, 113, 117, 101, 115, 116, 46, 115, 101, 116, 86, 97, 108, 117, 101, 40, 92, 34, 66, 101, 97, 114, 101, 114, 32, 92, 92, 40, 118, 105, 101, 119, 77, 111, 100, 101, 108, 46, 97, 117, 116, 104, 84, 111, 107, 101, 110, 41, 92, 34, 44, 32, 102, 111, 114, 72, 84, 84, 80, 72, 101, 97, 100, 101, 114, 70, 105, 101, 108, 100, 58, 32, 92, 34, 65, 117, 116, 104, 111, 114, 105, 122, 97, 116, 105, 111, 110, 92, 34, 41, 92, 110, 32, 32, 32, 32, 32, 32, 32, 32, 32, 32, 32, 32, 32, 32, 32, 32, 32, 32, 32, 32, 32, 32, 32, 32, 32, 32, 32, 32, 32, 32, 32, 32, 32, 32, 32, 126, 126, 126, 126, 126, 126, 126, 126, 126, 32, 94, 126, 126, 126, 126, 126, 126, 126, 126, 92, 110, 92, 47, 85, 115, 101, 114, 115, 92, 47, 114, 117, 110, 110, 101, 114, 92, 47, 119, 111, 114, 107, 92, 47, 105, 111, 115, 65, 112, 112, 92, 47, 105, 111, 115, 65, 112, 112, 92, 47, 105, 111, 115, 65, 112, 112, 92, 47, 86, 105, 101, 119, 115, 92, 47, 83, 99, 114, 101, 101, 110, 115, 92, 47, 78, 111, 116, 105, 102, 105, 99, 97, 116, 105, 111, 110, 115, 92, 47, 83, 121, 115, 116, 101, 109, 78, 111, 116, 105, 102, 105, 99, 97, 116, 105, 111, 110, 115, 86, 105, 101, 119, 46, 115, 119, 105, 102, 116, 58, 51, 52, 49, 58, 51, 54, 58, 32, 101, 114, 114, 111, 114, 58, 32, 114, 101, 102, 101, 114, 101, 110, 99, 105, 110, 103, 32, 115, 117, 98, 115, 99, 114, 105, 112, 116, 32, 39, 115, 117, 98, 115, 99, 114, 105, 112, 116, 40, 100, 121, 110, 97, 109, 105, 99, 77, 101, 109, 98, 101, 114, 58, 41, 39, 32, 114, 101, 113, 117, 105, 114, 101, 115, 32, 119, 114, 97, 112, 112, 101, 114, 32, 39, 79, 98, 115, 101, 114, 118, 101, 100, 79, 98, 106, 101, 99, 116, 60, 65, 100, 109, 105, 110, 86, 105, 101, 119, 77, 111, 100, 101, 108, 62, 46, 87, 114, 97, 112, 112, 101, 114, 39, 92, 110, 32, 32, 32, 32, 32, 32, 32, 32, 114, 101, 113, 117, 101, 115, 116, 46, 115, 101, 116, 86, 97, 108, 117, 101, 40, 92, 34, 66, 101, 97, 114, 101, 114, 32, 92, 92, 40, 118, 105, 101, 119, 77, 111, 100, 101, 108, 46, 97, 117, 116, 104, 84, 111, 107, 101, 110, 41, 92, 34, 44, 32, 102, 111, 114, 72, 84, 84, 80, 72, 101, 97, 100, 101, 114, 70, 105, 101, 108, 100, 58, 32, 92, 34, 65, 117, 116, 104, 111, 114, 105, 122, 97, 116, 105, 111, 110, 92, 34, 41, 92, 110, 32, 32, 32, 32, 32, 32, 32, 32, 32, 32, 32, 32, 32, 32, 32, 32, 32, 32, 32, 32, 32, 32, 32, 32, 32, 32, 32, 32, 32, 32, 32, 32, 32, 32, 32, 94, 92, 110, 32, 32, 32, 32, 32, 32, 32, 32, 32, 32, 32, 32, 32, 32, 32, 32, 32, 32, 32, 32, 32, 32, 32, 32, 32, 32, 32, 32, 32, 32, 32, 32, 32, 32, 32, 36, 92, 110, 92, 47, 85, 115, 101, 114, 115, 92, 47, 114, 117, 110, 110, 101, 114, 92, 47, 119, 111, 114, 107, 92, 47, 105, 111, 115, 65, 112, 112, 92, 47, 105, 111, 115, 65, 112, 112, 92, 47, 105, 111, 115, 65, 112, 112, 92, 47, 86, 105, 101, 119, 115, 92, 47, 83, 99, 114, 101, 101, 110, 115, 92, 47, 78, 111, 116, 105, 102, 105, 99, 97, 116, 105, 111, 110, 115, 92, 47, 83, 121, 115, 116, 101, 109, 78, 111, 116, 105, 102, 105, 99, 97, 116, 105, 111, 110, 115, 86, 105, 101, 119, 46, 115, 119, 105, 102, 116, 58, 51, 54, 53, 58, 56, 48, 58, 32, 101, 114, 114, 111, 114, 58, 32, 118, 97, 108, 117, 101, 32, 111, 102, 32, 116, 121, 112, 101, 32, 39, 65, 100, 109, 105, 110, 86, 105, 101, 119, 77, 111, 100, 101, 108, 39, 32, 104, 97, 115, 32, 110, 111, 32, 100, 121, 110, 97, 109, 105, 99, 32, 109, 101, 109, 98, 101, 114, 32, 39, 117, 115, 101, 114, 39, 32, 117, 115, 105, 110, 103, 32, 107, 101, 121, 32, 112, 97, 116, 104, 32, 102, 114, 111, 109, 32, 114, 111, 111, 116, 32, 116, 121, 112, 101, 32, 39, 65, 100, 109, 105, 110, 86, 105, 101, 119, 77, 111, 100, 101, 108, 39, 92, 110, 32, 32, 32, 32, 32, 32, 32, 32, 108, 101, 116, 32, 117, 114, 108, 83, 116, 114, 32, 61, 32, 92, 34, 92, 92, 40, 70, 105, 114, 101, 98, 97, 115, 101, 67, 111, 110, 102, 105, 103, 46, 102, 105, 114, 101, 115, 116, 111, 114, 101, 66, 97, 115, 101, 85, 114, 108, 41, 92, 47, 99, 111, 109, 112, 97, 110, 105, 101, 115, 92, 47, 92, 92, 40, 118, 105, 101, 119, 77, 111, 100, 101, 108, 46, 117, 115, 101, 114, 46, 99, 111, 109, 112, 97, 110, 121, 73, 100, 41, 92, 47, 110, 111, 116, 105, 102, 105, 99, 97, 116, 105, 111, 110, 115, 92, 47, 92, 92, 40, 105, 100, 41, 92, 34, 92, 110, 32, 32, 32, 32, 32, 32, 32, 32, 32, 32, 32, 32, 32, 32, 32, 32, 32, 32, 32, 32, 32, 32, 32, 32, 32, 32, 32, 32, 32, 32, 32, 32, 32, 32, 32, 32, 32, 32, 32, 32, 32, 32, 32, 32, 32, 32, 32, 32, 32, 32, 32, 32, 32, 32, 32, 32, 32, 32, 32, 32, 32, 32, 32, 32, 32, 32, 32, 32, 32, 126, 126, 126, 126, 126, 126, 126, 126, 126, 32, 94, 126, 126, 126, 92, 110, 92, 47, 85, 115, 101, 114, 115, 92, 47, 114, 117, 110, 110, 101, 114, 92, 47, 119, 111, 114, 107, 92, 47, 105, 111, 115, 65, 112, 112, 92, 47, 105, 111, 115, 65, 112, 112, 92, 47, 105, 111, 115, 65, 112, 112, 92, 47, 86, 105, 101, 119, 115, 92, 47, 83, 99, 114, 101, 101, 110, 115, 92, 47, 78, 111, 116, 105, 102, 105, 99, 97, 116, 105, 111, 110, 115, 92, 47, 83, 121, 115, 116, 101, 109, 78, 111, 116, 105, 102, 105, 99, 97, 116, 105, 111, 110, 115, 86, 105, 101, 119, 46, 115, 119, 105, 102, 116, 58, 51, 54, 53, 58, 55, 48, 58, 32, 101, 114, 114, 111, 114, 58, 32, 114, 101, 102, 101, 114, 101, 110, 99, 105, 110, 103, 32, 115, 117, 98, 115, 99, 114, 105, 112, 116, 32, 39, 115, 117, 98, 115, 99, 114, 105, 112, 116, 40, 100, 121, 110, 97, 109, 105, 99, 77, 101, 109, 98, 101, 114, 58, 41, 39, 32, 114, 101, 113, 117, 105, 114, 101, 115, 32, 119, 114, 97, 112, 112, 101, 114, 32, 39, 79, 98, 115, 101, 114, 118, 101, 100, 79, 98, 106, 101, 99, 116, 60, 65, 100, 109, 105, 110, 86, 105, 101, 119, 77, 111, 100, 101, 108, 62, 46, 87, 114, 97, 112, 112, 101, 114, 39, 92, 110, 32, 32, 32, 32, 32, 32, 32, 32, 108, 101, 116, 32, 117, 114, 108, 83, 116, 114, 32, 61, 32, 92, 34, 92, 92, 40, 70, 105, 114, 101, 98, 97, 115, 101, 67, 111, 110, 102, 105, 103, 46, 102, 105, 114, 101, 115, 116, 111, 114, 101, 66, 97, 115, 101, 85, 114, 108, 41, 92, 47, 99, 111, 109, 112, 97, 110, 105, 101, 115, 92, 47, 92, 92, 40, 118, 105, 101, 119, 77, 111, 100, 101, 108, 46, 117, 115, 101, 114, 46, 99, 111, 109, 112, 97, 110, 121, 73, 100, 41, 92, 47, 110, 111, 116, 105, 102, 105, 99, 97, 116, 105, 111, 110, 115, 92, 47, 92, 92, 40, 105, 100, 41, 92, 34, 92, 110, 32, 32, 32, 32, 32, 32, 32, 32, 32, 32, 32, 32, 32, 32, 32, 32, 32, 32, 32, 32, 32, 32, 32, 32, 32, 32, 32, 32, 32, 32, 32, 32, 32, 32, 32, 32, 32, 32, 32, 32, 32, 32, 32, 32, 32, 32, 32, 32, 32, 32, 32, 32, 32, 32, 32, 32, 32, 32, 32, 32, 32, 32, 32, 32, 32, 32, 32, 32, 32, 94, 92, 110, 32, 32, 32, 32, 32, 32, 32, 32, 32, 32, 32, 32, 32, 32, 32, 32, 32, 32, 32, 32, 32, 32, 32, 32, 32, 32, 32, 32, 32, 32, 32, 32, 32, 32, 32, 32, 32, 32, 32, 32, 32, 32, 32, 32, 32, 32, 32, 32, 32, 32, 32, 32, 32, 32, 32, 32, 32, 32, 32, 32, 32, 32, 32, 32, 32, 32, 32, 32, 32, 36, 92, 110, 92, 47, 85, 115, 101, 114, 115, 92, 47, 114, 117, 110, 110, 101, 114, 92, 47, 119, 111, 114, 107, 92, 47, 105, 111, 115, 65, 112, 112, 92, 47, 105, 111, 115, 65, 112, 112, 92, 47, 105, 111, 115, 65, 112, 112, 92, 47, 86, 105, 101, 119, 115, 92, 47, 83, 99, 114, 101, 101, 110, 115, 92, 47, 78, 111, 116, 105, 102, 105, 99, 97, 116, 105, 111, 110, 115, 92, 47, 83, 121, 115, 116, 101, 109, 78, 111, 116, 105, 102, 105, 99, 97, 116, 105, 111, 110, 115, 86, 105, 101, 119, 46, 115, 119, 105, 102, 116, 58, 51, 55, 48, 58, 52, 54, 58, 32, 101, 114, 114, 111, 114, 58, 32, 118, 97, 108, 117, 101, 32, 111, 102, 32, 116, 121, 112, 101, 32, 39, 65, 100, 109, 105, 110, 86, 105, 101, 119, 77, 111, 100, 101, 108, 39, 32, 104, 97, 115, 32, 110, 111, 32, 100, 121, 110, 97, 109, 105, 99, 32, 109, 101, 109, 98, 101, 114, 32, 39, 97, 117, 116, 104, 84, 111, 107, 101, 110, 39, 32, 117, 115, 105, 110, 103, 32, 107, 101, 121, 32, 112, 97, 116, 104, 32, 102, 114, 111, 109, 32, 114, 111, 111, 116, 32, 116, 121, 112, 101, 32, 39, 65, 100, 109, 105, 110, 86, 105, 101, 119, 77, 111, 100, 101, 108, 39, 92, 110, 32, 32, 32, 32, 32, 32, 32, 32, 114, 101, 113, 117, 101, 115, 116, 46, 115, 101, 116, 86, 97, 108, 117, 101, 40, 92, 34, 66, 101, 97, 114, 101, 114, 32, 92, 92, 40, 118, 105, 101, 119, 77, 111, 100, 101, 108, 46, 97, 117, 116, 104, 84, 111, 107, 101, 110, 41, 92, 34, 44, 32, 102, 111, 114, 72, 84, 84, 80, 72, 101, 97, 100, 101, 114, 70, 105, 101, 108, 100, 58, 32, 92, 34, 65, 117, 116, 104, 111, 114, 105, 122, 97, 116, 105, 111, 110, 92, 34, 41, 92, 110, 32, 32, 32, 32, 32, 32, 32, 32, 32, 32, 32, 32, 32, 32, 32, 32, 32, 32, 32, 32, 32, 32, 32, 32, 32, 32, 32, 32, 32, 32, 32, 32, 32, 32, 32, 126, 126, 126, 126, 126, 126, 126, 126, 126, 32, 94, 126, 126, 126, 126, 126, 126, 126, 126, 92, 110, 92, 47, 85, 115, 101, 114, 115, 92, 47, 114, 117, 110, 110, 101, 114, 92, 47, 119, 111, 114, 107, 92, 47, 105, 111, 115, 65, 112, 112, 92, 47, 105, 111, 115, 65, 112, 112, 92, 47, 105, 111, 115, 65, 112, 112, 92, 47, 86, 105, 101, 119, 115, 92, 47, 83, 99, 114, 101, 101, 110, 115, 92, 47, 78, 111, 116, 105, 102, 105, 99, 97, 116, 105, 111, 110, 115, 92, 47, 83, 121, 115, 116, 101, 109, 78, 111, 116, 105, 102, 105, 99, 97, 116, 105, 111, 110, 115, 86, 105, 101, 119, 46, 115, 119, 105, 102, 116, 58, 51, 55, 48, 58, 51, 54, 58, 32, 101, 114, 114, 111, 114, 58, 32, 114, 101, 102, 101, 114, 101, 110, 99, 105, 110, 103, 32, 115, 117, 98, 115, 99, 114, 105, 112, 116, 32, 39, 115, 117, 98, 115, 99, 114, 105, 112, 116, 40, 100, 121, 110, 97, 109, 105, 99, 77, 101, 109, 98, 101, 114, 58, 41, 39, 32, 114, 101, 113, 117, 105, 114, 101, 115, 32, 119, 114, 97, 112, 112, 101, 114, 32, 39, 79, 98, 115, 101, 114, 118, 101, 100, 79, 98, 106, 101, 99, 116, 60, 65, 100, 109, 105, 110, 86, 105, 101, 119, 77, 111, 100, 101, 108, 62, 46, 87, 114, 97, 112, 112, 101, 114, 39, 92, 110, 32, 32, 32, 32, 32, 32, 32, 32, 114, 101, 113, 117, 101, 115, 116, 46, 115, 101, 116, 86, 97, 108, 117, 101, 40, 92, 34, 66, 101, 97, 114, 101, 114, 32, 92, 92, 40, 118, 105, 101, 119, 77, 111, 100, 101, 108, 46, 97, 117, 116, 104, 84, 111, 107, 101, 110, 41, 92, 34, 44, 32, 102, 111, 114, 72, 84, 84, 80, 72, 101, 97, 100, 101, 114, 70, 105, 101, 108, 100, 58, 32, 92, 34, 65, 117, 116, 104, 111, 114, 105, 122, 97, 116, 105, 111, 110, 92, 34, 41, 92, 110, 32, 32, 32, 32, 32, 32, 32, 32, 32, 32, 32, 32, 32, 32, 32, 32, 32, 32, 32, 32, 32, 32, 32, 32, 32, 32, 32, 32, 32, 32, 32, 32, 32, 32, 32, 94, 92, 110, 32, 32, 32, 32, 32, 32, 32, 32, 32, 32, 32, 32, 32, 32, 32, 32, 32, 32, 32, 32, 32, 32, 32, 32, 32, 32, 32, 32, 32, 32, 32, 32, 32, 32, 32, 36, 92, 110, 92, 47, 85, 115, 101, 114, 115, 92, 47, 114, 117, 110, 110, 101, 114, 92, 47, 119, 111, 114, 107, 92, 47, 105, 111, 115, 65, 112, 112, 92, 47, 105, 111, 115, 65, 112, 112, 92, 47, 105, 111, 115, 65, 112, 112, 92, 47, 86, 105, 101, 119, 115, 92, 47, 83, 99, 114, 101, 101, 110, 115, 92, 47, 83, 101, 116, 116, 105, 110, 103, 115, 92, 47, 83, 121, 115, 116, 101, 109, 83, 101, 116, 116, 105, 110, 103, 115, 86, 105, 101, 119, 46, 115, 119, 105, 102, 116, 58, 50, 52, 56, 58, 55, 52, 58, 32, 101, 114, 114, 111, 114, 58, 32, 101, 120, 116, 114, 97, 32, 97, 114, 103, 117, 109, 101, 110, 116, 32, 105, 110, 32, 99, 97, 108, 108, 92, 110, 32, 32, 32, 32, 32, 32, 32, 32, 32, 32, 32, 32, 32, 32, 32, 32, 32, 32, 32, 32, 115, 101, 108, 102, 46, 99, 111, 109, 112, 97, 110, 121, 78, 97, 109, 101, 32, 61, 32, 70, 105, 114, 101, 115, 116, 111, 114, 101, 72, 101, 108, 112, 101, 114, 46, 103, 101, 116, 83, 116, 114, 105, 110, 103, 40, 102, 105, 101, 108, 100, 115, 44, 32, 92, 34, 99, 111, 109, 112, 97, 110, 121, 78, 97, 109, 101, 92, 34, 41, 92, 110, 32, 32, 32, 32, 32, 32, 32, 32, 32, 32, 32, 32, 32, 32, 32, 32, 32, 32, 32, 32, 32, 32, 32, 32, 32, 32, 32, 32, 32, 32, 32, 32, 32, 32, 32, 32, 32, 32, 32, 32, 32, 32, 32, 32, 32, 32, 32, 32, 32, 32, 32, 32, 32, 32, 32, 32, 32, 32, 32, 32, 32, 32, 32, 32, 126, 126, 126, 126, 126, 126, 126, 126, 126, 94, 126, 126, 126, 126, 126, 126, 126, 126, 126, 126, 126, 126, 126, 92, 110, 92, 47, 85, 115, 101, 114, 115, 92, 47, 114, 117, 110, 110, 101, 114, 92, 47, 119, 111, 114, 107, 92, 47, 105, 111, 115, 65, 112, 112, 92, 47, 105, 111, 115, 65, 112, 112, 92, 47, 105, 111, 115, 65, 112, 112, 92, 47, 86, 105, 101, 119, 77, 111, 100, 101, 108, 115, 92, 47, 65, 100, 109, 105, 110, 86, 105, 101, 119, 77, 111, 100, 101, 108, 46, 115, 119, 105, 102, 116, 58, 51, 56, 50, 58, 50, 57, 58, 32, 119, 97, 114, 110, 105, 110, 103, 58, 32, 105, 110, 105, 116, 105, 97, 108, 105, 122, 97, 116, 105, 111, 110, 32, 111, 102, 32, 105, 109, 109, 117, 116, 97, 98, 108, 101, 32, 118, 97, 108, 117, 101, 32, 39, 105, 100, 39, 32, 119, 97, 115, 32, 110, 101, 118, 101, 114, 32, 117, 115, 101, 100, 59, 32, 99, 111, 110, 115, 105, 100, 101, 114, 32, 114, 101, 112, 108, 97, 99, 105, 110, 103, 32, 119, 105, 116, 104, 32, 97, 115, 115, 105, 103, 110, 109, 101, 110, 116, 32, 116, 111, 32, 39, 95, 39, 32, 111, 114, 32, 114, 101, 109, 111, 118, 105, 110, 103, 32, 105, 116, 92, 110, 32, 32, 32, 32, 32, 32, 32, 32, 32, 32, 32, 32, 32, 32, 32, 32, 32, 32, 32, 32, 32, 32, 32, 32, 108, 101, 116, 32, 105, 100, 32, 61, 32, 110, 97, 109, 101, 46, 99, 111, 109, 112, 111, 110, 101, 110, 116, 115, 40, 115, 101, 112, 97, 114, 97, 116, 101, 100, 66, 121, 58, 32, 92, 34, 92, 47, 92, 34, 41, 46, 108, 97, 115, 116, 32, 63, 63, 32, 92, 34, 92, 34, 92, 110, 32, 32, 32, 32, 32, 32, 32, 32, 32, 32, 32, 32, 32, 32, 32, 32, 32, 32, 32, 32, 32, 32, 32, 32, 126, 126, 126, 126, 94, 126, 92, 110, 32, 32, 32, 32, 32, 32, 32, 32, 32, 32, 32, 32, 32, 32, 32, 32, 32, 32, 32, 32, 32, 32, 32, 32, 95, 92, 110, 92, 47, 85, 115, 101, 114, 115, 92, 47, 114, 117, 110, 110, 101, 114, 92, 47, 119, 111, 114, 107, 92, 47, 105, 111, 115, 65, 112, 112, 92, 47, 105, 111, 115, 65, 112, 112, 92, 47, 105, 111, 115, 65, 112, 112, 92, 47, 86, 105, 101, 119, 77, 111, 100, 101, 108, 115, 92, 47, 65, 100, 109, 105, 110, 86, 105, 101, 119, 77, 111, 100, 101, 108, 46, 115, 119, 105, 102, 116, 58, 53, 54, 51, 58, 57, 58, 32, 101, 114, 114, 111, 114, 58, 32, 99, 97, 110, 110, 111, 116, 32, 102, 105, 110, 100, 32, 39, 105, 115, 76, 111, 97, 100, 105, 110, 103, 67, 111, 110, 102, 105, 103, 39, 32, 105, 110, 32, 115, 99, 111, 112, 101, 92, 110, 32, 32, 32, 32, 32, 32, 32, 32, 105, 115, 76, 111, 97, 100, 105, 110, 103, 67, 111, 110, 102, 105, 103, 32, 61, 32, 116, 114, 117, 101, 92, 110, 32, 32, 32, 32, 32, 32, 32, 32, 94, 126, 126, 126, 126, 126, 126, 126, 126, 126, 126, 126, 126, 126, 126, 92, 110, 92, 47, 85, 115, 101, 114, 115, 92, 47, 114, 117, 110, 110, 101, 114, 92, 47, 119, 111, 114, 107, 92, 47, 105, 111, 115, 65, 112, 112, 92, 47, 105, 111, 115, 65, 112, 112, 92, 47, 105, 111, 115, 65, 112, 112, 92, 47, 86, 105, 101, 119, 77, 111, 100, 101, 108, 115, 92, 47, 65, 100, 109, 105, 110, 86, 105, 101, 119, 77, 111, 100, 101, 108, 46, 115, 119, 105, 102, 116, 58, 53, 54, 52, 58, 50, 48, 58, 32, 101, 114, 114, 111, 114, 58, 32, 99, 97, 110, 110, 111, 116, 32, 102, 105, 110, 100, 32, 39, 115, 101, 108, 102, 39, 32, 105, 110, 32, 115, 99, 111, 112, 101, 59, 32, 100, 105, 100, 32, 121, 111, 117, 32, 109, 101, 97, 110, 32, 116, 111, 32, 117, 115, 101, 32, 105, 116, 32, 105, 110, 32, 97, 32, 116, 121, 112, 101, 32, 111, 114, 32, 101, 120, 116, 101, 110, 115, 105, 111, 110, 32, 99, 111, 110, 116, 101, 120, 116, 63, 92, 110, 32, 32, 32, 32, 32, 32, 32, 32, 108, 101, 116, 32, 99, 111, 109, 112, 32, 61, 32, 115, 101, 108, 102, 46, 99, 111, 109, 112, 97, 110, 121, 73, 100, 46, 105, 115, 69, 109, 112, 116, 121, 32, 63, 32, 92, 34, 83, 71, 67, 79, 79, 80, 92, 34, 32, 58, 32, 115, 101, 108, 102, 46, 99, 111, 109, 112, 97, 110, 121, 73, 100, 92, 110, 32, 32, 32, 32, 32, 32, 32, 32, 32, 32, 32, 32, 32, 32, 32, 32, 32, 32, 32, 94, 126, 126, 126, 92, 110, 92, 47, 85, 115, 101, 114, 115, 92, 47, 114, 117, 110, 110, 101, 114, 92, 47, 119, 111, 114, 107, 92, 47, 105, 111, 115, 65, 112, 112, 92, 47, 105, 111, 115, 65, 112, 112, 92, 47, 105, 111, 115, 65, 112, 112, 92, 47, 86, 105, 101, 119, 77, 111, 100, 101, 108, 115, 92, 47, 65, 100, 109, 105, 110, 86, 105, 101, 119, 77, 111, 100, 101, 108, 46, 115, 119, 105, 102, 116, 58, 53, 54, 52, 58, 53, 54, 58, 32, 101, 114, 114, 111, 114, 58, 32, 99, 97, 110, 110, 111, 116, 32, 102, 105, 110, 100, 32, 39, 115, 101, 108, 102, 39, 32, 105, 110, 32, 115, 99, 111, 112, 101, 59, 32, 100, 105, 100, 32, 121, 111, 117, 32, 109, 101, 97, 110, 32, 116, 111, 32, 117, 115, 101, 32, 105, 116, 32, 105, 110, 32, 97, 32, 116, 121, 112, 101, 32, 111, 114, 32, 101, 120, 116, 101, 110, 115, 105, 111, 110, 32, 99, 111, 110, 116, 101, 120, 116, 63, 92, 110, 32, 32, 32, 32, 32, 32, 32, 32, 108, 101, 116, 32, 99, 111, 109, 112, 32, 61, 32, 115, 101, 108, 102, 46, 99, 111, 109, 112, 97, 110, 121, 73, 100, 46, 105, 115, 69, 109, 112, 116, 121, 32, 63, 32, 92, 34, 83, 71, 67, 79, 79, 80, 92, 34, 32, 58, 32, 115, 101, 108, 102, 46, 99, 111, 109, 112, 97, 110, 121, 73, 100, 92, 110, 32, 32, 32, 32, 32, 32, 32, 32, 32, 32, 32, 32, 32, 32, 32, 32, 32, 32, 32, 32, 32, 32, 32, 32, 32, 32, 32, 32, 32, 32, 32, 32, 32, 32, 32, 32, 32, 32, 32, 32, 32, 32, 32, 32, 32, 32, 32, 32, 32, 32, 32, 32, 32, 32, 32, 94, 126, 126, 126, 92, 110, 92, 47, 85, 115, 101, 114, 115, 92, 47, 114, 117, 110, 110, 101, 114, 92, 47, 119, 111, 114, 107, 92, 47, 105, 111, 115, 65, 112, 112, 92, 47, 105, 111, 115, 65, 112, 112, 92, 47, 105, 111, 115, 65, 112, 112, 92, 47, 86, 105, 101, 119, 77, 111, 100, 101, 108, 115, 92, 47, 65, 100, 109, 105, 110, 86, 105, 101, 119, 77, 111, 100, 101, 108, 46, 115, 119, 105, 102, 116, 58, 53, 54, 55, 58, 49, 51, 58, 32, 101, 114, 114, 111, 114, 58, 32, 99, 97, 110, 110, 111, 116, 32, 102, 105, 110, 100, 32, 39, 115, 101, 108, 102, 39, 32, 105, 110, 32, 115, 99, 111, 112, 101, 59, 32, 100, 105, 100, 32, 121, 111, 117, 32, 109, 101, 97, 110, 32, 116, 111, 32, 117, 115, 101, 32, 105, 116, 32, 105, 110, 32, 97, 32, 116, 121, 112, 101, 32, 111, 114, 32, 101, 120, 116, 101, 110, 115, 105, 111, 110, 32, 99, 111, 110, 116, 101, 120, 116, 63, 92, 110, 32, 32, 32, 32, 32, 32, 32, 32, 32, 32, 32, 32, 115, 101, 108, 102, 46, 105, 115, 76, 111, 97, 100, 105, 110, 103, 67, 111, 110, 102, 105, 103, 32, 61, 32, 102, 97, 108, 115, 101, 92, 110, 32, 32, 32, 32, 32, 32, 32, 32, 32, 32, 32, 32, 94, 126, 126, 126, 92, 110, 92, 47, 85, 115, 101, 114, 115, 92, 47, 114, 117, 110, 110, 101, 114, 92, 47, 119, 111, 114, 107, 92, 47, 105, 111, 115, 65, 112, 112, 92, 47, 105, 111, 115, 65, 112, 112, 92, 47, 105, 111, 115, 65, 112, 112, 92, 47, 86, 105, 101, 119, 77, 111, 100, 101, 108, 115, 92, 47, 65, 100, 109, 105, 110, 86, 105, 101, 119, 77, 111, 100, 101, 108, 46, 115, 119, 105, 102, 116, 58, 53, 55, 51, 58, 49, 51, 58, 32, 101, 114, 114, 111, 114, 58, 32, 99, 97, 110, 110, 111, 116, 32, 102, 105, 110, 100, 32, 39, 105, 100, 84, 111, 107, 101, 110, 39, 32, 105, 110, 32, 115, 99, 111, 112, 101, 92, 110, 32, 32, 32, 32, 32, 32, 32, 32, 105, 102, 32, 33, 105, 100, 84, 111, 107, 101, 110, 46, 105, 115, 69, 109, 112, 116, 121, 32, 123, 32, 114, 101, 113, 117, 101, 115, 116, 46, 115, 101, 116, 86, 97, 108, 117, 101, 40, 92, 34, 66, 101, 97, 114, 101, 114, 32, 92, 92, 40, 105, 100, 84, 111, 107, 101, 110, 41, 92, 34, 44, 32, 102, 111, 114, 72, 84, 84, 80, 72, 101, 97, 100, 101, 114, 70, 105, 101, 108, 100, 58, 32, 92, 34, 65, 117, 116, 104, 111, 114, 105, 122, 97, 116, 105, 111, 110, 92, 34, 41, 32, 125, 92, 110, 32, 32, 32, 32, 32, 32, 32, 32, 32, 32, 32, 32, 94, 126, 126, 126, 126, 126, 126, 92, 110, 92, 47, 85, 115, 101, 114, 115, 92, 47, 114, 117, 110, 110, 101, 114, 92, 47, 119, 111, 114, 107, 92, 47, 105, 111, 115, 65, 112, 112, 92, 47, 105, 111, 115, 65, 112, 112, 92, 47, 105, 111, 115, 65, 112, 112, 92, 47, 86, 105, 101, 119, 77, 111, 100, 101, 108, 115, 92, 47, 65, 100, 109, 105, 110, 86, 105, 101, 119, 77, 111, 100, 101, 108, 46, 115, 119, 105, 102, 116, 58, 53, 55, 51, 58, 53, 56, 58, 32, 101, 114, 114, 111, 114, 58, 32, 99, 97, 110, 110, 111, 116, 32, 102, 105, 110, 100, 32, 39, 105, 100, 84, 111, 107, 101, 110, 39, 32, 105, 110, 32, 115, 99, 111, 112, 101, 92, 110, 32, 32, 32, 32, 32, 32, 32, 32, 105, 102, 32, 33, 105, 100, 84, 111, 107, 101, 110, 46, 105, 115, 69, 109, 112, 116, 121, 32, 123, 32, 114, 101, 113, 117, 101, 115, 116, 46, 115, 101, 116, 86, 97, 108, 117, 101, 40, 92, 34, 66, 101, 97, 114, 101, 114, 32, 92, 92, 40, 105, 100, 84, 111, 107, 101, 110, 41, 92, 34, 44, 32, 102, 111, 114, 72, 84, 84, 80, 72, 101, 97, 100, 101, 114, 70, 105, 101, 108, 100, 58, 32, 92, 34, 65, 117, 116, 104, 111, 114, 105, 122, 97, 116, 105, 111, 110, 92, 34, 41, 32, 125, 92, 110, 32, 32, 32, 32, 32, 32, 32, 32, 32, 32, 32, 32, 32, 32, 32, 32, 32, 32, 32, 32, 32, 32, 32, 32, 32, 32, 32, 32, 32, 32, 32, 32, 32, 32, 32, 32, 32, 32, 32, 32, 32, 32, 32, 32, 32, 32, 32, 32, 32, 32, 32, 32, 32, 32, 32, 32, 32, 94, 126, 126, 126, 126, 126, 126, 92, 110, 92, 47, 85, 115, 101, 114, 115, 92, 47, 114, 117, 110, 110, 101, 114, 92, 47, 119, 111, 114, 107, 92, 47, 105, 111, 115, 65, 112, 112, 92, 47, 105, 111, 115, 65, 112, 112, 92, 47, 105, 111, 115, 65, 112, 112, 92, 47, 86, 105, 101, 119, 77, 111, 100, 101, 108, 115, 92, 47, 65, 100, 109, 105, 110, 86, 105, 101, 119, 77, 111, 100, 101, 108, 46, 115, 119, 105, 102, 116, 58, 53, 56, 48, 58, 49, 55, 58, 32, 101, 114, 114, 111, 114, 58, 32, 99, 97, 110, 110, 111, 116, 32, 102, 105, 110, 100, 32, 39, 115, 101, 108, 102, 39, 32, 105, 110, 32, 115, 99, 111, 112, 101, 59, 32, 100, 105, 100, 32, 121, 111, 117, 32, 109, 101, 97, 110, 32, 116, 111, 32, 117, 115, 101, 32, 105, 116, 32, 105, 110, 32, 97, 32, 116, 121, 112, 101, 32, 111, 114, 32, 101, 120, 116, 101, 110, 115, 105, 111, 110, 32, 99, 111, 110, 116, 101, 120, 116, 63, 92, 110, 32, 32, 32, 32, 32, 32, 32, 32, 32, 32, 32, 32, 32, 32, 32, 32, 115, 101, 108, 102, 46, 115, 121, 115, 116, 101, 109, 67, 111, 110, 102, 105, 103, 32, 61, 32, 83, 121, 115, 116, 101, 109, 67, 111, 110, 102, 105, 103, 40, 92, 110, 32, 32, 32, 32, 32, 32, 32, 32, 32, 32, 32, 32, 32, 32, 32, 32, 94, 126, 126, 126, 92, 110, 92, 47, 85, 115, 101, 114, 115, 92, 47, 114, 117, 110, 110, 101, 114, 92, 47, 119, 111, 114, 107, 92, 47, 105, 111, 115, 65, 112, 112, 92, 47, 105, 111, 115, 65, 112, 112, 92, 47, 105, 111, 115, 65, 112, 112, 92, 47, 86, 105, 101, 119, 77, 111, 100, 101, 108, 115, 92, 47, 65, 100, 109, 105, 110, 86, 105, 101, 119, 77, 111, 100, 101, 108, 46, 115, 119, 105, 102, 116, 58, 53, 57, 48, 58, 49, 55, 58, 32, 101, 114, 114, 111, 114, 58, 32, 99, 97, 110, 110, 111, 116, 32, 102, 105, 110, 100, 32, 39, 115, 101, 108, 102, 39, 32, 105, 110, 32, 115, 99, 111, 112, 101, 59, 32, 100, 105, 100, 32, 121, 111, 117, 32, 109, 101, 97, 110, 32, 116, 111, 32, 117, 115, 101, 32, 105, 116, 32, 105, 110, 32, 97, 32, 116, 121, 112, 101, 32, 111, 114, 32, 101, 120, 116, 101, 110, 115, 105, 111, 110, 32, 99, 111, 110, 116, 101, 120, 116, 63, 92, 110, 32, 32, 32, 32, 32, 32, 32, 32, 32, 32, 32, 32, 32, 32, 32, 32, 115, 101, 108, 102, 46, 115, 121, 115, 116, 101, 109, 67, 111, 110, 102, 105, 103, 32, 61, 32, 83, 121, 115, 116, 101, 109, 67, 111, 110, 102, 105, 103, 40, 99, 111, 109, 112, 97, 110, 121, 78, 97, 109, 101, 58, 32, 92, 34, 67, 195, 180, 110, 103, 32, 116, 121, 32, 109, 225, 186, 183, 99, 32, 196, 145, 225, 187, 139, 110, 104, 92, 34, 44, 32, 103, 112, 115, 82, 97, 100, 105, 117, 115, 77, 101, 116, 101, 114, 115, 58, 32, 49, 53, 48, 44, 32, 115, 108, 97, 85, 114, 103, 101, 110, 116, 72, 111, 117, 114, 115, 58, 32, 50, 44, 32, 115, 108, 97, 72, 105, 103, 104, 72, 111, 117, 114, 115, 58, 32, 52, 44, 32, 115, 108, 97, 78, 111, 114, 109, 97, 108, 72, 111, 117, 114, 115, 58, 32, 56, 44, 32, 97, 108, 108, 111, 119, 82, 101, 109, 111, 116, 101, 67, 104, 101, 99, 107, 105, 110, 58, 32, 102, 97, 108, 115, 101, 41, 92, 110, 92, 47, 85, 115, 101, 114, 115, 92, 47, 114, 117, 110, 110, 101, 114, 92, 47, 119, 111, 114, 107, 92, 47, 105, 111, 115, 65, 112, 112, 92, 47, 105, 111, 115, 65, 112, 112, 92, 47, 105, 111, 115, 65, 112, 112, 92, 47, 86, 105, 101, 119, 77, 111, 100, 101, 108, 115, 92, 47, 65, 100, 109, 105, 110, 86, 105, 101, 119, 77, 111, 100, 101, 108, 46, 115, 119, 105, 102, 116, 58, 53, 57, 53, 58, 57, 58, 32, 101, 114, 114, 111, 114, 58, 32, 99, 97, 110, 110, 111, 116, 32, 102, 105, 110, 100, 32, 39, 115, 101, 108, 102, 39, 32, 105, 110, 32, 115, 99, 111, 112, 101, 59, 32, 100, 105, 100, 32, 121, 111, 117, 32, 109, 101, 97, 110, 32, 116, 111, 32, 117, 115, 101, 32, 105, 116, 32, 105, 110, 32, 97, 32, 116, 121, 112, 101, 32, 111, 114, 32, 101, 120, 116, 101, 110, 115, 105, 111, 110, 32, 99, 111, 110, 116, 101, 120, 116, 63, 92, 110, 32, 32, 32, 32, 32, 32, 32, 32, 115, 101, 108, 102, 46, 105, 115, 76, 111, 97, 100, 105, 110, 103, 67, 111, 110, 102, 105, 103, 32, 61, 32, 102, 97, 108, 115, 101, 92, 110, 32, 32, 32, 32, 32, 32, 32, 32, 94, 126, 126, 126, 92, 110, 92, 47, 85, 115, 101, 114, 115, 92, 47, 114, 117, 110, 110, 101, 114, 92, 47, 119, 111, 114, 107, 92, 47, 105, 111, 115, 65, 112, 112, 92, 47, 105, 111, 115, 65, 112, 112, 92, 47, 105, 111, 115, 65, 112, 112, 92, 47, 86, 105, 101, 119, 77, 111, 100, 101, 108, 115, 92, 47, 65, 100, 109, 105, 110, 86, 105, 101, 119, 77, 111, 100, 101, 108, 46, 115, 119, 105, 102, 116, 58, 53, 57, 57, 58, 57, 58, 32, 101, 114, 114, 111, 114, 58, 32, 99, 97, 110, 110, 111, 116, 32, 102, 105, 110, 100, 32, 39, 105, 115, 76, 111, 97, 100, 105, 110, 103, 67, 111, 110, 102, 105, 103, 39, 32, 105, 110, 32, 115, 99, 111, 112, 101, 92, 110, 32, 32, 32, 32, 32, 32, 32, 32, 105, 115, 76, 111, 97, 100, 105, 110, 103, 67, 111, 110, 102, 105, 103, 32, 61, 32, 116, 114, 117, 101, 92, 110, 32, 32, 32, 32, 32, 32, 32, 32, 94, 126, 126, 126, 126, 126, 126, 126, 126, 126, 126, 126, 126, 126, 126, 92, 110, 92, 47, 85, 115, 101, 114, 115, 92, 47, 114, 117, 110, 110, 101, 114, 92, 47, 119, 111, 114, 107, 92, 47, 105, 111, 115, 65, 112, 112, 92, 47, 105, 111, 115, 65, 112, 112, 92, 47, 105, 111, 115, 65, 112, 112, 92, 47, 86, 105, 101, 119, 77, 111, 100, 101, 108, 115, 92, 47, 65, 100, 109, 105, 110, 86, 105, 101, 119, 77, 111, 100, 101, 108, 46, 115, 119, 105, 102, 116, 58, 54, 48, 48, 58, 50, 48, 58, 32, 101, 114, 114, 111, 114, 58, 32, 99, 97, 110, 110, 111, 116, 32, 102, 105, 110, 100, 32, 39, 115, 101, 108, 102, 39, 32, 105, 110, 32, 115, 99, 111, 112, 101, 59, 32, 100, 105, 100, 32, 121, 111, 117, 32, 109, 101, 97, 110, 32, 116, 111, 32, 117, 115, 101, 32, 105, 116, 32, 105, 110, 32, 97, 32, 116, 121, 112, 101, 32, 111, 114, 32, 101, 120, 116, 101, 110, 115, 105, 111, 110, 32, 99, 111, 110, 116, 101, 120, 116, 63, 92, 110, 32, 32, 32, 32, 32, 32, 32, 32, 108, 101, 116, 32, 99, 111, 109, 112, 32, 61, 32, 115, 101, 108, 102, 46, 99, 111, 109, 112, 97, 110, 121, 73, 100, 46, 105, 115, 69, 109, 112, 116, 121, 32, 63, 32, 92, 34, 83, 71, 67, 79, 79, 80, 92, 34, 32, 58, 32, 115, 101, 108, 102, 46, 99, 111, 109, 112, 97, 110, 121, 73, 100, 92, 110, 32, 32, 32, 32, 32, 32, 32, 32, 32, 32, 32, 32, 32, 32, 32, 32, 32, 32, 32, 94, 126, 126, 126, 92, 110, 92, 47, 85, 115, 101, 114, 115, 92, 47, 114, 117, 110, 110, 101, 114, 92, 47, 119, 111, 114, 107, 92, 47, 105, 111, 115, 65, 112, 112, 92, 47, 105, 111, 115, 65, 112, 112, 92, 47, 105, 111, 115, 65, 112, 112, 92, 47, 86, 105, 101, 119, 77, 111, 100, 101, 108, 115, 92, 47, 65, 100, 109, 105, 110, 86, 105, 101, 119, 77, 111, 100, 101, 108, 46, 115, 119, 105, 102, 116, 58, 54, 48, 48, 58, 53, 54, 58, 32, 101, 114, 114, 111, 114, 58, 32, 99, 97, 110, 110, 111, 116, 32, 102, 105, 110, 100, 32, 39, 115, 101, 108, 102, 39, 32, 105, 110, 32, 115, 99, 111, 112, 101, 59, 32, 100, 105, 100, 32, 121, 111, 117, 32, 109, 101, 97, 110, 32, 116, 111, 32, 117, 115, 101, 32, 105, 116, 32, 105, 110, 32, 97, 32, 116, 121, 112, 101, 32, 111, 114, 32, 101, 120, 116, 101, 110, 115, 105, 111, 110, 32, 99, 111, 110, 116, 101, 120, 116, 63, 92, 110, 32, 32, 32, 32, 32, 32, 32, 32, 108, 101, 116, 32, 99, 111, 109, 112, 32, 61, 32, 115, 101, 108, 102, 46, 99, 111, 109, 112, 97, 110, 121, 73, 100, 46, 105, 115, 69, 109, 112, 116, 121, 32, 63, 32, 92, 34, 83, 71, 67, 79, 79, 80, 92, 34, 32, 58, 32, 115, 101, 108, 102, 46, 99, 111, 109, 112, 97, 110, 121, 73, 100, 92, 110, 32, 32, 32, 32, 32, 32, 32, 32, 32, 32, 32, 32, 32, 32, 32, 32, 32, 32, 32, 32, 32, 32, 32, 32, 32, 32, 32, 32, 32, 32, 32, 32, 32, 32, 32, 32, 32, 32, 32, 32, 32, 32, 32, 32, 32, 32, 32, 32, 32, 32, 32, 32, 32, 32, 32, 94, 126, 126, 126, 92, 110, 92, 47, 85, 115, 101, 114, 115, 92, 47, 114, 117, 110, 110, 101, 114, 92, 47, 119, 111, 114, 107, 92, 47, 105, 111, 115, 65, 112, 112, 92, 47, 105, 111, 115, 65, 112, 112, 92, 47, 105, 111, 115, 65, 112, 112, 92, 47, 86, 105, 101, 119, 77, 111, 100, 101, 108, 115, 92, 47, 65, 100, 109, 105, 110, 86, 105, 101, 119, 77, 111, 100, 101, 108, 46, 115, 119, 105, 102, 116, 58, 54, 48, 55, 58, 49, 51, 58, 32, 101, 114, 114, 111, 114, 58, 32, 99, 97, 110, 110, 111, 116, 32, 102, 105, 110, 100, 32, 39, 105, 100, 84, 111, 107, 101, 110, 39, 32, 105, 110, 32, 115, 99, 111, 112, 101, 92, 110, 32, 32, 32, 32, 32, 32, 32, 32, 105, 102, 32, 33, 105, 100, 84, 111, 107, 101, 110, 46, 105, 115, 69, 109, 112, 116, 121, 32, 123, 32, 114, 101, 113, 117, 101, 115, 116, 46, 115, 101, 116, 86, 97, 108, 117, 101, 40, 92, 34, 66, 101, 97, 114, 101, 114, 32, 92, 92, 40, 105, 100, 84, 111, 107, 101, 110, 41, 92, 34, 44, 32, 102, 111, 114, 72, 84, 84, 80, 72, 101, 97, 100, 101, 114, 70, 105, 101, 108, 100, 58, 32, 92, 34, 65, 117, 116, 104, 111, 114, 105, 122, 97, 116, 105, 111, 110, 92, 34, 41, 32, 125, 92, 110, 32, 32, 32, 32, 32, 32, 32, 32, 32, 32, 32, 32, 94, 126, 126, 126, 126, 126, 126, 92, 110, 92, 47, 85, 115, 101, 114, 115, 92, 47, 114, 117, 110, 110, 101, 114, 92, 47, 119, 111, 114, 107, 92, 47, 105, 111, 115, 65, 112, 112, 92, 47, 105, 111, 115, 65, 112, 112, 92, 47, 105, 111, 115, 65, 112, 112, 92, 47, 86, 105, 101, 119, 77, 111, 100, 101, 108, 115, 92, 47, 65, 100, 109, 105, 110, 86, 105, 101, 119, 77, 111, 100, 101, 108, 46, 115, 119, 105, 102, 116, 58, 54, 48, 55, 58, 53, 56, 58, 32, 101, 114, 114, 111, 114, 58, 32, 99, 97, 110, 110, 111, 116, 32, 102, 105, 110, 100, 32, 39, 105, 100, 84, 111, 107, 101, 110, 39, 32, 105, 110, 32, 115, 99, 111, 112, 101, 92, 110, 32, 32, 32, 32, 32, 32, 32, 32, 105, 102, 32, 33, 105, 100, 84, 111, 107, 101, 110, 46, 105, 115, 69, 109, 112, 116, 121, 32, 123, 32, 114, 101, 113, 117, 101, 115, 116, 46, 115, 101, 116, 86, 97, 108, 117, 101, 40, 92, 34, 66, 101, 97, 114, 101, 114, 32, 92, 92, 40, 105, 100, 84, 111, 107, 101, 110, 41, 92, 34, 44, 32, 102, 111, 114, 72, 84, 84, 80, 72, 101, 97, 100, 101, 114, 70, 105, 101, 108, 100, 58, 32, 92, 34, 65, 117, 116, 104, 111, 114, 105, 122, 97, 116, 105, 111, 110, 92, 34, 41, 32, 125, 92, 110, 32, 32, 32, 32, 32, 32, 32, 32, 32, 32, 32, 32, 32, 32, 32, 32, 32, 32, 32, 32, 32, 32, 32, 32, 32, 32, 32, 32, 32, 32, 32, 32, 32, 32, 32, 32, 32, 32, 32, 32, 32, 32, 32, 32, 32, 32, 32, 32, 32, 32, 32, 32, 32, 32, 32, 32, 32, 94, 126, 126, 126, 126, 126, 126, 92, 110, 92, 47, 85, 115, 101, 114, 115, 92, 47, 114, 117, 110, 110, 101, 114, 92, 47, 119, 111, 114, 107, 92, 47, 105, 111, 115, 65, 112, 112, 92, 47, 105, 111, 115, 65, 112, 112, 92, 47, 105, 111, 115, 65, 112, 112, 92, 47, 86, 105, 101, 119, 77, 111, 100, 101, 108, 115, 92, 47, 65, 100, 109, 105, 110, 86, 105, 101, 119, 77, 111, 100, 101, 108, 46, 115, 119, 105, 102, 116, 58, 54, 50, 50, 58, 49, 54, 58, 32, 101, 114, 114, 111, 114, 58, 32, 99, 97, 110, 110, 111, 116, 32, 102, 105, 110, 100, 32, 39, 115, 101, 108, 102, 39, 32, 105, 110, 32, 115, 99, 111, 112, 101, 59, 32, 100, 105, 100, 32, 121, 111, 117, 32, 109, 101, 97, 110, 32, 116, 111, 32, 117, 115, 101, 32, 105, 116, 32, 105, 110, 32, 97, 32, 116, 121, 112, 101, 32, 111, 114, 32, 101, 120, 116, 101, 110, 115, 105, 111, 110, 32, 99, 111, 110, 116, 101, 120, 116, 63, 92, 110, 32, 32, 32, 32, 32, 32, 32, 32, 32, 32, 32, 32, 105, 102, 32, 115, 101, 108, 102, 46, 115, 121, 115, 116, 101, 109, 67, 111, 110, 102, 105, 103, 32, 33, 61, 32, 110, 105, 108, 32, 123, 92, 110, 32, 32, 32, 32, 32, 32, 32, 32, 32, 32, 32, 32, 32, 32, 32, 94, 126, 126, 126, 92, 110, 92, 47, 85, 115, 101, 114, 115, 92, 47, 114, 117, 110, 110, 101, 114, 92, 47, 119, 111, 114, 107, 92, 47, 105, 111, 115, 65, 112, 112, 92, 47, 105, 111, 115, 65, 112, 112, 92, 47, 105, 111, 115, 65, 112, 112, 92, 47, 86, 105, 101, 119, 77, 111, 100, 101, 108, 115, 92, 47, 65, 100, 109, 105, 110, 86, 105, 101, 119, 77, 111, 100, 101, 108, 46, 115, 119, 105, 102, 116, 58, 54, 50, 51, 58, 49, 55, 58, 32, 101, 114, 114, 111, 114, 58, 32, 99, 97, 110, 110, 111, 116, 32, 102, 105, 110, 100, 32, 39, 115, 101, 108, 102, 39, 32, 105, 110, 32, 115, 99, 111, 112, 101, 59, 32, 100, 105, 100, 32, 121, 111, 117, 32, 109, 101, 97, 110, 32, 116, 111, 32, 117, 115, 101, 32, 105, 116, 32, 105, 110, 32, 97, 32, 116, 121, 112, 101, 32, 111, 114, 32, 101, 120, 116, 101, 110, 115, 105, 111, 110, 32, 99, 111, 110, 116, 101, 120, 116, 63, 92, 110, 32, 32, 32, 32, 32, 32, 32, 32, 32, 32, 32, 32, 32, 32, 32, 32, 115, 101, 108, 102, 46, 115, 121, 115, 116, 101, 109, 67, 111, 110, 102, 105, 103, 63, 46, 99, 111, 109, 112, 97, 110, 121, 78, 97, 109, 101, 32, 61, 32, 99, 111, 109, 112, 97, 110, 121, 78, 97, 109, 101, 92, 110, 32, 32, 32, 32, 32, 32, 32, 32, 32, 32, 32, 32, 32, 32, 32, 32, 94, 126, 126, 126, 92, 110, 92, 47, 85, 115, 101, 114, 115, 92, 47, 114, 117, 110, 110, 101, 114, 92, 47, 119, 111, 114, 107, 92, 47, 105, 111, 115, 65, 112, 112, 92, 47, 105, 111, 115, 65, 112, 112, 92, 47, 105, 111, 115, 65, 112, 112, 92, 47, 86, 105, 101, 119, 77, 111, 100, 101, 108, 115, 92, 47, 65, 100, 109, 105, 110, 86, 105, 101, 119, 77, 111, 100, 101, 108, 46, 115, 119, 105, 102, 116, 58, 54, 50, 52, 58, 49, 55, 58, 32, 101, 114, 114, 111, 114, 58, 32, 99, 97, 110, 110, 111, 116, 32, 102, 105, 110, 100, 32, 39, 115, 101, 108, 102, 39, 32, 105, 110, 32, 115, 99, 111, 112, 101, 59, 32, 100, 105, 100, 32, 121, 111, 117, 32, 109, 101, 97, 110, 32, 116, 111, 32, 117, 115, 101, 32, 105, 116, 32, 105, 110, 32, 97, 32, 116, 121, 112, 101, 32, 111, 114, 32, 101, 120, 116, 101, 110, 115, 105, 111, 110, 32, 99, 111, 110, 116, 101, 120, 116, 63, 92, 110, 32, 32, 32, 32, 32, 32, 32, 32, 32, 32, 32, 32, 32, 32, 32, 32, 115, 101, 108, 102, 46, 115, 121, 115, 116, 101, 109, 67, 111, 110, 102, 105, 103, 63, 46, 103, 112, 115, 82, 97, 100, 105, 117, 115, 77, 101, 116, 101, 114, 115, 32, 61, 32, 103, 112, 115, 82, 97, 100, 105, 117, 115, 92, 110, 32, 32, 32, 32, 32, 32, 32, 32, 32, 32, 32, 32, 32, 32, 32, 32, 94, 126, 126, 126, 92, 110, 92, 47, 85, 115, 101, 114, 115, 92, 47, 114, 117, 110, 110, 101, 114, 92, 47, 119, 111, 114, 107, 92, 47, 105, 111, 115, 65, 112, 112, 92, 47, 105, 111, 115, 65, 112, 112, 92, 47, 105, 111, 115, 65, 112, 112, 92, 47, 86, 105, 101, 119, 77, 111, 100, 101, 108, 115, 92, 47, 65, 100, 109, 105, 110, 86, 105, 101, 119, 77, 111, 100, 101, 108, 46, 115, 119, 105, 102, 116, 58, 54, 50, 53, 58, 49, 55, 58, 32, 101, 114, 114, 111, 114, 58, 32, 99, 97, 110, 110, 111, 116, 32, 102, 105, 110, 100, 32, 39, 115, 101, 108, 102, 39, 32, 105, 110, 32, 115, 99, 111, 112, 101, 59, 32, 100, 105, 100, 32, 121, 111, 117, 32, 109, 101, 97, 110, 32, 116, 111, 32, 117, 115, 101, 32, 105, 116, 32, 105, 110, 32, 97, 32, 116, 121, 112, 101, 32, 111, 114, 32, 101, 120, 116, 101, 110, 115, 105, 111, 110, 32, 99, 111, 110, 116, 101, 120, 116, 63, 92, 110, 32, 32, 32, 32, 32, 32, 32, 32, 32, 32, 32, 32, 32, 32, 32, 32, 115, 101, 108, 102, 46, 115, 121, 115, 116, 101, 109, 67, 111, 110, 102, 105, 103, 63, 46, 115, 108, 97, 85, 114, 103, 101, 110, 116, 72, 111, 117, 114, 115, 32, 61, 32, 115, 108, 97, 85, 114, 103, 101, 110, 116, 72, 111, 117, 114, 115, 92, 110, 32, 32, 32, 32, 32, 32, 32, 32, 32, 32, 32, 32, 32, 32, 32, 32, 94, 126, 126, 126, 92, 110, 92, 47, 85, 115, 101, 114, 115, 92, 47, 114, 117, 110, 110, 101, 114, 92, 47, 119, 111, 114, 107, 92, 47, 105, 111, 115, 65, 112, 112, 92, 47, 105, 111, 115, 65, 112, 112, 92, 47, 105, 111, 115, 65, 112, 112, 92, 47, 86, 105, 101, 119, 77, 111, 100, 101, 108, 115, 92, 47, 65, 100, 109, 105, 110, 86, 105, 101, 119, 77, 111, 100, 101, 108, 46, 115, 119, 105, 102, 116, 58, 54, 50, 54, 58, 49, 55, 58, 32, 101, 114, 114, 111, 114, 58, 32, 99, 97, 110, 110, 111, 116, 32, 102, 105, 110, 100, 32, 39, 115, 101, 108, 102, 39, 32, 105, 110, 32, 115, 99, 111, 112, 101, 59, 32, 100, 105, 100, 32, 121, 111, 117, 32, 109, 101, 97, 110, 32, 116, 111, 32, 117, 115, 101, 32, 105, 116, 32, 105, 110, 32, 97, 32, 116, 121, 112, 101, 32, 111, 114, 32, 101, 120, 116, 101, 110, 115, 105, 111, 110, 32, 99, 111, 110, 116, 101, 120, 116, 63, 92, 110, 32, 32, 32, 32, 32, 32, 32, 32, 32, 32, 32, 32, 32, 32, 32, 32, 115, 101, 108, 102, 46, 115, 121, 115, 116, 101, 109, 67, 111, 110, 102, 105, 103, 63, 46, 115, 108, 97, 78, 111, 114, 109, 97, 108, 72, 111, 117, 114, 115, 32, 61, 32, 115, 108, 97, 78, 111, 114, 109, 97, 108, 72, 111, 117, 114, 115, 92, 110, 32, 32, 32, 32, 32, 32, 32, 32, 32, 32, 32, 32, 32, 32, 32, 32, 94, 126, 126, 126, 92, 110, 92, 47, 85, 115, 101, 114, 115, 92, 47, 114, 117, 110, 110, 101, 114, 92, 47, 119, 111, 114, 107, 92, 47, 105, 111, 115, 65, 112, 112, 92, 47, 105, 111, 115, 65, 112, 112, 92, 47, 105, 111, 115, 65, 112, 112, 92, 47, 86, 105, 101, 119, 77, 111, 100, 101, 108, 115, 92, 47, 65, 100, 109, 105, 110, 86, 105, 101, 119, 77, 111, 100, 101, 108, 46, 115, 119, 105, 102, 116, 58, 54, 50, 56, 58, 49, 51, 58, 32, 101, 114, 114, 111, 114, 58, 32, 99, 97, 110, 110, 111, 116, 32, 102, 105, 110, 100, 32, 39, 115, 101, 108, 102, 39, 32, 105, 110, 32, 115, 99, 111, 112, 101, 59, 32, 100, 105, 100, 32, 121, 111, 117, 32, 109, 101, 97, 110, 32, 116, 111, 32, 117, 115, 101, 32, 105, 116, 32, 105, 110, 32, 97, 32, 116, 121, 112, 101, 32, 111, 114, 32, 101, 120, 116, 101, 110, 115, 105, 111, 110, 32, 99, 111, 110, 116, 101, 120, 116, 63, 92, 110, 32, 32, 32, 32, 32, 32, 32, 32, 32, 32, 32, 32, 115, 101, 108, 102, 46, 115, 117, 99, 99, 101, 115, 115, 77, 101, 115, 115, 97, 103, 101, 32, 61, 32, 92, 34, 76, 198, 176, 117, 32, 99, 225, 186, 165, 117, 32, 104, 195, 172, 110, 104, 32, 116, 104, 195, 160, 110, 104, 32, 99, 195, 180, 110, 103, 92, 34, 92, 110, 92, 47, 85, 115, 101, 114, 115, 92, 47, 114, 117, 110, 110, 101, 114, 92, 47, 119, 111, 114, 107, 92, 47, 105, 111, 115, 65, 112, 112, 92, 47, 105, 111, 115, 65, 112, 112, 92, 47, 105, 111, 115, 65, 112, 112, 92, 47, 86, 105, 101, 119, 77, 111, 100, 101, 108, 115, 92, 47, 65, 100, 109, 105, 110, 86, 105, 101, 119, 77, 111, 100, 101, 108, 46, 115, 119, 105, 102, 116, 58, 54, 51, 50, 58, 57, 58, 32, 101, 114, 114, 111, 114, 58, 32, 99, 97, 110, 110, 111, 116, 32, 102, 105, 110, 100, 32, 39, 115, 101, 108, 102, 39, 32, 105, 110, 32, 115, 99, 111, 112, 101, 59, 32, 100, 105, 100, 32, 121, 111, 117, 32, 109, 101, 97, 110, 32, 116, 111, 32, 117, 115, 101, 32, 105, 116, 32, 105, 110, 32, 97, 32, 116, 121, 112, 101, 32, 111, 114, 32, 101, 120, 116, 101, 110, 115, 105, 111, 110, 32, 99, 111, 110, 116, 101, 120, 116, 63, 92, 110, 32, 32, 32, 32, 32, 32, 32, 32, 115, 101, 108, 102, 46, 105, 115, 76, 111, 97, 100, 105, 110, 103, 67, 111, 110, 102, 105, 103, 32, 61, 32, 102, 97, 108, 115, 101, 92, 110, 32, 32, 32, 32, 32, 32, 32, 32, 94, 126, 126, 126, 92, 110, 92, 47, 85, 115, 101, 114, 115, 92, 47, 114, 117, 110, 110, 101, 114, 92, 47, 119, 111, 114, 107, 92, 47, 105, 111, 115, 65, 112, 112, 92, 47, 105, 111, 115, 65, 112, 112, 92, 47, 105, 111, 115, 65, 112, 112, 92, 47, 86, 105, 101, 119, 77, 111, 100, 101, 108, 115, 92, 47, 65, 100, 109, 105, 110, 86, 105, 101, 119, 77, 111, 100, 101, 108, 46, 115, 119, 105, 102, 116, 58, 54, 51, 55, 58, 57, 58, 32, 101, 114, 114, 111, 114, 58, 32, 99, 97, 110, 110, 111, 116, 32, 102, 105, 110, 100, 32, 39, 105, 115, 76, 111, 97, 100, 105, 110, 103, 78, 111, 116, 105, 102, 105, 99, 97, 116, 105, 111, 110, 115, 39, 32, 105, 110, 32, 115, 99, 111, 112, 101, 92, 110, 32, 32, 32, 32, 32, 32, 32, 32, 105, 115, 76, 111, 97, 100, 105, 110, 103, 78, 111, 116, 105, 102, 105, 99, 97, 116, 105, 111, 110, 115, 32, 61, 32, 116, 114, 117, 101, 92, 110, 32, 32, 32, 32, 32, 32, 32, 32, 94, 126, 126, 126, 126, 126, 126, 126, 126, 126, 126, 126, 126, 126, 126, 126, 126, 126, 126, 126, 126, 126, 92, 110, 92, 47, 85, 115, 101, 114, 115, 92, 47, 114, 117, 110, 110, 101, 114, 92, 47, 119, 111, 114, 107, 92, 47, 105, 111, 115, 65, 112, 112, 92, 47, 105, 111, 115, 65, 112, 112, 92, 47, 105, 111, 115, 65, 112, 112, 92, 47, 86, 105, 101, 119, 77, 111, 100, 101, 108, 115, 92, 47, 65, 100, 109, 105, 110, 86, 105, 101, 119, 77, 111, 100, 101, 108, 46, 115, 119, 105, 102, 116, 58, 54, 51, 56, 58, 50, 48, 58, 32, 101, 114, 114, 111, 114, 58, 32, 99, 97, 110, 110, 111, 116, 32, 102, 105, 110, 100, 32, 39, 115, 101, 108, 102, 39, 32, 105, 110, 32, 115, 99, 111, 112, 101, 59, 32, 100, 105, 100, 32, 121, 111, 117, 32, 109, 101, 97, 110, 32, 116, 111, 32, 117, 115, 101, 32, 105, 116, 32, 105, 110, 32, 97, 32, 116, 121, 112, 101, 32, 111, 114, 32, 101, 120, 116, 101, 110, 115, 105, 111, 110, 32, 99, 111, 110, 116, 101, 120, 116, 63, 92, 110, 32, 32, 32, 32, 32, 32, 32, 32, 108, 101, 116, 32, 99, 111, 109, 112, 32, 61, 32, 115, 101, 108, 102, 46, 99, 111, 109, 112, 97, 110, 121, 73, 100, 46, 105, 115, 69, 109, 112, 116, 121, 32, 63, 32, 92, 34, 83, 71, 67, 79, 79, 80, 92, 34, 32, 58, 32, 115, 101, 108, 102, 46, 99, 111, 109, 112, 97, 110, 121, 73, 100, 92, 110, 32, 32, 32, 32, 32, 32, 32, 32, 32, 32, 32, 32, 32, 32, 32, 32, 32, 32, 32, 94, 126, 126, 126, 92, 110, 92, 47, 85, 115, 101, 114, 115, 92, 47, 114, 117, 110, 110, 101, 114, 92, 47, 119, 111, 114, 107, 92, 47, 105, 111, 115, 65, 112, 112, 92, 47, 105, 111, 115, 65, 112, 112, 92, 47, 105, 111, 115, 65, 112, 112, 92, 47, 86, 105, 101, 119, 77, 111, 100, 101, 108, 115, 92, 47, 65, 100, 109, 105, 110, 86, 105, 101, 119, 77, 111, 100, 101, 108, 46, 115, 119, 105, 102, 116, 58, 54, 51, 56, 58, 53, 54, 58, 32, 101, 114, 114, 111, 114, 58, 32, 99, 97, 110, 110, 111, 116, 32, 102, 105, 110, 100, 32, 39, 115, 101, 108, 102, 39, 32, 105, 110, 32, 115, 99, 111, 112, 101, 59, 32, 100, 105, 100, 32, 121, 111, 117, 32, 109, 101, 97, 110, 32, 116, 111, 32, 117, 115, 101, 32, 105, 116, 32, 105, 110, 32, 97, 32, 116, 121, 112, 101, 32, 111, 114, 32, 101, 120, 116, 101, 110, 115, 105, 111, 110, 32, 99, 111, 110, 116, 101, 120, 116, 63, 92, 110, 32, 32, 32, 32, 32, 32, 32, 32, 108, 101, 116, 32, 99, 111, 109, 112, 32, 61, 32, 115, 101, 108, 102, 46, 99, 111, 109, 112, 97, 110, 121, 73, 100, 46, 105, 115, 69, 109, 112, 116, 121, 32, 63, 32, 92, 34, 83, 71, 67, 79, 79, 80, 92, 34, 32, 58, 32, 115, 101, 108, 102, 46, 99, 111, 109, 112, 97, 110, 121, 73, 100, 92, 110, 32, 32, 32, 32, 32, 32, 32, 32, 32, 32, 32, 32, 32, 32, 32, 32, 32, 32, 32, 32, 32, 32, 32, 32, 32, 32, 32, 32, 32, 32, 32, 32, 32, 32, 32, 32, 32, 32, 32, 32, 32, 32, 32, 32, 32, 32, 32, 32, 32, 32, 32, 32, 32, 32, 32, 94, 126, 126, 126, 92, 110, 92, 47, 85, 115, 101, 114, 115, 92, 47, 114, 117, 110, 110, 101, 114, 92, 47, 119, 111, 114, 107, 92, 47, 105, 111, 115, 65, 112, 112, 92, 47, 105, 111, 115, 65, 112, 112, 92, 47, 105, 111, 115, 65, 112, 112, 92, 47, 86, 105, 101, 119, 77, 111, 100, 101, 108, 115, 92, 47, 65, 100, 109, 105, 110, 86, 105, 101, 119, 77, 111, 100, 101, 108, 46, 115, 119, 105, 102, 116, 58, 54, 52, 49, 58, 49, 51, 58, 32, 101, 114, 114, 111, 114, 58, 32, 99, 97, 110, 110, 111, 116, 32, 102, 105, 110, 100, 32, 39, 115, 101, 108, 102, 39, 32, 105, 110, 32, 115, 99, 111, 112, 101, 59, 32, 100, 105, 100, 32, 121, 111, 117, 32, 109, 101, 97, 110, 32, 116, 111, 32, 117, 115, 101, 32, 105, 116, 32, 105, 110, 32, 97, 32, 116, 121, 112, 101, 32, 111, 114, 32, 101, 120, 116, 101, 110, 115, 105, 111, 110, 32, 99, 111, 110, 116, 101, 120, 116, 63, 92, 110, 32, 32, 32, 32, 32, 32, 32, 32, 32, 32, 32, 32, 115, 101, 108, 102, 46, 105, 115, 76, 111, 97, 100, 105, 110, 103, 78, 111, 116, 105, 102, 105, 99, 97, 116, 105, 111, 110, 115, 32, 61, 32, 102, 97, 108, 115, 101, 92, 110, 32, 32, 32, 32, 32, 32, 32, 32, 32, 32, 32, 32, 94, 126, 126, 126, 92, 110, 92, 47, 85, 115, 101, 114, 115, 92, 47, 114, 117, 110, 110, 101, 114, 92, 47, 119, 111, 114, 107, 92, 47, 105, 111, 115, 65, 112, 112, 92, 47, 105, 111, 115, 65, 112, 112, 92, 47, 105, 111, 115, 65, 112, 112, 92, 47, 86, 105, 101, 119, 77, 111, 100, 101, 108, 115, 92, 47, 65, 100, 109, 105, 110, 86, 105, 101, 119, 77, 111, 100, 101, 108, 46, 115, 119, 105, 102, 116, 58, 54, 52, 55, 58, 49, 51, 58, 32, 101, 114, 114, 111, 114, 58, 32, 99, 97, 110, 110, 111, 116, 32, 102, 105, 110, 100, 32, 39, 105, 100, 84, 111, 107, 101, 110, 39, 32, 105, 110, 32, 115, 99, 111, 112, 101, 92, 110, 32, 32, 32, 32, 32, 32, 32, 32, 105, 102, 32, 33, 105, 100, 84, 111, 107, 101, 110, 46, 105, 115, 69, 109, 112, 116, 121, 32, 123, 32, 114, 101, 113, 117, 101, 115, 116, 46, 115, 101, 116, 86, 97, 108, 117, 101, 40, 92, 34, 66, 101, 97, 114, 101, 114, 32, 92, 92, 40, 105, 100, 84, 111, 107, 101, 110, 41, 92, 34, 44, 32, 102, 111, 114, 72, 84, 84, 80, 72, 101, 97, 100, 101, 114, 70, 105, 101, 108, 100, 58, 32, 92, 34, 65, 117, 116, 104, 111, 114, 105, 122, 97, 116, 105, 111, 110, 92, 34, 41, 32, 125, 92, 110, 32, 32, 32, 32, 32, 32, 32, 32, 32, 32, 32, 32, 94, 126, 126, 126, 126, 126, 126, 92, 110, 92, 47, 85, 115, 101, 114, 115, 92, 47, 114, 117, 110, 110, 101, 114, 92, 47, 119, 111, 114, 107, 92, 47, 105, 111, 115, 65, 112, 112, 92, 47, 105, 111, 115, 65, 112, 112, 92, 47, 105, 111, 115, 65, 112, 112, 92, 47, 86, 105, 101, 119, 77, 111, 100, 101, 108, 115, 92, 47, 65, 100, 109, 105, 110, 86, 105, 101, 119, 77, 111, 100, 101, 108, 46, 115, 119, 105, 102, 116, 58, 54, 52, 55, 58, 53, 56, 58, 32, 101, 114, 114, 111, 114, 58, 32, 99, 97, 110, 110, 111, 116, 32, 102, 105, 110, 100, 32, 39, 105, 100, 84, 111, 107, 101, 110, 39, 32, 105, 110, 32, 115, 99, 111, 112, 101, 92, 110, 32, 32, 32, 32, 32, 32, 32, 32, 105, 102, 32, 33, 105, 100, 84, 111, 107, 101, 110, 46, 105, 115, 69, 109, 112, 116, 121, 32, 123, 32, 114, 101, 113, 117, 101, 115, 116, 46, 115, 101, 116, 86, 97, 108, 117, 101, 40, 92, 34, 66, 101, 97, 114, 101, 114, 32, 92, 92, 40, 105, 100, 84, 111, 107, 101, 110, 41, 92, 34, 44, 32, 102, 111, 114, 72, 84, 84, 80, 72, 101, 97, 100, 101, 114, 70, 105, 101, 108, 100, 58, 32, 92, 34, 65, 117, 116, 104, 111, 114, 105, 122, 97, 116, 105, 111, 110, 92, 34, 41, 32, 125, 92, 110, 32, 32, 32, 32, 32, 32, 32, 32, 32, 32, 32, 32, 32, 32, 32, 32, 32, 32, 32, 32, 32, 32, 32, 32, 32, 32, 32, 32, 32, 32, 32, 32, 32, 32, 32, 32, 32, 32, 32, 32, 32, 32, 32, 32, 32, 32, 32, 32, 32, 32, 32, 32, 32, 32, 32, 32, 32, 94, 126, 126, 126, 126, 126, 126, 92, 110, 92, 47, 85, 115, 101, 114, 115, 92, 47, 114, 117, 110, 110, 101, 114, 92, 47, 119, 111, 114, 107, 92, 47, 105, 111, 115, 65, 112, 112, 92, 47, 105, 111, 115, 65, 112, 112, 92, 47, 105, 111, 115, 65, 112, 112, 92, 47, 86, 105, 101, 119, 77, 111, 100, 101, 108, 115, 92, 47, 65, 100, 109, 105, 110, 86, 105, 101, 119, 77, 111, 100, 101, 108, 46, 115, 119, 105, 102, 116, 58, 54, 53, 52, 58, 49, 55, 58, 32, 101, 114, 114, 111, 114, 58, 32, 99, 97, 110, 110, 111, 116, 32, 102, 105, 110, 100, 32, 39, 115, 101, 108, 102, 39, 32, 105, 110, 32, 115, 99, 111, 112, 101, 59, 32, 100, 105, 100, 32, 121, 111, 117, 32, 109, 101, 97, 110, 32, 116, 111, 32, 117, 115, 101, 32, 105, 116, 32, 105, 110, 32, 97, 32, 116, 121, 112, 101, 32, 111, 114, 32, 101, 120, 116, 101, 110, 115, 105, 111, 110, 32, 99, 111, 110, 116, 101, 120, 116, 63, 92, 110, 32, 32, 32, 32, 32, 32, 32, 32, 32, 32, 32, 32, 32, 32, 32, 32, 115, 101, 108, 102, 46, 110, 111, 116, 105, 102, 105, 99, 97, 116, 105, 111, 110, 115, 32, 61, 32, 100, 111, 99, 117, 109, 101, 110, 116, 115, 46, 99, 111, 109, 112, 97, 99, 116, 77, 97, 112, 32, 123, 32, 100, 111, 99, 32, 105, 110, 92, 110, 32, 32, 32, 32, 32, 32, 32, 32, 32, 32, 32, 32, 32, 32, 32, 32, 94, 126, 126, 126, 92, 110, 92, 47, 85, 115, 101, 114, 115, 92, 47, 114, 117, 110, 110, 101, 114, 92, 47, 119, 111, 114, 107, 92, 47, 105, 111, 115, 65, 112, 112, 92, 47, 105, 111, 115, 65, 112, 112, 92, 47, 105, 111, 115, 65, 112, 112, 92, 47, 86, 105, 101, 119, 77, 111, 100, 101, 108, 115, 92, 47, 65, 100, 109, 105, 110, 86, 105, 101, 119, 77, 111, 100, 101, 108, 46, 115, 119, 105, 102, 116, 58, 54, 53, 54, 58, 56, 54, 58, 32, 101, 114, 114, 111, 114, 58, 32, 39, 110, 105, 108, 39, 32, 114, 101, 113, 117, 105, 114, 101, 115, 32, 97, 32, 99, 111, 110, 116, 101, 120, 116, 117, 97, 108, 32, 116, 121, 112, 101, 92, 110, 32, 32, 32, 32, 32, 32, 32, 32, 32, 32, 32, 32, 32, 32, 32, 32, 32, 32, 32, 32, 32, 32, 32, 32, 32, 32, 108, 101, 116, 32, 102, 105, 101, 108, 100, 115, 32, 61, 32, 100, 111, 99, 91, 92, 34, 102, 105, 101, 108, 100, 115, 92, 34, 93, 32, 97, 115, 63, 32, 91, 83, 116, 114, 105, 110, 103, 58, 32, 65, 110, 121, 93, 32, 101, 108, 115, 101, 32, 123, 32, 114, 101, 116, 117, 114, 110, 32, 110, 105, 108, 32, 125, 92, 110, 32, 32, 32, 32, 32, 32, 32, 32, 32, 32, 32, 32, 32, 32, 32, 32, 32, 32, 32, 32, 32, 32, 32, 32, 32, 32, 32, 32, 32, 32, 32, 32, 32, 32, 32, 32, 32, 32, 32, 32, 32, 32, 32, 32, 32, 32, 32, 32, 32, 32, 32, 32, 32, 32, 32, 32, 32, 32, 32, 32, 32, 32, 32, 32, 32, 32, 32, 32, 32, 32, 32, 32, 32, 32, 32, 32, 32, 32, 32, 32, 32, 32, 32, 32, 32, 94, 92, 110, 92, 47, 85, 115, 101, 114, 115, 92, 47, 114, 117, 110, 110, 101, 114, 92, 47, 119, 111, 114, 107, 92, 47, 105, 111, 115, 65, 112, 112, 92, 47, 105, 111, 115, 65, 112, 112, 92, 47, 105, 111, 115, 65, 112, 112, 92, 47, 86, 105, 101, 119, 77, 111, 100, 101, 108, 115, 92, 47, 65, 100, 109, 105, 110, 86, 105, 101, 119, 77, 111, 100, 101, 108, 46, 115, 119, 105, 102, 116, 58, 54, 54, 54, 58, 49, 55, 58, 32, 101, 114, 114, 111, 114, 58, 32, 99, 97, 110, 110, 111, 116, 32, 102, 105, 110, 100, 32, 39, 115, 101, 108, 102, 39, 32, 105, 110, 32, 115, 99, 111, 112, 101, 59, 32, 100, 105, 100, 32, 121, 111, 117, 32, 109, 101, 97, 110, 32, 116, 111, 32, 117, 115, 101, 32, 105, 116, 32, 105, 110, 32, 97, 32, 116, 121, 112, 101, 32, 111, 114, 32, 101, 120, 116, 101, 110, 115, 105, 111, 110, 32, 99, 111, 110, 116, 101, 120, 116, 63, 92, 110, 32, 32, 32, 32, 32, 32, 32, 32, 32, 32, 32, 32, 32, 32, 32, 32, 115, 101, 108, 102, 46, 110, 111, 116, 105, 102, 105, 99, 97, 116, 105, 111, 110, 115, 46, 115, 111, 114, 116, 32, 123, 32, 36, 48, 46, 99, 114, 101, 97, 116, 101, 100, 65, 116, 32, 62, 32, 36, 49, 46, 99, 114, 101, 97, 116, 101, 100, 65, 116, 32, 125, 92, 110, 32, 32, 32, 32, 32, 32, 32, 32, 32, 32, 32, 32, 32, 32, 32, 32, 94, 126, 126, 126, 92, 110, 92, 47, 85, 115, 101, 114, 115, 92, 47, 114, 117, 110, 110, 101, 114, 92, 47, 119, 111, 114, 107, 92, 47, 105, 111, 115, 65, 112, 112, 92, 47, 105, 111, 115, 65, 112, 112, 92, 47, 105, 111, 115, 65, 112, 112, 92, 47, 86, 105, 101, 119, 77, 111, 100, 101, 108, 115, 92, 47, 65, 100, 109, 105, 110, 86, 105, 101, 119, 77, 111, 100, 101, 108, 46, 115, 119, 105, 102, 116, 58, 54, 55, 49, 58, 57, 58, 32, 101, 114, 114, 111, 114, 58, 32, 99, 97, 110, 110, 111, 116, 32, 102, 105, 110, 100, 32, 39, 115, 101, 108, 102, 39, 32, 105, 110, 32, 115, 99, 111, 112, 101, 59, 32, 100, 105, 100, 32, 121, 111, 117, 32, 109, 101, 97, 110, 32, 116, 111, 32, 117, 115, 101, 32, 105, 116, 32, 105, 110, 32, 97, 32, 116, 121, 112, 101, 32, 111, 114, 32, 101, 120, 116, 101, 110, 115, 105, 111, 110, 32, 99, 111, 110, 116, 101, 120, 116, 63, 92, 110, 32, 32, 32, 32, 32, 32, 32, 32, 115, 101, 108, 102, 46, 105, 115, 76, 111, 97, 100, 105, 110, 103, 78, 111, 116, 105, 102, 105, 99, 97, 116, 105, 111, 110, 115, 32, 61, 32, 102, 97, 108, 115, 101, 92, 110, 32, 32, 32, 32, 32, 32, 32, 32, 94, 126, 126, 126, 92, 110, 92, 47, 85, 115, 101, 114, 115, 92, 47, 114, 117, 110, 110, 101, 114, 92, 47, 119, 111, 114, 107, 92, 47, 105, 111, 115, 65, 112, 112, 92, 47, 105, 111, 115, 65, 112, 112, 92, 47, 105, 111, 115, 65, 112, 112, 92, 47, 86, 105, 101, 119, 77, 111, 100, 101, 108, 115, 92, 47, 65, 100, 109, 105, 110, 86, 105, 101, 119, 77, 111, 100, 101, 108, 46, 115, 119, 105, 102, 116, 58, 54, 55, 53, 58, 57, 58, 32, 101, 114, 114, 111, 114, 58, 32, 99, 97, 110, 110, 111, 116, 32, 102, 105, 110, 100, 32, 39, 105, 115, 76, 111, 97, 100, 105, 110, 103, 78, 111, 116, 105, 102, 105, 99, 97, 116, 105, 111, 110, 115, 39, 32, 105, 110, 32, 115, 99, 111, 112, 101, 92, 110, 32, 32, 32, 32, 32, 32, 32, 32, 105, 115, 76, 111, 97, 100, 105, 110, 103, 78, 111, 116, 105, 102, 105, 99, 97, 116, 105, 111, 110, 115, 32, 61, 32, 116, 114, 117, 101, 92, 110, 32, 32, 32, 32, 32, 32, 32, 32, 94, 126, 126, 126, 126, 126, 126, 126, 126, 126, 126, 126, 126, 126, 126, 126, 126, 126, 126, 126, 126, 126, 92, 110, 92, 47, 85, 115, 101, 114, 115, 92, 47, 114, 117, 110, 110, 101, 114, 92, 47, 119, 111, 114, 107, 92, 47, 105, 111, 115, 65, 112, 112, 92, 47, 105, 111, 115, 65, 112, 112, 92, 47, 105, 111, 115, 65, 112, 112, 92, 47, 86, 105, 101, 119, 77, 111, 100, 101, 108, 115, 92, 47, 65, 100, 109, 105, 110, 86, 105, 101, 119, 77, 111, 100, 101, 108, 46, 115, 119, 105, 102, 116, 58, 54, 55, 54, 58, 50, 48, 58, 32, 101, 114, 114, 111, 114, 58, 32, 99, 97, 110, 110, 111, 116, 32, 102, 105, 110, 100, 32, 39, 115, 101, 108, 102, 39, 32, 105, 110, 32, 115, 99, 111, 112, 101, 59, 32, 100, 105, 100, 32, 121, 111, 117, 32, 109, 101, 97, 110, 32, 116, 111, 32, 117, 115, 101, 32, 105, 116, 32, 105, 110, 32, 97, 32, 116, 121, 112, 101, 32, 111, 114, 32, 101, 120, 116, 101, 110, 115, 105, 111, 110, 32, 99, 111, 110, 116, 101, 120, 116, 63, 92, 110, 32, 32, 32, 32, 32, 32, 32, 32, 108, 101, 116, 32, 99, 111, 109, 112, 32, 61, 32, 115, 101, 108, 102, 46, 99, 111, 109, 112, 97, 110, 121, 73, 100, 46, 105, 115, 69, 109, 112, 116, 121, 32, 63, 32, 92, 34, 83, 71, 67, 79, 79, 80, 92, 34, 32, 58, 32, 115, 101, 108, 102, 46, 99, 111, 109, 112, 97, 110, 121, 73, 100, 92, 110, 32, 32, 32, 32, 32, 32, 32, 32, 32, 32, 32, 32, 32, 32, 32, 32, 32, 32, 32, 94, 126, 126, 126, 92, 110, 92, 47, 85, 115, 101, 114, 115, 92, 47, 114, 117, 110, 110, 101, 114, 92, 47, 119, 111, 114, 107, 92, 47, 105, 111, 115, 65, 112, 112, 92, 47, 105, 111, 115, 65, 112, 112, 92, 47, 105, 111, 115, 65, 112, 112, 92, 47, 86, 105, 101, 119, 77, 111, 100, 101, 108, 115, 92, 47, 65, 100, 109, 105, 110, 86, 105, 101, 119, 77, 111, 100, 101, 108, 46, 115, 119, 105, 102, 116, 58, 54, 55, 54, 58, 53, 54, 58, 32, 101, 114, 114, 111, 114, 58, 32, 99, 97, 110, 110, 111, 116, 32, 102, 105, 110, 100, 32, 39, 115, 101, 108, 102, 39, 32, 105, 110, 32, 115, 99, 111, 112, 101, 59, 32, 100, 105, 100, 32, 121, 111, 117, 32, 109, 101, 97, 110, 32, 116, 111, 32, 117, 115, 101, 32, 105, 116, 32, 105, 110, 32, 97, 32, 116, 121, 112, 101, 32, 111, 114, 32, 101, 120, 116, 101, 110, 115, 105, 111, 110, 32, 99, 111, 110, 116, 101, 120, 116, 63, 92, 110, 32, 32, 32, 32, 32, 32, 32, 32, 108, 101, 116, 32, 99, 111, 109, 112, 32, 61, 32, 115, 101, 108, 102, 46, 99, 111, 109, 112, 97, 110, 121, 73, 100, 46, 105, 115, 69, 109, 112, 116, 121, 32, 63, 32, 92, 34, 83, 71, 67, 79, 79, 80, 92, 34, 32, 58, 32, 115, 101, 108, 102, 46, 99, 111, 109, 112, 97, 110, 121, 73, 100, 92, 110, 32, 32, 32, 32, 32, 32, 32, 32, 32, 32, 32, 32, 32, 32, 32, 32, 32, 32, 32, 32, 32, 32, 32, 32, 32, 32, 32, 32, 32, 32, 32, 32, 32, 32, 32, 32, 32, 32, 32, 32, 32, 32, 32, 32, 32, 32, 32, 32, 32, 32, 32, 32, 32, 32, 32, 94, 126, 126, 126, 92, 110, 92, 47, 85, 115, 101, 114, 115, 92, 47, 114, 117, 110, 110, 101, 114, 92, 47, 119, 111, 114, 107, 92, 47, 105, 111, 115, 65, 112, 112, 92, 47, 105, 111, 115, 65, 112, 112, 92, 47, 105, 111, 115, 65, 112, 112, 92, 47, 86, 105, 101, 119, 77, 111, 100, 101, 108, 115, 92, 47, 65, 100, 109, 105, 110, 86, 105, 101, 119, 77, 111, 100, 101, 108, 46, 115, 119, 105, 102, 116, 58, 54, 56, 51, 58, 49, 51, 58, 32, 101, 114, 114, 111, 114, 58, 32, 99, 97, 110, 110, 111, 116, 32, 102, 105, 110, 100, 32, 39, 105, 100, 84, 111, 107, 101, 110, 39, 32, 105, 110, 32, 115, 99, 111, 112, 101, 92, 110, 32, 32, 32, 32, 32, 32, 32, 32, 105, 102, 32, 33, 105, 100, 84, 111, 107, 101, 110, 46, 105, 115, 69, 109, 112, 116, 121, 32, 123, 32, 114, 101, 113, 117, 101, 115, 116, 46, 115, 101, 116, 86, 97, 108, 117, 101, 40, 92, 34, 66, 101, 97, 114, 101, 114, 32, 92, 92, 40, 105, 100, 84, 111, 107, 101, 110, 41, 92, 34, 44, 32, 102, 111, 114, 72, 84, 84, 80, 72, 101, 97, 100, 101, 114, 70, 105, 101, 108, 100, 58, 32, 92, 34, 65, 117, 116, 104, 111, 114, 105, 122, 97, 116, 105, 111, 110, 92, 34, 41, 32, 125, 92, 110, 32, 32, 32, 32, 32, 32, 32, 32, 32, 32, 32, 32, 94, 126, 126, 126, 126, 126, 126, 92, 110, 92, 47, 85, 115, 101, 114, 115, 92, 47, 114, 117, 110, 110, 101, 114, 92, 47, 119, 111, 114, 107, 92, 47, 105, 111, 115, 65, 112, 112, 92, 47, 105, 111, 115, 65, 112, 112, 92, 47, 105, 111, 115, 65, 112, 112, 92, 47, 86, 105, 101, 119, 77, 111, 100, 101, 108, 115, 92, 47, 65, 100, 109, 105, 110, 86, 105, 101, 119, 77, 111, 100, 101, 108, 46, 115, 119, 105, 102, 116, 58, 54, 56, 51, 58, 53, 56, 58, 32, 101, 114, 114, 111, 114, 58, 32, 99, 97, 110, 110, 111, 116, 32, 102, 105, 110, 100, 32, 39, 105, 100, 84, 111, 107, 101, 110, 39, 32, 105, 110, 32, 115, 99, 111, 112, 101, 92, 110, 32, 32, 32, 32, 32, 32, 32, 32, 105, 102, 32, 33, 105, 100, 84, 111, 107, 101, 110, 46, 105, 115, 69, 109, 112, 116, 121, 32, 123, 32, 114, 101, 113, 117, 101, 115, 116, 46, 115, 101, 116, 86, 97, 108, 117, 101, 40, 92, 34, 66, 101, 97, 114, 101, 114, 32, 92, 92, 40, 105, 100, 84, 111, 107, 101, 110, 41, 92, 34, 44, 32, 102, 111, 114, 72, 84, 84, 80, 72, 101, 97, 100, 101, 114, 70, 105, 101, 108, 100, 58, 32, 92, 34, 65, 117, 116, 104, 111, 114, 105, 122, 97, 116, 105, 111, 110, 92, 34, 41, 32, 125, 92, 110, 32, 32, 32, 32, 32, 32, 32, 32, 32, 32, 32, 32, 32, 32, 32, 32, 32, 32, 32, 32, 32, 32, 32, 32, 32, 32, 32, 32, 32, 32, 32, 32, 32, 32, 32, 32, 32, 32, 32, 32, 32, 32, 32, 32, 32, 32, 32, 32, 32, 32, 32, 32, 32, 32, 32, 32, 32, 94, 126, 126, 126, 126, 126, 126, 92, 110, 92, 47, 85, 115, 101, 114, 115, 92, 47, 114, 117, 110, 110, 101, 114, 92, 47, 119, 111, 114, 107, 92, 47, 105, 111, 115, 65, 112, 112, 92, 47, 105, 111, 115, 65, 112, 112, 92, 47, 105, 111, 115, 65, 112, 112, 92, 47, 86, 105, 101, 119, 77, 111, 100, 101, 108, 115, 92, 47, 65, 100, 109, 105, 110, 86, 105, 101, 119, 77, 111, 100, 101, 108, 46, 115, 119, 105, 102, 116, 58, 54, 57, 50, 58, 53, 49, 58, 32, 101, 114, 114, 111, 114, 58, 32, 99, 97, 110, 110, 111, 116, 32, 102, 105, 110, 100, 32, 39, 115, 101, 108, 102, 39, 32, 105, 110, 32, 115, 99, 111, 112, 101, 59, 32, 100, 105, 100, 32, 121, 111, 117, 32, 109, 101, 97, 110, 32, 116, 111, 32, 117, 115, 101, 32, 105, 116, 32, 105, 110, 32, 97, 32, 116, 121, 112, 101, 32, 111, 114, 32, 101, 120, 116, 101, 110, 115, 105, 111, 110, 32, 99, 111, 110, 116, 101, 120, 116, 63, 92, 110, 32, 32, 32, 32, 32, 32, 32, 32, 32, 32, 32, 32, 32, 32, 32, 32, 92, 34, 99, 114, 101, 97, 116, 101, 100, 66, 121, 69, 109, 97, 105, 108, 92, 34, 58, 32, 91, 92, 34, 115, 116, 114, 105, 110, 103, 86, 97, 108, 117, 101, 92, 34, 58, 32, 115, 101, 108, 102, 46, 99, 117, 114, 114, 101, 110, 116, 85, 115, 101, 114, 46, 101, 109, 97, 105, 108, 93, 92, 110, 32, 32, 32, 32, 32, 32, 32, 32, 32, 32, 32, 32, 32, 32, 32, 32, 32, 32, 32, 32, 32, 32, 32, 32, 32, 32, 32, 32, 32, 32, 32, 32, 32, 32, 32, 32, 32, 32, 32, 32, 32, 32, 32, 32, 32, 32, 32, 32, 32, 32, 94, 126, 126, 126, 92, 110, 92, 47, 85, 115, 101, 114, 115, 92, 47, 114, 117, 110, 110, 101, 114, 92, 47, 119, 111, 114, 107, 92, 47, 105, 111, 115, 65, 112, 112, 92, 47, 105, 111, 115, 65, 112, 112, 92, 47, 105, 111, 115, 65, 112, 112, 92, 47, 86, 105, 101, 119, 77, 111, 100, 101, 108, 115, 92, 47, 65, 100, 109, 105, 110, 86, 105, 101, 119, 77, 111, 100, 101, 108, 46, 115, 119, 105, 102, 116, 58, 55, 48, 52, 58, 49, 53, 48, 58, 32, 101, 114, 114, 111, 114, 58, 32, 99, 97, 110, 110, 111, 116, 32, 102, 105, 110, 100, 32, 39, 115, 101, 108, 102, 39, 32, 105, 110, 32, 115, 99, 111, 112, 101, 59, 32, 100, 105, 100, 32, 121, 111, 117, 32, 109, 101, 97, 110, 32, 116, 111, 32, 117, 115, 101, 32, 105, 116, 32, 105, 110, 32, 97, 32, 116, 121, 112, 101, 32, 111, 114, 32, 101, 120, 116, 101, 110, 115, 105, 111, 110, 32, 99, 111, 110, 116, 101, 120, 116, 63, 92, 110, 32, 32, 32, 32, 32, 32, 32, 32, 32, 32, 32, 32, 32, 32, 32, 32, 108, 101, 116, 32, 110, 101, 119, 78, 111, 116, 105, 102, 32, 61, 32, 65, 112, 112, 78, 111, 116, 105, 102, 105, 99, 97, 116, 105, 111, 110, 40, 105, 100, 58, 32, 105, 100, 44, 32, 116, 105, 116, 108, 101, 58, 32, 116, 105, 116, 108, 101, 44, 32, 98, 111, 100, 121, 58, 32, 98, 111, 100, 121, 44, 32, 116, 97, 114, 103, 101, 116, 82, 111, 108, 101, 58, 32, 116, 97, 114, 103, 101, 116, 82, 111, 108, 101, 32, 63, 63, 32, 92, 34, 65, 76, 76, 92, 34, 44, 32, 99, 114, 101, 97, 116, 101, 100, 65, 116, 58, 32, 68, 97, 116, 101, 40, 41, 44, 32, 99, 114, 101, 97, 116, 101, 100, 66, 121, 69, 109, 97, 105, 108, 58, 32, 115, 101, 108, 102, 46, 99, 117, 114, 114, 101, 110, 116, 85, 115, 101, 114, 46, 101, 109, 97, 105, 108, 41, 92, 110, 32, 32, 32, 32, 32, 32, 32, 32, 32, 32, 32, 32, 32, 32, 32, 32, 32, 32, 32, 32, 32, 32, 32, 32, 32, 32, 32, 32, 32, 32, 32, 32, 32, 32, 32, 32, 32, 32, 32, 32, 32, 32, 32, 32, 32, 32, 32, 32, 32, 32, 32, 32, 32, 32, 32, 32, 32, 32, 32, 32, 32, 32, 32, 32, 32, 32, 32, 32, 32, 32, 32, 32, 32, 32, 32, 32, 32, 32, 32, 32, 32, 32, 32, 32, 32, 32, 32, 32, 32, 32, 32, 32, 32, 32, 32, 32, 32, 32, 32, 32, 32, 32, 32, 32, 32, 32, 32, 32, 32, 32, 32, 32, 32, 32, 32, 32, 32, 32, 32, 32, 32, 32, 32, 32, 32, 32, 32, 32, 32, 32, 32, 32, 32, 32, 32, 32, 32, 32, 32, 32, 32, 32, 32, 32, 32, 32, 32, 32, 32, 94, 126, 126, 126, 92, 110, 92, 47, 85, 115, 101, 114, 115, 92, 47, 114, 117, 110, 110, 101, 114, 92, 47, 119, 111, 114, 107, 92, 47, 105, 111, 115, 65, 112, 112, 92, 47, 105, 111, 115, 65, 112, 112, 92, 47, 105, 111, 115, 65, 112, 112, 92, 47, 86, 105, 101, 119, 77, 111, 100, 101, 108, 115, 92, 47, 65, 100, 109, 105, 110, 86, 105, 101, 119, 77, 111, 100, 101, 108, 46, 115, 119, 105, 102, 116, 58, 55, 48, 53, 58, 49, 55, 58, 32, 101, 114, 114, 111, 114, 58, 32, 99, 97, 110, 110, 111, 116, 32, 102, 105, 110, 100, 32, 39, 115, 101, 108, 102, 39, 32, 105, 110, 32, 115, 99, 111, 112, 101, 59, 32, 100, 105, 100, 32, 121, 111, 117, 32, 109, 101, 97, 110, 32, 116, 111, 32, 117, 115, 101, 32, 105, 116, 32, 105, 110, 32, 97, 32, 116, 121, 112, 101, 32, 111, 114, 32, 101, 120, 116, 101, 110, 115, 105, 111, 110, 32, 99, 111, 110, 116, 101, 120, 116, 63, 92, 110, 32, 32, 32, 32, 32, 32, 32, 32, 32, 32, 32, 32, 32, 32, 32, 32, 115, 101, 108, 102, 46, 110, 111, 116, 105, 102, 105, 99, 97, 116, 105, 111, 110, 115, 46, 105, 110, 115, 101, 114, 116, 40, 110, 101, 119, 78, 111, 116, 105, 102, 44, 32, 97, 116, 58, 32, 48, 41, 92, 110, 32, 32, 32, 32, 32, 32, 32, 32, 32, 32, 32, 32, 32, 32, 32, 32, 94, 126, 126, 126, 92, 110, 92, 47, 85, 115, 101, 114, 115, 92, 47, 114, 117, 110, 110, 101, 114, 92, 47, 119, 111, 114, 107, 92, 47, 105, 111, 115, 65, 112, 112, 92, 47, 105, 111, 115, 65, 112, 112, 92, 47, 105, 111, 115, 65, 112, 112, 92, 47, 86, 105, 101, 119, 77, 111, 100, 101, 108, 115, 92, 47, 65, 100, 109, 105, 110, 86, 105, 101, 119, 77, 111, 100, 101, 108, 46, 115, 119, 105, 102, 116, 58, 55, 48, 54, 58, 49, 55, 58, 32, 101, 114, 114, 111, 114, 58, 32, 99, 97, 110, 110, 111, 116, 32, 102, 105, 110, 100, 32, 39, 115, 101, 108, 102, 39, 32, 105, 110, 32, 115, 99, 111, 112, 101, 59, 32, 100, 105, 100, 32, 121, 111, 117, 32, 109, 101, 97, 110, 32, 116, 111, 32, 117, 115, 101, 32, 105, 116, 32, 105, 110, 32, 97, 32, 116, 121, 112, 101, 32, 111, 114, 32, 101, 120, 116, 101, 110, 115, 105, 111, 110, 32, 99, 111, 110, 116, 101, 120, 116, 63, 92, 110, 32, 32, 32, 32, 32, 32, 32, 32, 32, 32, 32, 32, 32, 32, 32, 32, 115, 101, 108, 102, 46, 115, 117, 99, 99, 101, 115, 115, 77, 101, 115, 115, 97, 103, 101, 32, 61, 32, 92, 34, 196, 144, 195, 163, 32, 103, 225, 187, 173, 105, 32, 116, 104, 195, 180, 110, 103, 32, 98, 195, 161, 111, 92, 34, 92, 110, 92, 47, 85, 115, 101, 114, 115, 92, 47, 114, 117, 110, 110, 101, 114, 92, 47, 119, 111, 114, 107, 92, 47, 105, 111, 115, 65, 112, 112, 92, 47, 105, 111, 115, 65, 112, 112, 92, 47, 105, 111, 115, 65, 112, 112, 92, 47, 86, 105, 101, 119, 77, 111, 100, 101, 108, 115, 92, 47, 65, 100, 109, 105, 110, 86, 105, 101, 119, 77, 111, 100, 101, 108, 46, 115, 119, 105, 102, 116, 58, 55, 49, 49, 58, 57, 58, 32, 101, 114, 114, 111, 114, 58, 32, 99, 97, 110, 110, 111, 116, 32, 102, 105, 110, 100, 32, 39, 115, 101, 108, 102, 39, 32, 105, 110, 32, 115, 99, 111, 112, 101, 59, 32, 100, 105, 100, 32, 121, 111, 117, 32, 109, 101, 97, 110, 32, 116, 111, 32, 117, 115, 101, 32, 105, 116, 32, 105, 110, 32, 97, 32, 116, 121, 112, 101, 32, 111, 114, 32, 101, 120, 116, 101, 110, 115, 105, 111, 110, 32, 99, 111, 110, 116, 101, 120, 116, 63, 92, 110, 32, 32, 32, 32, 32, 32, 32, 32, 115, 101, 108, 102, 46, 105, 115, 76, 111, 97, 100, 105, 110, 103, 78, 111, 116, 105, 102, 105, 99, 97, 116, 105, 111, 110, 115, 32, 61, 32, 102, 97, 108, 115, 101, 92, 110, 32, 32, 32, 32, 32, 32, 32, 32, 94, 126, 126, 126, 92, 110, 92, 47, 85, 115, 101, 114, 115, 92, 47, 114, 117, 110, 110, 101, 114, 92, 47, 119, 111, 114, 107, 92, 47, 105, 111, 115, 65, 112, 112, 92, 47, 105, 111, 115, 65, 112, 112, 92, 47, 105, 111, 115, 65, 112, 112, 92, 47, 86, 105, 101, 119, 77, 111, 100, 101, 108, 115, 92, 47, 65, 100, 109, 105, 110, 86, 105, 101, 119, 77, 111, 100, 101, 108, 46, 115, 119, 105, 102, 116, 58, 55, 49, 53, 58, 50, 48, 58, 32, 101, 114, 114, 111, 114, 58, 32, 99, 97, 110, 110, 111, 116, 32, 102, 105, 110, 100, 32, 39, 115, 101, 108, 102, 39, 32, 105, 110, 32, 115, 99, 111, 112, 101, 59, 32, 100, 105, 100, 32, 121, 111, 117, 32, 109, 101, 97, 110, 32, 116, 111, 32, 117, 115, 101, 32, 105, 116, 32, 105, 110, 32, 97, 32, 116, 121, 112, 101, 32, 111, 114, 32, 101, 120, 116, 101, 110, 115, 105, 111, 110, 32, 99, 111, 110, 116, 101, 120, 116, 63, 92, 110, 32, 32, 32, 32, 32, 32, 32, 32, 108, 101, 116, 32, 99, 111, 109, 112, 32, 61, 32, 115, 101, 108, 102, 46, 99, 111, 109, 112, 97, 110, 121, 73, 100, 46, 105, 115, 69, 109, 112, 116, 121, 32, 63, 32, 92, 34, 83, 71, 67, 79, 79, 80, 92, 34, 32, 58, 32, 115, 101, 108, 102, 46, 99, 111, 109, 112, 97, 110, 121, 73, 100, 92, 110, 32, 32, 32, 32, 32, 32, 32, 32, 32, 32, 32, 32, 32, 32, 32, 32, 32, 32, 32, 94, 126, 126, 126, 92, 110, 92, 47, 85, 115, 101, 114, 115, 92, 47, 114, 117, 110, 110, 101, 114, 92, 47, 119, 111, 114, 107, 92, 47, 105, 111, 115, 65, 112, 112, 92, 47, 105, 111, 115, 65, 112, 112, 92, 47, 105, 111, 115, 65, 112, 112, 92, 47, 86, 105, 101, 119, 77, 111, 100, 101, 108, 115, 92, 47, 65, 100, 109, 105, 110, 86, 105, 101, 119, 77, 111, 100, 101, 108, 46, 115, 119, 105, 102, 116, 58, 55, 49, 53, 58, 53, 54, 58, 32, 101, 114, 114, 111, 114, 58, 32, 99, 97, 110, 110, 111, 116, 32, 102, 105, 110, 100, 32, 39, 115, 101, 108, 102, 39, 32, 105, 110, 32, 115, 99, 111, 112, 101, 59, 32, 100, 105, 100, 32, 121, 111, 117, 32, 109, 101, 97, 110, 32, 116, 111, 32, 117, 115, 101, 32, 105, 116, 32, 105, 110, 32, 97, 32, 116, 121, 112, 101, 32, 111, 114, 32, 101, 120, 116, 101, 110, 115, 105, 111, 110, 32, 99, 111, 110, 116, 101, 120, 116, 63, 92, 110, 32, 32, 32, 32, 32, 32, 32, 32, 108, 101, 116, 32, 99, 111, 109, 112, 32, 61, 32, 115, 101, 108, 102, 46, 99, 111, 109, 112, 97, 110, 121, 73, 100, 46, 105, 115, 69, 109, 112, 116, 121, 32, 63, 32, 92, 34, 83, 71, 67, 79, 79, 80, 92, 34, 32, 58, 32, 115, 101, 108, 102, 46, 99, 111, 109, 112, 97, 110, 121, 73, 100, 92, 110, 32, 32, 32, 32, 32, 32, 32, 32, 32, 32, 32, 32, 32, 32, 32, 32, 32, 32, 32, 32, 32, 32, 32, 32, 32, 32, 32, 32, 32, 32, 32, 32, 32, 32, 32, 32, 32, 32, 32, 32, 32, 32, 32, 32, 32, 32, 32, 32, 32, 32, 32, 32, 32, 32, 32, 94, 126, 126, 126, 92, 110, 92, 47, 85, 115, 101, 114, 115, 92, 47, 114, 117, 110, 110, 101, 114, 92, 47, 119, 111, 114, 107, 92, 47, 105, 111, 115, 65, 112, 112, 92, 47, 105, 111, 115, 65, 112, 112, 92, 47, 105, 111, 115, 65, 112, 112, 92, 47, 86, 105, 101, 119, 77, 111, 100, 101, 108, 115, 92, 47, 65, 100, 109, 105, 110, 86, 105, 101, 119, 77, 111, 100, 101, 108, 46, 115, 119, 105, 102, 116, 58, 55, 50, 49, 58, 49, 51, 58, 32, 101, 114, 114, 111, 114, 58, 32, 99, 97, 110, 110, 111, 116, 32, 102, 105, 110, 100, 32, 39, 105, 100, 84, 111, 107, 101, 110, 39, 32, 105, 110, 32, 115, 99, 111, 112, 101, 92, 110, 32, 32, 32, 32, 32, 32, 32, 32, 105, 102, 32, 33, 105, 100, 84, 111, 107, 101, 110, 46, 105, 115, 69, 109, 112, 116, 121, 32, 123, 32, 114, 101, 113, 117, 101, 115, 116, 46, 115, 101, 116, 86, 97, 108, 117, 101, 40, 92, 34, 66, 101, 97, 114, 101, 114, 32, 92, 92, 40, 105, 100, 84, 111, 107, 101, 110, 41, 92, 34, 44, 32, 102, 111, 114, 72, 84, 84, 80, 72, 101, 97, 100, 101, 114, 70, 105, 101, 108, 100, 58, 32, 92, 34, 65, 117, 116, 104, 111, 114, 105, 122, 97, 116, 105, 111, 110, 92, 34, 41, 32, 125, 92, 110, 32, 32, 32, 32, 32, 32, 32, 32, 32, 32, 32, 32, 94, 126, 126, 126, 126, 126, 126, 92, 110, 92, 47, 85, 115, 101, 114, 115, 92, 47, 114, 117, 110, 110, 101, 114, 92, 47, 119, 111, 114, 107, 92, 47, 105, 111, 115, 65, 112, 112, 92, 47, 105, 111, 115, 65, 112, 112, 92, 47, 105, 111, 115, 65, 112, 112, 92, 47, 86, 105, 101, 119, 77, 111, 100, 101, 108, 115, 92, 47, 65, 100, 109, 105, 110, 86, 105, 101, 119, 77, 111, 100, 101, 108, 46, 115, 119, 105, 102, 116, 58, 55, 50, 49, 58, 53, 56, 58, 32, 101, 114, 114, 111, 114, 58, 32, 99, 97, 110, 110, 111, 116, 32, 102, 105, 110, 100, 32, 39, 105, 100, 84, 111, 107, 101, 110, 39, 32, 105, 110, 32, 115, 99, 111, 112, 101, 92, 110, 32, 32, 32, 32, 32, 32, 32, 32, 105, 102, 32, 33, 105, 100, 84, 111, 107, 101, 110, 46, 105, 115, 69, 109, 112, 116, 121, 32, 123, 32, 114, 101, 113, 117, 101, 115, 116, 46, 115, 101, 116, 86, 97, 108, 117, 101, 40, 92, 34, 66, 101, 97, 114, 101, 114, 32, 92, 92, 40, 105, 100, 84, 111, 107, 101, 110, 41, 92, 34, 44, 32, 102, 111, 114, 72, 84, 84, 80, 72, 101, 97, 100, 101, 114, 70, 105, 101, 108, 100, 58, 32, 92, 34, 65, 117, 116, 104, 111, 114, 105, 122, 97, 116, 105, 111, 110, 92, 34, 41, 32, 125, 92, 110, 32, 32, 32, 32, 32, 32, 32, 32, 32, 32, 32, 32, 32, 32, 32, 32, 32, 32, 32, 32, 32, 32, 32, 32, 32, 32, 32, 32, 32, 32, 32, 32, 32, 32, 32, 32, 32, 32, 32, 32, 32, 32, 32, 32, 32, 32, 32, 32, 32, 32, 32, 32, 32, 32, 32, 32, 32, 94, 126, 126, 126, 126, 126, 126, 92, 110, 92, 47, 85, 115, 101, 114, 115, 92, 47, 114, 117, 110, 110, 101, 114, 92, 47, 119, 111, 114, 107, 92, 47, 105, 111, 115, 65, 112, 112, 92, 47, 105, 111, 115, 65, 112, 112, 92, 47, 105, 111, 115, 65, 112, 112, 92, 47, 86, 105, 101, 119, 77, 111, 100, 101, 108, 115, 92, 47, 65, 100, 109, 105, 110, 86, 105, 101, 119, 77, 111, 100, 101, 108, 46, 115, 119, 105, 102, 116, 58, 55, 50, 53, 58, 49, 51, 58, 32, 101, 114, 114, 111, 114, 58, 32, 99, 97, 110, 110, 111, 116, 32, 102, 105, 110, 100, 32, 39, 115, 101, 108, 102, 39, 32, 105, 110, 32, 115, 99, 111, 112, 101, 59, 32, 100, 105, 100, 32, 121, 111, 117, 32, 109, 101, 97, 110, 32, 116, 111, 32, 117, 115, 101, 32, 105, 116, 32, 105, 110, 32, 97, 32, 116, 121, 112, 101, 32, 111, 114, 32, 101, 120, 116, 101, 110, 115, 105, 111, 110, 32, 99, 111, 110, 116, 101, 120, 116, 63, 92, 110, 32, 32, 32, 32, 32, 32, 32, 32, 32, 32, 32, 32, 115, 101, 108, 102, 46, 110, 111, 116, 105, 102, 105, 99, 97, 116, 105, 111, 110, 115, 46, 114, 101, 109, 111, 118, 101, 65, 108, 108, 32, 123, 32, 36, 48, 46, 105, 100, 32, 61, 61, 32, 110, 111, 116, 105, 102, 73, 100, 32, 125, 92, 110, 32, 32, 32, 32, 32, 32, 32, 32, 32, 32, 32, 32, 94, 126, 126, 126, 92, 110, 92, 47, 85, 115, 101, 114, 115, 92, 47, 114, 117, 110, 110, 101, 114, 92, 47, 119, 111, 114, 107, 92, 47, 105, 111, 115, 65, 112, 112, 92, 47, 105, 111, 115, 65, 112, 112, 92, 47, 105, 111, 115, 65, 112, 112, 92, 47, 86, 105, 101, 119, 77, 111, 100, 101, 108, 115, 92, 47, 65, 100, 109, 105, 110, 86, 105, 101, 119, 77, 111, 100, 101, 108, 46, 115, 119, 105, 102, 116, 58, 55, 50, 54, 58, 49, 51, 58, 32, 101, 114, 114, 111, 114, 58, 32, 99, 97, 110, 110, 111, 116, 32, 102, 105, 110, 100, 32, 39, 115, 101, 108, 102, 39, 32, 105, 110, 32, 115, 99, 111, 112, 101, 59, 32, 100, 105, 100, 32, 121, 111, 117, 32, 109, 101, 97, 110, 32, 116, 111, 32, 117, 115, 101, 32, 105, 116, 32, 105, 110, 32, 97, 32, 116, 121, 112, 101, 32, 111, 114, 32, 101, 120, 116, 101, 110, 115, 105, 111, 110, 32, 99, 111, 110, 116, 101, 120, 116, 63, 92, 110, 32, 32, 32, 32, 32, 32, 32, 32, 32, 32, 32, 32, 115, 101, 108, 102, 46, 115, 117, 99, 99, 101, 115, 115, 77, 101, 115, 115, 97, 103, 101, 32, 61, 32, 92, 34, 196, 144, 195, 163, 32, 120, 195, 179, 97, 32, 116, 104, 195, 180, 110, 103, 32, 98, 195, 161, 111, 92, 34, 92, 110, 92, 47, 85, 115, 101, 114, 115, 92, 47, 114, 117, 110, 110, 101, 114, 92, 47, 119, 111, 114, 107, 92, 47, 105, 111, 115, 65, 112, 112, 92, 47, 105, 111, 115, 65, 112, 112, 92, 47, 105, 111, 115, 65, 112, 112, 92, 47, 86, 105, 101, 119, 115, 92, 47, 83, 99, 114, 101, 101, 110, 115, 92, 47, 65, 100, 109, 105, 110, 92, 47, 65, 112, 112, 114, 111, 118, 101, 83, 116, 97, 102, 102, 86, 105, 101, 119, 46, 115, 119, 105, 102, 116, 58, 50, 52, 48, 58, 49, 55, 58, 32, 101, 114, 114, 111, 114, 58, 32, 115, 116, 97, 116, 105, 99, 32, 109, 101, 116, 104, 111, 100, 32, 39, 98, 117, 105, 108, 100, 69, 120, 112, 114, 101, 115, 115, 105, 111, 110, 39, 32, 114, 101, 113, 117, 105, 114, 101, 115, 32, 116, 104, 97, 116, 32, 39, 84, 111, 111, 108, 98, 97, 114, 73, 116, 101, 109, 60, 40, 41, 44, 32, 66, 117, 116, 116, 111, 110, 60, 84, 101, 120, 116, 62, 62, 39, 32, 99, 111, 110, 102, 111, 114, 109, 32, 116, 111, 32, 39, 86, 105, 101, 119, 39, 92, 110, 32, 32, 32, 32, 32, 32, 32, 32, 32, 32, 32, 32, 32, 32, 32, 32, 84, 111, 111, 108, 98, 97, 114, 73, 116, 101, 109, 40, 112, 108, 97, 99, 101, 109, 101, 110, 116, 58, 32, 46, 110, 97, 118, 105, 103, 97, 116, 105, 111, 110, 66, 97, 114, 76, 101, 97, 100, 105, 110, 103, 41, 32, 123, 92, 110, 32, 32, 32, 32, 32, 32, 32, 32, 32, 32, 32, 32, 32, 32, 32, 32, 94, 92, 110, 83, 119, 105, 102, 116, 85, 73, 46, 86, 105, 101, 119, 66, 117, 105, 108, 100, 101, 114, 58, 51, 58, 50, 52, 58, 32, 110, 111, 116, 101, 58, 32, 119, 104, 101, 114, 101, 32, 39, 67, 111, 110, 116, 101, 110, 116, 39, 32, 61, 32, 39, 84, 111, 111, 108, 98, 97, 114, 73, 116, 101, 109, 60, 40, 41, 44, 32, 66, 117, 116, 116, 111, 110, 60, 84, 101, 120, 116, 62, 62, 39, 92, 110, 32, 32, 32, 32, 112, 117, 98, 108, 105, 99, 32, 115, 116, 97, 116, 105, 99, 32, 102, 117, 110, 99, 32, 98, 117, 105, 108, 100, 69, 120, 112, 114, 101, 115, 115, 105, 111, 110, 60, 67, 111, 110, 116, 101, 110, 116, 62, 40, 95, 32, 99, 111, 110, 116, 101, 110, 116, 58, 32, 67, 111, 110, 116, 101, 110, 116, 41, 32, 45, 62, 32, 67, 111, 110, 116, 101, 110, 116, 32, 119, 104, 101, 114, 101, 32, 67, 111, 110, 116, 101, 110, 116, 32, 58, 32, 86, 105, 101, 119, 92, 110, 32, 32, 32, 32, 32, 32, 32, 32, 32, 32, 32, 32, 32, 32, 32, 32, 32, 32, 32, 32, 32, 32, 32, 94, 92, 110, 92, 47, 85, 115, 101, 114, 115, 92, 47, 114, 117, 110, 110, 101, 114, 92, 47, 119, 111, 114, 107, 92, 47, 105, 111, 115, 65, 112, 112, 92, 47, 105, 111, 115, 65, 112, 112, 92, 47, 105, 111, 115, 65, 112, 112, 92, 47, 86, 105, 101, 119, 115, 92, 47, 83, 99, 114, 101, 101, 110, 115, 92, 47, 65, 100, 109, 105, 110, 92, 47, 68, 101, 112, 97, 114, 116, 109, 101, 110, 116, 77, 97, 110, 97, 103, 101, 114, 86, 105, 101, 119, 46, 115, 119, 105, 102, 116, 58, 50, 52, 49, 58, 49, 55, 58, 32, 101, 114, 114, 111, 114, 58, 32, 115, 116, 97, 116, 105, 99, 32, 109, 101, 116, 104, 111, 100, 32, 39, 98, 117, 105, 108, 100, 69, 120, 112, 114, 101, 115, 115, 105, 111, 110, 39, 32, 114, 101, 113, 117, 105, 114, 101, 115, 32, 116, 104, 97, 116, 32, 39, 84, 111, 111, 108, 98, 97, 114, 73, 116, 101, 109, 60, 40, 41, 44, 32, 66, 117, 116, 116, 111, 110, 60, 84, 101, 120, 116, 62, 62, 39, 32, 99, 111, 110, 102, 111, 114, 109, 32, 116, 111, 32, 39, 86, 105, 101, 119, 39, 92, 110, 32, 32, 32, 32, 32, 32, 32, 32, 32, 32, 32, 32, 32, 32, 32, 32, 84, 111, 111, 108, 98, 97, 114, 73, 116, 101, 109, 40, 112, 108, 97, 99, 101, 109, 101, 110, 116, 58, 32, 46, 110, 97, 118, 105, 103, 97, 116, 105, 111, 110, 66, 97, 114, 76, 101, 97, 100, 105, 110, 103, 41, 32, 123, 92, 110, 32, 32, 32, 32, 32, 32, 32, 32, 32, 32, 32, 32, 32, 32, 32, 32, 94, 92, 110, 83, 119, 105, 102, 116, 85, 73, 46, 86, 105, 101, 119, 66, 117, 105, 108, 100, 101, 114, 58, 51, 58, 50, 52, 58, 32, 110, 111, 116, 101, 58, 32, 119, 104, 101, 114, 101, 32, 39, 67, 111, 110, 116, 101, 110, 116, 39, 32, 61, 32, 39, 84, 111, 111, 108, 98, 97, 114, 73, 116, 101, 109, 60, 40, 41, 44, 32, 66, 117, 116, 116, 111, 110, 60, 84, 101, 120, 116, 62, 62, 39, 92, 110, 32, 32, 32, 32, 112, 117, 98, 108, 105, 99, 32, 115, 116, 97, 116, 105, 99, 32, 102, 117, 110, 99, 32, 98, 117, 105, 108, 100, 69, 120, 112, 114, 101, 115, 115, 105, 111, 110, 60, 67, 111, 110, 116, 101, 110, 116, 62, 40, 95, 32, 99, 111, 110, 116, 101, 110, 116, 58, 32, 67, 111, 110, 116, 101, 110, 116, 41, 32, 45, 62, 32, 67, 111, 110, 116, 101, 110, 116, 32, 119, 104, 101, 114, 101, 32, 67, 111, 110, 116, 101, 110, 116, 32, 58, 32, 86, 105, 101, 119, 92, 110, 32, 32, 32, 32, 32, 32, 32, 32, 32, 32, 32, 32, 32, 32, 32, 32, 32, 32, 32, 32, 32, 32, 32, 94, 92, 110, 92, 47, 85, 115, 101, 114, 115, 92, 47, 114, 117, 110, 110, 101, 114, 92, 47, 119, 111, 114, 107, 92, 47, 105, 111, 115, 65, 112, 112, 92, 47, 105, 111, 115, 65, 112, 112, 92, 47, 105, 111, 115, 65, 112, 112, 92, 47, 86, 105, 101, 119, 115, 92, 47, 83, 99, 114, 101, 101, 110, 115, 92, 47, 65, 100, 109, 105, 110, 92, 47, 85, 110, 105, 116, 82, 101, 103, 105, 111, 110, 77, 97, 110, 97, 103, 101, 114, 86, 105, 101, 119, 46, 115, 119, 105, 102, 116, 58, 50, 51, 49, 58, 49, 55, 58, 32, 101, 114, 114, 111, 114, 58, 32, 115, 116, 97, 116, 105, 99, 32, 109, 101, 116, 104, 111, 100, 32, 39, 98, 117, 105, 108, 100, 69, 120, 112, 114, 101, 115, 115, 105, 111, 110, 39, 32, 114, 101, 113, 117, 105, 114, 101, 115, 32, 116, 104, 97, 116, 32, 39, 84, 111, 111, 108, 98, 97, 114, 73, 116, 101, 109, 60, 40, 41, 44, 32, 66, 117, 116, 116, 111, 110, 60, 84, 101, 120, 116, 62, 62, 39, 32, 99, 111, 110, 102, 111, 114, 109, 32, 116, 111, 32, 39, 86, 105, 101, 119, 39, 92, 110, 32, 32, 32, 32, 32, 32, 32, 32, 32, 32, 32, 32, 32, 32, 32, 32, 84, 111, 111, 108, 98, 97, 114, 73, 116, 101, 109, 40, 112, 108, 97, 99, 101, 109, 101, 110, 116, 58, 32, 46, 110, 97, 118, 105, 103, 97, 116, 105, 111, 110, 66, 97, 114, 76, 101, 97, 100, 105, 110, 103, 41, 32, 123, 92, 110, 32, 32, 32, 32, 32, 32, 32, 32, 32, 32, 32, 32, 32, 32, 32, 32, 94, 92, 110, 83, 119, 105, 102, 116, 85, 73, 46, 86, 105, 101, 119, 66, 117, 105, 108, 100, 101, 114, 58, 51, 58, 50, 52, 58, 32, 110, 111, 116, 101, 58, 32, 119, 104, 101, 114, 101, 32, 39, 67, 111, 110, 116, 101, 110, 116, 39, 32, 61, 32, 39, 84, 111, 111, 108, 98, 97, 114, 73, 116, 101, 109, 60, 40, 41, 44, 32, 66, 117, 116, 116, 111, 110, 60, 84, 101, 120, 116, 62, 62, 39, 92, 110, 32, 32, 32, 32, 112, 117, 98, 108, 105, 99, 32, 115, 116, 97, 116, 105, 99, 32, 102, 117, 110, 99, 32, 98, 117, 105, 108, 100, 69, 120, 112, 114, 101, 115, 115, 105, 111, 110, 60, 67, 111, 110, 116, 101, 110, 116, 62, 40, 95, 32, 99, 111, 110, 116, 101, 110, 116, 58, 32, 67, 111, 110, 116, 101, 110, 116, 41, 32, 45, 62, 32, 67, 111, 110, 116, 101, 110, 116, 32, 119, 104, 101, 114, 101, 32, 67, 111, 110, 116, 101, 110, 116, 32, 58, 32, 86, 105, 101, 119, 92, 110, 32, 32, 32, 32, 32, 32, 32, 32, 32, 32, 32, 32, 32, 32, 32, 32, 32, 32, 32, 32, 32, 32, 32, 94, 92, 110, 92, 47, 85, 115, 101, 114, 115, 92, 47, 114, 117, 110, 110, 101, 114, 92, 47, 119, 111, 114, 107, 92, 47, 105, 111, 115, 65, 112, 112, 92, 47, 105, 111, 115, 65, 112, 112, 92, 47, 105, 111, 115, 65, 112, 112, 92, 47, 86, 105, 101, 119, 115, 92, 47, 83, 99, 114, 101, 101, 110, 115, 92, 47, 68, 101, 118, 105, 99, 101, 115, 92, 47, 68, 101, 118, 105, 99, 101, 84, 121, 112, 101, 77, 97, 110, 97, 103, 101, 114, 86, 105, 101, 119, 46, 115, 119, 105, 102, 116, 58, 51, 48, 53, 58, 55, 56, 58, 32, 101, 114, 114, 111, 114, 58, 32, 101, 120, 116, 114, 97, 32, 97, 114, 103, 117, 109, 101, 110, 116, 32, 105, 110, 32, 99, 97, 108, 108, 92, 110, 32, 32, 32, 32, 32, 32, 32, 32, 32, 32, 32, 32, 32, 32, 32, 32, 32, 32, 32, 32, 32, 32, 32, 32, 32, 32, 32, 32, 32, 32, 32, 32, 108, 101, 116, 32, 110, 97, 109, 101, 32, 61, 32, 70, 105, 114, 101, 115, 116, 111, 114, 101, 72, 101, 108, 112, 101, 114, 46, 103, 101, 116, 83, 116, 114, 105, 110, 103, 40, 102, 105, 101, 108, 100, 115, 44, 32, 92, 34, 100, 105, 115, 112, 108, 97, 121, 78, 97, 109, 101, 92, 34, 41, 92, 110, 32, 32, 32, 32, 32, 32, 32, 32, 32, 32, 32, 32, 32, 32, 32, 32, 32, 32, 32, 32, 32, 32, 32, 32, 32, 32, 32, 32, 32, 32, 32, 32, 32, 32, 32, 32, 32, 32, 32, 32, 32, 32, 32, 32, 32, 32, 32, 32, 32, 32, 32, 32, 32, 32, 32, 32, 32, 32, 32, 32, 32, 32, 32, 32, 32, 32, 32, 32, 126, 126, 126, 126, 126, 126, 126, 126, 126, 94, 126, 126, 126, 126, 126, 126, 126, 126, 126, 126, 126, 126, 126, 92, 110, 92, 47, 85, 115, 101, 114, 115, 92, 47, 114, 117, 110, 110, 101, 114, 92, 47, 119, 111, 114, 107, 92, 47, 105, 111, 115, 65, 112, 112, 92, 47, 105, 111, 115, 65, 112, 112, 92, 47, 105, 111, 115, 65, 112, 112, 92, 47, 86, 105, 101, 119, 115, 92, 47, 83, 99, 114, 101, 101, 110, 115, 92, 47, 83, 117, 112, 112, 111, 114, 116, 92, 47, 83, 112, 101, 99, 105, 97, 108, 105, 115, 116, 84, 101, 97, 109, 77, 97, 110, 97, 103, 101, 114, 86, 105, 101, 119, 46, 115, 119, 105, 102, 116, 58, 50, 50, 54, 58, 49, 55, 58, 32, 101, 114, 114, 111, 114, 58, 32, 115, 116, 97, 116, 105, 99, 32, 109, 101, 116, 104, 111, 100, 32, 39, 98, 117, 105, 108, 100, 69, 120, 112, 114, 101, 115, 115, 105, 111, 110, 39, 32, 114, 101, 113, 117, 105, 114, 101, 115, 32, 116, 104, 97, 116, 32, 39, 84, 111, 111, 108, 98, 97, 114, 73, 116, 101, 109, 60, 40, 41, 44, 32, 66, 117, 116, 116, 111, 110, 60, 84, 101, 120, 116, 62, 62, 39, 32, 99, 111, 110, 102, 111, 114, 109, 32, 116, 111, 32, 39, 86, 105, 101, 119, 39, 92, 110, 32, 32, 32, 32, 32, 32, 32, 32, 32, 32, 32, 32, 32, 32, 32, 32, 84, 111, 111, 108, 98, 97, 114, 73, 116, 101, 109, 40, 112, 108, 97, 99, 101, 109, 101, 110, 116, 58, 32, 46, 110, 97, 118, 105, 103, 97, 116, 105, 111, 110, 66, 97, 114, 76, 101, 97, 100, 105, 110, 103, 41, 32, 123, 92, 110, 32, 32, 32, 32, 32, 32, 32, 32, 32, 32, 32, 32, 32, 32, 32, 32, 94, 92, 110, 83, 119, 105, 102, 116, 85, 73, 46, 86, 105, 101, 119, 66, 117, 105, 108, 100, 101, 114, 58, 51, 58, 50, 52, 58, 32, 110, 111, 116, 101, 58, 32, 119, 104, 101, 114, 101, 32, 39, 67, 111, 110, 116, 101, 110, 116, 39, 32, 61, 32, 39, 84, 111, 111, 108, 98, 97, 114, 73, 116, 101, 109, 60, 40, 41, 44, 32, 66, 117, 116, 116, 111, 110, 60, 84, 101, 120, 116, 62, 62, 39, 92, 110, 32, 32, 32, 32, 112, 117, 98, 108, 105, 99, 32, 115, 116, 97, 116, 105, 99, 32, 102, 117, 110, 99, 32, 98, 117, 105, 108, 100, 69, 120, 112, 114, 101, 115, 115, 105, 111, 110, 60, 67, 111, 110, 116, 101, 110, 116, 62, 40, 95, 32, 99, 111, 110, 116, 101, 110, 116, 58, 32, 67, 111, 110, 116, 101, 110, 116, 41, 32, 45, 62, 32, 67, 111, 110, 116, 101, 110, 116, 32, 119, 104, 101, 114, 101, 32, 67, 111, 110, 116, 101, 110, 116, 32, 58, 32, 86, 105, 101, 119, 92, 110, 32, 32, 32, 32, 32, 32, 32, 32, 32, 32, 32, 32, 32, 32, 32, 32, 32, 32, 32, 32, 32, 32, 32, 94, 92, 110, 92, 47, 85, 115, 101, 114, 115, 92, 47, 114, 117, 110, 110, 101, 114, 92, 47, 119, 111, 114, 107, 92, 47, 105, 111, 115, 65, 112, 112, 92, 47, 105, 111, 115, 65, 112, 112, 92, 47, 105, 111, 115, 65, 112, 112, 92, 47, 86, 105, 101, 119, 115, 92, 47, 83, 99, 114, 101, 101, 110, 115, 92, 47, 83, 117, 112, 112, 111, 114, 116, 92, 47, 83, 117, 112, 112, 111, 114, 116, 82, 97, 116, 105, 110, 103, 82, 101, 112, 111, 114, 116, 86, 105, 101, 119, 46, 115, 119, 105, 102, 116, 58, 50, 57, 57, 58, 50, 57, 58, 32, 101, 114, 114, 111, 114, 58, 32, 97, 114, 103, 117, 109, 101, 110, 116, 32, 39, 112, 114, 105, 111, 114, 105, 116, 121, 39, 32, 109, 117, 115, 116, 32, 112, 114, 101, 99, 101, 100, 101, 32, 97, 114, 103, 117, 109, 101, 110, 116, 32, 39, 99, 114, 101, 97, 116, 101, 100, 65, 116, 39, 92, 110, 32, 32, 32, 32, 32, 32, 32, 32, 32, 32, 32, 32, 32, 32, 32, 32, 32, 32, 32, 32, 32, 32, 32, 32, 32, 32, 32, 32, 112, 114, 105, 111, 114, 105, 116, 121, 58, 32, 70, 105, 114, 101, 115, 116, 111, 114, 101, 72, 101, 108, 112, 101, 114, 46, 103, 101, 116, 83, 116, 114, 105, 110, 103, 40, 102, 105, 101, 108, 100, 115, 91, 92, 34, 112, 114, 105, 111, 114, 105, 116, 121, 92, 34, 93, 32, 97, 115, 63, 32, 91, 83, 116, 114, 105, 110, 103, 58, 32, 65, 110, 121, 93, 41, 44, 92, 110, 126, 126, 126, 126, 126, 126, 126, 126, 126, 126, 126, 126, 126, 126, 126, 126, 126, 126, 126, 126, 126, 126, 126, 126, 126, 126, 126, 126, 94, 126, 126, 126, 126, 126, 126, 126, 126, 126, 126, 126, 126, 126, 126, 126, 126, 126, 126, 126, 126, 126, 126, 126, 126, 126, 126, 126, 126, 126, 126, 126, 126, 126, 126, 126, 126, 126, 126, 126, 126, 126, 126, 126, 126, 126, 126, 126, 126, 126, 126, 126, 126, 126, 126, 126, 126, 126, 126, 126, 126, 126, 126, 126, 126, 126, 126, 126, 126, 126, 126, 126, 126, 92, 110, 92, 47, 85, 115, 101, 114, 115, 92, 47, 114, 117, 110, 110, 101, 114, 92, 47, 119, 111, 114, 107, 92, 47, 105, 111, 115, 65, 112, 112, 92, 47, 105, 111, 115, 65, 112, 112, 92, 47, 105, 111, 115, 65, 112, 112, 92, 47, 86, 105, 101, 119, 115, 92, 47, 83, 99, 114, 101, 101, 110, 115, 92, 47, 83, 117, 112, 112, 111, 114, 116, 92, 47, 79, 110, 108, 105, 110, 101, 75, 116, 118, 77, 111, 110, 105, 116, 111, 114, 86, 105, 101, 119, 46, 115, 119, 105, 102, 116, 58, 51, 55, 52, 58, 50, 51, 58, 32, 101, 114, 114, 111, 114, 58, 32, 99, 97, 110, 110, 111, 116, 32, 102, 105, 110, 100, 32, 39, 87, 101, 98, 82, 116, 99, 67, 97, 108, 108, 77, 97, 110, 97, 103, 101, 114, 39, 32, 105, 110, 32, 115, 99, 111, 112, 101, 92, 110, 32, 32, 32, 32, 32, 32, 32, 32, 32, 32, 32, 32, 32, 32, 32, 32, 32, 32, 32, 32, 32, 32, 87, 101, 98, 82, 116, 99, 67, 97, 108, 108, 77, 97, 110, 97, 103, 101, 114, 46, 115, 104, 97, 114, 101, 100, 46, 115, 116, 97, 114, 116, 67, 97, 108, 108, 40, 116, 97, 114, 103, 101, 116, 69, 109, 97, 105, 108, 58, 32, 107, 116, 118, 46, 101, 109, 97, 105, 108, 44, 32, 116, 97, 114, 103, 101, 116, 78, 97, 109, 101, 58, 32, 107, 116, 118, 46, 110, 97, 109, 101, 44, 32, 99, 97, 108, 108, 101, 114, 78, 97, 109, 101, 58, 32, 115, 117, 112, 112, 111, 114, 116, 86, 77, 46, 117, 115, 101, 114, 46, 102, 117, 108, 108, 78, 97, 109, 101, 44, 32, 99, 97, 108, 108, 101, 114, 69, 109, 97, 105, 108, 58, 32, 115, 117, 112, 112, 111, 114, 116, 86, 77, 46, 117, 115, 101, 114, 46, 101, 109, 97, 105, 108, 41, 92, 110, 32, 32, 32, 32, 32, 32, 32, 32, 32, 32, 32, 32, 32, 32, 32, 32, 32, 32, 32, 32, 32, 32, 94, 126, 126, 126, 126, 126, 126, 126, 126, 126, 126, 126, 126, 126, 126, 126, 126, 92, 110, 92, 47, 85, 115, 101, 114, 115, 92, 47, 114, 117, 110, 110, 101, 114, 92, 47, 119, 111, 114, 107, 92, 47, 105, 111, 115, 65, 112, 112, 92, 47, 105, 111, 115, 65, 112, 112, 92, 47, 105, 111, 115, 65, 112, 112, 92, 47, 86, 105, 101, 119, 115, 92, 47, 83, 99, 114, 101, 101, 110, 115, 92, 47, 83, 117, 112, 112, 111, 114, 116, 92, 47, 79, 110, 108, 105, 110, 101, 75, 116, 118, 77, 111, 110, 105, 116, 111, 114, 86, 105, 101, 119, 46, 115, 119, 105, 102, 116, 58, 52, 52, 54, 58, 52, 51, 58, 32, 101, 114, 114, 111, 114, 58, 32, 99, 97, 110, 110, 111, 116, 32, 102, 105, 110, 100, 32, 39, 107, 116, 118, 39, 32, 105, 110, 32, 115, 99, 111, 112, 101, 92, 110, 32, 32, 32, 32, 32, 32, 32, 32, 105, 102, 32, 108, 101, 116, 32, 117, 114, 108, 32, 61, 32, 85, 82, 76, 40, 115, 116, 114, 105, 110, 103, 58, 32, 92, 34, 116, 101, 108, 58, 92, 47, 92, 47, 92, 92, 40, 107, 116, 118, 46, 112, 104, 111, 110, 101, 41, 92, 34, 41, 44, 32, 85, 73, 65, 112, 112, 108, 105, 99, 97, 116, 105, 111, 110, 46, 115, 104, 97, 114, 101, 100, 46, 99, 97, 110, 79, 112, 101, 110, 85, 82, 76, 40, 117, 114, 108, 41, 32, 123, 92, 110, 32, 32, 32, 32, 32, 32, 32, 32, 32, 32, 32, 32, 32, 32, 32, 32, 32, 32, 32, 32, 32, 32, 32, 32, 32, 32, 32, 32, 32, 32, 32, 32, 32, 32, 32, 32, 32, 32, 32, 32, 32, 32, 94, 126, 126, 92, 110, 92, 47, 85, 115, 101, 114, 115, 92, 47, 114, 117, 110, 110, 101, 114, 92, 47, 119, 111, 114, 107, 92, 47, 105, 111, 115, 65, 112, 112, 92, 47, 105, 111, 115, 65, 112, 112, 92, 47, 105, 111, 115, 65, 112, 112, 92, 47, 86, 105, 101, 119, 115, 92, 47, 83, 99, 114, 101, 101, 110, 115, 92, 47, 83, 117, 112, 112, 111, 114, 116, 92, 47, 79, 110, 108, 105, 110, 101, 75, 116, 118, 77, 111, 110, 105, 116, 111, 114, 86, 105, 101, 119, 46, 115, 119, 105, 102, 116, 58, 52, 53, 50, 58, 51, 57, 58, 32, 101, 114, 114, 111, 114, 58, 32, 99, 97, 110, 110, 111, 116, 32, 102, 105, 110, 100, 32, 39, 107, 116, 118, 39, 32, 105, 110, 32, 115, 99, 111, 112, 101, 92, 110, 32, 32, 32, 32, 32, 32, 32, 32, 108, 101, 116, 32, 117, 114, 108, 83, 116, 114, 32, 61, 32, 92, 34, 109, 97, 112, 115, 58, 92, 47, 92, 47, 63, 100, 97, 100, 100, 114, 61, 92, 92, 40, 107, 116, 118, 46, 108, 97, 116, 105, 116, 117, 100, 101, 41, 44, 92, 92, 40, 107, 116, 118, 46, 108, 111, 110, 103, 105, 116, 117, 100, 101, 41, 92, 34, 92, 110, 32, 32, 32, 32, 32, 32, 32, 32, 32, 32, 32, 32, 32, 32, 32, 32, 32, 32, 32, 32, 32, 32, 32, 32, 32, 32, 32, 32, 32, 32, 32, 32, 32, 32, 32, 32, 32, 32, 94, 126, 126, 92, 110, 92, 47, 85, 115, 101, 114, 115, 92, 47, 114, 117, 110, 110, 101, 114, 92, 47, 119, 111, 114, 107, 92, 47, 105, 111, 115, 65, 112, 112, 92, 47, 105, 111, 115, 65, 112, 112, 92, 47, 105, 111, 115, 65, 112, 112, 92, 47, 86, 105, 101, 119, 115, 92, 47, 83, 99, 114, 101, 101, 110, 115, 92, 47, 83, 117, 112, 112, 111, 114, 116, 92, 47, 79, 110, 108, 105, 110, 101, 75, 116, 118, 77, 111, 110, 105, 116, 111, 114, 86, 105, 101, 119, 46, 115, 119, 105, 102, 116, 58, 52, 53, 50, 58, 53, 53, 58, 32, 101, 114, 114, 111, 114, 58, 32, 99, 97, 110, 110, 111, 116, 32, 102, 105, 110, 100, 32, 39, 107, 116, 118, 39, 32, 105, 110, 32, 115, 99, 111, 112, 101, 92, 110, 32, 32, 32, 32, 32, 32, 32, 32, 108, 101, 116, 32, 117, 114, 108, 83, 116, 114, 32, 61, 32, 92, 34, 109, 97, 112, 115, 58, 92, 47, 92, 47, 63, 100, 97, 100, 100, 114, 61, 92, 92, 40, 107, 116, 118, 46, 108, 97, 116, 105, 116, 117, 100, 101, 41, 44, 92, 92, 40, 107, 116, 118, 46, 108, 111, 110, 103, 105, 116, 117, 100, 101, 41, 92, 34, 92, 110, 32, 32, 32, 32, 32, 32, 32, 32, 32, 32, 32, 32, 32, 32, 32, 32, 32, 32, 32, 32, 32, 32, 32, 32, 32, 32, 32, 32, 32, 32, 32, 32, 32, 32, 32, 32, 32, 32, 32, 32, 32, 32, 32, 32, 32, 32, 32, 32, 32, 32, 32, 32, 32, 32, 94, 126, 126, 92, 110, 92, 47, 85, 115, 101, 114, 115, 92, 47, 114, 117, 110, 110, 101, 114, 92, 47, 119, 111, 114, 107, 92, 47, 105, 111, 115, 65, 112, 112, 92, 47, 105, 111, 115, 65, 112, 112, 92, 47, 105, 111, 115, 65, 112, 112, 92, 47, 86, 105, 101, 119, 115, 92, 47, 83, 99, 114, 101, 101, 110, 115, 92, 47, 83, 117, 112, 112, 111, 114, 116, 92, 47, 83, 116, 97, 102, 102, 83, 117, 112, 112, 111, 114, 116, 86, 105, 101, 119, 46, 115, 119, 105, 102, 116, 58, 49, 54, 48, 58, 53, 48, 58, 32, 119, 97, 114, 110, 105, 110, 103, 58, 32, 108, 101, 102, 116, 32, 115, 105, 100, 101, 32, 111, 102, 32, 110, 105, 108, 32, 99, 111, 97, 108, 101, 115, 99, 105, 110, 103, 32, 111, 112, 101, 114, 97, 116, 111, 114, 32, 39, 63, 63, 39, 32, 104, 97, 115, 32, 110, 111, 110, 45, 111, 112, 116, 105, 111, 110, 97, 108, 32, 116, 121, 112, 101, 32, 39, 83, 116, 114, 105, 110, 103, 39, 44, 32, 115, 111, 32, 116, 104, 101, 32, 114, 105, 103, 104, 116, 32, 115, 105, 100, 101, 32, 105, 115, 32, 110, 101, 118, 101, 114, 32, 117, 115, 101, 100, 92, 110, 32, 32, 32, 32, 32, 32, 32, 32, 108, 101, 116, 32, 116, 111, 107, 101, 110, 32, 61, 32, 97, 117, 116, 104, 86, 105, 101, 119, 77, 111, 100, 101, 108, 46, 99, 117, 114, 114, 101, 110, 116, 73, 100, 84, 111, 107, 101, 110, 32, 63, 63, 32, 92, 34, 92, 34, 92, 110, 32, 32, 32, 32, 32, 32, 32, 32, 32, 32, 32, 32, 32, 32, 32, 32, 32, 32, 32, 32, 126, 126, 126, 126, 126, 126, 126, 126, 126, 126, 126, 126, 126, 126, 126, 126, 126, 126, 126, 126, 126, 126, 126, 126, 126, 126, 126, 126, 126, 94, 126, 126, 126, 126, 92, 110, 32, 32, 32, 32, 32, 32, 32, 32, 32, 32, 32, 32, 32, 32, 32, 32, 32, 32, 32, 32, 32, 32, 32, 32, 32, 32, 32, 32, 32, 32, 32, 32, 32, 32, 32, 32, 32, 32, 32, 32, 32, 32, 32, 32, 32, 32, 32, 32, 92, 110, 92, 47, 85, 115, 101, 114, 115, 92, 47, 114, 117, 110, 110, 101, 114, 92, 47, 119, 111, 114, 107, 92, 47, 105, 111, 115, 65, 112, 112, 92, 47, 105, 111, 115, 65, 112, 112, 92, 47, 105, 111, 115, 65, 112, 112, 92, 47, 86, 105, 101, 119, 115, 92, 47, 83, 99, 114, 101, 101, 110, 115, 92, 47, 83, 117, 112, 112, 111, 114, 116, 92, 47, 83, 116, 97, 102, 102, 83, 117, 112, 112, 111, 114, 116, 86, 105, 101, 119, 46, 115, 119, 105, 102, 116, 58, 49, 56, 48, 58, 55, 51, 58, 32, 101, 114, 114, 111, 114, 58, 32, 101, 120, 116, 114, 97, 32, 97, 114, 103, 117, 109, 101, 110, 116, 32, 105, 110, 32, 99, 97, 108, 108, 92, 110, 32, 32, 32, 32, 32, 32, 32, 32, 32, 32, 32, 32, 32, 32, 32, 32, 32, 32, 32, 32, 32, 32, 32, 32, 32, 32, 32, 32, 108, 101, 116, 32, 99, 73, 100, 32, 61, 32, 70, 105, 114, 101, 115, 116, 111, 114, 101, 72, 101, 108, 112, 101, 114, 46, 103, 101, 116, 83, 116, 114, 105, 110, 103, 40, 102, 105, 101, 108, 100, 115, 44, 32, 92, 34, 99, 114, 101, 97, 116, 111, 114, 73, 100, 92, 34, 41, 92, 110, 32, 32, 32, 32, 32, 32, 32, 32, 32, 32, 32, 32, 32, 32, 32, 32, 32, 32, 32, 32, 32, 32, 32, 32, 32, 32, 32, 32, 32, 32, 32, 32, 32, 32, 32, 32, 32, 32, 32, 32, 32, 32, 32, 32, 32, 32, 32, 32, 32, 32, 32, 32, 32, 32, 32, 32, 32, 32, 32, 32, 32, 32, 32, 126, 126, 126, 126, 126, 126, 126, 126, 126, 94, 126, 126, 126, 126, 126, 126, 126, 126, 126, 126, 126, 92, 110, 92, 47, 85, 115, 101, 114, 115, 92, 47, 114, 117, 110, 110, 101, 114, 92, 47, 119, 111, 114, 107, 92, 47, 105, 111, 115, 65, 112, 112, 92, 47, 105, 111, 115, 65, 112, 112, 92, 47, 105, 111, 115, 65, 112, 112, 92, 47, 86, 105, 101, 119, 115, 92, 47, 83, 99, 114, 101, 101, 110, 115, 92, 47, 83, 117, 112, 112, 111, 114, 116, 92, 47, 83, 116, 97, 102, 102, 83, 117, 112, 112, 111, 114, 116, 86, 105, 101, 119, 46, 115, 119, 105, 102, 116, 58, 49, 56, 54, 58, 55, 56, 58, 32, 101, 114, 114, 111, 114, 58, 32, 101, 120, 116, 114, 97, 32, 97, 114, 103, 117, 109, 101, 110, 116, 32, 105, 110, 32, 99, 97, 108, 108, 92, 110, 32, 32, 32, 32, 32, 32, 32, 32, 32, 32, 32, 32, 32, 32, 32, 32, 32, 32, 32, 32, 32, 32, 32, 32, 32, 32, 32, 32, 32, 32, 32, 32, 32, 32, 32, 32, 116, 105, 116, 108, 101, 58, 32, 70, 105, 114, 101, 115, 116, 111, 114, 101, 72, 101, 108, 112, 101, 114, 46, 103, 101, 116, 83, 116, 114, 105, 110, 103, 40, 102, 105, 101, 108, 100, 115, 44, 32, 92, 34, 116, 105, 116, 108, 101, 92, 34, 41, 44, 92, 110, 32, 32, 32, 32, 32, 32, 32, 32, 32, 32, 32, 32, 32, 32, 32, 32, 32, 32, 32, 32, 32, 32, 32, 32, 32, 32, 32, 32, 32, 32, 32, 32, 32, 32, 32, 32, 32, 32, 32, 32, 32, 32, 32, 32, 32, 32, 32, 32, 32, 32, 32, 32, 32, 32, 32, 32, 32, 32, 32, 32, 32, 32, 32, 32, 32, 32, 32, 32, 126, 126, 126, 126, 126, 126, 126, 126, 126, 94, 126, 126, 126, 126, 126, 126, 126, 92, 110, 92, 47, 85, 115, 101, 114, 115, 92, 47, 114, 117, 110, 110, 101, 114, 92, 47, 119, 111, 114, 107, 92, 47, 105, 111, 115, 65, 112, 112, 92, 47, 105, 111, 115, 65, 112, 112, 92, 47, 105, 111, 115, 65, 112, 112, 92, 47, 86, 105, 101, 119, 115, 92, 47, 83, 99, 114, 101, 101, 110, 115, 92, 47, 83, 117, 112, 112, 111, 114, 116, 92, 47, 83, 116, 97, 102, 102, 83, 117, 112, 112, 111, 114, 116, 86, 105, 101, 119, 46, 115, 119, 105, 102, 116, 58, 49, 56, 55, 58, 56, 52, 58, 32, 101, 114, 114, 111, 114, 58, 32, 101, 120, 116, 114, 97, 32, 97, 114, 103, 117, 109, 101, 110, 116, 32, 105, 110, 32, 99, 97, 108, 108, 92, 110, 32, 32, 32, 32, 32, 32, 32, 32, 32, 32, 32, 32, 32, 32, 32, 32, 32, 32, 32, 32, 32, 32, 32, 32, 32, 32, 32, 32, 32, 32, 32, 32, 32, 32, 32, 32, 100, 101, 115, 99, 114, 105, 112, 116, 105, 111, 110, 58, 32, 70, 105, 114, 101, 115, 116, 111, 114, 101, 72, 101, 108, 112, 101, 114, 46, 103, 101, 116, 83, 116, 114, 105, 110, 103, 40, 102, 105, 101, 108, 100, 115, 44, 32, 92, 34, 100, 101, 115, 99, 114, 105, 112, 116, 105, 111, 110, 92, 34, 41, 44, 92, 110, 32, 32, 32, 32, 32, 32, 32, 32, 32, 32, 32, 32, 32, 32, 32, 32, 32, 32, 32, 32, 32, 32, 32, 32, 32, 32, 32, 32, 32, 32, 32, 32, 32, 32, 32, 32, 32, 32, 32, 32, 32, 32, 32, 32, 32, 32, 32, 32, 32, 32, 32, 32, 32, 32, 32, 32, 32, 32, 32, 32, 32, 32, 32, 32, 32, 32, 32, 32, 32, 32, 32, 32, 32, 32, 126, 126, 126, 126, 126, 126, 126, 126, 126, 94, 126, 126, 126, 126, 126, 126, 126, 126, 126, 126, 126, 126, 126, 92, 110, 92, 47, 85, 115, 101, 114, 115, 92, 47, 114, 117, 110, 110, 101, 114, 92, 47, 119, 111, 114, 107, 92, 47, 105, 111, 115, 65, 112, 112, 92, 47, 105, 111, 115, 65, 112, 112, 92, 47, 105, 111, 115, 65, 112, 112, 92, 47, 86, 105, 101, 119, 115, 92, 47, 83, 99, 114, 101, 101, 110, 115, 92, 47, 83, 117, 112, 112, 111, 114, 116, 92, 47, 83, 116, 97, 102, 102, 83, 117, 112, 112, 111, 114, 116, 86, 105, 101, 119, 46, 115, 119, 105, 102, 116, 58, 49, 56, 56, 58, 55, 57, 58, 32, 101, 114, 114, 111, 114, 58, 32, 101, 120, 116, 114, 97, 32, 97, 114, 103, 117, 109, 101, 110, 116, 32, 105, 110, 32, 99, 97, 108, 108, 92, 110, 32, 32, 32, 32, 32, 32, 32, 32, 32, 32, 32, 32, 32, 32, 32, 32, 32, 32, 32, 32, 32, 32, 32, 32, 32, 32, 32, 32, 32, 32, 32, 32, 32, 32, 32, 32, 115, 116, 97, 116, 117, 115, 58, 32, 70, 105, 114, 101, 115, 116, 111, 114, 101, 72, 101, 108, 112, 101, 114, 46, 103, 101, 116, 83, 116, 114, 105, 110, 103, 40, 102, 105, 101, 108, 100, 115, 44, 32, 92, 34, 115, 116, 97, 116, 117, 115, 92, 34, 41, 44, 92, 110, 32, 32, 32, 32, 32, 32, 32, 32, 32, 32, 32, 32, 32, 32, 32, 32, 32, 32, 32, 32, 32, 32, 32, 32, 32, 32, 32, 32, 32, 32, 32, 32, 32, 32, 32, 32, 32, 32, 32, 32, 32, 32, 32, 32, 32, 32, 32, 32, 32, 32, 32, 32, 32, 32, 32, 32, 32, 32, 32, 32, 32, 32, 32, 32, 32, 32, 32, 32, 32, 126, 126, 126, 126, 126, 126, 126, 126, 126, 94, 126, 126, 126, 126, 126, 126, 126, 126, 92, 110, 92, 47, 85, 115, 101, 114, 115, 92, 47, 114, 117, 110, 110, 101, 114, 92, 47, 119, 111, 114, 107, 92, 47, 105, 111, 115, 65, 112, 112, 92, 47, 105, 111, 115, 65, 112, 112, 92, 47, 105, 111, 115, 65, 112, 112, 92, 47, 86, 105, 101, 119, 115, 92, 47, 83, 99, 114, 101, 101, 110, 115, 92, 47, 83, 117, 112, 112, 111, 114, 116, 92, 47, 83, 116, 97, 102, 102, 83, 117, 112, 112, 111, 114, 116, 86, 105, 101, 119, 46, 115, 119, 105, 102, 116, 58, 49, 56, 57, 58, 56, 49, 58, 32, 101, 114, 114, 111, 114, 58, 32, 101, 120, 116, 114, 97, 32, 97, 114, 103, 117, 109, 101, 110, 116, 32, 105, 110, 32, 99, 97, 108, 108, 92, 110, 32, 32, 32, 32, 32, 32, 32, 32, 32, 32, 32, 32, 32, 32, 32, 32, 32, 32, 32, 32, 32, 32, 32, 32, 32, 32, 32, 32, 32, 32, 32, 32, 32, 32, 32, 32, 112, 114, 105, 111, 114, 105, 116, 121, 58, 32, 70, 105, 114, 101, 115, 116, 111, 114, 101, 72, 101, 108, 112, 101, 114, 46, 103, 101, 116, 83, 116, 114, 105, 110, 103, 40, 102, 105, 101, 108, 100, 115, 44, 32, 92, 34, 112, 114, 105, 111, 114, 105, 116, 121, 92, 34, 41, 44, 92, 110, 32, 32, 32, 32, 32, 32, 32, 32, 32, 32, 32, 32, 32, 32, 32, 32, 32, 32, 32, 32, 32, 32, 32, 32, 32, 32, 32, 32, 32, 32, 32, 32, 32, 32, 32, 32, 32, 32, 32, 32, 32, 32, 32, 32, 32, 32, 32, 32, 32, 32, 32, 32, 32, 32, 32, 32, 32, 32, 32, 32, 32, 32, 32, 32, 32, 32, 32, 32, 32, 32, 32, 126, 126, 126, 126, 126, 126, 126, 126, 126, 94, 126, 126, 126, 126, 126, 126, 126, 126, 126, 126, 92, 110, 92, 47, 85, 115, 101, 114, 115, 92, 47, 114, 117, 110, 110, 101, 114, 92, 47, 119, 111, 114, 107, 92, 47, 105, 111, 115, 65, 112, 112, 92, 47, 105, 111, 115, 65, 112, 112, 92, 47, 105, 111, 115, 65, 112, 112, 92, 47, 86, 105, 101, 119, 115, 92, 47, 83, 99, 114, 101, 101, 110, 115, 92, 47, 83, 117, 112, 112, 111, 114, 116, 92, 47, 83, 116, 97, 102, 102, 83, 117, 112, 112, 111, 114, 116, 86, 105, 101, 119, 46, 115, 119, 105, 102, 116, 58, 49, 57, 48, 58, 56, 49, 58, 32, 101, 114, 114, 111, 114, 58, 32, 101, 120, 116, 114, 97, 32, 97, 114, 103, 117, 109, 101, 110, 116, 32, 105, 110, 32, 99, 97, 108, 108, 92, 110, 32, 32, 32, 32, 32, 32, 32, 32, 32, 32, 32, 32, 32, 32, 32, 32, 32, 32, 32, 32, 32, 32, 32, 32, 32, 32, 32, 32, 32, 32, 32, 32, 32, 32, 32, 32, 99, 97, 116, 101, 103, 111, 114, 121, 58, 32, 70, 105, 114, 101, 115, 116, 111, 114, 101, 72, 101, 108, 112, 101, 114, 46, 103, 101, 116, 83, 116, 114, 105, 110, 103, 40, 102, 105, 101, 108, 100, 115, 44, 32, 92, 34, 99, 97, 116, 101, 103, 111, 114, 121, 92, 34, 41, 44, 92, 110, 32, 32, 32, 32, 32, 32, 32, 32, 32, 32, 32, 32, 32, 32, 32, 32, 32, 32, 32, 32, 32, 32, 32, 32, 32, 32, 32, 32, 32, 32, 32, 32, 32, 32, 32, 32, 32, 32, 32, 32, 32, 32, 32, 32, 32, 32, 32, 32, 32, 32, 32, 32, 32, 32, 32, 32, 32, 32, 32, 32, 32, 32, 32, 32, 32, 32, 32, 32, 32, 32, 32, 126, 126, 126, 126, 126, 126, 126, 126, 126, 94, 126, 126, 126, 126, 126, 126, 126, 126, 126, 126, 92, 110, 92, 47, 85, 115, 101, 114, 115, 92, 47, 114, 117, 110, 110, 101, 114, 92, 47, 119, 111, 114, 107, 92, 47, 105, 111, 115, 65, 112, 112, 92, 47, 105, 111, 115, 65, 112, 112, 92, 47, 105, 111, 115, 65, 112, 112, 92, 47, 86, 105, 101, 119, 115, 92, 47, 83, 99, 114, 101, 101, 110, 115, 92, 47, 83, 117, 112, 112, 111, 114, 116, 92, 47, 83, 116, 97, 102, 102, 83, 117, 112, 112, 111, 114, 116, 86, 105, 101, 119, 46, 115, 119, 105, 102, 116, 58, 49, 57, 50, 58, 56, 49, 58, 32, 101, 114, 114, 111, 114, 58, 32, 101, 120, 116, 114, 97, 32, 97, 114, 103, 117, 109, 101, 110, 116, 32, 105, 110, 32, 99, 97, 108, 108, 92, 110, 32, 32, 32, 32, 32, 32, 32, 32, 32, 32, 32, 32, 32, 32, 32, 32, 32, 32, 32, 32, 32, 32, 32, 32, 32, 32, 32, 32, 32, 32, 32, 32, 32, 32, 32, 32, 99, 114, 101, 97, 116, 101, 100, 65, 116, 58, 32, 70, 105, 114, 101, 115, 116, 111, 114, 101, 72, 101, 108, 112, 101, 114, 46, 103, 101, 116, 73, 110, 116, 54, 52, 40, 102, 105, 101, 108, 100, 115, 44, 32, 92, 34, 99, 114, 101, 97, 116, 101, 100, 65, 116, 92, 34, 41, 92, 110, 32, 32, 32, 32, 32, 32, 32, 32, 32, 32, 32, 32, 32, 32, 32, 32, 32, 32, 32, 32, 32, 32, 32, 32, 32, 32, 32, 32, 32, 32, 32, 32, 32, 32, 32, 32, 32, 32, 32, 32, 32, 32, 32, 32, 32, 32, 32, 32, 32, 32, 32, 32, 32, 32, 32, 32, 32, 32, 32, 32, 32, 32, 32, 32, 32, 32, 32, 32, 32, 32, 32, 126, 126, 126, 126, 126, 126, 126, 126, 126, 94, 126, 126, 126, 126, 126, 126, 126, 126, 126, 126, 126, 92, 110, 92, 47, 85, 115, 101, 114, 115, 92, 47, 114, 117, 110, 110, 101, 114, 92, 47, 119, 111, 114, 107, 92, 47, 105, 111, 115, 65, 112, 112, 92, 47, 105, 111, 115, 65, 112, 112, 92, 47, 105, 111, 115, 65, 112, 112, 92, 47, 86, 105, 101, 119, 115, 92, 47, 83, 99, 114, 101, 101, 110, 115, 92, 47, 83, 117, 112, 112, 111, 114, 116, 92, 47, 83, 116, 97, 102, 102, 83, 117, 112, 112, 111, 114, 116, 86, 105, 101, 119, 46, 115, 119, 105, 102, 116, 58, 50, 57, 56, 58, 53, 48, 58, 32, 119, 97, 114, 110, 105, 110, 103, 58, 32, 108, 101, 102, 116, 32, 115, 105, 100, 101, 32, 111, 102, 32, 110, 105, 108, 32, 99, 111, 97, 108, 101, 115, 99, 105, 110, 103, 32, 111, 112, 101, 114, 97, 116, 111, 114, 32, 39, 63, 63, 39, 32, 104, 97, 115, 32, 110, 111, 110, 45, 111, 112, 116, 105, 111, 110, 97, 108, 32, 116, 121, 112, 101, 32, 39, 83, 116, 114, 105, 110, 103, 39, 44, 32, 115, 111, 32, 116, 104, 101, 32, 114, 105, 103, 104, 116, 32, 115, 105, 100, 101, 32, 105, 115, 32, 110, 101, 118, 101, 114, 32, 117, 115, 101, 100, 92, 110, 32, 32, 32, 32, 32, 32, 32, 32, 108, 101, 116, 32, 116, 111, 107, 101, 110, 32, 61, 32, 97, 117, 116, 104, 86, 105, 101, 119, 77, 111, 100, 101, 108, 46, 99, 117, 114, 114, 101, 110, 116, 73, 100, 84, 111, 107, 101, 110, 32, 63, 63, 32, 92, 34, 92, 34, 92, 110, 32, 32, 32, 32, 32, 32, 32, 32, 32, 32, 32, 32, 32, 32, 32, 32, 32, 32, 32, 32, 126, 126, 126, 126, 126, 126, 126, 126, 126, 126, 126, 126, 126, 126, 126, 126, 126, 126, 126, 126, 126, 126, 126, 126, 126, 126, 126, 126, 126, 94, 126, 126, 126, 126, 92, 110, 32, 32, 32, 32, 32, 32, 32, 32, 32, 32, 32, 32, 32, 32, 32, 32, 32, 32, 32, 32, 32, 32, 32, 32, 32, 32, 32, 32, 32, 32, 32, 32, 32, 32, 32, 32, 32, 32, 32, 32, 32, 32, 32, 32, 32, 32, 32, 32, 92, 110, 92, 47, 85, 115, 101, 114, 115, 92, 47, 114, 117, 110, 110, 101, 114, 92, 47, 119, 111, 114, 107, 92, 47, 105, 111, 115, 65, 112, 112, 92, 47, 105, 111, 115, 65, 112, 112, 92, 47, 105, 111, 115, 65, 112, 112, 92, 47, 86, 105, 101, 119, 115, 92, 47, 83, 99, 114, 101, 101, 110, 115, 92, 47, 83, 117, 112, 112, 111, 114, 116, 92, 47, 83, 116, 97, 102, 102, 83, 117, 112, 112, 111, 114, 116, 86, 105, 101, 119, 46, 115, 119, 105, 102, 116, 58, 51, 48, 48, 58, 53, 49, 58, 32, 101, 114, 114, 111, 114, 58, 32, 118, 97, 108, 117, 101, 32, 111, 102, 32, 116, 121, 112, 101, 32, 39, 85, 115, 101, 114, 39, 32, 104, 97, 115, 32, 110, 111, 32, 109, 101, 109, 98, 101, 114, 32, 39, 110, 97, 109, 101, 39, 92, 110, 32, 32, 32, 32, 32, 32, 32, 32, 108, 101, 116, 32, 117, 115, 101, 114, 78, 97, 109, 101, 32, 61, 32, 97, 117, 116, 104, 86, 105, 101, 119, 77, 111, 100, 101, 108, 46, 99, 117, 114, 114, 101, 110, 116, 85, 115, 101, 114, 63, 46, 110, 97, 109, 101, 32, 63, 63, 32, 92, 34, 92, 34, 92, 110, 32, 32, 32, 32, 32, 32, 32, 32, 32, 32, 32, 32, 32, 32, 32, 32, 32, 32, 32, 32, 32, 32, 32, 126, 126, 126, 126, 126, 126, 126, 126, 126, 126, 126, 126, 126, 126, 126, 126, 126, 126, 126, 126, 126, 126, 126, 126, 126, 126, 32, 94, 126, 126, 126, 92, 110, 92, 47, 85, 115, 101, 114, 115, 92, 47, 114, 117, 110, 110, 101, 114, 92, 47, 119, 111, 114, 107, 92, 47, 105, 111, 115, 65, 112, 112, 92, 47, 105, 111, 115, 65, 112, 112, 92, 47, 105, 111, 115, 65, 112, 112, 92, 47, 86, 105, 101, 119, 115, 92, 47, 83, 99, 114, 101, 101, 110, 115, 92, 47, 65, 117, 116, 104, 92, 47, 80, 101, 110, 100, 105, 110, 103, 65, 112, 112, 114, 111, 118, 97, 108, 86, 105, 101, 119, 46, 115, 119, 105, 102, 116, 58, 49, 50, 56, 58, 53, 48, 58, 32, 119, 97, 114, 110, 105, 110, 103, 58, 32, 108, 101, 102, 116, 32, 115, 105, 100, 101, 32, 111, 102, 32, 110, 105, 108, 32, 99, 111, 97, 108, 101, 115, 99, 105, 110, 103, 32, 111, 112, 101, 114, 97, 116, 111, 114, 32, 39, 63, 63, 39, 32, 104, 97, 115, 32, 110, 111, 110, 45, 111, 112, 116, 105, 111, 110, 97, 108, 32, 116, 121, 112, 101, 32, 39, 83, 116, 114, 105, 110, 103, 39, 44, 32, 115, 111, 32, 116, 104, 101, 32, 114, 105, 103, 104, 116, 32, 115, 105, 100, 101, 32, 105, 115, 32, 110, 101, 118, 101, 114, 32, 117, 115, 101, 100, 92, 110, 32, 32, 32, 32, 32, 32, 32, 32, 108, 101, 116, 32, 116, 111, 107, 101, 110, 32, 61, 32, 97, 117, 116, 104, 86, 105, 101, 119, 77, 111, 100, 101, 108, 46, 99, 117, 114, 114, 101, 110, 116, 73, 100, 84, 111, 107, 101, 110, 32, 63, 63, 32, 92, 34, 92, 34, 92, 110, 32, 32, 32, 32, 32, 32, 32, 32, 32, 32, 32, 32, 32, 32, 32, 32, 32, 32, 32, 32, 126, 126, 126, 126, 126, 126, 126, 126, 126, 126, 126, 126, 126, 126, 126, 126, 126, 126, 126, 126, 126, 126, 126, 126, 126, 126, 126, 126, 126, 94, 126, 126, 126, 126, 92, 110, 32, 32, 32, 32, 32, 32, 32, 32, 32, 32, 32, 32, 32, 32, 32, 32, 32, 32, 32, 32, 32, 32, 32, 32, 32, 32, 32, 32, 32, 32, 32, 32, 32, 32, 32, 32, 32, 32, 32, 32, 32, 32, 32, 32, 32, 32, 32, 32, 92, 110, 92, 47, 85, 115, 101, 114, 115, 92, 47, 114, 117, 110, 110, 101, 114, 92, 47, 119, 111, 114, 107, 92, 47, 105, 111, 115, 65, 112, 112, 92, 47, 105, 111, 115, 65, 112, 112, 92, 47, 105, 111, 115, 65, 112, 112, 92, 47, 86, 105, 101, 119, 115, 92, 47, 83, 99, 114, 101, 101, 110, 115, 92, 47, 65, 117, 116, 104, 92, 47, 80, 101, 110, 100, 105, 110, 103, 65, 112, 112, 114, 111, 118, 97, 108, 86, 105, 101, 119, 46, 115, 119, 105, 102, 116, 58, 49, 52, 57, 58, 55, 56, 58, 32, 101, 114, 114, 111, 114, 58, 32, 101, 120, 116, 114, 97, 32, 97, 114, 103, 117, 109, 101, 110, 116, 32, 105, 110, 32, 99, 97, 108, 108, 92, 110, 32, 32, 32, 32, 32, 32, 32, 32, 32, 32, 32, 32, 32, 32, 32, 32, 32, 32, 32, 32, 32, 32, 32, 32, 32, 32, 32, 32, 108, 101, 116, 32, 105, 115, 65, 112, 112, 114, 111, 118, 101, 100, 32, 61, 32, 70, 105, 114, 101, 115, 116, 111, 114, 101, 72, 101, 108, 112, 101, 114, 46, 103, 101, 116, 66, 111, 111, 108, 40, 102, 105, 101, 108, 100, 115, 44, 32, 92, 34, 105, 115, 65, 112, 112, 114, 111, 118, 101, 100, 92, 34, 41, 92, 110, 32, 32, 32, 32, 32, 32, 32, 32, 32, 32, 32, 32, 32, 32, 32, 32, 32, 32, 32, 32, 32, 32, 32, 32, 32, 32, 32, 32, 32, 32, 32, 32, 32, 32, 32, 32, 32, 32, 32, 32, 32, 32, 32, 32, 32, 32, 32, 32, 32, 32, 32, 32, 32, 32, 32, 32, 32, 32, 32, 32, 32, 32, 32, 32, 32, 32, 32, 32, 126, 126, 126, 126, 126, 126, 126, 126, 126, 94, 126, 126, 126, 126, 126, 126, 126, 126, 126, 126, 126, 126, 92, 110, 92, 47, 85, 115, 101, 114, 115, 92, 47, 114, 117, 110, 110, 101, 114, 92, 47, 119, 111, 114, 107, 92, 47, 105, 111, 115, 65, 112, 112, 92, 47, 105, 111, 115, 65, 112, 112, 92, 47, 105, 111, 115, 65, 112, 112, 92, 47, 86, 105, 101, 119, 115, 92, 47, 83, 99, 114, 101, 101, 110, 115, 92, 47, 65, 116, 116, 101, 110, 100, 97, 110, 99, 101, 92, 47, 65, 116, 116, 101, 110, 100, 97, 110, 99, 101, 72, 105, 115, 116, 111, 114, 121, 86, 105, 101, 119, 46, 115, 119, 105, 102, 116, 58, 49, 52, 51, 58, 50, 57, 58, 32, 101, 114, 114, 111, 114, 58, 32, 118, 97, 108, 117, 101, 32, 111, 102, 32, 116, 121, 112, 101, 32, 39, 65, 116, 116, 101, 110, 100, 97, 110, 99, 101, 82, 101, 99, 111, 114, 100, 39, 32, 104, 97, 115, 32, 110, 111, 32, 109, 101, 109, 98, 101, 114, 32, 39, 115, 116, 97, 116, 117, 115, 39, 92, 110, 32, 32, 32, 32, 32, 32, 32, 32, 32, 32, 32, 32, 32, 32, 32, 32, 84, 101, 120, 116, 40, 114, 101, 99, 111, 114, 100, 46, 115, 116, 97, 116, 117, 115, 32, 61, 61, 32, 92, 34, 111, 110, 95, 116, 105, 109, 101, 92, 34, 32, 63, 32, 92, 34, 196, 144, 195, 186, 110, 103, 32, 103, 105, 225, 187, 157, 92, 34, 32, 58, 32, 40, 114, 101, 99, 111, 114, 100, 46, 115, 116, 97, 116, 117, 115, 32, 61, 61, 32, 92, 34, 108, 97, 116, 101, 92, 34, 32, 63, 32, 92, 34, 84, 114, 225, 187, 133, 92, 34, 32, 58, 32, 92, 34, 86, 225, 186, 175, 110, 103, 92, 34, 41, 41, 92, 110, 92, 47, 85, 115, 101, 114, 115, 92, 47, 114, 117, 110, 110, 101, 114, 92, 47, 119, 111, 114, 107, 92, 47, 105, 111, 115, 65, 112, 112, 92, 47, 105, 111, 115, 65, 112, 112, 92, 47, 105, 111, 115, 65, 112, 112, 92, 47, 86, 105, 101, 119, 115, 92, 47, 83, 99, 114, 101, 101, 110, 115, 92, 47, 65, 116, 116, 101, 110, 100, 97, 110, 99, 101, 92, 47, 65, 116, 116, 101, 110, 100, 97, 110, 99, 101, 72, 105, 115, 116, 111, 114, 121, 86, 105, 101, 119, 46, 115, 119, 105, 102, 116, 58, 49, 52, 51, 58, 55, 54, 58, 32, 101, 114, 114, 111, 114, 58, 32, 118, 97, 108, 117, 101, 32, 111, 102, 32, 116, 121, 112, 101, 32, 39, 65, 116, 116, 101, 110, 100, 97, 110, 99, 101, 82, 101, 99, 111, 114, 100, 39, 32, 104, 97, 115, 32, 110, 111, 32, 109, 101, 109, 98, 101, 114, 32, 39, 115, 116, 97, 116, 117, 115, 39, 92, 110, 32, 32, 32, 32, 32, 32, 32, 32, 32, 32, 32, 32, 32, 32, 32, 32, 84, 101, 120, 116, 40, 114, 101, 99, 111, 114, 100, 46, 115, 116, 97, 116, 117, 115, 32, 61, 61, 32, 92, 34, 111, 110, 95, 116, 105, 109, 101, 92, 34, 32, 63, 32, 92, 34, 196, 144, 195, 186, 110, 103, 32, 103, 105, 225, 187, 157, 92, 34, 32, 58, 32, 40, 114, 101, 99, 111, 114, 100, 46, 115, 116, 97, 116, 117, 115, 32, 61, 61, 32, 92, 34, 108, 97, 116, 101, 92, 34, 32, 63, 32, 92, 34, 84, 114, 225, 187, 133, 92, 34, 32, 58, 32, 92, 34, 86, 225, 186, 175, 110, 103, 92, 34, 41, 41, 92, 110, 92, 47, 85, 115, 101, 114, 115, 92, 47, 114, 117, 110, 110, 101, 114, 92, 47, 119, 111, 114, 107, 92, 47, 105, 111, 115, 65, 112, 112, 92, 47, 105, 111, 115, 65, 112, 112, 92, 47, 105, 111, 115, 65, 112, 112, 92, 47, 86, 105, 101, 119, 115, 92, 47, 83, 99, 114, 101, 101, 110, 115, 92, 47, 65, 116, 116, 101, 110, 100, 97, 110, 99, 101, 92, 47, 65, 116, 116, 101, 110, 100, 97, 110, 99, 101, 72, 105, 115, 116, 111, 114, 121, 86, 105, 101, 119, 46, 115, 119, 105, 102, 116, 58, 49, 52, 55, 58, 52, 49, 58, 32, 101, 114, 114, 111, 114, 58, 32, 118, 97, 108, 117, 101, 32, 111, 102, 32, 116, 121, 112, 101, 32, 39, 65, 116, 116, 101, 110, 100, 97, 110, 99, 101, 82, 101, 99, 111, 114, 100, 39, 32, 104, 97, 115, 32, 110, 111, 32, 109, 101, 109, 98, 101, 114, 32, 39, 115, 116, 97, 116, 117, 115, 39, 92, 110, 32, 32, 32, 32, 32, 32, 32, 32, 32, 32, 32, 32, 32, 32, 32, 32, 32, 32, 32, 32, 46, 98, 97, 99, 107, 103, 114, 111, 117, 110, 100, 40, 40, 114, 101, 99, 111, 114, 100, 46, 115, 116, 97, 116, 117, 115, 32, 61, 61, 32, 92, 34, 111, 110, 95, 116, 105, 109, 101, 92, 34, 32, 63, 32, 67, 111, 108, 111, 114, 46, 103, 114, 101, 101, 110, 32, 58, 32, 67, 111, 108, 111, 114, 46, 111, 114, 97, 110, 103, 101, 41, 46, 111, 112, 97, 99, 105, 116, 121, 40, 48, 46, 50, 41, 41, 92, 110, 32, 32, 32, 32, 32, 32, 32, 32, 32, 32, 32, 32, 32, 32, 32, 32, 32, 32, 32, 32, 32, 32, 32, 32, 32, 32, 32, 32, 32, 32, 32, 32, 32, 126, 126, 126, 126, 126, 126, 32, 94, 126, 126, 126, 126, 126, 92, 110, 92, 47, 85, 115, 101, 114, 115, 92, 47, 114, 117, 110, 110, 101, 114, 92, 47, 119, 111, 114, 107, 92, 47, 105, 111, 115, 65, 112, 112, 92, 47, 105, 111, 115, 65, 112, 112, 92, 47, 105, 111, 115, 65, 112, 112, 92, 47, 86, 105, 101, 119, 115, 92, 47, 83, 99, 114, 101, 101, 110, 115, 92, 47, 65, 116, 116, 101, 110, 100, 97, 110, 99, 101, 92, 47, 65, 116, 116, 101, 110, 100, 97, 110, 99, 101, 72, 105, 115, 116, 111, 114, 121, 86, 105, 101, 119, 46, 115, 119, 105, 102, 116, 58, 49, 52, 56, 58, 52, 53, 58, 32, 101, 114, 114, 111, 114, 58, 32, 118, 97, 108, 117, 101, 32, 111, 102, 32, 116, 121, 112, 101, 32, 39, 65, 116, 116, 101, 110, 100, 97, 110, 99, 101, 82, 101, 99, 111, 114, 100, 39, 32, 104, 97, 115, 32, 110, 111, 32, 109, 101, 109, 98, 101, 114, 32, 39, 115, 116, 97, 116, 117, 115, 39, 92, 110, 32, 32, 32, 32, 32, 32, 32, 32, 32, 32, 32, 32, 32, 32, 32, 32, 32, 32, 32, 32, 46, 102, 111, 114, 101, 103, 114, 111, 117, 110, 100, 67, 111, 108, 111, 114, 40, 114, 101, 99, 111, 114, 100, 46, 115, 116, 97, 116, 117, 115, 32, 61, 61, 32, 92, 34, 111, 110, 95, 116, 105, 109, 101, 92, 34, 32, 63, 32, 46, 103, 114, 101, 101, 110, 32, 58, 32, 46, 111, 114, 97, 110, 103, 101, 41, 92, 110, 32, 32, 32, 32, 32, 32, 32, 32, 32, 32, 32, 32, 32, 32, 32, 32, 32, 32, 32, 32, 32, 32, 32, 32, 32, 32, 32, 32, 32, 32, 32, 32, 32, 32, 32, 32, 32, 126, 126, 126, 126, 126, 126, 32, 94, 126, 126, 126, 126, 126, 92, 110, 92, 47, 85, 115, 101, 114, 115, 92, 47, 114, 117, 110, 110, 101, 114, 92, 47, 119, 111, 114, 107, 92, 47, 105, 111, 115, 65, 112, 112, 92, 47, 105, 111, 115, 65, 112, 112, 92, 47, 105, 111, 115, 65, 112, 112, 92, 47, 86, 105, 101, 119, 115, 92, 47, 83, 99, 114, 101, 101, 110, 115, 92, 47, 65, 116, 116, 101, 110, 100, 97, 110, 99, 101, 92, 47, 65, 116, 116, 101, 110, 100, 97, 110, 99, 101, 72, 105, 115, 116, 111, 114, 121, 86, 105, 101, 119, 46, 115, 119, 105, 102, 116, 58, 49, 55, 48, 58, 53, 48, 58, 32, 119, 97, 114, 110, 105, 110, 103, 58, 32, 108, 101, 102, 116, 32, 115, 105, 100, 101, 32, 111, 102, 32, 110, 105, 108, 32, 99, 111, 97, 108, 101, 115, 99, 105, 110, 103, 32, 111, 112, 101, 114, 97, 116, 111, 114, 32, 39, 63, 63, 39, 32, 104, 97, 115, 32, 110, 111, 110, 45, 111, 112, 116, 105, 111, 110, 97, 108, 32, 116, 121, 112, 101, 32, 39, 83, 116, 114, 105, 110, 103, 39, 44, 32, 115, 111, 32, 116, 104, 101, 32, 114, 105, 103, 104, 116, 32, 115, 105, 100, 101, 32, 105, 115, 32, 110, 101, 118, 101, 114, 32, 117, 115, 101, 100, 92, 110, 32, 32, 32, 32, 32, 32, 32, 32, 108, 101, 116, 32, 116, 111, 107, 101, 110, 32, 61, 32, 97, 117, 116, 104, 86, 105, 101, 119, 77, 111, 100, 101, 108, 46, 99, 117, 114, 114, 101, 110, 116, 73, 100, 84, 111, 107, 101, 110, 32, 63, 63, 32, 92, 34, 92, 34, 92, 110, 32, 32, 32, 32, 32, 32, 32, 32, 32, 32, 32, 32, 32, 32, 32, 32, 32, 32, 32, 32, 126, 126, 126, 126, 126, 126, 126, 126, 126, 126, 126, 126, 126, 126, 126, 126, 126, 126, 126, 126, 126, 126, 126, 126, 126, 126, 126, 126, 126, 94, 126, 126, 126, 126, 92, 110, 32, 32, 32, 32, 32, 32, 32, 32, 32, 32, 32, 32, 32, 32, 32, 32, 32, 32, 32, 32, 32, 32, 32, 32, 32, 32, 32, 32, 32, 32, 32, 32, 32, 32, 32, 32, 32, 32, 32, 32, 32, 32, 32, 32, 32, 32, 32, 32, 92, 110, 92, 47, 85, 115, 101, 114, 115, 92, 47, 114, 117, 110, 110, 101, 114, 92, 47, 119, 111, 114, 107, 92, 47, 105, 111, 115, 65, 112, 112, 92, 47, 105, 111, 115, 65, 112, 112, 92, 47, 105, 111, 115, 65, 112, 112, 92, 47, 86, 105, 101, 119, 115, 92, 47, 83, 99, 114, 101, 101, 110, 115, 92, 47, 65, 116, 116, 101, 110, 100, 97, 110, 99, 101, 92, 47, 65, 116, 116, 101, 110, 100, 97, 110, 99, 101, 82, 101, 112, 111, 114, 116, 86, 105, 101, 119, 46, 115, 119, 105, 102, 116, 58, 51, 50, 50, 58, 52, 52, 58, 32, 101, 114, 114, 111, 114, 58, 32, 116, 121, 112, 101, 32, 39, 67, 111, 108, 111, 114, 39, 32, 104, 97, 115, 32, 110, 111, 32, 109, 101, 109, 98, 101, 114, 32, 39, 97, 112, 112, 84, 101, 120, 116, 39, 92, 110, 32, 32, 32, 32, 32, 32, 32, 32, 32, 32, 32, 32, 32, 32, 32, 32, 32, 32, 32, 32, 46, 102, 111, 114, 101, 103, 114, 111, 117, 110, 100, 67, 111, 108, 111, 114, 40, 67, 111, 108, 111, 114, 46, 97, 112, 112, 84, 101, 120, 116, 41, 92, 110, 32, 32, 32, 32, 32, 32, 32, 32, 32, 32, 32, 32, 32, 32, 32, 32, 32, 32, 32, 32, 32, 32, 32, 32, 32, 32, 32, 32, 32, 32, 32, 32, 32, 32, 32, 32, 32, 126, 126, 126, 126, 126, 32, 94, 126, 126, 126, 126, 126, 126, 92, 110, 92, 47, 85, 115, 101, 114, 115, 92, 47, 114, 117, 110, 110, 101, 114, 92, 47, 119, 111, 114, 107, 92, 47, 105, 111, 115, 65, 112, 112, 92, 47, 105, 111, 115, 65, 112, 112, 92, 47, 105, 111, 115, 65, 112, 112, 92, 47, 86, 105, 101, 119, 115, 92, 47, 83, 99, 114, 101, 101, 110, 115, 92, 47, 65, 116, 116, 101, 110, 100, 97, 110, 99, 101, 92, 47, 65, 116, 116, 101, 110, 100, 97, 110, 99, 101, 82, 101, 112, 111, 114, 116, 86, 105, 101, 119, 46, 115, 119, 105, 102, 116, 58, 51, 53, 53, 58, 53, 52, 58, 32, 119, 97, 114, 110, 105, 110, 103, 58, 32, 108, 101, 102, 116, 32, 115, 105, 100, 101, 32, 111, 102, 32, 110, 105, 108, 32, 99, 111, 97, 108, 101, 115, 99, 105, 110, 103, 32, 111, 112, 101, 114, 97, 116, 111, 114, 32, 39, 63, 63, 39, 32, 104, 97, 115, 32, 110, 111, 110, 45, 111, 112, 116, 105, 111, 110, 97, 108, 32, 116, 121, 112, 101, 32, 39, 73, 110, 116, 54, 52, 39, 44, 32, 115, 111, 32, 116, 104, 101, 32, 114, 105, 103, 104, 116, 32, 115, 105, 100, 101, 32, 105, 115, 32, 110, 101, 118, 101, 114, 32, 117, 115, 101, 100, 92, 110, 32, 32, 32, 32, 32, 32, 32, 32, 32, 32, 32, 32, 32, 32, 32, 32, 32, 32, 32, 32, 108, 101, 116, 32, 99, 104, 101, 99, 107, 73, 110, 32, 61, 32, 114, 101, 99, 111, 114, 100, 46, 99, 104, 101, 99, 107, 73, 110, 84, 105, 109, 101, 32, 63, 63, 32, 48, 92, 110, 32, 32, 32, 32, 32, 32, 32, 32, 32, 32, 32, 32, 32, 32, 32, 32, 32, 32, 32, 32, 32, 32, 32, 32, 32, 32, 32, 32, 32, 32, 32, 32, 32, 32, 126, 126, 126, 126, 126, 126, 126, 126, 126, 126, 126, 126, 126, 126, 126, 126, 126, 126, 126, 94, 126, 126, 126, 92, 110, 32, 32, 32, 32, 32, 32, 32, 32, 32, 32, 32, 32, 32, 32, 32, 32, 32, 32, 32, 32, 32, 32, 32, 32, 32, 32, 32, 32, 32, 32, 32, 32, 32, 32, 32, 32, 32, 32, 32, 32, 32, 32, 32, 32, 32, 32, 32, 32, 32, 32, 32, 32, 92, 110, 92, 47, 85, 115, 101, 114, 115, 92, 47, 114, 117, 110, 110, 101, 114, 92, 47, 119, 111, 114, 107, 92, 47, 105, 111, 115, 65, 112, 112, 92, 47, 105, 111, 115, 65, 112, 112, 92, 47, 105, 111, 115, 65, 112, 112, 92, 47, 86, 105, 101, 119, 115, 92, 47, 83, 99, 114, 101, 101, 110, 115, 92, 47, 65, 116, 116, 101, 110, 100, 97, 110, 99, 101, 92, 47, 65, 116, 116, 101, 110, 100, 97, 110, 99, 101, 82, 101, 112, 111, 114, 116, 86, 105, 101, 119, 46, 115, 119, 105, 102, 116, 58, 51, 53, 54, 58, 53, 54, 58, 32, 119, 97, 114, 110, 105, 110, 103, 58, 32, 108, 101, 102, 116, 32, 115, 105, 100, 101, 32, 111, 102, 32, 110, 105, 108, 32, 99, 111, 97, 108, 101, 115, 99, 105, 110, 103, 32, 111, 112, 101, 114, 97, 116, 111, 114, 32, 39, 63, 63, 39, 32, 104, 97, 115, 32, 110, 111, 110, 45, 111, 112, 116, 105, 111, 110, 97, 108, 32, 116, 121, 112, 101, 32, 39, 73, 110, 116, 54, 52, 39, 44, 32, 115, 111, 32, 116, 104, 101, 32, 114, 105, 103, 104, 116, 32, 115, 105, 100, 101, 32, 105, 115, 32, 110, 101, 118, 101, 114, 32, 117, 115, 101, 100, 92, 110, 32, 32, 32, 32, 32, 32, 32, 32, 32, 32, 32, 32, 32, 32, 32, 32, 32, 32, 32, 32, 108, 101, 116, 32, 99, 104, 101, 99, 107, 79, 117, 116, 32, 61, 32, 114, 101, 99, 111, 114, 100, 46, 99, 104, 101, 99, 107, 79, 117, 116, 84, 105, 109, 101, 32, 63, 63, 32, 48, 92, 110, 32, 32, 32, 32, 32, 32, 32, 32, 32, 32, 32, 32, 32, 32, 32, 32, 32, 32, 32, 32, 32, 32, 32, 32, 32, 32, 32, 32, 32, 32, 32, 32, 32, 32, 32, 126, 126, 126, 126, 126, 126, 126, 126, 126, 126, 126, 126, 126, 126, 126, 126, 126, 126, 126, 126, 94, 126, 126, 126, 92, 110, 32, 32, 32, 32, 32, 32, 32, 32, 32, 32, 32, 32, 32, 32, 32, 32, 32, 32, 32, 32, 32, 32, 32, 32, 32, 32, 32, 32, 32, 32, 32, 32, 32, 32, 32, 32, 32, 32, 32, 32, 32, 32, 32, 32, 32, 32, 32, 32, 32, 32, 32, 32, 32, 32, 92, 110, 92, 47, 85, 115, 101, 114, 115, 92, 47, 114, 117, 110, 110, 101, 114, 92, 47, 119, 111, 114, 107, 92, 47, 105, 111, 115, 65, 112, 112, 92, 47, 105, 111, 115, 65, 112, 112, 92, 47, 105, 111, 115, 65, 112, 112, 92, 47, 86, 105, 101, 119, 115, 92, 47, 83, 99, 114, 101, 101, 110, 115, 92, 47, 65, 100, 109, 105, 110, 92, 47, 65, 100, 109, 105, 110, 84, 105, 99, 107, 101, 116, 76, 105, 115, 116, 86, 105, 101, 119, 46, 115, 119, 105, 102, 116, 58, 50, 56, 55, 58, 49, 54, 58, 32, 101, 114, 114, 111, 114, 58, 32, 116, 104, 101, 32, 99, 111, 109, 112, 105, 108, 101, 114, 32, 105, 115, 32, 117, 110, 97, 98, 108, 101, 32, 116, 111, 32, 116, 121, 112, 101, 45, 99, 104, 101, 99, 107, 32, 116, 104, 105, 115, 32, 101, 120, 112, 114, 101, 115, 115, 105, 111, 110, 32, 105, 110, 32, 114, 101, 97, 115, 111, 110, 97, 98, 108, 101, 32, 116, 105, 109, 101, 59, 32, 116, 114, 121, 32, 98, 114, 101, 97, 107, 105, 110, 103, 32, 117, 112, 32, 116, 104, 101, 32, 101, 120, 112, 114, 101, 115, 115, 105, 111, 110, 32, 105, 110, 116, 111, 32, 100, 105, 115, 116, 105, 110, 99, 116, 32, 115, 117, 98, 45, 101, 120, 112, 114, 101, 115, 115, 105, 111, 110, 115, 92, 110, 32, 32, 32, 32, 32, 32, 32, 32, 114, 101, 116, 117, 114, 110, 32, 86, 83, 116, 97, 99, 107, 40, 97, 108, 105, 103, 110, 109, 101, 110, 116, 58, 32, 46, 108, 101, 97, 100, 105, 110, 103, 44, 32, 115, 112, 97, 99, 105, 110, 103, 58, 32, 56, 41, 32, 123, 92, 110, 32, 32, 32, 32, 32, 32, 32, 32, 32, 32, 32, 32, 32, 32, 32, 94, 126, 126, 126, 126, 126, 126, 126, 126, 126, 126, 126, 126, 126, 126, 126, 126, 126, 126, 126, 126, 126, 126, 126, 126, 126, 126, 126, 126, 126, 126, 126, 126, 126, 126, 126, 126, 126, 126, 126, 126, 92, 110, 34, 44, 10, 32, 32, 34, 112, 114, 111, 99, 101, 115, 115, 34, 58, 32, 123, 10, 32, 32, 32, 32, 34, 114, 101, 97, 108, 95, 112, 105, 100, 34, 58, 32, 49, 56, 54, 55, 52, 10, 32, 32, 125, 44, 10, 32, 32, 34, 101, 120, 105, 116, 45, 115, 116, 97, 116, 117, 115, 34, 58, 32, 49, 10, 125, 10]` (in target 'iosApp' from project 'iosApp')
2026-09-26T20:12:34.6122540Z ** ARCHIVE FAILED **
2026-09-26T20:12:34.6122630Z 
2026-09-26T20:12:34.6122640Z 
2026-09-26T20:12:34.6122750Z The following build commands failed:
2026-09-26T20:12:34.6123020Z 	CompileSwift normal arm64 (in target 'iosApp' from project 'iosApp')
2026-09-26T20:12:34.6140390Z 	SwiftCompile normal arm64 Compiling\ iOSApp.swift,\ MainContainerView.swift,\ AppColors.swift,\ UserModels.swift,\ DeviceModels.swift,\ TicketModels.swift,\ AttendanceModels.swift,\ ShiftModels.swift,\ OrganizationModels.swift,\ FirebaseConfig.swift,\ FirestoreHelper.swift,\ AuthService.swift,\ AuthViewModel.swift,\ HomeViewModel.swift,\ DeviceViewModel.swift,\ SupportViewModel.swift,\ AttendanceViewModel.swift,\ ShiftViewModel.swift,\ LoginView.swift,\ AppSidebarDrawer.swift,\ HomeScreenView.swift,\ DeviceListView.swift,\ SupportHubView.swift,\ TicketChatDetailView.swift,\ AttendanceCheckInView.swift,\ ShiftScheduleView.swift,\ PeripheralsView.swift,\ AssetStatisticsView.swift,\ QRScannerView.swift,\ AddDeviceView.swift,\ PrintQrLabelView.swift,\ SystemNotificationsView.swift,\ SystemSettingsView.swift,\ CompanyBannerTickerView.swift,\ AdminViewModel.swift,\ UserManagementView.swift,\ ApproveStaffView.swift,\ DepartmentManagerView.swift,\ UnitRegionManagerView.swift,\ PaywallLicenseView.swift,\ DeviceTypeManagerView.swift,\ SpecialistTeamManagerView.swift,\ SupportRatingReportView.swift,\ OnlineKtvMonitorView.swift,\ StaffSupportView.swift,\ PendingApprovalView.swift,\ AttendanceHistoryView.swift,\ InfoView.swift,\ AttendanceReportView.swift,\ AdminTicketListView.swift,\ HelpView.swift,\ LichSuView.swift,\ SuperAdminPortalView.swift,\ ResetPasswordView.swift,\ GeneratedAssetSymbols.swift /Users/runner/work/iosApp/iosApp/iosApp/iOSApp.swift /Users/runner/work/iosApp/iosApp/iosApp/App/MainContainerView.swift /Users/runner/work/iosApp/iosApp/iosApp/Theme/AppColors.swift /Users/runner/work/iosApp/iosApp/iosApp/Models/UserModels.swift /Users/runner/work/iosApp/iosApp/iosApp/Models/DeviceModels.swift /Users/runner/work/iosApp/iosApp/iosApp/Models/TicketModels.swift /Users/runner/work/iosApp/iosApp/iosApp/Models/AttendanceModels.swift /Users/runner/work/iosApp/iosApp/iosApp/Models/ShiftModels.swift /Users/runner/work/iosApp/iosApp/iosApp/Models/OrganizationModels.swift /Users/runner/work/iosApp/iosApp/iosApp/Services/FirebaseConfig.swift /Users/runner/work/iosApp/iosApp/iosApp/Services/FirestoreHelper.swift /Users/runner/work/iosApp/iosApp/iosApp/Services/AuthService.swift /Users/runner/work/iosApp/iosApp/iosApp/ViewModels/AuthViewModel.swift /Users/runner/work/iosApp/iosApp/iosApp/ViewModels/HomeViewModel.swift /Users/runner/work/iosApp/iosApp/iosApp/ViewModels/DeviceViewModel.swift /Users/runner/work/iosApp/iosApp/iosApp/ViewModels/SupportViewModel.swift /Users/runner/work/iosApp/iosApp/iosApp/ViewModels/AttendanceViewModel.swift /Users/runner/work/iosApp/iosApp/iosApp/ViewModels/ShiftViewModel.swift /Users/runner/work/iosApp/iosApp/iosApp/Views/Screens/Auth/LoginView.swift /Users/runner/work/iosApp/iosApp/iosApp/Views/Screens/Home/AppSidebarDrawer.swift /Users/runner/work/iosApp/iosApp/iosApp/Views/Screens/Home/HomeScreenView.swift /Users/runner/work/iosApp/iosApp/iosApp/Views/Screens/Devices/DeviceListView.swift /Users/runner/work/iosApp/iosApp/iosApp/Views/Screens/Support/SupportHubView.swift /Users/runner/work/iosApp/iosApp/iosApp/Views/Screens/Support/TicketChatDetailView.swift /Users/runner/work/iosApp/iosApp/iosApp/Views/Screens/Attendance/AttendanceCheckInView.swift /Users/runner/work/iosApp/iosApp/iosApp/Views/Screens/Shift/ShiftScheduleView.swift /Users/runner/work/iosApp/iosApp/iosApp/Views/Screens/Peripherals/PeripheralsView.swift /Users/runner/work/iosApp/iosApp/iosApp/Views/Screens/Statistics/AssetStatisticsView.swift /Users/runner/work/iosApp/iosApp/iosApp/Views/Screens/Scanner/QRScannerView.swift /Users/runner/work/iosApp/iosApp/iosApp/Views/Screens/Devices/AddDeviceView.swift /Users/runner/work/iosApp/iosApp/iosApp/Views/Screens/Devices/PrintQrLabelView.swift /Users/runner/work/iosApp/iosApp/iosApp/Views/Screens/Notifications/SystemNotificationsView.swift /Users/runner/work/iosApp/iosApp/iosApp/Views/Screens/Settings/SystemSettingsView.swift /Users/runner/work/iosApp/iosApp/iosApp/Views/Components/CompanyBannerTickerView.swift /Users/runner/work/iosApp/iosApp/iosApp/ViewModels/AdminViewModel.swift /Users/runner/work/iosApp/iosApp/iosApp/Views/Screens/Admin/UserManagementView.swift /Users/runner/work/iosApp/iosApp/iosApp/Views/Screens/Admin/ApproveStaffView.swift /Users/runner/work/iosApp/iosApp/iosApp/Views/Screens/Admin/DepartmentManagerView.swift /Users/runner/work/iosApp/iosApp/iosApp/Views/Screens/Admin/UnitRegionManagerView.swift /Users/runner/work/iosApp/iosApp/iosApp/Views/Screens/Admin/PaywallLicenseView.swift /Users/runner/work/iosApp/iosApp/iosApp/Views/Screens/Devices/DeviceTypeManagerView.swift /Users/runner/work/iosApp/iosApp/iosApp/Views/Screens/Support/SpecialistTeamManagerView.swift /Users/runner/work/iosApp/iosApp/iosApp/Views/Screens/Support/SupportRatingReportView.swift /Users/runner/work/iosApp/iosApp/iosApp/Views/Screens/Support/OnlineKtvMonitorView.swift /Users/runner/work/iosApp/iosApp/iosApp/Views/Screens/Support/StaffSupportView.swift /Users/runner/work/iosApp/iosApp/iosApp/Views/Screens/Auth/PendingApprovalView.swift /Users/runner/work/iosApp/iosApp/iosApp/Views/Screens/Attendance/AttendanceHistoryView.swift /Users/runner/work/iosApp/iosApp/iosApp/App/InfoView.swift /Users/runner/work/iosApp/iosApp/iosApp/Views/Screens/Attendance/AttendanceReportView.swift /Users/runner/work/iosApp/iosApp/iosApp/Views/Screens/Admin/AdminTicketListView.swift /Users/runner/work/iosApp/iosApp/iosApp/App/HelpView.swift /Users/runner/work/iosApp/iosApp/iosApp/Views/Screens/Devices/LichSuView.swift /Users/runner/work/iosApp/iosApp/iosApp/Views/Screens/Admin/SuperAdminPortalView.swift /Users/runner/work/iosApp/iosApp/iosApp/Views/Screens/Auth/ResetPasswordView.swift /Users/runner/Library/Developer/Xcode/DerivedData/iosApp-futeksqscqzjpibtkonmeslsyvzw/Build/Intermediates.noindex/ArchiveIntermediates/iosApp/IntermediateBuildFilesPath/iosApp.build/Release-iphoneos/iosApp.build/DerivedSources/GeneratedAssetSymbols.swift (in target 'iosApp' from project 'iosApp')
2026-09-26T20:12:34.6157400Z (2 failures)
2026-09-26T20:12:34.6158400Z ProcessInfoPlistFile /Users/runner/Library/Developer/Xcode/DerivedData/iosApp-futeksqscqzjpibtkonmeslsyvzw/Build/Intermediates.noindex/ArchiveIntermediates/iosApp/InstallationBuildProductsLocation/Applications/iosApp.app/Info.plist /Users/runner/work/iosApp/iosApp/iosApp/Info.plist (in target 'iosApp' from project 'iosApp')
2026-09-26T20:12:34.6159330Z     cd /Users/runner/work/iosApp/iosApp
2026-09-26T20:12:34.6162580Z     builtin-infoPlistUtility /Users/runner/work/iosApp/iosApp/iosApp/Info.plist -producttype com.apple.product-type.application -genpkginfo /Users/runner/Library/Developer/Xcode/DerivedData/iosApp-futeksqscqzjpibtkonmeslsyvzw/Build/Intermediates.noindex/ArchiveIntermediates/iosApp/InstallationBuildProductsLocation/Applications/iosApp.app/PkgInfo -expandbuildsettings -format binary -platform iphoneos -additionalcontentfile /Users/runner/Library/Developer/Xcode/DerivedData/iosApp-futeksqscqzjpibtkonmeslsyvzw/Build/Intermediates.noindex/ArchiveIntermediates/iosApp/IntermediateBuildFilesPath/iosApp.build/Release-iphoneos/iosApp.build/assetcatalog_generated_info.plist -scanforprivacyfile /Users/runner/Library/Developer/Xcode/DerivedData/iosApp-futeksqscqzjpibtkonmeslsyvzw/Build/Intermediates.noindex/ArchiveIntermediates/iosApp/InstallationBuildProductsLocation/Applications/iosApp.app/Frameworks/WebRTC.framework -requiredArchitecture arm64 -o /Users/runner/Library/Developer/Xcode/DerivedData/iosApp-futeksqscqzjpibtkonmeslsyvzw/Build/Intermediates.noindex/ArchiveIntermediates/iosApp/InstallationBuildProductsLocation/Applications/iosApp.app/Info.plist
2026-09-26T20:12:34.6167260Z /Users/runner/work/iosApp/iosApp/iosApp.xcodeproj: warning: User-supplied CFBundleIdentifier value 'com.saigoncoop.qltb' in the Info.plist must be the same as the PRODUCT_BUNDLE_IDENTIFIER build setting value 'com.huyenhan.qltb.iosApp'. (in target 'iosApp' from project 'iosApp')
2026-09-26T20:12:34.6168060Z 
2026-09-26T20:12:34.6172250Z ##[error]Process completed with exit code 65.
2026-09-26T20:12:34.6309300Z Post job cleanup.
2026-09-26T20:12:34.7691720Z (node:20838) [DEP0040] DeprecationWarning: The `punycode` module is deprecated. Please use a userland alternative instead.
2026-09-26T20:12:34.7692310Z (Use `node --trace-deprecation ...` to show where the warning was created)
2026-09-26T20:12:34.7813910Z Post job cleanup.
2026-09-26T20:12:34.8791930Z [command]/opt/homebrew/bin/git version
2026-09-26T20:12:34.8837300Z git version 2.55.0
2026-09-26T20:12:34.8853090Z Copying '/Users/runner/.gitconfig' to '/Users/runner/work/_temp/88c0ec88-932d-41d6-bba2-347a04a73343/.gitconfig'
2026-09-26T20:12:34.8858870Z Temporarily overriding HOME='/Users/runner/work/_temp/88c0ec88-932d-41d6-bba2-347a04a73343' before making global git config changes
2026-09-26T20:12:34.8859450Z Adding repository directory to the temporary git global config as a safe directory
2026-09-26T20:12:34.8861880Z [command]/opt/homebrew/bin/git config --global --add safe.directory /Users/runner/work/iosApp/iosApp
2026-09-26T20:12:34.8901970Z [command]/opt/homebrew/bin/git config --local --name-only --get-regexp core\.sshCommand
2026-09-26T20:12:34.8937150Z [command]/opt/homebrew/bin/git submodule foreach --recursive sh -c "git config --local --name-only --get-regexp 'core\.sshCommand' && git config --local --unset-all 'core.sshCommand' || :"
2026-09-26T20:12:34.9394970Z [command]/opt/homebrew/bin/git config --local --name-only --get-regexp http\.https\:\/\/github\.com\/\.extraheader
2026-09-26T20:12:34.9423470Z http.https://github.com/.extraheader
2026-09-26T20:12:34.9429330Z [command]/opt/homebrew/bin/git config --local --unset-all http.https://github.com/.extraheader
2026-09-26T20:12:34.9465980Z [command]/opt/homebrew/bin/git submodule foreach --recursive sh -c "git config --local --name-only --get-regexp 'http\.https\:\/\/github\.com\/\.extraheader' && git config --local --unset-all 'http.https://github.com/.extraheader' || :"
2026-09-26T20:12:34.9892430Z [command]/opt/homebrew/bin/git config --local --name-only --get-regexp ^includeIf\.gitdir:
2026-09-26T20:12:34.9924540Z [command]/opt/homebrew/bin/git submodule foreach --recursive git config --local --show-origin --name-only --get-regexp remote.origin.url
2026-09-26T20:12:35.0394220Z Cleaning up orphan processes
2026-09-26T20:12:35.1789310Z Terminate orphan process: pid (18671) (ibtoold)
2026-09-26T20:12:35.2034590Z Terminate orphan process: pid (18420) (ibtoold)
2026-09-26T20:12:35.3225360Z ##[warning]Node.js 20 is deprecated. The following actions target Node.js 20 but are being forced to run on Node.js 24: actions/checkout@v4, actions/setup-java@v4. For more information see: https://github.blog/changelog/2025-09-19-deprecation-of-node-20-on-github-actions-runners/
